movieId,title,genres,genre_array,genre_count,year_str,rating_count,avg_rating,std_rating,min_rating,max_rating,year
73268,Daybreakers (2010),Action|Drama|Horror|Thriller,"['Action', 'Drama', 'Horror', 'Thriller']",4,2010.0,6,3.4166666666666665,0.4915960401250875,2.5,4.0,2010
73319,Leap Year (2010),Comedy|Romance,"['Comedy', 'Romance']",2,2010.0,5,2.4,1.1937336386313322,0.5,3.5,2010
73321,"Book of Eli, The (2010)",Action|Adventure|Drama,"['Action', 'Adventure', 'Drama']",3,2010.0,16,3.28125,0.682367203197809,2.0,4.5,2010
73929,Legion (2010),Action|Fantasy|Horror|Thriller,"['Action', 'Fantasy', 'Horror', 'Thriller']",4,2010.0,3,2.833333333333333,0.7637626158259734,2.0,3.5,2010
74154,When in Rome (2010),Comedy|Romance,"['Comedy', 'Romance']",2,2010.0,4,2.5,1.2909944487358056,1.0,4.0,2010
74324,Temple Grandin (2010),Drama,['Drama'],1,2010.0,4,4.375,0.25,4.0,4.5,2010
74450,Valentine's Day (2010),Comedy|Romance,"['Comedy', 'Romance']",2,2010.0,3,2.6666666666666665,0.5773502691896258,2.0,3.0,2010
74452,"Wolfman, The (2010)",Horror|Thriller,"['Horror', 'Thriller']",2,2010.0,2,2.25,2.4748737341529163,0.5,4.0,2010
74458,Shutter Island (2010),Drama|Mystery|Thriller,"['Drama', 'Mystery', 'Thriller']",3,2010.0,67,4.022388059701493,0.9391841874931068,0.5,5.0,2010
74530,Percy Jackson & the Olympians: The Lightning Thief (2010),Adventure|Fantasy,"['Adventure', 'Fantasy']",2,2010.0,7,2.357142857142857,0.944911182523068,0.5,3.5,2010
74532,Cop Out (2010),Action|Comedy|Crime,"['Action', 'Comedy', 'Crime']",3,2010.0,5,2.5,1.6955824957813173,0.5,5.0,2010
74545,"Ghost Writer, The (2010)",Drama|Mystery|Thriller,"['Drama', 'Mystery', 'Thriller']",3,2010.0,7,3.7857142857142856,0.6362090102803518,3.0,4.5,2010
74580,"Spy Next Door, The (2010)",Action|Children|Comedy,"['Action', 'Children', 'Comedy']",3,2010.0,1,2.0,0.0,2.0,2.0,2010
74685,"Crazies, The (2010)",Action|Drama|Horror|Sci-Fi|Thriller,"['Action', 'Drama', 'Horror', 'Sci-Fi', 'Thriller']",5,2010.0,4,3.375,1.4361406616345072,1.5,5.0,2010
74688,Dear John (2010),Drama|Romance|War,"['Drama', 'Romance', 'War']",3,2010.0,1,3.5,0.0,3.5,3.5,2010
74698,Tooth Fairy (2010),Comedy|Fantasy,"['Comedy', 'Fantasy']",2,2010.0,3,2.1666666666666665,0.2886751345948129,2.0,2.5,2010
74789,Alice in Wonderland (2010),Adventure|Fantasy|IMAX,"['Adventure', 'Fantasy', 'IMAX']",3,2010.0,28,2.875,1.050793351076541,0.5,5.0,2010
74795,Green Zone (2010),Action|Drama|Thriller|War,"['Action', 'Drama', 'Thriller', 'War']",4,2010.0,9,3.5,0.4330127018922193,3.0,4.0,2010
74851,From Paris with Love (2010),Action|Crime,"['Action', 'Crime']",2,2010.0,2,2.5,0.7071067811865476,2.0,3.0,2010
74916,Greenberg (2010),Comedy|Drama,"['Comedy', 'Drama']",2,2010.0,3,2.333333333333333,0.2886751345948129,2.0,2.5,2010
74946,She's Out of My League (2010),Comedy,['Comedy'],1,2010.0,9,3.2222222222222223,1.5023130314433288,0.5,5.0,2010
75341,Remember Me (2010),Drama|Romance,"['Drama', 'Romance']",2,2010.0,1,4.0,0.0,4.0,4.0,2010
75395,Frozen (2010),Drama|Horror|Thriller,"['Drama', 'Horror', 'Thriller']",3,2010.0,2,3.25,0.3535533905932738,3.0,3.5,2010
75803,Our Family Wedding (2010),Comedy,['Comedy'],1,2010.0,1,1.5,0.0,1.5,1.5,2010
75805,"Bounty Hunter, The (2010)",Action|Comedy|Romance,"['Action', 'Comedy', 'Romance']",3,2010.0,6,2.75,0.4183300132670378,2.0,3.0,2010
75985,Repo Men (2010),Action|Sci-Fi|Thriller,"['Action', 'Sci-Fi', 'Thriller']",3,2010.0,6,3.5,0.9486832980505135,2.0,4.5,2010
76077,Hot Tub Time Machine (2010),Comedy|Sci-Fi,"['Comedy', 'Sci-Fi']",2,2010.0,15,3.3,0.7745966692414834,2.0,4.5,2010
76093,How to Train Your Dragon (2010),Adventure|Animation|Children|Fantasy|IMAX,"['Adventure', 'Animation', 'Children', 'Fantasy', 'IMAX']",5,2010.0,53,3.943396226415094,0.8585563540399715,2.0,5.0,2010
76175,Clash of the Titans (2010),Action|Adventure|Drama|Fantasy,"['Action', 'Adventure', 'Drama', 'Fantasy']",4,2010.0,13,2.3076923076923075,0.9903379376602872,0.5,4.0,2010
76251,Kick-Ass (2010),Action|Comedy,"['Action', 'Comedy']",2,2010.0,43,3.651162790697674,0.8057448766213474,0.5,4.5,2010
76293,Date Night (2010),Action|Comedy|Romance,"['Action', 'Comedy', 'Romance']",3,2010.0,11,3.3181818181818183,0.5134553180524705,2.5,4.0,2010
76738,Steam of Life (Miesten vuoro) (2010),Documentary,['Documentary'],1,2010.0,1,3.5,0.0,3.5,3.5,2010
76763,"Runaways, The (2010)",Drama|Musical,"['Drama', 'Musical']",2,2010.0,1,3.5,0.0,3.5,3.5,2010
77191,Death at a Funeral (2010),Comedy,['Comedy'],1,2010.0,2,3.25,1.0606601717798212,2.5,4.0,2010
77206,Diary of a Wimpy Kid (2010),Children|Comedy,"['Children', 'Comedy']",2,2010.0,1,3.5,0.0,3.5,3.5,2010
77364,"Losers, The (2010)",Action|Adventure|Drama|Mystery|Thriller,"['Action', 'Adventure', 'Drama', 'Mystery', 'Thriller']",5,2010.0,3,3.0,0.5,2.5,3.5,2010
77414,"Last Song, The (2010)",Drama|Romance,"['Drama', 'Romance']",2,2010.0,1,3.5,0.0,3.5,3.5,2010
77421,Cyrus (2010),Comedy|Drama|Romance,"['Comedy', 'Drama', 'Romance']",3,2010.0,1,2.5,0.0,2.5,2.5,2010
77455,Exit Through the Gift Shop (2010),Comedy|Documentary,"['Comedy', 'Documentary']",2,2010.0,13,4.038461538461538,0.627877989127481,3.0,5.0,2010
77561,Iron Man 2 (2010),Action|Adventure|Sci-Fi|Thriller|IMAX,"['Action', 'Adventure', 'Sci-Fi', 'Thriller', 'IMAX']",5,2010.0,47,3.5106382978723403,0.7973417909183399,0.5,5.0,2010
77667,MacGruber (2010),Action|Comedy,"['Action', 'Comedy']",2,2010.0,1,3.0,0.0,3.0,3.0,2010
77798,"Nightmare on Elm Street, A (2010)",Fantasy|Horror|Thriller,"['Fantasy', 'Horror', 'Thriller']",3,2010.0,2,1.25,1.0606601717798212,0.5,2.0,2010
77800,Four Lions (2010),Comedy|Drama,"['Comedy', 'Drama']",2,2010.0,5,4.0,0.9354143466934852,2.5,5.0,2010
77866,Robin Hood (2010),Action|Adventure|Drama|Romance|War,"['Action', 'Adventure', 'Drama', 'Romance', 'War']",5,2010.0,6,3.1666666666666665,1.0327955589886444,2.0,4.5,2010
78034,Cemetery Junction (2010),Comedy|Drama|Romance,"['Comedy', 'Drama', 'Romance']",3,2010.0,1,3.5,0.0,3.5,3.5,2010
78039,Blue Valentine (2010),Drama|Romance,"['Drama', 'Romance']",2,2010.0,5,2.8,1.396424004376894,0.5,4.0,2010
78041,Killers (2010),Action|Comedy,"['Action', 'Comedy']",2,2010.0,2,2.25,1.0606601717798212,1.5,3.0,2010
78088,Buried (2010),Mystery|Thriller,"['Mystery', 'Thriller']",2,2010.0,4,3.5,0.408248290463863,3.0,4.0,2010
78105,Prince of Persia: The Sands of Time (2010),Action|Adventure|Fantasy|Romance|IMAX,"['Action', 'Adventure', 'Fantasy', 'Romance', 'IMAX']",5,2010.0,13,2.8846153846153846,0.9607689228305228,1.0,4.0,2010
78116,Please Give (2010),Comedy|Drama,"['Comedy', 'Drama']",2,2010.0,1,3.5,0.0,3.5,3.5,2010
78174,Sex and the City 2 (2010),Comedy|Drama|Romance,"['Comedy', 'Drama', 'Romance']",3,2010.0,2,1.0,0.7071067811865476,0.5,1.5,2010
78209,Get Him to the Greek (2010),Comedy,['Comedy'],1,2010.0,10,3.55,0.9264628073124864,1.5,5.0,2010
78218,Unthinkable (2010),Drama|Thriller,"['Drama', 'Thriller']",2,2010.0,1,3.0,0.0,3.0,3.0,2010
78264,"Back-up Plan, The (2010)",Comedy|Romance,"['Comedy', 'Romance']",2,2010.0,1,3.0,0.0,3.0,3.0,2010
78316,Letters to Juliet (2010),Drama|Romance,"['Drama', 'Romance']",2,2010.0,3,2.833333333333333,1.607275126832159,1.0,4.0,2010
78467,Jonah Hex (2010),Action|Drama|Thriller|Western,"['Action', 'Drama', 'Thriller', 'Western']",4,2010.0,4,1.875,0.25,1.5,2.0,2010
78469,"A-Team, The (2010)",Action|Comedy|Thriller,"['Action', 'Comedy', 'Thriller']",3,2010.0,17,3.147058823529412,0.6315829785733061,2.0,4.0,2010
78499,Toy Story 3 (2010),Adventure|Animation|Children|Comedy|Fantasy|IMAX,"['Adventure', 'Animation', 'Children', 'Comedy', 'Fantasy', 'IMAX']",6,2010.0,55,4.109090909090909,0.7679392161692485,2.0,5.0,2010
78574,Winter's Bone (2010),Drama|Thriller,"['Drama', 'Thriller']",2,2010.0,8,3.4375,0.8210402808980464,2.5,4.5,2010
78637,Shrek Forever After (a.k.a. Shrek: The Final Chapter) (2010),Adventure|Animation|Children|Comedy|Fantasy|IMAX,"['Adventure', 'Animation', 'Children', 'Comedy', 'Fantasy', 'IMAX']",6,2010.0,7,3.571428571428572,1.2392393980641052,1.5,5.0,2010
78772,"Twilight Saga: Eclipse, The (2010)",Fantasy|Romance|Thriller|IMAX,"['Fantasy', 'Romance', 'Thriller', 'IMAX']",4,2010.0,10,2.45,1.1890705987824646,0.5,4.0,2010
78893,"Last Airbender, The (2010)",Action|Adventure|Fantasy,"['Action', 'Adventure', 'Fantasy']",3,2010.0,6,1.9166666666666667,0.9703951085339758,1.0,3.5,2010
79057,Predators (2010),Action|Sci-Fi|Thriller,"['Action', 'Sci-Fi', 'Thriller']",3,2010.0,10,3.3,0.4830458915396479,2.5,4.0,2010
79091,Despicable Me (2010),Animation|Children|Comedy|Crime,"['Animation', 'Children', 'Comedy', 'Crime']",4,2010.0,38,3.684210526315789,0.9257652249777444,0.5,5.0,2010
79132,Inception (2010),Action|Crime|Drama|Mystery|Sci-Fi|Thriller|IMAX,"['Action', 'Crime', 'Drama', 'Mystery', 'Sci-Fi', 'Thriller', 'IMAX']",7,2010.0,143,4.066433566433567,0.9609226827615434,0.5,5.0,2010
79134,Grown Ups (2010),Comedy,['Comedy'],1,2010.0,10,3.45,0.8959786703810407,2.0,5.0,2010
79139,"Sorcerer's Apprentice, The (2010)",Action|Adventure|Children|Comedy|Fantasy,"['Action', 'Adventure', 'Children', 'Comedy', 'Fantasy']",5,2010.0,10,3.45,0.6851601597031489,2.0,4.5,2010
79185,Knight and Day (2010),Action|Comedy|Romance,"['Action', 'Comedy', 'Romance']",3,2010.0,6,3.4166666666666665,1.241638702145945,1.0,4.5,2010
79224,"Karate Kid, The (2010)",Action|Children|Drama,"['Action', 'Children', 'Drama']",3,2010.0,8,2.5,1.3093073414159542,0.5,4.0,2010
79242,"Kids Are All Right, The (2010)",Comedy|Drama,"['Comedy', 'Drama']",2,2010.0,6,2.9166666666666665,1.0206207261596576,1.0,4.0,2010
79251,"Serbian Film, A (Srpski film) (2010)",Horror|Thriller,"['Horror', 'Thriller']",2,2010.0,2,2.25,2.4748737341529163,0.5,4.0,2010
79274,Batman: Under the Red Hood (2010),Action|Animation,"['Action', 'Animation']",2,2010.0,3,3.6666666666666665,1.2583057392117916,2.5,5.0,2010
79293,Salt (2010),Action|Thriller,"['Action', 'Thriller']",2,2010.0,15,2.966666666666667,0.8121107126025428,1.5,4.0,2010
79428,Dinner for Schmucks (2010),Comedy,['Comedy'],1,2010.0,7,3.2857142857142856,1.035098339013531,1.5,5.0,2010
79553,Ip Man 2 (2010),Action,['Action'],1,2010.0,5,3.0,1.5,0.5,4.5,2010
79572,Ramona and Beezus (2010),Children|Comedy,"['Children', 'Comedy']",2,2010.0,1,2.5,0.0,2.5,2.5,2010
79592,"Other Guys, The (2010)",Action|Comedy,"['Action', 'Comedy']",2,2010.0,21,3.261904761904762,0.982586479896905,1.0,4.5,2010
79677,"Two Escobars, The (2010)",Crime|Documentary,"['Crime', 'Documentary']",2,2010.0,1,3.5,0.0,3.5,3.5,2010
79695,"Expendables, The (2010)",Action|Adventure|Thriller,"['Action', 'Adventure', 'Thriller']",3,2010.0,17,3.0588235294117645,0.8456202039992686,2.0,4.5,2010
79702,Scott Pilgrim vs. the World (2010),Action|Comedy|Fantasy|Musical|Romance,"['Action', 'Comedy', 'Fantasy', 'Musical', 'Romance']",5,2010.0,44,3.704545454545455,0.9960280526203896,1.0,5.0,2010
79879,Piranha (Piranha 3D) (2010),Action|Horror|Thriller,"['Action', 'Horror', 'Thriller']",3,2010.0,3,2.1666666666666665,1.4433756729740643,0.5,3.0,2010
79895,"Extraordinary Adventures of Adèle Blanc-Sec, The (2010)",Action|Adventure|Fantasy|Mystery,"['Action', 'Adventure', 'Fantasy', 'Mystery']",4,2010.0,1,2.5,0.0,2.5,2.5,2010
80094,"Last Exorcism, The (2010)",Horror|Thriller,"['Horror', 'Thriller']",2,2010.0,1,4.0,0.0,4.0,4.0,2010
80126,"American, The (2010)",Drama|Thriller,"['Drama', 'Thriller']",2,2010.0,4,2.625,1.547847968417226,0.5,4.0,2010
80166,"Switch, The (2010)",Comedy|Romance,"['Comedy', 'Romance']",2,2010.0,6,2.6666666666666665,1.0801234497346432,0.5,3.5,2010
80219,Machete (2010),Action|Adventure|Comedy|Crime|Thriller,"['Action', 'Adventure', 'Comedy', 'Crime', 'Thriller']",5,2010.0,12,3.25,0.8393720596645176,2.0,5.0,2010
80241,Going the Distance (2010),Comedy|Romance,"['Comedy', 'Romance']",2,2010.0,3,3.1666666666666665,0.7637626158259734,2.5,4.0,2010
80363,Resident Evil: Afterlife (2010),Action|Horror|Sci-Fi|Thriller|IMAX,"['Action', 'Horror', 'Sci-Fi', 'Thriller', 'IMAX']",5,2010.0,7,3.142857142857143,0.8017837257372731,2.0,4.0,2010
80454,Princess (Prinsessa) (2010),Drama,['Drama'],1,2010.0,1,2.5,0.0,2.5,2.5,2010
80463,"Social Network, The (2010)",Drama,['Drama'],1,2010.0,57,3.8859649122807016,0.818412792389554,1.0,5.0,2010
80489,"Town, The (2010)",Crime|Drama|Thriller,"['Crime', 'Drama', 'Thriller']",3,2010.0,22,3.954545454545455,0.4605661864718383,3.0,5.0,2010
80549,Easy A (2010),Comedy|Romance,"['Comedy', 'Romance']",2,2010.0,27,3.796296296296296,0.7876359377087682,2.0,5.0,2010
80551,Eat Pray Love (2010),Drama|Romance,"['Drama', 'Romance']",2,2010.0,2,3.5,0.0,3.5,3.5,2010
80553,Howl (2010),Drama,['Drama'],1,2010.0,1,3.5,0.0,3.5,3.5,2010
80572,I'm Still Here (2010),Comedy|Drama,"['Comedy', 'Drama']",2,2010.0,1,4.0,0.0,4.0,4.0,2010
80586,Flipped (2010),Comedy|Drama|Romance,"['Comedy', 'Drama', 'Romance']",3,2010.0,3,3.8333333333333335,0.5773502691896258,3.5,4.5,2010
80590,Wall Street: Money Never Sleeps (2010),Drama,['Drama'],1,2010.0,3,3.1666666666666665,1.0408329997330663,2.0,4.0,2010
80615,Legend of the Guardians: The Owls of Ga'Hoole (2010),Adventure|Animation|Fantasy|IMAX,"['Adventure', 'Animation', 'Fantasy', 'IMAX']",4,2010.0,2,4.0,0.0,4.0,4.0,2010
80693,It's Kind of a Funny Story (2010),Comedy|Drama,"['Comedy', 'Drama']",2,2010.0,8,3.1875,1.4126343172547218,0.5,4.5,2010
80831,Let Me In (2010),Drama|Horror|Mystery,"['Drama', 'Horror', 'Mystery']",3,2010.0,7,3.857142857142857,0.8997354108424372,2.5,5.0,2010
80834,Sintel (2010),Animation|Fantasy,"['Animation', 'Fantasy']",2,2010.0,1,3.5,0.0,3.5,3.5,2010
80839,Secretariat (2010),Adventure|Drama,"['Adventure', 'Drama']",2,2010.0,1,2.5,0.0,2.5,2.5,2010
80846,Devil (2010),Horror|Mystery|Thriller,"['Horror', 'Mystery', 'Thriller']",3,2010.0,2,3.25,0.3535533905932738,3.0,3.5,2010
80858,You Again (2010),Comedy,['Comedy'],1,2010.0,1,3.5,0.0,3.5,3.5,2010
80860,Life as We Know It (2010),Comedy|Romance,"['Comedy', 'Romance']",2,2010.0,6,3.0,1.4142135623730951,0.5,4.5,2010
80862,Catfish (2010),Documentary|Mystery,"['Documentary', 'Mystery']",2,2010.0,3,3.6666666666666665,0.7637626158259734,3.0,4.5,2010
80864,You Will Meet a Tall Dark Stranger (2010),Comedy|Romance,"['Comedy', 'Romance']",2,2010.0,1,3.5,0.0,3.5,3.5,2010
80880,Stone (2010),Drama|Thriller,"['Drama', 'Thriller']",2,2010.0,2,3.25,1.0606601717798212,2.5,4.0,2010
80906,Inside Job (2010),Documentary,['Documentary'],1,2010.0,12,4.291666666666667,0.8382431122004613,2.0,5.0,2010
80917,Monsters (2010),Drama|Sci-Fi,"['Drama', 'Sci-Fi']",2,2010.0,1,3.5,0.0,3.5,3.5,2010
80969,Never Let Me Go (2010),Drama|Romance|Sci-Fi,"['Drama', 'Romance', 'Sci-Fi']",3,2010.0,3,4.0,0.0,4.0,4.0,2010
81018,"Illusionist, The (L'illusionniste) (2010)",Animation,['Animation'],1,2010.0,3,3.0,1.0,2.0,4.0,2010
81132,Rubber (2010),Action|Adventure|Comedy|Crime|Drama|Film-Noir|Horror|Mystery|Thriller|Western,"['Action', 'Adventure', 'Comedy', 'Crime', 'Drama', 'Film-Noir', 'Horror', 'Mystery', 'Thriller', 'Western']",10,2010.0,2,3.75,0.3535533905932738,3.5,4.0,2010
81156,Jackass 3D (2010),Action|Comedy|Documentary,"['Action', 'Comedy', 'Documentary']",3,2010.0,6,3.9166666666666665,0.8010409893798611,3.0,5.0,2010
81158,Restrepo (2010),Documentary|War,"['Documentary', 'War']",2,2010.0,3,3.1666666666666665,0.2886751345948129,3.0,3.5,2010
81191,Waiting for 'Superman' (2010),Documentary,['Documentary'],1,2010.0,1,4.0,0.0,4.0,4.0,2010
81229,Red (2010),Action|Comedy,"['Action', 'Comedy']",2,2010.0,20,3.5,0.760885910252682,2.0,4.5,2010
81257,In a Better World (Hævnen) (2010),Drama,['Drama'],1,2010.0,1,3.5,0.0,3.5,3.5,2010
81383,Heartbreaker (L'Arnacoeur) (2010),Comedy|Romance,"['Comedy', 'Romance']",2,2010.0,1,2.5,0.0,2.5,2.5,2010
81417,Paranormal Activity 2 (2010),Horror|IMAX,"['Horror', 'IMAX']",2,2010.0,5,3.7,0.8366600265340756,3.0,5.0,2010
81456,Heartbeats (Les amours imaginaires) (2010),Drama|Romance,"['Drama', 'Romance']",2,2010.0,2,3.0,0.0,3.0,3.0,2010
81512,Hereafter (2010),Drama|Fantasy,"['Drama', 'Fantasy']",2,2010.0,1,4.0,0.0,4.0,4.0,2010
81520,Undisputed III: Redemption (2010),Action|Crime|Drama,"['Action', 'Crime', 'Drama']",3,2010.0,1,4.0,0.0,4.0,4.0,2010
81535,Saw VII 3D - The Final Chapter (2010),Horror|Mystery|Thriller,"['Horror', 'Mystery', 'Thriller']",3,2010.0,1,4.5,0.0,4.5,4.5,2010
81537,Due Date (2010),Comedy,['Comedy'],1,2010.0,10,3.1,0.9944289260117531,1.5,4.5,2010
81562,127 Hours (2010),Adventure|Drama|Thriller,"['Adventure', 'Drama', 'Thriller']",3,2010.0,18,3.8333333333333335,0.8744746321952062,1.5,5.0,2010
81564,Megamind (2010),Action|Animation|Children|Comedy|Sci-Fi|IMAX,"['Action', 'Animation', 'Children', 'Comedy', 'Sci-Fi', 'IMAX']",6,2010.0,20,3.6,0.8973645624241783,2.0,5.0,2010
81591,Black Swan (2010),Drama|Thriller,"['Drama', 'Thriller']",2,2010.0,42,3.630952380952381,1.0935482848670453,0.5,5.0,2010
81782,Unstoppable (2010),Action|Drama|Thriller,"['Action', 'Drama', 'Thriller']",3,2010.0,7,3.357142857142857,0.4755948656056709,2.5,4.0,2010
81784,Morning Glory (2010),Comedy|Drama|Romance,"['Comedy', 'Drama', 'Romance']",3,2010.0,6,2.6666666666666665,0.816496580927726,1.5,4.0,2010
81786,Certified Copy (Copie conforme) (2010),Drama,['Drama'],1,2010.0,1,4.0,0.0,4.0,4.0,2010
81788,"Next Three Days, The (2010)",Crime|Drama|Romance|Thriller,"['Crime', 'Drama', 'Romance', 'Thriller']",4,2010.0,7,3.857142857142857,0.6267831705280087,3.0,4.5,2010
81791,Somewhere (2010),Drama,['Drama'],1,2010.0,1,3.0,0.0,3.0,3.0,2010
81819,Biutiful (2010),Drama,['Drama'],1,2010.0,2,4.25,0.3535533905932738,4.0,4.5,2010
81831,"First Beautiful Thing, The (La prima cosa bella) (2010)",Comedy|Drama,"['Comedy', 'Drama']",2,2010.0,1,4.0,0.0,4.0,4.0,2010
81834,Harry Potter and the Deathly Hallows: Part 1 (2010),Action|Adventure|Fantasy|IMAX,"['Action', 'Adventure', 'Fantasy', 'IMAX']",4,2010.0,47,3.98936170212766,0.8690909900212809,1.5,5.0,2010
81845,"King's Speech, The (2010)",Drama,['Drama'],1,2010.0,58,4.043103448275862,0.6641475393487417,2.5,5.0,2010
81847,Tangled (2010),Animation|Children|Comedy|Fantasy|Musical|Romance|IMAX,"['Animation', 'Children', 'Comedy', 'Fantasy', 'Musical', 'Romance', 'IMAX']",7,2010.0,24,3.9166666666666665,0.9517337345336012,1.5,5.0,2010
81932,"Fighter, The (2010)",Drama,['Drama'],1,2010.0,23,3.760869565217391,0.7365392851552964,2.0,5.0,2010
81949,"Romantics, The (2010)",Comedy|Drama|Romance,"['Comedy', 'Drama', 'Romance']",3,2010.0,1,3.0,0.0,3.0,3.0,2010
82053,Casino Jack (2010),Comedy|Crime,"['Comedy', 'Crime']",2,2010.0,2,4.0,1.4142135623730951,3.0,5.0,2010
82088,Vincent Wants to Sea (Vincent will meer) (2010),Drama,['Drama'],1,2010.0,1,3.0,0.0,3.0,3.0,2010
82093,London Boulevard (2010),Crime|Romance,"['Crime', 'Romance']",2,2010.0,1,1.5,0.0,1.5,1.5,2010
82095,Skyline (2010),Sci-Fi|Thriller,"['Sci-Fi', 'Thriller']",2,2010.0,1,0.5,0.0,0.5,0.5,2010
82152,Beastly (2011),Drama|Fantasy|Romance,"['Drama', 'Fantasy', 'Romance']",3,2011.0,1,3.5,0.0,3.5,3.5,2011
82167,Love and Other Drugs (2010),Comedy|Drama|Romance,"['Comedy', 'Drama', 'Romance']",3,2010.0,7,2.7857142857142856,0.6362090102803517,2.0,3.5,2010
82169,"Chronicles of Narnia: The Voyage of the Dawn Treader, The (2010)",Adventure|Children|Fantasy,"['Adventure', 'Children', 'Fantasy']",3,2010.0,7,3.857142857142857,0.6900655593423543,3.0,4.5,2010
82202,"Tourist, The (2010)",Drama|Thriller,"['Drama', 'Thriller']",2,2010.0,7,2.7142857142857144,1.14953406710222,1.0,4.0,2010
82242,Rare Exports: A Christmas Tale (Rare Exports) (2010),Action|Comedy,"['Action', 'Comedy']",2,2010.0,2,4.25,1.0606601717798212,3.5,5.0,2010
82366,Hatchet II (2010),Comedy|Horror|Thriller,"['Comedy', 'Horror', 'Thriller']",3,2010.0,1,4.5,0.0,4.5,4.5,2010
82378,All Good Things (2010),Drama|Mystery|Thriller,"['Drama', 'Mystery', 'Thriller']",3,2010.0,2,3.75,1.7677669529663689,2.5,5.0,2010
82459,True Grit (2010),Western,['Western'],1,2010.0,28,3.75,0.9670497325294006,1.0,5.0,2010
82461,Tron: Legacy (2010),Action|Adventure|Sci-Fi|IMAX,"['Action', 'Adventure', 'Sci-Fi', 'IMAX']",4,2010.0,19,3.236842105263158,0.9032106474595007,1.5,5.0,2010
82499,How Do You Know (2010),Comedy|Drama|Romance,"['Comedy', 'Drama', 'Romance']",3,2010.0,3,2.6666666666666665,0.7637626158259733,2.0,3.5,2010
82527,Barney's Version (2010),Drama,['Drama'],1,2010.0,1,4.0,0.0,4.0,4.0,2010
82534,"Company Men, The (2010)",Drama,['Drama'],1,2010.0,1,2.5,0.0,2.5,2.5,2010
82667,I Saw the Devil (Akmareul boatda) (2010),Crime|Thriller,"['Crime', 'Thriller']",2,2010.0,4,3.875,0.6291528696058958,3.0,4.5,2010
82744,Faster (2010),Action|Crime|Drama,"['Action', 'Crime', 'Drama']",3,2010.0,1,5.0,0.0,5.0,5.0,2010
82765,Little Big Soldier (Da bing xiao jiang) (2010),Action|Adventure|Comedy|Drama|War,"['Action', 'Adventure', 'Comedy', 'Drama', 'War']",5,2010.0,1,3.5,0.0,3.5,3.5,2010
82767,Rabbit Hole (2010),Drama,['Drama'],1,2010.0,1,3.5,0.0,3.5,3.5,2010
82852,Little Fockers (2010),Comedy,['Comedy'],1,2010.0,6,1.8333333333333333,1.2909944487358056,0.5,4.0,2010
82854,Gulliver's Travels (2010),Adventure|Comedy|Fantasy,"['Adventure', 'Comedy', 'Fantasy']",3,2010.0,6,1.8333333333333333,0.8755950357709132,0.5,3.0,2010
83086,Burlesque (2010),Drama|Musical|Romance,"['Drama', 'Musical', 'Romance']",3,2010.0,1,2.5,0.0,2.5,2.5,2010
83132,"Secret World of Arrietty, The (Kari-gurashi no Arietti) (2010)",Animation|Children|Fantasy,"['Animation', 'Children', 'Fantasy']",3,2010.0,4,3.5,0.7071067811865476,2.5,4.0,2010
83134,Tucker & Dale vs Evil (2010),Comedy|Horror,"['Comedy', 'Horror']",2,2010.0,18,3.9166666666666665,0.8952488973661425,1.5,5.0,2010
83177,Yogi Bear (2010),Children|Comedy,"['Children', 'Comedy']",2,2010.0,3,1.1666666666666667,0.7637626158259733,0.5,2.0,2010
83270,Made in Dagenham (2010),Comedy|Drama,"['Comedy', 'Drama']",2,2010.0,1,2.0,0.0,2.0,2.0,2010
83349,"Green Hornet, The (2011)",Action|Comedy|Crime|Fantasy|Thriller|IMAX,"['Action', 'Comedy', 'Crime', 'Fantasy', 'Thriller', 'IMAX']",6,2011.0,11,3.0,0.8660254037844386,1.0,4.0,2011
83369,"Way Back, The (2010)",Drama,['Drama'],1,2010.0,1,4.0,0.0,4.0,4.0,2010
83374,"Warrior's Way, The (2010)",Action|Fantasy|Western,"['Action', 'Fantasy', 'Western']",3,2010.0,1,3.5,0.0,3.5,3.5,2010
83480,Season of the Witch (2011),Adventure|Drama|Fantasy,"['Adventure', 'Drama', 'Fantasy']",3,2011.0,1,3.5,0.0,3.5,3.5,2011
83613,Cowboys & Aliens (2011),Action|Sci-Fi|Thriller|Western|IMAX,"['Action', 'Sci-Fi', 'Thriller', 'Western', 'IMAX']",5,2011.0,9,3.0,0.8291561975888498,1.5,4.0,2011
83803,Day & Night (2010),Animation|Children,"['Animation', 'Children']",2,2010.0,5,4.1,0.9617692030835672,2.5,5.0,2010
83827,Marwencol (2010),Documentary,['Documentary'],1,2010.0,2,4.25,1.0606601717798212,3.5,5.0,2010
83910,"Dilemma, The (2011)",Comedy|Drama,"['Comedy', 'Drama']",2,2011.0,2,2.5,0.0,2.5,2.5,2011
83976,"Trip, The (2010)",Comedy|Drama,"['Comedy', 'Drama']",2,2010.0,1,4.0,0.0,4.0,4.0,2010
84152,Limitless (2011),Sci-Fi|Thriller,"['Sci-Fi', 'Thriller']",2,2011.0,30,3.95,0.6740254778771988,3.0,5.0,2011
84156,Happy People: A Year in the Taiga (2010),Documentary,['Documentary'],1,2010.0,1,4.5,0.0,4.5,4.5,2010
84189,I Spit on Your Grave (2010),Crime|Horror|Thriller,"['Crime', 'Horror', 'Thriller']",3,2010.0,2,3.75,0.3535533905932738,3.5,4.0,2010
84240,Even the Rain (También la lluvia) (2010),Drama,['Drama'],1,2010.0,1,4.0,0.0,4.0,4.0,2010
84273,Zeitgeist: Moving Forward (2011),Documentary,['Documentary'],1,2011.0,1,5.0,0.0,5.0,5.0,2011
84374,No Strings Attached (2011),Comedy|Romance,"['Comedy', 'Romance']",2,2011.0,14,2.9285714285714284,0.91687476825319,0.5,4.0,2011
84392,"Lincoln Lawyer, The (2011)",Crime|Drama|Thriller,"['Crime', 'Drama', 'Thriller']",3,2011.0,10,3.6,0.7745966692414834,2.0,4.5,2011
84414,All-Star Superman (2011),Action|Adventure|Animation|Sci-Fi,"['Action', 'Adventure', 'Animation', 'Sci-Fi']",4,2011.0,2,4.25,1.0606601717798212,3.5,5.0,2011
84601,Unknown (2011),Drama|Mystery|Thriller,"['Drama', 'Mystery', 'Thriller']",3,2011.0,6,3.333333333333333,0.8755950357709131,2.0,4.0,2011
84615,Cedar Rapids (2011),Comedy,['Comedy'],1,2011.0,2,2.25,0.3535533905932738,2.0,2.5,2011
84637,Gnomeo & Juliet (2011),Adventure|Animation|Children|Comedy|Fantasy|Romance,"['Adventure', 'Animation', 'Children', 'Comedy', 'Fantasy', 'Romance']",6,2011.0,1,3.0,0.0,3.0,3.0,2011
84696,Burke and Hare (2010),Comedy|Thriller,"['Comedy', 'Thriller']",2,2010.0,1,4.0,0.0,4.0,4.0,2010
84772,Paul (2011),Adventure|Comedy|Sci-Fi,"['Adventure', 'Comedy', 'Sci-Fi']",3,2011.0,15,3.2,1.082325538564332,0.5,4.5,2011
84942,Drive Angry (2011),Action|Fantasy|Thriller,"['Action', 'Fantasy', 'Thriller']",3,2011.0,2,3.75,0.3535533905932738,3.5,4.0,2011
84944,Rango (2011),Action|Adventure|Animation|Children|Comedy|Western,"['Action', 'Adventure', 'Animation', 'Children', 'Comedy', 'Western']",6,2011.0,17,3.6176470588235294,1.0829561937802743,1.5,5.0,2011
84950,Take Me Home Tonight (2011),Comedy|Drama,"['Comedy', 'Drama']",2,2011.0,1,2.5,0.0,2.5,2.5,2011
84952,Confessions (Kokuhaku) (2010),Drama|Horror,"['Drama', 'Horror']",2,2010.0,1,4.0,0.0,4.0,4.0,2010
84954,"Adjustment Bureau, The (2011)",Romance|Sci-Fi|Thriller,"['Romance', 'Sci-Fi', 'Thriller']",3,2011.0,21,3.1666666666666665,0.9530652303663864,0.5,4.5,2011
85020,"Mechanic, The (2011)",Action|Drama|Thriller,"['Action', 'Drama', 'Thriller']",3,2011.0,4,3.375,0.8539125638299665,2.5,4.5,2011
85022,Hall Pass (2011),Comedy,['Comedy'],1,2011.0,4,3.125,0.6291528696058958,2.5,4.0,2011
85025,"Eagle, The (2011)",Adventure|Drama,"['Adventure', 'Drama']",2,2011.0,1,2.0,0.0,2.0,2.0,2011
85056,I Am Number Four (2011),Action|Sci-Fi|Thriller|IMAX,"['Action', 'Sci-Fi', 'Thriller', 'IMAX']",4,2011.0,5,3.1,0.4183300132670378,2.5,3.5,2011
85131,Battle: Los Angeles (2011),Action|Sci-Fi|War,"['Action', 'Sci-Fi', 'War']",3,2011.0,4,2.375,1.1086778913041726,1.0,3.5,2011
85213,"Sunset Limited, The (2011)",Drama,['Drama'],1,2011.0,1,4.0,0.0,4.0,4.0,2011
85261,Mars Needs Moms (2011),Action|Adventure|Animation|Children|Comedy|Sci-Fi|IMAX,"['Action', 'Adventure', 'Animation', 'Children', 'Comedy', 'Sci-Fi', 'IMAX']",7,2011.0,1,3.5,0.0,3.5,3.5,2011
85295,Scooby-Doo! Curse of the Lake Monster (2010),Adventure|Children|Comedy|Mystery,"['Adventure', 'Children', 'Comedy', 'Mystery']",4,2010.0,1,5.0,0.0,5.0,5.0,2010
85342,Elite Squad: The Enemy Within (Tropa de Elite 2 - O Inimigo Agora É Outro) (2010),Action|Crime|Drama,"['Action', 'Crime', 'Drama']",3,2010.0,7,4.357142857142857,0.5563486402641868,3.5,5.0,2010
85367,Just Go with It (2011),Comedy|Romance,"['Comedy', 'Romance']",2,2011.0,7,3.2142857142857144,1.6547190813232433,0.5,5.0,2011
85394,Cave of Forgotten Dreams (2010),Documentary,['Documentary'],1,2010.0,1,3.0,0.0,3.0,3.0,2010
85397,Red Riding Hood (2011),Fantasy|Horror|Mystery|Thriller,"['Fantasy', 'Horror', 'Mystery', 'Thriller']",4,2011.0,2,3.5,0.7071067811865476,3.0,4.0,2011
85399,"Big Mommas: Like Father, Like Son (2011)",Comedy,['Comedy'],1,2011.0,1,1.0,0.0,1.0,1.0,2011
85401,Super (2010),Action|Comedy|Drama,"['Action', 'Comedy', 'Drama']",3,2010.0,5,2.9,0.8215838362577491,2.0,4.0,2010
85412,"Troll Hunter, The (Trolljegeren) (2010)",Fantasy|Horror,"['Fantasy', 'Horror']",2,2010.0,2,3.75,0.3535533905932738,3.5,4.0,2010
85414,Source Code (2011),Action|Drama|Mystery|Sci-Fi|Thriller,"['Action', 'Drama', 'Mystery', 'Sci-Fi', 'Thriller']",5,2011.0,34,3.602941176470588,0.6487682007104846,2.0,4.5,2011
85438,Jane Eyre (2011),Drama|Romance,"['Drama', 'Romance']",2,2011.0,1,3.0,0.0,3.0,3.0,2011
85510,Sucker Punch (2011),Action|Fantasy|Thriller|IMAX,"['Action', 'Fantasy', 'Thriller', 'IMAX']",4,2011.0,12,3.125,0.7423855895936853,2.0,4.0,2011
85565,Chalet Girl (2011),Comedy|Romance,"['Comedy', 'Romance']",2,2011.0,0,0.0,0.0,0.0,0.0,2011
85774,Senna (2010),Documentary,['Documentary'],1,2010.0,6,3.75,1.3693063937629153,1.0,4.5,2010
85780,Family Guy Presents: It's a Trap (2010),Animation|Comedy|Sci-Fi,"['Animation', 'Comedy', 'Sci-Fi']",3,2010.0,6,3.583333333333333,0.9703951085339758,2.5,5.0,2010
85788,Insidious (2010),Fantasy|Horror|Thriller,"['Fantasy', 'Horror', 'Thriller']",3,2010.0,3,2.6666666666666665,0.7637626158259733,2.0,3.5,2010
85796,Hobo with a Shotgun (2011),Action|Adventure|Crime|Thriller,"['Action', 'Adventure', 'Crime', 'Thriller']",4,2011.0,4,2.375,0.478713553878169,2.0,3.0,2011
85881,Win Win (2011),Comedy|Drama,"['Comedy', 'Drama']",2,2011.0,6,3.75,0.758287544405155,2.5,4.5,2011
85885,Room in Rome (Habitación en Roma) (2010),Drama|Romance,"['Drama', 'Romance']",2,2010.0,2,2.75,2.4748737341529163,1.0,4.5,2010
86000,Boy (2010),Comedy|Drama,"['Comedy', 'Drama']",2,2010.0,1,4.0,0.0,4.0,4.0,2010
86014,Diary of a Wimpy Kid: Rodrick Rules (2011),Comedy,['Comedy'],1,2011.0,1,3.5,0.0,3.5,3.5,2011
86028,Henry's Crime (2010),Comedy|Crime,"['Comedy', 'Crime']",2,2010.0,1,2.0,0.0,2.0,2.0,2010
86059,Hop (2011),Animation|Children|Comedy,"['Animation', 'Children', 'Comedy']",3,2011.0,2,2.75,1.7677669529663689,1.5,4.0,2011
86142,13 Assassins (Jûsan-nin no shikaku) (2010),Action,['Action'],1,2010.0,4,4.0,0.9128709291752768,3.0,5.0,2010
86190,Hanna (2011),Action|Adventure|Mystery|Thriller,"['Action', 'Adventure', 'Mystery', 'Thriller']",4,2011.0,11,3.3181818181818183,1.0787197799411874,0.5,5.0,2011
86279,Into Eternity (2010),Documentary,['Documentary'],1,2010.0,1,3.5,0.0,3.5,3.5,2010
86293,Arthur (2011),Comedy,['Comedy'],1,2011.0,6,3.0,0.8366600265340756,2.0,4.0,2011
86295,Scream 4 (2011),Comedy|Horror|Mystery|Thriller,"['Comedy', 'Horror', 'Mystery', 'Thriller']",4,2011.0,3,2.6666666666666665,0.5773502691896258,2.0,3.0,2011
86298,Rio (2011),Adventure|Animation|Children|Comedy,"['Adventure', 'Animation', 'Children', 'Comedy']",4,2011.0,8,3.125,1.1259916264596033,1.5,5.0,2011
86320,Melancholia (2011),Drama|Sci-Fi,"['Drama', 'Sci-Fi']",2,2011.0,7,3.071428571428572,1.835496559257908,0.5,5.0,2011
86332,Thor (2011),Action|Adventure|Drama|Fantasy|IMAX,"['Action', 'Adventure', 'Drama', 'Fantasy', 'IMAX']",5,2011.0,34,3.514705882352941,0.8392393211391894,1.5,5.0,2011
86345,Louis C.K.: Hilarious (2010),Comedy,['Comedy'],1,2010.0,9,4.055555555555555,1.4018836534383936,0.5,5.0,2010
86355,Atlas Shrugged: Part 1 (2011),Drama|Mystery|Sci-Fi,"['Drama', 'Mystery', 'Sci-Fi']",3,2011.0,1,2.0,0.0,2.0,2.0,2011
86487,Mildred Pierce (2011),Drama,['Drama'],1,2011.0,1,4.5,0.0,4.5,4.5,2011
86548,Water for Elephants (2011),Drama|Romance,"['Drama', 'Romance']",2,2011.0,4,3.375,0.2499999999999999,3.0,3.5,2011
86593,African Cats (2011),Adventure|Documentary,"['Adventure', 'Documentary']",2,2011.0,1,2.5,0.0,2.5,2.5,2011
86628,Kill the Irishman (2011),Action|Crime,"['Action', 'Crime']",2,2011.0,2,4.0,0.0,4.0,4.0,2011
86644,"Fast Five (Fast and the Furious 5, The) (2011)",Action|Crime|Drama|Thriller|IMAX,"['Action', 'Crime', 'Drama', 'Thriller', 'IMAX']",5,2011.0,10,3.05,1.342675604074855,0.5,4.5,2011
86781,Incendies (2010),Drama|Mystery|War,"['Drama', 'Mystery', 'War']",3,2010.0,5,4.4,0.5477225575051661,4.0,5.0,2010
86815,Soul Surfer (2011),Action|Drama,"['Action', 'Drama']",2,2011.0,1,3.5,0.0,3.5,3.5,2011
86817,Something Borrowed (2011),Comedy|Drama|Romance,"['Comedy', 'Drama', 'Romance']",3,2011.0,2,3.25,1.0606601717798212,2.5,4.0,2011
86833,Bridesmaids (2011),Comedy,['Comedy'],1,2011.0,21,3.761904761904762,0.930309728249786,1.5,5.0,2011
86835,Priest (2011),Action|Horror|Sci-Fi|Thriller,"['Action', 'Horror', 'Sci-Fi', 'Thriller']",4,2011.0,3,3.0,0.5,2.5,3.5,2011
86880,Pirates of the Caribbean: On Stranger Tides (2011),Action|Adventure|Fantasy|IMAX,"['Action', 'Adventure', 'Fantasy', 'IMAX']",4,2011.0,24,3.2291666666666665,1.0932516980834373,0.5,5.0,2011
86882,Midnight in Paris (2011),Comedy|Fantasy|Romance,"['Comedy', 'Fantasy', 'Romance']",3,2011.0,25,3.56,0.9278110439811188,1.5,5.0,2011
86892,The Man from Nowhere (2010),Action|Crime|Thriller,"['Action', 'Crime', 'Thriller']",3,2010.0,3,4.5,0.5,4.0,5.0,2010
86898,"Tree of Life, The (2011)",Drama,['Drama'],1,2011.0,2,4.0,1.4142135623730951,3.0,5.0,2011
86911,"Hangover Part II, The (2011)",Comedy,['Comedy'],1,2011.0,15,3.2666666666666666,1.0327955589886444,0.5,5.0,2011
86922,Nothing to Declare (Rien à déclarer) (2010),Comedy,['Comedy'],1,2010.0,1,4.0,0.0,4.0,4.0,2010
87028,"Roommate, The (2011)",Drama|Thriller,"['Drama', 'Thriller']",2,2011.0,1,2.0,0.0,2.0,2.0,2011
87192,Attack the Block (2011),Action|Comedy|Sci-Fi,"['Action', 'Comedy', 'Sci-Fi']",3,2011.0,6,3.5,0.7745966692414834,2.5,4.5,2011
87194,The Way (2010),Adventure|Comedy|Drama,"['Adventure', 'Comedy', 'Drama']",3,2010.0,2,3.5,0.0,3.5,3.5,2010
87197,Let the Bullets Fly (2010),Action|Comedy,"['Action', 'Comedy']",2,2010.0,1,3.0,0.0,3.0,3.0,2010
87222,Kung Fu Panda 2 (2011),Action|Adventure|Animation|Children|Comedy|IMAX,"['Action', 'Adventure', 'Animation', 'Children', 'Comedy', 'IMAX']",6,2011.0,17,3.323529411764706,1.044945819028854,1.0,5.0,2011
87232,X-Men: First Class (2011),Action|Adventure|Sci-Fi|Thriller|War,"['Action', 'Adventure', 'Sci-Fi', 'Thriller', 'War']",5,2011.0,43,3.7906976744186047,0.8254332061721321,0.5,5.0,2011
87234,Submarine (2010),Comedy|Drama|Romance,"['Comedy', 'Drama', 'Romance']",3,2010.0,3,4.166666666666667,0.7637626158259733,3.5,5.0,2010
87287,American Grindhouse (2010),Documentary,['Documentary'],1,2010.0,1,4.0,0.0,4.0,4.0,2010
87298,Everything Must Go (2010),Comedy|Drama,"['Comedy', 'Drama']",2,2010.0,3,2.6666666666666665,1.0408329997330663,1.5,3.5,2010
87304,Beginners (2010),Drama,['Drama'],1,2010.0,4,3.625,0.2499999999999999,3.5,4.0,2010
87306,Super 8 (2011),Mystery|Sci-Fi|Thriller|IMAX,"['Mystery', 'Sci-Fi', 'Thriller', 'IMAX']",4,2011.0,21,3.595238095238096,0.8749149618541168,1.5,4.5,2011
87430,Green Lantern (2011),Action|Adventure|Sci-Fi,"['Action', 'Adventure', 'Sci-Fi']",3,2011.0,10,2.35,1.0013879257199867,1.0,3.5,2011
87444,Elektra Luxx (2010),Comedy,['Comedy'],1,2010.0,2,2.5,1.4142135623730951,1.5,3.5,2010
87483,Mr. Popper's Penguins (2011),Comedy,['Comedy'],1,2011.0,5,2.7,1.095445115010332,2.0,4.5,2011
87485,Bad Teacher (2011),Comedy,['Comedy'],1,2011.0,9,2.888888888888889,1.3411230782859234,0.5,5.0,2011
87520,Transformers: Dark of the Moon (2011),Action|Adventure|Sci-Fi|War|IMAX,"['Action', 'Adventure', 'Sci-Fi', 'War', 'IMAX']",5,2011.0,11,2.363636363636364,1.0975178606954217,0.5,4.0,2011
87522,Larry Crowne (2011),Comedy|Drama|Romance,"['Comedy', 'Drama', 'Romance']",3,2011.0,2,2.75,1.7677669529663689,1.5,4.0,2011
87529,Your Highness (2011),Action|Adventure|Comedy|Fantasy,"['Action', 'Adventure', 'Comedy', 'Fantasy']",4,2011.0,9,3.111111111111111,1.2190615698606495,1.5,5.0,2011
87660,Too Big to Fail (2011),Drama,['Drama'],1,2011.0,1,4.5,0.0,4.5,4.5,2011
87785,Takers (2010),Action|Crime|Thriller,"['Action', 'Crime', 'Thriller']",3,2010.0,2,2.75,1.0606601717798212,2.0,3.5,2010
87867,Zookeeper (2011),Comedy,['Comedy'],1,2011.0,4,2.75,1.6583123951777,0.5,4.5,2011
87869,Horrible Bosses (2011),Comedy|Crime,"['Comedy', 'Crime']",2,2011.0,24,3.4375,0.9703484358499898,0.5,5.0,2011
87876,Cars 2 (2011),Adventure|Animation|Children|Comedy|IMAX,"['Adventure', 'Animation', 'Children', 'Comedy', 'IMAX']",5,2011.0,3,3.1666666666666665,0.7637626158259734,2.5,4.0,2011
88069,Delhi Belly (2011),Comedy|Crime,"['Comedy', 'Crime']",2,2011.0,1,4.0,0.0,4.0,4.0,2011
88094,Upside Down: The Creation Records Story (2010),Documentary,['Documentary'],1,2010.0,1,3.0,0.0,3.0,3.0,2010
88108,Monte Carlo (2011),Adventure|Comedy|Romance,"['Adventure', 'Comedy', 'Romance']",3,2011.0,1,3.0,0.0,3.0,3.0,2011
88125,Harry Potter and the Deathly Hallows: Part 2 (2011),Action|Adventure|Drama|Fantasy|Mystery|IMAX,"['Action', 'Adventure', 'Drama', 'Fantasy', 'Mystery', 'IMAX']",6,2011.0,50,3.91,0.9350870307634688,1.0,5.0,2011
88129,Drive (2011),Crime|Drama|Film-Noir|Thriller,"['Crime', 'Drama', 'Film-Noir', 'Thriller']",4,2011.0,32,3.765625,0.9836106543520352,0.5,5.0,2011
88140,Captain America: The First Avenger (2011),Action|Adventure|Sci-Fi|Thriller|War,"['Action', 'Adventure', 'Sci-Fi', 'Thriller', 'War']",5,2011.0,32,3.546875,0.6642892757944266,1.5,5.0,2011
88163,"Crazy, Stupid, Love. (2011)",Comedy|Drama|Romance,"['Comedy', 'Drama', 'Romance']",3,2011.0,31,3.983870967741936,0.5983849230462214,2.5,5.0,2011
88179,One Day (2011),Drama|Romance,"['Drama', 'Romance']",2,2011.0,1,3.5,0.0,3.5,3.5,2011
88235,"Guard, The (2011)",Comedy|Crime,"['Comedy', 'Crime']",2,2011.0,4,3.625,0.75,2.5,4.0,2011
88267,Winnie the Pooh (2011),Animation|Children|Comedy,"['Animation', 'Children', 'Comedy']",3,2011.0,1,3.0,0.0,3.0,3.0,2011
88272,"Woman, The (2011)",Horror,['Horror'],1,2011.0,2,3.5,0.0,3.5,3.5,2011
88356,"Smurfs, The (2011)",Animation|Children|Comedy,"['Animation', 'Children', 'Comedy']",3,2011.0,4,1.875,1.0307764064044151,0.5,3.0,2011
88405,Friends with Benefits (2011),Comedy|Romance,"['Comedy', 'Romance']",2,2011.0,20,3.05,1.02469507659596,0.5,5.0,2011
88448,Paper Birds (Pájaros de papel) (2010),Comedy|Drama,"['Comedy', 'Drama']",2,2010.0,1,5.0,0.0,5.0,5.0,2010
88515,Blitz (2011),Action|Crime|Thriller,"['Action', 'Crime', 'Thriller']",3,2011.0,1,3.0,0.0,3.0,3.0,2011
88593,"Yellow Sea, The (a.k.a. The Murderer) (Hwanghae) (2010)",Crime|Drama|Thriller,"['Crime', 'Drama', 'Thriller']",3,2010.0,1,2.5,0.0,2.5,2.5,2010
88672,Our Idiot Brother (2011),Comedy,['Comedy'],1,2011.0,2,3.25,0.3535533905932738,3.0,3.5,2011
88699,Death Race 2 (2010),Action|Sci-Fi|Thriller,"['Action', 'Sci-Fi', 'Thriller']",3,2010.0,2,3.5,0.7071067811865476,3.0,4.0,2010
88744,Rise of the Planet of the Apes (2011),Action|Drama|Sci-Fi|Thriller,"['Action', 'Drama', 'Sci-Fi', 'Thriller']",4,2011.0,27,3.462962962962963,1.0554430889252693,0.5,5.0,2011
88746,Terri (2011),Comedy,['Comedy'],1,2011.0,2,3.5,2.1213203435596424,2.0,5.0,2011
88785,"Change-Up, The (2011)",Comedy,['Comedy'],1,2011.0,10,2.85,1.0554093465991707,0.5,4.0,2011
88810,"Help, The (2011)",Drama,['Drama'],1,2011.0,21,3.8333333333333335,0.6191391873668904,2.5,5.0,2011
88812,30 Minutes or Less (2011),Action|Comedy|Crime,"['Action', 'Comedy', 'Crime']",3,2011.0,6,2.6666666666666665,0.752772652709081,1.5,3.5,2011
88911,My Afternoons with Margueritte (La tête en friche) (2010),Comedy,['Comedy'],1,2010.0,1,3.0,0.0,3.0,3.0,2010
88932,Final Destination 5 (2011),Horror|Thriller|IMAX,"['Horror', 'Thriller', 'IMAX']",3,2011.0,1,4.5,0.0,4.5,4.5,2011
88954,"Very Harold & Kumar 3D Christmas, A (2011)",Comedy,['Comedy'],1,2011.0,2,3.25,0.3535533905932738,3.0,3.5,2011
89028,Don't Be Afraid of the Dark (2010),Horror|Thriller,"['Horror', 'Thriller']",2,2010.0,2,3.0,0.7071067811865476,2.5,3.5,2010
89030,Fright Night (2011),Comedy|Horror,"['Comedy', 'Horror']",2,2011.0,2,3.25,0.3535533905932738,3.0,3.5,2011
89039,Another Earth (2011),Drama|Romance|Sci-Fi,"['Drama', 'Romance', 'Sci-Fi']",3,2011.0,1,4.5,0.0,4.5,4.5,2011
89047,Hesher (2010),Drama,['Drama'],1,2010.0,1,4.0,0.0,4.0,4.0,2010
89072,Stake Land (2010),Horror,['Horror'],1,2010.0,1,4.0,0.0,4.0,4.0,2010
89085,"Debt, The (2011)",Drama|Thriller,"['Drama', 'Thriller']",2,2011.0,1,2.5,0.0,2.5,2.5,2011
89087,Colombiana (2011),Action|Adventure|Drama|Thriller,"['Action', 'Adventure', 'Drama', 'Thriller']",4,2011.0,6,2.5,1.3416407864998738,0.5,4.5,2011
89090,Bill Cunningham New York (2011),Documentary,['Documentary'],1,2011.0,1,4.5,0.0,4.5,4.5,2011
89118,"Skin I Live In, The (La piel que habito) (2011)",Drama,['Drama'],1,2011.0,4,3.0,2.1213203435596424,0.5,5.0,2011
89190,Conan the Barbarian (2011),Action|Adventure|Fantasy,"['Action', 'Adventure', 'Fantasy']",3,2011.0,2,1.75,1.7677669529663689,0.5,3.0,2011
89281,Birdemic: Shock and Terror (2010),Romance|Thriller,"['Romance', 'Thriller']",2,2010.0,1,3.5,0.0,3.5,3.5,2010
89305,"Inbetweeners Movie, The (2011)",Adventure|Comedy,"['Adventure', 'Comedy']",2,2011.0,3,3.6666666666666665,0.2886751345948129,3.5,4.0,2011
89343,Red State (2011),Action|Crime|Horror|Thriller,"['Action', 'Crime', 'Horror', 'Thriller']",4,2011.0,1,3.0,0.0,3.0,3.0,2011
89386,Pearl Jam Twenty (2011),Documentary|Musical,"['Documentary', 'Musical']",2,2011.0,1,0.5,0.0,0.5,0.5,2011
89388,I Don't Know How She Does It (2011),Comedy,['Comedy'],1,2011.0,1,1.5,0.0,1.5,1.5,2011
89427,Shark Night 3D (2011),Horror|Thriller,"['Horror', 'Thriller']",2,2011.0,1,1.5,0.0,1.5,1.5,2011
89470,Contagion (2011),Sci-Fi|Thriller|IMAX,"['Sci-Fi', 'Thriller', 'IMAX']",3,2011.0,12,3.7083333333333335,0.5418123347254159,2.5,4.5,2011
89492,Moneyball (2011),Drama,['Drama'],1,2011.0,26,3.8846153846153846,0.828344038521342,1.0,5.0,2011
89580,Neds (2010),Drama,['Drama'],1,2010.0,1,4.0,0.0,4.0,4.0,2010
89582,Cold Fish (Tsumetai nettaigyo) (2010),Drama|Thriller,"['Drama', 'Thriller']",2,2010.0,2,4.5,0.0,4.5,4.5,2010
89586,Phineas and Ferb the Movie: Across the 2nd Dimension (2011),Adventure|Animation|Children,"['Adventure', 'Animation', 'Children']",3,2011.0,1,3.5,0.0,3.5,3.5,2011
89745,"Avengers, The (2012)",Action|Adventure|Sci-Fi|IMAX,"['Action', 'Adventure', 'Sci-Fi', 'IMAX']",4,2012.0,69,3.869565217391304,0.9950324186007694,0.5,5.0,2012
89753,Tinker Tailor Soldier Spy (2011),Drama|Film-Noir|Thriller,"['Drama', 'Film-Noir', 'Thriller']",3,2011.0,8,3.8125,1.1630471062809844,1.5,5.0,2011
89759,"Separation, A (Jodaeiye Nader az Simin) (2011)",Drama,['Drama'],1,2011.0,3,4.333333333333333,0.5773502691896258,4.0,5.0,2011
89761,"Dangerous Method, A (2011)",Drama|Thriller,"['Drama', 'Thriller']",2,2011.0,2,3.0,0.7071067811865476,2.5,3.5,2011
89774,Warrior (2011),Drama,['Drama'],1,2011.0,11,3.727272727272727,0.9582180431310078,2.5,5.0,2011
89804,"Ides of March, The (2011)",Drama,['Drama'],1,2011.0,9,3.2222222222222223,0.754615428178118,2.0,4.0,2011
89837,Kill List (2011),Horror|Mystery|Thriller,"['Horror', 'Mystery', 'Thriller']",3,2011.0,1,4.5,0.0,4.5,4.5,2011
89840,Killer Elite (2011),Action|Thriller,"['Action', 'Thriller']",2,2011.0,3,2.833333333333333,1.2583057392117918,1.5,4.0,2011
89862,Bellflower (2011),Action|Drama|Romance,"['Action', 'Drama', 'Romance']",3,2011.0,1,3.5,0.0,3.5,3.5,2011
89864,50/50 (2011),Comedy|Drama,"['Comedy', 'Drama']",2,2011.0,19,3.631578947368421,0.5487892041970897,3.0,5.0,2011
89898,Generation P (2011),Comedy|Drama|Sci-Fi,"['Comedy', 'Drama', 'Sci-Fi']",3,2011.0,1,3.5,0.0,3.5,3.5,2011
89904,The Artist (2011),Comedy|Drama|Romance,"['Comedy', 'Drama', 'Romance']",3,2011.0,11,4.045454545454546,1.3866244166057629,0.5,5.0,2011
89945,BlinkyTM (2011),Horror|Sci-Fi,"['Horror', 'Sci-Fi']",2,2011.0,1,3.0,0.0,3.0,3.0,2011
90057,Take Shelter (2011),Drama,['Drama'],1,2011.0,2,3.75,1.0606601717798212,3.0,4.5,2011
90249,Real Steel (2011),Action|Drama|Sci-Fi|IMAX,"['Action', 'Drama', 'Sci-Fi', 'IMAX']",4,2011.0,6,3.0,1.095445115010332,1.0,4.0,2011
90343,Footloose (2011),Comedy|Drama|Musical,"['Comedy', 'Drama', 'Musical']",3,2011.0,2,2.75,0.3535533905932738,2.5,3.0,2011
90345,"Thing, The (2011)",Horror|Mystery|Sci-Fi|Thriller,"['Horror', 'Mystery', 'Sci-Fi', 'Thriller']",4,2011.0,4,3.5,1.0801234497346437,2.0,4.5,2011
90353,Beautiful Boy (2010),Drama,['Drama'],1,2010.0,1,4.0,0.0,4.0,4.0,2010
90357,Tyrannosaur (2011),Drama,['Drama'],1,2011.0,1,3.5,0.0,3.5,3.5,2011
90374,Martha Marcy May Marlene (2011),Drama|Thriller,"['Drama', 'Thriller']",2,2011.0,2,3.75,1.0606601717798212,3.0,4.5,2011
90376,We Need to Talk About Kevin (2011),Drama|Thriller,"['Drama', 'Thriller']",2,2011.0,4,3.5,0.0,3.5,3.5,2011
90403,"Three Musketeers, The (2011)",Action|Adventure,"['Action', 'Adventure']",2,2011.0,3,3.1666666666666665,0.7637626158259733,2.5,4.0,2011
90405,In Time (2011),Crime|Sci-Fi|Thriller,"['Crime', 'Sci-Fi', 'Thriller']",3,2011.0,14,3.392857142857143,0.6844023622158192,2.0,4.5,2011
90428,Margaret (2011),Drama,['Drama'],1,2011.0,1,3.0,0.0,3.0,3.0,2011
90430,Carnage (2011),Comedy|Drama,"['Comedy', 'Drama']",2,2011.0,4,4.0,0.9128709291752768,3.0,5.0,2011
90439,Margin Call (2011),Drama|Thriller,"['Drama', 'Thriller']",2,2011.0,7,3.7857142857142856,0.906326967174966,3.0,5.0,2011
90469,Paranormal Activity 3 (2011),Horror,['Horror'],1,2011.0,2,3.5,0.0,3.5,3.5,2011
90471,Puncture (2011),Drama,['Drama'],1,2011.0,2,3.0,0.7071067811865476,2.5,3.5,2011
90522,Johnny English Reborn (2011),Adventure|Comedy|Thriller,"['Adventure', 'Comedy', 'Thriller']",3,2011.0,6,3.0,1.0488088481701516,1.5,4.0,2011
90524,Abduction (2011),Action|Drama|Mystery|Thriller,"['Action', 'Drama', 'Mystery', 'Thriller']",4,2011.0,1,3.5,0.0,3.5,3.5,2011
90528,This Must Be the Place (2011),Crime|Drama|Thriller,"['Crime', 'Drama', 'Thriller']",3,2011.0,1,3.5,0.0,3.5,3.5,2011
90531,Shame (2011),Drama,['Drama'],1,2011.0,4,3.75,0.6454972243679029,3.0,4.5,2011
90576,What's Your Number? (2011),Comedy|Romance,"['Comedy', 'Romance']",2,2011.0,1,4.5,0.0,4.5,4.5,2011
90600,Headhunters (Hodejegerne) (2011),Action|Crime|Thriller,"['Action', 'Crime', 'Thriller']",3,2011.0,5,3.6,0.4183300132670378,3.0,4.0,2011
90603,Batman: Year One (2011),Action|Animation|Crime,"['Action', 'Animation', 'Crime']",3,2011.0,3,3.6666666666666665,1.2583057392117916,2.5,5.0,2011
90630,Miss Representation (2011),Documentary,['Documentary'],1,2011.0,1,3.5,0.0,3.5,3.5,2011
90647,Puss in Boots (2011),Adventure|Animation|Comedy|Fantasy|IMAX,"['Adventure', 'Animation', 'Comedy', 'Fantasy', 'IMAX']",5,2011.0,8,3.5625,0.9797047660246574,1.5,4.5,2011
90717,Tower Heist (2011),Action|Comedy|Crime,"['Action', 'Comedy', 'Crime']",3,2011.0,4,3.5,0.7071067811865476,3.0,4.5,2011
90719,J. Edgar (2011),Drama,['Drama'],1,2011.0,1,2.5,0.0,2.5,2.5,2011
90738,"Double, The (2011)",Action|Crime|Drama|Mystery|Thriller,"['Action', 'Crime', 'Drama', 'Mystery', 'Thriller']",5,2011.0,1,1.5,0.0,1.5,1.5,2011
90746,"Adventures of Tintin, The (2011)",Action|Animation|Mystery|IMAX,"['Action', 'Animation', 'Mystery', 'IMAX']",4,2011.0,12,3.5,0.6030226891555273,2.5,4.5,2011
90809,Tomboy (2011),Drama,['Drama'],1,2011.0,1,3.0,0.0,3.0,3.0,2011
90863,George Harrison: Living in the Material World (2011),Documentary,['Documentary'],1,2011.0,1,4.0,0.0,4.0,4.0,2011
90866,Hugo (2011),Children|Drama|Mystery,"['Children', 'Drama', 'Mystery']",3,2011.0,18,3.75,0.6913328984437153,2.5,5.0,2011
90888,Immortals (2011),Action|Drama|Fantasy,"['Action', 'Drama', 'Fantasy']",3,2011.0,3,2.6666666666666665,2.254624876411447,0.5,5.0,2011
90890,Jack and Jill (2011),Comedy,['Comedy'],1,2011.0,5,2.3,1.4404860290887933,0.5,4.0,2011
90943,Into the Abyss (2011),Documentary,['Documentary'],1,2011.0,1,5.0,0.0,5.0,5.0,2011
91077,"Descendants, The (2011)",Comedy|Drama,"['Comedy', 'Drama']",2,2011.0,11,4.0,0.670820393249937,2.5,5.0,2011
91079,Like Crazy (2011),Drama|Romance,"['Drama', 'Romance']",2,2011.0,2,2.5,2.1213203435596424,1.0,4.0,2011
91094,"Muppets, The (2011)",Children|Comedy|Musical,"['Children', 'Comedy', 'Musical']",3,2011.0,10,2.6,1.390443574307614,1.0,5.0,2011
91104,"Twilight Saga: Breaking Dawn - Part 1, The (2011)",Adventure|Drama|Fantasy|Romance,"['Adventure', 'Drama', 'Fantasy', 'Romance']",4,2011.0,7,2.2142857142857144,1.035098339013531,1.0,4.0,2011
91126,War Horse (2011),Drama|War,"['Drama', 'War']",2,2011.0,3,3.0,1.3228756555322954,1.5,4.0,2011
91128,"Rum Diary, The (2011)",Comedy|Drama|Thriller,"['Comedy', 'Drama', 'Thriller']",3,2011.0,6,3.583333333333333,0.7359800721939873,2.5,4.5,2011
91273,Bunraku (2010),Action|Drama|Fantasy,"['Action', 'Drama', 'Fantasy']",3,2010.0,1,1.5,0.0,1.5,1.5,2010
91323,"Sitter, The (2011)",Comedy,['Comedy'],1,2011.0,5,2.9,1.1937336386313322,1.5,4.5,2011
91325,Extremely Loud and Incredibly Close (2011),Drama,['Drama'],1,2011.0,2,2.75,1.0606601717798212,2.0,3.5,2011
91386,Happy Feet Two (2011),Animation|Children|Comedy|IMAX,"['Animation', 'Children', 'Comedy', 'IMAX']",4,2011.0,1,5.0,0.0,5.0,5.0,2011
91414,Arthur Christmas (2011),Animation|Children|Comedy|Drama,"['Animation', 'Children', 'Comedy', 'Drama']",4,2011.0,1,0.5,0.0,0.5,0.5,2011
91470,Violet & Daisy (2011),Action|Drama,"['Action', 'Drama']",2,2011.0,2,3.0,2.1213203435596424,1.5,4.5,2011
91483,Bullet to the Head (2012),Action|Crime|Film-Noir,"['Action', 'Crime', 'Film-Noir']",3,2012.0,1,1.5,0.0,1.5,1.5,2012
91485,"Expendables 2, The (2012)",Action|Adventure,"['Action', 'Adventure']",2,2012.0,10,3.5,0.7817359599705717,2.5,5.0,2012
91500,The Hunger Games (2012),Action|Adventure|Drama|Sci-Fi|Thriller,"['Action', 'Adventure', 'Drama', 'Sci-Fi', 'Thriller']",5,2012.0,54,3.435185185185185,1.0189075554577232,0.5,5.0,2012
91529,"Dark Knight Rises, The (2012)",Action|Adventure|Crime|IMAX,"['Action', 'Adventure', 'Crime', 'IMAX']",4,2012.0,76,3.9934210526315783,0.9327143937727544,0.5,5.0,2012
91535,"Bourne Legacy, The (2012)",Action|Adventure|Drama|Thriller|IMAX,"['Action', 'Adventure', 'Drama', 'Thriller', 'IMAX']",5,2012.0,18,3.138888888888889,0.8189942820233412,2.0,5.0,2012
91542,Sherlock Holmes: A Game of Shadows (2011),Action|Adventure|Comedy|Crime|Mystery|Thriller,"['Action', 'Adventure', 'Comedy', 'Crime', 'Mystery', 'Thriller']",6,2011.0,38,3.763157894736842,0.7599505861004174,1.5,5.0,2011
91571,Coriolanus (2011),Drama|Thriller,"['Drama', 'Thriller']",2,2011.0,1,2.5,0.0,2.5,2.5,2011
91622,Young Adult (2011),Comedy|Drama,"['Comedy', 'Drama']",2,2011.0,2,2.25,2.4748737341529163,0.5,4.0,2011
91628,New Year's Eve (2011),Comedy|Romance,"['Comedy', 'Romance']",2,2011.0,3,2.0,0.5,1.5,2.5,2011
91630,Mission: Impossible - Ghost Protocol (2011),Action|Adventure|Thriller|IMAX,"['Action', 'Adventure', 'Thriller', 'IMAX']",4,2011.0,22,3.659090909090909,0.7300744195002712,2.0,4.5,2011
91653,We Bought a Zoo (2011),Comedy|Drama,"['Comedy', 'Drama']",2,2011.0,5,3.3,0.5700877125495689,2.5,4.0,2011
91658,"Girl with the Dragon Tattoo, The (2011)",Drama|Thriller,"['Drama', 'Thriller']",2,2011.0,42,3.488095238095238,1.3274222922370975,0.5,5.0,2011
91660,"Darkest Hour, The (2011)",Action|Horror|Sci-Fi|Thriller,"['Action', 'Horror', 'Sci-Fi', 'Thriller']",4,2011.0,2,2.5,0.7071067811865476,2.0,3.0,2011
91671,Alvin and the Chipmunks: Chipwrecked (2011),Animation|Comedy,"['Animation', 'Comedy']",2,2011.0,2,1.0,0.0,1.0,1.0,2011
91688,Salvation Boulevard (2011),Comedy|Thriller,"['Comedy', 'Thriller']",2,2011.0,1,1.5,0.0,1.5,1.5,2011
91690,Friends with Kids (2011),Comedy,['Comedy'],1,2011.0,3,3.6666666666666665,1.0408329997330663,2.5,4.5,2011
91784,Girl Walks Into a Bar (2011),Comedy|Drama|Fantasy,"['Comedy', 'Drama', 'Fantasy']",3,2011.0,1,4.5,0.0,4.5,4.5,2011
91842,Contraband (2012),Action|Crime|Drama|Thriller,"['Action', 'Crime', 'Drama', 'Thriller']",4,2012.0,2,3.0,1.4142135623730951,2.0,4.0,2012
91869,Being Elmo: A Puppeteer's Journey (2011),Documentary,['Documentary'],1,2011.0,1,3.5,0.0,3.5,3.5,2011
91873,Joyful Noise (2012),Comedy|Musical,"['Comedy', 'Musical']",2,2012.0,1,1.5,0.0,1.5,1.5,2012
91890,"Iron Lady, The (2011)",Drama,['Drama'],1,2011.0,1,3.0,0.0,3.0,3.0,2011
91935,Albatross (2011),Drama,['Drama'],1,2011.0,1,2.5,0.0,2.5,2.5,2011
91974,Underworld: Awakening (2012),Action|Fantasy|Horror|IMAX,"['Action', 'Fantasy', 'Horror', 'IMAX']",4,2012.0,5,3.8,0.447213595499958,3.5,4.5,2012
91976,"Grey, The (2012)",Action|Drama,"['Action', 'Drama']",2,2012.0,6,2.9166666666666665,1.2006942436218584,1.0,4.0,2012
91978,Man on a Ledge (2012),Crime|Thriller,"['Crime', 'Thriller']",2,2012.0,3,3.1666666666666665,1.0408329997330663,2.0,4.0,2012
91981,Sacrifice (Zhao shi gu er) (2010),Drama,['Drama'],1,2010.0,1,2.5,0.0,2.5,2.5,2010
92008,Haywire (2011),Action|Thriller,"['Action', 'Thriller']",2,2011.0,3,2.833333333333333,0.2886751345948129,2.5,3.0,2011
92048,"Whistleblower, The (2010)",Drama|Thriller,"['Drama', 'Thriller']",2,2010.0,2,3.25,1.0606601717798212,2.5,4.0,2010
92192,Apollo 18 (2011),Horror|Sci-Fi|Thriller,"['Horror', 'Sci-Fi', 'Thriller']",3,2011.0,1,2.0,0.0,2.0,2.0,2011
92198,Seeking Justice (2011),Action|Drama|Thriller,"['Action', 'Drama', 'Thriller']",3,2011.0,1,2.0,0.0,2.0,2.0,2011
92234,Red Tails (2012),Action|Adventure|Drama|War,"['Action', 'Adventure', 'Drama', 'War']",4,2012.0,1,1.5,0.0,1.5,1.5,2012
92243,"Flowers of War, The (Jin líng shí san chai) (2011)",Drama|War,"['Drama', 'War']",2,2011.0,1,4.5,0.0,4.5,4.5,2011
92259,Intouchables (2011),Comedy|Drama,"['Comedy', 'Drama']",2,2011.0,37,4.108108108108108,1.0350465309933274,1.0,5.0,2011
92264,One for the Money (2012),Action|Comedy|Crime,"['Action', 'Comedy', 'Crime']",3,2012.0,2,2.0,1.4142135623730951,1.0,3.0,2012
92309,"Innkeepers, The (2011)",Horror|Thriller,"['Horror', 'Thriller']",2,2011.0,2,2.75,1.7677669529663689,1.5,4.0,2011
92391,Grave Encounters (2011),Horror,['Horror'],1,2011.0,3,3.1666666666666665,1.0408329997330663,2.0,4.0,2011
92420,Chronicle (2012),Action|Sci-Fi|Thriller,"['Action', 'Sci-Fi', 'Thriller']",3,2012.0,8,3.375,1.5059406173077154,0.5,5.0,2012
92422,"Woman in Black, The (2012)",Drama|Horror|Thriller,"['Drama', 'Horror', 'Thriller']",3,2012.0,2,3.75,0.3535533905932738,3.5,4.0,2012
92427,Woman in Love (Rubbeldiekatz) (2011),Comedy,['Comedy'],1,2011.0,1,1.0,0.0,1.0,1.0,2011
92439,"Art of Getting By, The (2011)",Drama|Romance,"['Drama', 'Romance']",2,2011.0,2,3.0,1.4142135623730951,2.0,4.0,2011
92475,All Watched Over by Machines of Loving Grace (2011),Documentary,['Documentary'],1,2011.0,2,4.25,0.3535533905932738,4.0,4.5,2011
92507,Safe House (2012),Action|Crime|Mystery|Thriller,"['Action', 'Crime', 'Mystery', 'Thriller']",4,2012.0,4,3.375,0.6291528696058958,2.5,4.0,2012
92509,"Vow, The (2012)",Drama|Romance,"['Drama', 'Romance']",2,2012.0,3,2.6666666666666665,1.0408329997330663,1.5,3.5,2012
92535,Louis C.K.: Live at the Beacon Theater (2011),Comedy,['Comedy'],1,2011.0,10,4.3,1.2292725943057183,1.0,5.0,2011
92643,Monsieur Lazhar (2011),Children|Comedy|Drama,"['Children', 'Comedy', 'Drama']",3,2011.0,2,4.5,0.7071067811865476,4.0,5.0,2011
92665,"For a Good Time, Call... (2012)",Comedy|Drama|Romance,"['Comedy', 'Drama', 'Romance']",3,2012.0,1,2.5,0.0,2.5,2.5,2012
92674,Janie Jones (2010),Drama|Musical,"['Drama', 'Musical']",2,2010.0,1,2.5,0.0,2.5,2.5,2010
92681,Journey 2: The Mysterious Island (2012),Action|Adventure|Comedy|Sci-Fi|IMAX,"['Action', 'Adventure', 'Comedy', 'Sci-Fi', 'IMAX']",5,2012.0,1,0.5,0.0,0.5,0.5,2012
92694,Perfect Sense (2011),Drama|Romance|Sci-Fi,"['Drama', 'Romance', 'Sci-Fi']",3,2011.0,2,4.25,0.3535533905932738,4.0,4.5,2011
92938,Ghost Rider: Spirit of Vengeance (2012),Action|Fantasy|Thriller,"['Action', 'Fantasy', 'Thriller']",3,2012.0,5,1.6,0.6519202405202649,0.5,2.0,2012
93008,"Very Potter Sequel, A (2010)",Comedy|Musical,"['Comedy', 'Musical']",2,2010.0,1,5.0,0.0,5.0,5.0,2010
93022,Miss Nobody (2010),Comedy|Crime,"['Comedy', 'Crime']",2,2010.0,1,5.0,0.0,5.0,5.0,2010
93134,"Women on the 6th Floor, The (Les Femmes du 6ème Étage) (2010)",Comedy,['Comedy'],1,2010.0,1,3.5,0.0,3.5,3.5,2010
93139,Mega Shark vs. Crocosaurus (2010),Action|Adventure|Horror,"['Action', 'Adventure', 'Horror']",3,2010.0,1,1.5,0.0,1.5,1.5,2010
93193,Red Hill (2010),Crime|Thriller|Western,"['Crime', 'Thriller', 'Western']",3,2010.0,1,3.0,0.0,3.0,3.0,2010
93242,Gone (2012),Drama|Thriller,"['Drama', 'Thriller']",2,2012.0,1,1.5,0.0,1.5,1.5,2012
93270,Project X (2012),Comedy,['Comedy'],1,2012.0,8,2.0625,1.4500615750472707,0.5,4.5,2012
93272,Dr. Seuss' The Lorax (2012),Animation|Fantasy|Musical|IMAX,"['Animation', 'Fantasy', 'Musical', 'IMAX']",4,2012.0,5,3.1,1.2942179105544784,1.5,5.0,2012
93287,"Big Year, The (2011)",Comedy,['Comedy'],1,2011.0,4,3.75,0.6454972243679028,3.0,4.5,2011
93297,Act of Valor (2012),Action|Thriller|War,"['Action', 'Thriller', 'War']",3,2012.0,2,3.75,1.0606601717798212,3.0,4.5,2012
93326,This Means War (2012),Action|Comedy|Romance,"['Action', 'Comedy', 'Romance']",3,2012.0,11,2.636363636363636,0.8969645781999723,1.0,3.5,2012
93363,John Carter (2012),Action|Adventure|Sci-Fi|IMAX,"['Action', 'Adventure', 'Sci-Fi', 'IMAX']",4,2012.0,11,3.090909090909091,0.9954441676503464,1.0,4.0,2012
93443,Goon (2011),Comedy|Drama,"['Comedy', 'Drama']",2,2011.0,4,3.25,1.1902380714238083,2.0,4.5,2011
93502,"Ledge, The (2011)",Drama|Thriller,"['Drama', 'Thriller']",2,2011.0,1,2.5,0.0,2.5,2.5,2011
93510,21 Jump Street (2012),Action|Comedy|Crime,"['Action', 'Comedy', 'Crime']",3,2012.0,26,3.865384615384616,0.8192397977111744,2.0,5.0,2012
93512,"Jeff, Who Lives at Home (2012)",Comedy|Drama,"['Comedy', 'Drama']",2,2012.0,1,4.0,0.0,4.0,4.0,2012
93563,Lockout (2012),Action|Sci-Fi|Thriller,"['Action', 'Sci-Fi', 'Thriller']",3,2012.0,3,3.1666666666666665,1.755942292142123,1.5,5.0,2012
93598,"Snowtown (Snowtown Murders, The) (2011)",Crime|Drama|Thriller,"['Crime', 'Drama', 'Thriller']",3,2011.0,1,2.5,0.0,2.5,2.5,2011
93610,Space Battleship Yamato (2010),Action|Adventure|Drama,"['Action', 'Adventure', 'Drama']",3,2010.0,1,3.0,0.0,3.0,3.0,2010
93721,Jiro Dreams of Sushi (2011),Documentary,['Documentary'],1,2011.0,5,4.1,0.8215838362577492,3.0,5.0,2011
93723,Damsels in Distress (2011),Comedy|Romance,"['Comedy', 'Romance']",2,2011.0,2,2.25,1.0606601717798212,1.5,3.0,2011
93740,Salmon Fishing in the Yemen (2011),Comedy|Drama|Romance,"['Comedy', 'Drama', 'Romance']",3,2011.0,1,1.5,0.0,1.5,1.5,2011
93766,Wrath of the Titans (2012),Action|Adventure|Fantasy|IMAX,"['Action', 'Adventure', 'Fantasy', 'IMAX']",4,2012.0,4,2.625,1.1086778913041726,1.5,4.0,2012
93790,Detachment (2011),Drama,['Drama'],1,2011.0,1,4.0,0.0,4.0,4.0,2011
93805,Iron Sky (2012),Action|Comedy|Sci-Fi,"['Action', 'Comedy', 'Sci-Fi']",3,2012.0,2,3.75,0.3535533905932738,3.5,4.0,2012
93819,Absentia (2011),Horror,['Horror'],1,2011.0,1,3.5,0.0,3.5,3.5,2011
93831,American Reunion (American Pie 4) (2012),Comedy,['Comedy'],1,2012.0,4,2.625,1.3149778198382918,1.5,4.0,2012
93838,The Raid: Redemption (2011),Action|Crime,"['Action', 'Crime']",2,2011.0,9,4.333333333333333,0.75,3.0,5.0,2011
93840,"Cabin in the Woods, The (2012)",Comedy|Horror|Sci-Fi|Thriller,"['Comedy', 'Horror', 'Sci-Fi', 'Thriller']",4,2012.0,22,4.0227272727272725,0.969502483202114,2.0,5.0,2012
93855,God Bless America (2011),Comedy|Drama,"['Comedy', 'Drama']",2,2011.0,1,4.5,0.0,4.5,4.5,2011
93980,"Three Stooges, The (2012)",Comedy,['Comedy'],1,2012.0,2,1.25,0.3535533905932738,1.0,1.5,2012
93982,"Raven, The (2012)",Mystery|Thriller,"['Mystery', 'Thriller']",2,2012.0,1,2.0,0.0,2.0,2.0,2012
94011,"Big Bang, The (2011)",Action|Thriller,"['Action', 'Thriller']",2,2011.0,1,1.5,0.0,1.5,1.5,2011
94015,Mirror Mirror (2012),Adventure|Comedy|Fantasy,"['Adventure', 'Comedy', 'Fantasy']",3,2012.0,4,3.0,1.7795130420052183,0.5,4.5,2012
94018,Battleship (2012),Action|Sci-Fi|Thriller|IMAX,"['Action', 'Sci-Fi', 'Thriller', 'IMAX']",4,2012.0,3,2.333333333333333,1.5275252316519468,1.0,4.0,2012
94070,"Best Exotic Marigold Hotel, The (2011)",Comedy|Drama,"['Comedy', 'Drama']",2,2011.0,4,3.875,0.9464847243000456,2.5,4.5,2011
94122,Comic-Con Episode IV: A Fan's Hope (2011),Documentary,['Documentary'],1,2011.0,1,2.0,0.0,2.0,2.0,2011
94130,Bully (2011),Documentary,['Documentary'],1,2011.0,2,3.5,0.0,3.5,3.5,2011
94150,Hysteria (2011),Comedy|Romance,"['Comedy', 'Romance']",2,2011.0,2,4.0,0.0,4.0,4.0,2011
94160,Dante's Inferno: An Animated Epic (2010),Action|Animation|Fantasy,"['Action', 'Animation', 'Fantasy']",3,2010.0,1,3.0,0.0,3.0,3.0,2010
94266,"Five-Year Engagement, The (2012)",Comedy|Romance,"['Comedy', 'Romance']",2,2012.0,4,2.5,1.4142135623730951,0.5,3.5,2012
94323,Think Like a Man (2012),Comedy,['Comedy'],1,2012.0,2,2.5,0.7071067811865476,2.0,3.0,2012
94325,"Lucky One, The (2012)",Drama,['Drama'],1,2012.0,1,4.0,0.0,4.0,4.0,2012
94405,Safe (2012),Action|Crime|Thriller,"['Action', 'Crime', 'Thriller']",3,2012.0,2,3.5,0.7071067811865476,3.0,4.0,2012
94478,Dark Shadows (2012),Comedy|Horror|IMAX,"['Comedy', 'Horror', 'IMAX']",3,2012.0,6,2.5,0.894427190999916,1.5,4.0,2012
94494,96 Minutes (2011) ,Drama|Thriller,"['Drama', 'Thriller']",2,2011.0,1,2.5,0.0,2.5,2.5,2011
94503,"Decoy Bride, The (2011)",Comedy|Romance,"['Comedy', 'Romance']",2,2011.0,3,3.6666666666666665,0.7637626158259734,3.0,4.5,2011
94677,"Dictator, The (2012)",Comedy,['Comedy'],1,2012.0,17,3.5588235294117645,1.0589256486702758,1.5,5.0,2012
94777,Men in Black III (M.III.B.) (M.I.B.³) (2012),Action|Comedy|Sci-Fi|IMAX,"['Action', 'Comedy', 'Sci-Fi', 'IMAX']",4,2012.0,18,3.2777777777777777,0.8947924869885988,1.0,5.0,2012
94780,Snow White and the Huntsman (2012),Action|Adventure|Drama,"['Action', 'Adventure', 'Drama']",3,2012.0,6,2.833333333333333,0.6055300708194983,2.0,3.5,2012
94799,Sound of My Voice (2011),Drama|Mystery|Sci-Fi,"['Drama', 'Mystery', 'Sci-Fi']",3,2011.0,1,3.5,0.0,3.5,3.5,2011
94810,Eva (2011),Drama|Fantasy|Sci-Fi,"['Drama', 'Fantasy', 'Sci-Fi']",3,2011.0,1,5.0,0.0,5.0,5.0,2011
94833,"Pirates! Band of Misfits, The (2012)",Adventure|Animation|Children|Comedy,"['Adventure', 'Animation', 'Children', 'Comedy']",4,2012.0,3,3.333333333333333,0.7637626158259734,2.5,4.0,2012
94864,Prometheus (2012),Action|Horror|Sci-Fi|IMAX,"['Action', 'Horror', 'Sci-Fi', 'IMAX']",4,2012.0,27,3.2962962962962963,1.0120358314884528,1.5,5.0,2012
94867,"Pact, The (2012)",Horror|Mystery|Thriller,"['Horror', 'Mystery', 'Thriller']",3,2012.0,1,3.5,0.0,3.5,3.5,2012
94896,Bernie (2011),Comedy|Crime|Drama,"['Comedy', 'Crime', 'Drama']",3,2011.0,2,3.5,0.7071067811865476,3.0,4.0,2011
94919,Inhale (2010),Drama|Thriller,"['Drama', 'Thriller']",2,2010.0,1,2.5,0.0,2.5,2.5,2010
94931,Take This Waltz (2011),Drama|Romance,"['Drama', 'Romance']",2,2011.0,1,3.5,0.0,3.5,3.5,2011
94953,Wanderlust (2012),Comedy,['Comedy'],1,2012.0,5,3.0,1.274754878398196,1.5,4.5,2012
94959,Moonrise Kingdom (2012),Comedy|Drama|Romance,"['Comedy', 'Drama', 'Romance']",3,2012.0,29,3.775862068965517,0.9218208581830208,2.0,5.0,2012
94985,Get the Gringo (2012),Action|Crime|Drama|Thriller,"['Action', 'Crime', 'Drama', 'Thriller']",4,2012.0,3,3.8333333333333335,0.2886751345948129,3.5,4.0,2012
95067,"Thousand Words, A (2012)",Comedy|Drama,"['Comedy', 'Drama']",2,2012.0,3,2.833333333333333,0.2886751345948129,2.5,3.0,2012
95088,Safety Not Guaranteed (2012),Comedy|Drama,"['Comedy', 'Drama']",2,2012.0,6,3.75,0.4183300132670378,3.0,4.0,2012
95105,Madagascar 3: Europe's Most Wanted (2012),Adventure|Animation|Children|Comedy|IMAX,"['Adventure', 'Animation', 'Children', 'Comedy', 'IMAX']",5,2012.0,9,3.388888888888889,1.05409255338946,2.0,5.0,2012
95135,Your Sister's Sister (2011),Comedy|Drama,"['Comedy', 'Drama']",2,2011.0,1,4.0,0.0,4.0,4.0,2011
95167,Brave (2012),Action|Adventure|Animation|Children,"['Action', 'Adventure', 'Animation', 'Children']",4,2012.0,30,3.466666666666667,0.9820223093657058,0.5,5.0,2012
95199,What to Expect When You're Expecting (2012),Comedy|Drama|Romance,"['Comedy', 'Drama', 'Romance']",3,2012.0,1,3.0,0.0,3.0,3.0,2012
95201,To Rome with Love (2012),Comedy,['Comedy'],1,2012.0,1,3.0,0.0,3.0,3.0,2012
95207,Abraham Lincoln: Vampire Hunter (2012),Action|Fantasy|Horror|Thriller,"['Action', 'Fantasy', 'Horror', 'Thriller']",4,2012.0,6,2.75,0.5244044240850758,2.0,3.5,2012
95218,First Position (2011),Documentary,['Documentary'],1,2011.0,1,3.5,0.0,3.5,3.5,2011
95307,Rock of Ages (2012),Comedy|Drama|Musical|IMAX,"['Comedy', 'Drama', 'Musical', 'IMAX']",4,2012.0,4,2.75,0.957427107756338,2.0,4.0,2012
95309,Seeking a Friend for the End of the World (2012),Comedy|Drama|Romance,"['Comedy', 'Drama', 'Romance']",3,2012.0,3,4.166666666666667,0.2886751345948129,4.0,4.5,2012
95441,Ted (2012),Comedy|Fantasy,"['Comedy', 'Fantasy']",2,2012.0,21,3.2857142857142856,0.9819805060619656,1.5,5.0,2012
95449,Magic Mike (2012),Drama|Romance,"['Drama', 'Romance']",2,2012.0,5,2.7,1.036822067666386,1.5,4.0,2012
95508,Cleanskin (2012),Crime|Drama|Thriller,"['Crime', 'Drama', 'Thriller']",3,2012.0,1,3.5,0.0,3.5,3.5,2012
95510,"Amazing Spider-Man, The (2012)",Action|Adventure|Sci-Fi|IMAX,"['Action', 'Adventure', 'Sci-Fi', 'IMAX']",4,2012.0,30,3.25,1.2016511628760569,0.5,5.0,2012
95543,Ice Age 4: Continental Drift (2012),Adventure|Animation|Comedy,"['Adventure', 'Animation', 'Comedy']",3,2012.0,6,2.9166666666666665,1.0206207261596574,1.0,4.0,2012
95558,Beasts of the Southern Wild (2012),Drama|Fantasy,"['Drama', 'Fantasy']",2,2012.0,7,3.357142857142857,0.6900655593423541,2.5,4.5,2012
95583,Savages (2012),Crime|Drama|Thriller,"['Crime', 'Drama', 'Thriller']",3,2012.0,2,2.75,0.3535533905932738,2.5,3.0,2012
95690,Some Guy Who Kills People (2011),Comedy|Thriller,"['Comedy', 'Thriller']",2,2011.0,1,4.5,0.0,4.5,4.5,2011
95717,Treasure Island (2012),Adventure,['Adventure'],1,2012.0,1,2.0,0.0,2.0,2.0,2012
95720,"Watch, The (2012)",Comedy|Sci-Fi,"['Comedy', 'Sci-Fi']",2,2012.0,9,3.0,1.0307764064044151,1.0,4.0,2012
95744,2 Days in New York (2012),Comedy,['Comedy'],1,2012.0,1,2.5,0.0,2.5,2.5,2012
95761,Killer Joe (2011),Crime|Thriller,"['Crime', 'Thriller']",2,2011.0,1,4.5,0.0,4.5,4.5,2011
95873,Ruby Sparks (2012),Comedy|Fantasy|Romance,"['Comedy', 'Fantasy', 'Romance']",3,2012.0,4,3.5,1.0801234497346437,2.0,4.5,2012
95875,Total Recall (2012),Action|Sci-Fi|Thriller,"['Action', 'Sci-Fi', 'Thriller']",3,2012.0,8,3.1875,0.8838834764831844,1.5,4.0,2012
95939,"Angels' Share, The (2012)",Comedy|Drama,"['Comedy', 'Drama']",2,2012.0,1,4.0,0.0,4.0,4.0,2012
95949,"Immature, The (Immaturi) (2011)",Comedy,['Comedy'],1,2011.0,1,3.5,0.0,3.5,3.5,2011
96020,Sidewalls (Medianeras) (2011),Drama,['Drama'],1,2011.0,3,3.6666666666666665,0.5773502691896258,3.0,4.0,2011
96079,Skyfall (2012),Action|Adventure|Thriller|IMAX,"['Action', 'Adventure', 'Thriller', 'IMAX']",4,2012.0,50,3.81,0.7882426850991038,1.0,5.0,2012
96110,"Campaign, The (2012)",Comedy,['Comedy'],1,2012.0,9,3.4444444444444446,0.6346477588219922,2.5,4.5,2012
96114,Brake (2012),Crime|Thriller,"['Crime', 'Thriller']",2,2012.0,1,2.0,0.0,2.0,2.0,2012
96121,Hope Springs (2012),Comedy|Drama,"['Comedy', 'Drama']",2,2012.0,1,1.0,0.0,1.0,1.0,2012
96150,"Queen of Versailles, The (2012)",Documentary,['Documentary'],1,2012.0,1,2.0,0.0,2.0,2.0,2012
96281,ParaNorman (2012),Adventure|Animation|Comedy,"['Adventure', 'Animation', 'Comedy']",3,2012.0,2,3.5,0.7071067811865476,3.0,4.0,2012
96283,Diary of a Wimpy Kid: Dog Days (2012),Children|Comedy,"['Children', 'Comedy']",2,2012.0,1,3.0,0.0,3.0,3.0,2012
96373,Broken (2012),Drama,['Drama'],1,2012.0,1,4.5,0.0,4.5,4.5,2012
96411,6 Days to Air: The Making of South Park (2011),Documentary,['Documentary'],1,2011.0,1,4.0,0.0,4.0,4.0,2011
96417,Premium Rush (2012),Action|Thriller,"['Action', 'Thriller']",2,2012.0,5,3.2,0.8366600265340756,2.0,4.0,2012
96430,"Odd Life of Timothy Green, The (2012)",Comedy|Drama|Fantasy,"['Comedy', 'Drama', 'Fantasy']",3,2012.0,1,5.0,0.0,5.0,5.0,2012
96432,Lawless (2012),Crime|Drama,"['Crime', 'Drama']",2,2012.0,4,3.625,0.4787135538781691,3.0,4.0,2012
96448,Piranha 3DD (a.k.a. Piranha DD) (2012),Comedy|Horror,"['Comedy', 'Horror']",2,2012.0,3,2.1666666666666665,1.1547005383792517,1.5,3.5,2012
96488,Searching for Sugar Man (2012),Documentary,['Documentary'],1,2012.0,4,4.25,0.2886751345948128,4.0,4.5,2012
96530,Conception (2011),Comedy|Romance,"['Comedy', 'Romance']",2,2011.0,1,2.5,0.0,2.5,2.5,2011
96563,Paradise Lost 3: Purgatory (2011),Documentary,['Documentary'],1,2011.0,1,4.0,0.0,4.0,4.0,2011
96567,"Words, The (2012)",Drama|Romance,"['Drama', 'Romance']",2,2012.0,1,4.0,0.0,4.0,4.0,2012
96588,Pitch Perfect (2012),Comedy|Musical,"['Comedy', 'Musical']",2,2012.0,20,3.625,0.8717043197395729,1.5,5.0,2012
96606,Samsara (2011),Documentary,['Documentary'],1,2011.0,3,3.8333333333333335,1.2583057392117916,2.5,5.0,2011
96610,Looper (2012),Action|Crime|Sci-Fi,"['Action', 'Crime', 'Sci-Fi']",3,2012.0,32,3.640625,0.863548334377672,2.0,5.0,2012
96616,That's My Boy (2012),Comedy,['Comedy'],1,2012.0,3,2.5,1.3228756555322954,1.5,4.0,2012
96655,Robot & Frank (2012),Comedy|Drama|Sci-Fi,"['Comedy', 'Drama', 'Sci-Fi']",3,2012.0,3,3.0,0.8660254037844386,2.5,4.0,2012
96691,Resident Evil: Retribution (2012),Action|Horror|Sci-Fi|IMAX,"['Action', 'Horror', 'Sci-Fi', 'IMAX']",4,2012.0,2,3.75,0.3535533905932738,3.5,4.0,2012
96726,Lola Versus (2012),Comedy|Romance,"['Comedy', 'Romance']",2,2012.0,1,1.5,0.0,1.5,1.5,2012
96728,"Master, The (2012)",Drama,['Drama'],1,2012.0,6,3.9166666666666665,0.801040989379861,3.0,5.0,2012
96737,Dredd (2012),Action|Sci-Fi,"['Action', 'Sci-Fi']",2,2012.0,14,3.7142857142857135,1.0690449676496976,1.5,5.0,2012
96811,End of Watch (2012),Crime|Drama|Thriller,"['Crime', 'Drama', 'Thriller']",3,2012.0,6,3.9166666666666665,0.6645800679125627,3.0,5.0,2012
96815,V/H/S (2012),Horror|Thriller,"['Horror', 'Thriller']",2,2012.0,2,2.75,1.0606601717798212,2.0,3.5,2012
96821,"Perks of Being a Wallflower, The (2012)",Drama|Romance,"['Drama', 'Romance']",2,2012.0,20,3.825,0.9904145862372884,1.5,5.0,2012
96829,"Hunt, The (Jagten) (2012)",Drama,['Drama'],1,2012.0,10,4.3,0.4216370213557839,4.0,5.0,2012
96832,Holy Motors (2012),Drama|Fantasy|Musical|Mystery|Sci-Fi,"['Drama', 'Fantasy', 'Musical', 'Mystery', 'Sci-Fi']",5,2012.0,1,5.0,0.0,5.0,5.0,2012
96861,Taken 2 (2012),Action|Crime|Drama|Thriller,"['Action', 'Crime', 'Drama', 'Thriller']",4,2012.0,7,3.2857142857142856,1.4679107277903192,1.0,5.0,2012
96917,House at the End of the Street (2012),Horror|Thriller,"['Horror', 'Thriller']",2,2012.0,1,4.0,0.0,4.0,4.0,2012
96945,Love Lasts Three Years (L'amour dure trois ans) (2011),Comedy|Drama|Romance,"['Comedy', 'Drama', 'Romance']",3,2011.0,1,3.5,0.0,3.5,3.5,2011
96964,"Tall Man, The (2012)",Crime|Drama|Mystery,"['Crime', 'Drama', 'Mystery']",3,2012.0,1,1.5,0.0,1.5,1.5,2012
96975,LOL (2012),Comedy|Drama|Romance,"['Comedy', 'Drama', 'Romance']",3,2012.0,1,3.5,0.0,3.5,3.5,2012
97024,Rust and Bone (De rouille et d'os) (2012),Drama|Romance,"['Drama', 'Romance']",2,2012.0,1,0.5,0.0,0.5,0.5,2012
97168,Marley (2012),Documentary,['Documentary'],1,2012.0,2,3.5,1.4142135623730951,2.5,4.5,2012
97172,Frankenweenie (2012),Animation|Comedy|Horror|IMAX,"['Animation', 'Comedy', 'Horror', 'IMAX']",4,2012.0,2,2.5,0.7071067811865476,2.0,3.0,2012
97188,Sinister (2012),Horror|Thriller,"['Horror', 'Thriller']",2,2012.0,1,4.0,0.0,4.0,4.0,2012
97225,Hotel Transylvania (2012),Animation|Children|Comedy,"['Animation', 'Children', 'Comedy']",3,2012.0,11,3.409090909090909,0.9438798074485388,2.0,5.0,2012
97230,Side by Side (2012),Documentary,['Documentary'],1,2012.0,1,3.0,0.0,3.0,3.0,2012
97304,Argo (2012),Drama|Thriller,"['Drama', 'Thriller']",2,2012.0,28,3.982142857142857,0.8658344600264603,1.5,5.0,2012
97306,Seven Psychopaths (2012),Comedy|Crime,"['Comedy', 'Crime']",2,2012.0,15,3.466666666666667,0.7668736780560658,2.0,5.0,2012
97328,Liberal Arts (2012),Comedy|Drama,"['Comedy', 'Drama']",2,2012.0,1,3.0,0.0,3.0,3.0,2012
97470,Catch .44 (2011),Action|Drama|Thriller,"['Action', 'Drama', 'Thriller']",3,2011.0,2,1.25,0.3535533905932738,1.0,1.5,2011
97643,[REC]³ 3 Génesis (2012),Horror|Thriller,"['Horror', 'Thriller']",2,2012.0,2,3.0,0.0,3.0,3.0,2012
97665,Asterix & Obelix: God Save Britannia (Astérix et Obélix: Au service de Sa Majesté) (2012),Adventure|Comedy,"['Adventure', 'Comedy']",2,2012.0,1,2.5,0.0,2.5,2.5,2012
97701,Paranormal Activity 4 (2012),Horror|IMAX,"['Horror', 'IMAX']",2,2012.0,1,3.0,0.0,3.0,3.0,2012
97742,Alex Cross (2012),Action|Crime|Mystery|Thriller,"['Action', 'Crime', 'Mystery', 'Thriller']",4,2012.0,1,1.5,0.0,1.5,1.5,2012
97752,Cloud Atlas (2012),Drama|Sci-Fi|IMAX,"['Drama', 'Sci-Fi', 'IMAX']",3,2012.0,19,3.736842105263158,0.6742984224904425,2.5,5.0,2012
97785,Silent Hill: Revelation 3D (2012),Horror|Mystery|Thriller,"['Horror', 'Mystery', 'Thriller']",3,2012.0,1,3.0,0.0,3.0,3.0,2012
97836,Here Comes the Boom (2012),Action|Comedy,"['Action', 'Comedy']",2,2012.0,7,2.571428571428572,1.2392393980641052,0.5,4.0,2012
97858,Mental (2012),Comedy|Drama,"['Comedy', 'Drama']",2,2012.0,1,2.0,0.0,2.0,2.0,2012
97860,Killing Them Softly (2012),Crime|Drama|Thriller,"['Crime', 'Drama', 'Thriller']",3,2012.0,4,3.125,1.1086778913041726,2.0,4.5,2012
97866,"Imposter, The (2012)",Documentary,['Documentary'],1,2012.0,2,4.75,0.3535533905932738,4.5,5.0,2012
97870,"Sessions, The (Surrogate, The) (2012)",Drama,['Drama'],1,2012.0,1,4.0,0.0,4.0,4.0,2012
97904,Smashed (2012),Comedy|Drama,"['Comedy', 'Drama']",2,2012.0,1,4.0,0.0,4.0,4.0,2012
97913,Wreck-It Ralph (2012),Animation|Comedy,"['Animation', 'Comedy']",2,2012.0,22,3.75,0.8128433340529315,2.0,5.0,2012
97921,Silver Linings Playbook (2012),Comedy|Drama,"['Comedy', 'Drama']",2,2012.0,30,3.716666666666667,0.9709871739389884,0.5,5.0,2012
97923,Flight (2012),Drama,['Drama'],1,2012.0,9,3.5,0.9013878188659972,2.0,5.0,2012
97936,Anna Karenina (2012),Drama,['Drama'],1,2012.0,1,3.0,0.0,3.0,3.0,2012
97938,Life of Pi (2012),Adventure|Drama|IMAX,"['Adventure', 'Drama', 'IMAX']",3,2012.0,31,3.629032258064516,1.0080322575483704,1.0,5.0,2012
97950,"Man with the Iron Fists, The (2012)",Action|Adventure|Crime,"['Action', 'Adventure', 'Crime']",3,2012.0,1,2.5,0.0,2.5,2.5,2012
97988,"Bay, The (2012)",Horror|Sci-Fi|Thriller,"['Horror', 'Sci-Fi', 'Thriller']",3,2012.0,1,2.5,0.0,2.5,2.5,2012
98061,Himizu (2011),Children|Crime|Drama,"['Children', 'Crime', 'Drama']",3,2011.0,1,3.5,0.0,3.5,3.5,2011
98083,Jackass 3.5 (2011),Comedy|Documentary,"['Comedy', 'Documentary']",2,2011.0,2,4.0,1.4142135623730951,3.0,5.0,2011
98122,Indie Game: The Movie (2012),Documentary,['Documentary'],1,2012.0,2,3.0,0.0,3.0,3.0,2012
98124,"Batman: The Dark Knight Returns, Part 1 (2012)",Action|Animation|Sci-Fi,"['Action', 'Animation', 'Sci-Fi']",3,2012.0,7,3.928571428571429,0.5345224838248487,3.5,5.0,2012
98154,Lincoln (2012),Drama|War,"['Drama', 'War']",2,2012.0,4,4.5,0.7071067811865476,3.5,5.0,2012
98160,Nature Calls (2012),Comedy,['Comedy'],1,2012.0,1,1.5,0.0,1.5,1.5,2012
98175,Vamps (2012),Comedy|Horror|Romance,"['Comedy', 'Horror', 'Romance']",3,2012.0,1,1.5,0.0,1.5,1.5,2012
98203,"Twilight Saga: Breaking Dawn - Part 2, The (2012)",Adventure|Drama|Fantasy|Romance|IMAX,"['Adventure', 'Drama', 'Fantasy', 'Romance', 'IMAX']",5,2012.0,4,1.875,0.8539125638299665,1.0,3.0,2012
98230,10 Years (2011),Comedy|Drama|Romance,"['Comedy', 'Drama', 'Romance']",3,2011.0,1,3.5,0.0,3.5,3.5,2011
98239,Red Dawn (2012),Action|War,"['Action', 'War']",2,2012.0,2,2.25,0.3535533905932738,2.0,2.5,2012
98243,Rise of the Guardians (2012),Adventure|Animation|Children|Fantasy|IMAX,"['Adventure', 'Animation', 'Children', 'Fantasy', 'IMAX']",5,2012.0,12,3.7916666666666665,0.8382431122004613,2.5,5.0,2012
98279,"Fantastic Fear of Everything, A (2012)",Comedy,['Comedy'],1,2012.0,2,4.0,1.4142135623730951,3.0,5.0,2012
98296,Deadfall (2012),Crime|Drama|Thriller,"['Crime', 'Drama', 'Thriller']",3,2012.0,1,1.5,0.0,1.5,1.5,2012
98361,Byzantium (2012),Drama|Fantasy|Thriller,"['Drama', 'Fantasy', 'Thriller']",3,2012.0,1,4.0,0.0,4.0,4.0,2012
98491,Paperman (2012),Animation|Comedy|Romance,"['Animation', 'Comedy', 'Romance']",3,2012.0,8,4.375,0.7440238091428447,3.0,5.0,2012
98585,Hitchcock (2012),Drama,['Drama'],1,2012.0,5,3.5,0.3535533905932737,3.0,4.0,2012
98604,From Up on Poppy Hill (Kokuriko-zaka kara) (2011),Animation|Drama|Romance,"['Animation', 'Drama', 'Romance']",3,2011.0,1,4.5,0.0,4.5,4.5,2011
98799,"Liar's Autobiography: The Untrue Story of Monty Python's Graham Chapman, A (2012)",Animation|Comedy,"['Animation', 'Comedy']",2,2012.0,1,2.5,0.0,2.5,2.5,2012
98809,"Hobbit: An Unexpected Journey, The (2012)",Adventure|Fantasy|IMAX,"['Adventure', 'Fantasy', 'IMAX']",3,2012.0,40,3.8125,0.8449510682236623,1.0,5.0,2012
98836,Hyde Park on Hudson (2012),Comedy|Drama,"['Comedy', 'Drama']",2,2012.0,1,2.0,0.0,2.0,2.0,2012
98908,How to Make Love to a Woman (2010),Comedy|Romance,"['Comedy', 'Romance']",2,2010.0,1,1.5,0.0,1.5,1.5,2010
98961,Zero Dark Thirty (2012),Action|Drama|Thriller,"['Action', 'Drama', 'Thriller']",3,2012.0,14,4.107142857142857,0.6844023622158194,2.5,5.0,2012
99005,Fire with Fire (2012),Action|Crime|Drama,"['Action', 'Crime', 'Drama']",3,2012.0,1,1.5,0.0,1.5,1.5,2012
99007,Warm Bodies (2013),Comedy|Horror|Romance,"['Comedy', 'Horror', 'Romance']",3,2013.0,14,3.5,0.7844645405527362,2.0,4.5,2013
99030,Wrong (2012),Comedy|Drama,"['Comedy', 'Drama']",2,2012.0,1,4.0,0.0,4.0,4.0,2012
99087,Playing for Keeps (2012),Comedy|Romance,"['Comedy', 'Romance']",2,2012.0,1,3.0,0.0,3.0,3.0,2012
99106,"Guilt Trip, The (2012)",Comedy,['Comedy'],1,2012.0,3,2.5,1.0,1.5,3.5,2012
99112,Jack Reacher (2012),Action|Crime|Thriller,"['Action', 'Crime', 'Thriller']",3,2012.0,12,3.4166666666666665,0.7929614610987592,2.0,5.0,2012
99114,Django Unchained (2012),Action|Drama|Western,"['Action', 'Drama', 'Western']",3,2012.0,71,3.943661971830986,0.9084889172004555,1.0,5.0,2012
99117,This Is 40 (2012),Drama,['Drama'],1,2012.0,8,3.125,0.9543135154205276,2.0,4.5,2012
99145,"Impossible, The (Imposible, Lo) (2012)",Drama|Thriller,"['Drama', 'Thriller']",2,2012.0,3,3.6666666666666665,0.7637626158259734,3.0,4.5,2012
99149,"Misérables, Les (2012)",Drama|Musical|Romance|IMAX,"['Drama', 'Musical', 'Romance', 'IMAX']",4,2012.0,7,3.5,0.5773502691896258,2.5,4.0,2012
99415,Parental Guidance (2012),Comedy,['Comedy'],1,2012.0,1,2.0,0.0,2.0,2.0,2012
99437,John Dies at the End (2012),Comedy|Fantasy|Horror,"['Comedy', 'Fantasy', 'Horror']",3,2012.0,2,4.0,0.7071067811865476,3.5,4.5,2012
99574,Promised Land (2012),Drama,['Drama'],1,2012.0,1,3.0,0.0,3.0,3.0,2012
99636,English Vinglish (2012),Comedy|Drama,"['Comedy', 'Drama']",2,2012.0,1,5.0,0.0,5.0,5.0,2012
99721,Texas Chainsaw 3D (2013),Horror|Mystery|Thriller,"['Horror', 'Mystery', 'Thriller']",3,2013.0,1,1.5,0.0,1.5,1.5,2013
99728,Gangster Squad (2013),Action|Crime|Drama,"['Action', 'Crime', 'Drama']",3,2013.0,3,3.333333333333333,0.7637626158259733,2.5,4.0,2013
99750,"Iceman, The (2012)",Crime|Drama|Thriller,"['Crime', 'Drama', 'Thriller']",3,2012.0,1,3.5,0.0,3.5,3.5,2012
99764,It's Such a Beautiful Day (2012),Animation|Comedy|Drama|Fantasy|Sci-Fi,"['Animation', 'Comedy', 'Drama', 'Fantasy', 'Sci-Fi']",5,2012.0,2,4.25,1.0606601717798212,3.5,5.0,2012
99813,"Batman: The Dark Knight Returns, Part 2 (2013)",Action|Animation,"['Action', 'Animation']",2,2013.0,8,3.875,0.7905694150420949,3.0,5.0,2013
99846,Everything or Nothing: The Untold Story of 007 (2012),Documentary,['Documentary'],1,2012.0,1,3.0,0.0,3.0,3.0,2012
99853,Codependent Lesbian Space Alien Seeks Same (2011),Comedy|Romance|Sci-Fi,"['Comedy', 'Romance', 'Sci-Fi']",3,2011.0,1,4.0,0.0,4.0,4.0,2011
99910,"Last Stand, The (2013)",Action|Crime|Thriller,"['Action', 'Crime', 'Thriller']",3,2013.0,2,3.25,0.3535533905932738,3.0,3.5,2013
99917,Upstream Color (2013),Romance|Sci-Fi|Thriller,"['Romance', 'Sci-Fi', 'Thriller']",3,2013.0,3,3.1666666666666665,0.2886751345948129,3.0,3.5,2013
99992,Shadow Dancer (2012),Crime|Drama|Thriller,"['Crime', 'Drama', 'Thriller']",3,2012.0,1,3.0,0.0,3.0,3.0,2012
100044,Human Planet (2011),Documentary,['Documentary'],1,2011.0,1,4.0,0.0,4.0,4.0,2011
100068,Comme un chef (2012),Comedy,['Comedy'],1,2012.0,1,3.5,0.0,3.5,3.5,2012
100083,Movie 43 (2013),Comedy,['Comedy'],1,2013.0,3,3.5,1.5,2.0,5.0,2013
100106,"Pervert's Guide to Ideology, The (2012)",Documentary,['Documentary'],1,2012.0,1,3.5,0.0,3.5,3.5,2012
100159,Sightseers (2012),Comedy,['Comedy'],1,2012.0,1,4.5,0.0,4.5,4.5,2012
100163,Hansel & Gretel: Witch Hunters (2013),Action|Fantasy|Horror|IMAX,"['Action', 'Fantasy', 'Horror', 'IMAX']",4,2013.0,5,2.9,1.4747881203752624,0.5,4.5,2013
100194,Jim Jefferies: Fully Functional (EPIX) (2012),Comedy,['Comedy'],1,2012.0,1,4.5,0.0,4.5,4.5,2012
100226,Why Stop Now (2012),Comedy|Drama,"['Comedy', 'Drama']",2,2012.0,1,1.5,0.0,1.5,1.5,2012
100277,Tabu (2012),Drama|Romance,"['Drama', 'Romance']",2,2012.0,1,4.0,0.0,4.0,4.0,2012
100302,Upside Down (2012),Drama|Romance|Sci-Fi,"['Drama', 'Romance', 'Sci-Fi']",3,2012.0,1,3.0,0.0,3.0,3.0,2012
100304,"Liability, The (2012)",Action|Thriller,"['Action', 'Thriller']",2,2012.0,1,3.0,0.0,3.0,3.0,2012
100326,Stand Up Guys (2012),Comedy|Crime,"['Comedy', 'Crime']",2,2012.0,1,2.5,0.0,2.5,2.5,2012
100383,Side Effects (2013),Crime|Drama|Mystery|Thriller,"['Crime', 'Drama', 'Mystery', 'Thriller']",4,2013.0,6,3.9166666666666665,0.6645800679125629,3.5,5.0,2013
100390,Identity Thief (2013),Comedy|Crime,"['Comedy', 'Crime']",2,2013.0,4,2.875,1.3768926368215255,1.5,4.5,2013
100397,"ABCs of Death, The (2012)",Horror,['Horror'],1,2012.0,1,3.5,0.0,3.5,3.5,2012
100487,Beautiful Creatures (2013),Drama|Fantasy|Romance,"['Drama', 'Fantasy', 'Romance']",3,2013.0,1,2.0,0.0,2.0,2.0,2013
100498,"Good Day to Die Hard, A (2013)",Action|Crime|Thriller|IMAX,"['Action', 'Crime', 'Thriller', 'IMAX']",4,2013.0,6,2.083333333333333,0.8612007121842543,1.0,3.5,2013
100507,21 and Over (2013),Comedy,['Comedy'],1,2013.0,4,3.625,0.7500000000000001,3.0,4.5,2013
100527,Safe Haven (2013),Drama|Mystery|Romance,"['Drama', 'Mystery', 'Romance']",3,2013.0,1,4.0,0.0,4.0,4.0,2013
100553,Frozen Planet (2011),Documentary,['Documentary'],1,2011.0,2,4.5,0.0,4.5,4.5,2011
100556,"Act of Killing, The (2012)",Documentary,['Documentary'],1,2012.0,1,5.0,0.0,5.0,5.0,2012
100579,Universal Soldier: Day of Reckoning (2012),Action|Sci-Fi|Thriller,"['Action', 'Sci-Fi', 'Thriller']",3,2012.0,1,4.0,0.0,4.0,4.0,2012
100611,Escape from Planet Earth (2013),Adventure|Animation|Comedy|Sci-Fi,"['Adventure', 'Animation', 'Comedy', 'Sci-Fi']",4,2013.0,2,4.0,0.7071067811865476,3.5,4.5,2013
100714,Before Midnight (2013),Drama|Romance,"['Drama', 'Romance']",2,2013.0,3,3.5,1.8027756377319943,1.5,5.0,2013
100737,Snitch (2013),Action|Drama|Thriller,"['Action', 'Drama', 'Thriller']",3,2013.0,1,3.5,0.0,3.5,3.5,2013
100810,Dark Skies (2013),Horror|Sci-Fi|Thriller,"['Horror', 'Sci-Fi', 'Thriller']",3,2013.0,2,3.0,1.4142135623730951,2.0,4.0,2013
100843,Oh Boy (A Coffee in Berlin) (2012),Comedy|Drama,"['Comedy', 'Drama']",2,2012.0,1,3.5,0.0,3.5,3.5,2012
100882,Journey to the West: Conquering the Demons (Daai wa sai you chi Chui mo chun kei) (2013),Adventure|Comedy|Fantasy|Romance|IMAX,"['Adventure', 'Comedy', 'Fantasy', 'Romance', 'IMAX']",5,2013.0,2,4.75,0.3535533905932738,4.5,5.0,2013
101025,Jack the Giant Slayer (2013),Adventure|Fantasy|IMAX,"['Adventure', 'Fantasy', 'IMAX']",3,2013.0,5,2.2,1.4404860290887933,0.5,4.0,2013
101070,Wadjda (2012),Drama,['Drama'],1,2012.0,1,2.5,0.0,2.5,2.5,2012
101072,"Unintentional Kidnapping of Mrs. Elfriede Ott, The (Die Unabsichtliche Entführung der Frau Elfriede Ott) (2010)",Comedy,['Comedy'],1,2010.0,1,2.5,0.0,2.5,2.5,2010
101076,G.I. Joe: Retaliation (2013),Action|Adventure|Sci-Fi|Thriller|IMAX,"['Action', 'Adventure', 'Sci-Fi', 'Thriller', 'IMAX']",5,2013.0,3,3.0,0.5,2.5,3.5,2013
101088,Stoker (2013),Drama|Mystery|Thriller,"['Drama', 'Mystery', 'Thriller']",3,2013.0,2,3.75,0.3535533905932738,3.5,4.0,2013
101112,Oz the Great and Powerful (2013),Action|Adventure|Fantasy|IMAX,"['Action', 'Adventure', 'Fantasy', 'IMAX']",4,2013.0,6,3.083333333333333,1.1583033569262702,1.5,4.5,2013
101142,"Croods, The (2013)",Adventure|Animation|Comedy,"['Adventure', 'Animation', 'Comedy']",3,2013.0,9,3.7777777777777777,0.754615428178118,2.5,5.0,2013
101283,"Incredible Burt Wonderstone, The (2013)",Comedy,['Comedy'],1,2013.0,3,2.833333333333333,0.2886751345948129,2.5,3.0,2013
101360,"Call, The (2013)",Drama|Thriller,"['Drama', 'Thriller']",2,2013.0,1,1.5,0.0,1.5,1.5,2013
101362,Olympus Has Fallen (2013),Action|Thriller,"['Action', 'Thriller']",2,2013.0,8,2.875,0.9161253813129044,1.5,4.5,2013
101415,"First Time, The (2012)",Comedy|Drama|Romance,"['Comedy', 'Drama', 'Romance']",3,2012.0,2,1.5,0.0,1.5,1.5,2012
101525,"Place Beyond the Pines, The (2012)",Crime|Drama,"['Crime', 'Drama']",2,2012.0,5,3.5,0.5,3.0,4.0,2012
101529,"Brass Teapot, The (2012)",Comedy|Fantasy|Thriller,"['Comedy', 'Fantasy', 'Thriller']",3,2012.0,1,2.0,0.0,2.0,2.0,2012
101531,Phil Spector (2013),Drama,['Drama'],1,2013.0,1,2.0,0.0,2.0,2.0,2013
101577,"Host, The (2013)",Action|Adventure|Romance,"['Action', 'Adventure', 'Romance']",3,2013.0,4,2.5,2.1213203435596424,0.5,5.0,2013
101612,Admission (2013),Comedy|Romance,"['Comedy', 'Romance']",2,2013.0,4,3.0,0.816496580927726,2.0,4.0,2013
101739,Evil Dead (2013),Horror,['Horror'],1,2013.0,2,3.25,0.3535533905932738,3.0,3.5,2013
101741,Trance (2013),Crime|Thriller,"['Crime', 'Thriller']",2,2013.0,2,3.75,0.3535533905932738,3.5,4.0,2013
101765,"Perfect Plan, A (Plan parfait, Un) (2012)",Adventure|Comedy|Romance,"['Adventure', 'Comedy', 'Romance']",3,2012.0,2,4.25,1.0606601717798212,3.5,5.0,2012
101864,Oblivion (2013),Action|Adventure|Sci-Fi|IMAX,"['Action', 'Adventure', 'Sci-Fi', 'IMAX']",4,2013.0,20,3.3,1.1050125029061648,1.5,5.0,2013
101884,Dark Tide (2012),Adventure|Drama|Thriller,"['Adventure', 'Drama', 'Thriller']",3,2012.0,1,1.5,0.0,1.5,1.5,2012
101895,42 (2013),Drama,['Drama'],1,2013.0,1,4.0,0.0,4.0,4.0,2013
101962,Wolf Children (Okami kodomo no ame to yuki) (2012),Animation|Fantasy,"['Animation', 'Fantasy']",2,2012.0,4,4.0,0.816496580927726,3.0,5.0,2012
101973,Disconnect (2012),Drama|Thriller,"['Drama', 'Thriller']",2,2012.0,1,1.5,0.0,1.5,1.5,2012
102033,Pain & Gain (2013),Action|Comedy|Crime,"['Action', 'Comedy', 'Crime']",3,2013.0,5,3.2,1.151086443322134,2.0,5.0,2013
102066,Resolution (2012),Horror|Thriller,"['Horror', 'Thriller']",2,2012.0,1,4.0,0.0,4.0,4.0,2012
102070,Grabbers (2012),Comedy|Horror|Sci-Fi,"['Comedy', 'Horror', 'Sci-Fi']",3,2012.0,1,3.0,0.0,3.0,3.0,2012
102084,Justice League: Doom (2012) ,Action|Animation|Fantasy,"['Action', 'Animation', 'Fantasy']",3,2012.0,1,5.0,0.0,5.0,5.0,2012
102088,"Grandmaster, The (Yi dai zong shi) (2013)",Action|Drama|IMAX,"['Action', 'Drama', 'IMAX']",3,2013.0,1,2.0,0.0,2.0,2.0,2013
102123,This Is the End (2013),Action|Comedy,"['Action', 'Comedy']",2,2013.0,14,3.2142857142857144,1.0868848519133392,1.5,5.0,2013
102125,Iron Man 3 (2013),Action|Sci-Fi|Thriller|IMAX,"['Action', 'Sci-Fi', 'Thriller', 'IMAX']",4,2013.0,32,3.5625,0.981687158630159,0.5,5.0,2013
102165,"English Teacher, The (2013)",Comedy|Drama,"['Comedy', 'Drama']",2,2013.0,1,2.0,0.0,2.0,2.0,2013
102194,Mud (2012),Adventure|Crime|Drama,"['Adventure', 'Crime', 'Drama']",3,2012.0,3,4.333333333333333,0.5773502691896258,4.0,5.0,2012
102278,Pawn (2013),Crime|Thriller,"['Crime', 'Thriller']",2,2013.0,1,2.0,0.0,2.0,2.0,2013
102378,Syrup (2013),Comedy|Drama,"['Comedy', 'Drama']",2,2013.0,2,2.75,1.7677669529663689,1.5,4.0,2013
102407,"Great Gatsby, The (2013)",Drama,['Drama'],1,2013.0,20,3.375,0.8251794063302713,2.0,5.0,2013
102445,Star Trek Into Darkness (2013),Action|Adventure|Sci-Fi|IMAX,"['Action', 'Adventure', 'Sci-Fi', 'IMAX']",4,2013.0,27,3.685185185185185,0.9003006778522997,2.0,5.0,2013
102481,"Internship, The (2013)",Comedy,['Comedy'],1,2013.0,10,3.55,1.1413929112175951,0.5,4.5,2013
102684,Only God Forgives (2013),Drama|Thriller,"['Drama', 'Thriller']",2,2013.0,2,3.75,0.3535533905932738,3.5,4.0,2013
102686,"Hangover Part III, The (2013)",Comedy,['Comedy'],1,2013.0,8,3.375,0.5824823725107175,2.5,4.5,2013
102716,"Fast & Furious 6 (Fast and the Furious 6, The) (2013)",Action|Crime|Thriller|IMAX,"['Action', 'Crime', 'Thriller', 'IMAX']",4,2013.0,7,3.357142857142857,0.8017837257372732,2.0,4.5,2013
102720,Epic (2013),Adventure|Animation|Fantasy,"['Adventure', 'Animation', 'Fantasy']",3,2013.0,2,3.0,0.7071067811865476,2.5,3.5,2013
102800,Frances Ha (2012),Comedy|Drama,"['Comedy', 'Drama']",2,2012.0,1,2.5,0.0,2.5,2.5,2012
102802,"Lords of Salem, The (2012)",Horror|Thriller,"['Horror', 'Thriller']",2,2012.0,1,2.5,0.0,2.5,2.5,2012
102819,Behind the Candelabra (2013),Drama,['Drama'],1,2013.0,1,3.0,0.0,3.0,3.0,2013
102852,With Great Power: The Stan Lee Story (2012),Documentary,['Documentary'],1,2012.0,1,3.0,0.0,3.0,3.0,2012
102880,After Earth (2013),Action|Adventure|Sci-Fi|IMAX,"['Action', 'Adventure', 'Sci-Fi', 'IMAX']",4,2013.0,2,1.0,0.7071067811865476,0.5,1.5,2013
102903,Now You See Me (2013),Crime|Mystery|Thriller,"['Crime', 'Mystery', 'Thriller']",3,2013.0,22,3.409090909090909,1.250108220423561,0.5,5.0,2013
102984,Inhuman Resources (Redd Inc.) (2012),Horror|Thriller,"['Horror', 'Thriller']",2,2012.0,1,4.5,0.0,4.5,4.5,2012
102993,"Way, Way Back, The (2013)",Comedy|Drama,"['Comedy', 'Drama']",2,2013.0,4,3.125,0.8539125638299665,2.0,4.0,2013
103027,Much Ado About Nothing (2012),Comedy|Drama|Romance,"['Comedy', 'Drama', 'Romance']",3,2012.0,1,3.0,0.0,3.0,3.0,2012
103042,Man of Steel (2013),Action|Adventure|Fantasy|Sci-Fi|IMAX,"['Action', 'Adventure', 'Fantasy', 'Sci-Fi', 'IMAX']",5,2013.0,22,3.2954545454545454,0.7345081105761627,2.0,4.5,2013
103048,"Kings of Summer, The (2013)",Comedy,['Comedy'],1,2013.0,2,3.5,0.7071067811865476,3.0,4.0,2013
103075,"Purge, The (2013)",Crime|Horror|Thriller,"['Crime', 'Horror', 'Thriller']",3,2013.0,4,3.25,0.6454972243679028,2.5,4.0,2013
103085,Rapture-Palooza (2013),Comedy|Fantasy,"['Comedy', 'Fantasy']",2,2013.0,1,3.0,0.0,3.0,3.0,2013
103107,20 Feet from Stardom (Twenty Feet from Stardom) (2013),Documentary,['Documentary'],1,2013.0,2,4.25,0.3535533905932738,4.0,4.5,2013
103137,"Bling Ring, The (2013)",Crime|Drama,"['Crime', 'Drama']",2,2013.0,2,2.0,0.7071067811865476,1.5,2.5,2013
103141,Monsters University (2013),Adventure|Animation|Comedy,"['Adventure', 'Animation', 'Comedy']",3,2013.0,16,3.875,0.7416198487095662,2.5,5.0,2013
103171,Schlussmacher (2013),Comedy,['Comedy'],1,2013.0,1,1.0,0.0,1.0,1.0,2013
103210,Fullmetal Alchemist: The Sacred Star of Milos (2011),Action|Adventure|Animation,"['Action', 'Adventure', 'Animation']",3,2011.0,1,2.0,0.0,2.0,2.0,2011
103219,Maniac (2012),Horror|Thriller,"['Horror', 'Thriller']",2,2012.0,1,3.5,0.0,3.5,3.5,2012
103221,Not Suitable for Children (2012),Comedy|Romance,"['Comedy', 'Romance']",2,2012.0,1,2.5,0.0,2.5,2.5,2012
103228,Pacific Rim (2013),Action|Adventure|Sci-Fi|IMAX,"['Action', 'Adventure', 'Sci-Fi', 'IMAX']",4,2013.0,14,3.607142857142857,1.0593643128087462,1.0,5.0,2013
103233,LEGO Batman: The Movie - DC Heroes Unite (2013),Action|Adventure|Animation,"['Action', 'Adventure', 'Animation']",3,2013.0,1,3.0,0.0,3.0,3.0,2013
103235,"Best Offer, The (Migliore offerta, La) (2013)",Thriller,['Thriller'],1,2013.0,5,4.0,0.7071067811865476,3.0,4.5,2013
103249,World War Z (2013),Action|Drama|Horror|IMAX,"['Action', 'Drama', 'Horror', 'IMAX']",4,2013.0,19,3.026315789473684,0.8735890880367281,1.5,4.0,2013
103253,Elysium (2013),Action|Drama|Sci-Fi|IMAX,"['Action', 'Drama', 'Sci-Fi', 'IMAX']",4,2013.0,16,3.3125,0.7274384280931733,1.5,4.5,2013
103335,Despicable Me 2 (2013),Animation|Children|Comedy|IMAX,"['Animation', 'Children', 'Comedy', 'IMAX']",4,2013.0,19,3.5789473684210527,1.1458034286368772,0.5,5.0,2013
103339,White House Down (2013),Action|Drama|Thriller|IMAX,"['Action', 'Drama', 'Thriller', 'IMAX']",4,2013.0,6,2.9166666666666665,1.2006942436218584,1.0,4.0,2013
103341,"World's End, The (2013)",Action|Comedy|Sci-Fi,"['Action', 'Comedy', 'Sci-Fi']",3,2013.0,18,3.4166666666666665,1.2976222599091636,0.5,5.0,2013
103366,Redemption (Hummingbird) (2013),Action|Crime|Thriller,"['Action', 'Crime', 'Thriller']",3,2013.0,1,2.0,0.0,2.0,2.0,2013
103372,"Heat, The (2013)",Action|Comedy|Crime,"['Action', 'Comedy', 'Crime']",3,2013.0,6,3.4166666666666665,0.9174239296348592,2.5,5.0,2013
103384,"Lone Ranger, The (2013)",Action|Adventure|Western|IMAX,"['Action', 'Adventure', 'Western', 'IMAX']",4,2013.0,7,2.7857142857142856,1.14953406710222,1.0,4.0,2013
103449,Passion (2012),Crime|Drama|Mystery|Thriller,"['Crime', 'Drama', 'Mystery', 'Thriller']",4,2012.0,1,1.0,0.0,1.0,1.0,2012
103483,V/H/S/2 (2013),Horror|Thriller,"['Horror', 'Thriller']",2,2013.0,1,4.5,0.0,4.5,4.5,2013
103502,"Knot, The (2012)",Comedy|Romance,"['Comedy', 'Romance']",2,2012.0,1,1.5,0.0,1.5,1.5,2012
103539,The Spectacular Now (2013),Comedy|Drama|Romance,"['Comedy', 'Drama', 'Romance']",3,2013.0,2,3.25,1.0606601717798212,2.5,4.0,2013
103543,"Lifeguard, The (2013)",Comedy|Drama,"['Comedy', 'Drama']",2,2013.0,2,3.5,2.1213203435596424,2.0,5.0,2013
103596,Sharknado (2013),Sci-Fi,['Sci-Fi'],1,2013.0,4,1.875,1.1086778913041726,0.5,3.0,2013
103602,Craig Ferguson: I'm Here To Help (2013),Comedy|Documentary,"['Comedy', 'Documentary']",2,2013.0,1,5.0,0.0,5.0,5.0,2013
103606,Stuck in Love (2012),Comedy|Drama|Romance,"['Comedy', 'Drama', 'Romance']",3,2012.0,1,4.0,0.0,4.0,4.0,2012
103624,Fruitvale Station (2013),Drama,['Drama'],1,2013.0,2,4.0,0.0,4.0,4.0,2013
103655,R.I.P.D. (2013),Action|Comedy|Fantasy,"['Action', 'Comedy', 'Fantasy']",3,2013.0,3,1.8333333333333333,1.0408329997330663,1.0,3.0,2013
103685,"Field in England, A (2013)",Drama|Fantasy|Thriller|War,"['Drama', 'Fantasy', 'Thriller', 'War']",4,2013.0,1,4.5,0.0,4.5,4.5,2013
103688,"Conjuring, The (2013)",Horror|Thriller,"['Horror', 'Thriller']",2,2013.0,7,4.214285714285714,0.3933978962347217,4.0,5.0,2013
103755,Turbo (2013),Adventure|Animation|Children|Comedy|Fantasy,"['Adventure', 'Animation', 'Children', 'Comedy', 'Fantasy']",5,2013.0,1,2.5,0.0,2.5,2.5,2013
103772,"Wolverine, The (2013)",Action|Adventure|Fantasy|Sci-Fi,"['Action', 'Adventure', 'Fantasy', 'Sci-Fi']",4,2013.0,16,3.375,0.8660254037844386,2.0,5.0,2013
103801,Drinking Buddies (2013),Comedy|Drama|Romance,"['Comedy', 'Drama', 'Romance']",3,2013.0,3,2.333333333333333,1.607275126832159,0.5,3.5,2013
103810,Red 2 (2013),Action|Comedy|Crime|Thriller,"['Action', 'Comedy', 'Crime', 'Thriller']",4,2013.0,5,3.2,0.758287544405155,2.0,4.0,2013
103819,Coffee Town (2013),Comedy,['Comedy'],1,2013.0,2,2.25,1.0606601717798212,1.5,3.0,2013
103865,Revenge for Jolly! (2012),Comedy|Drama,"['Comedy', 'Drama']",2,2012.0,1,2.0,0.0,2.0,2.0,2012
103883,2 Guns (2013),Action|Comedy|Crime,"['Action', 'Comedy', 'Crime']",3,2013.0,3,4.0,0.5,3.5,4.5,2013
103980,Blue Jasmine (2013),Drama,['Drama'],1,2013.0,4,3.375,0.75,3.0,4.5,2013
103984,"Great Beauty, The (Grande Bellezza, La) (2013)",Comedy|Drama,"['Comedy', 'Drama']",2,2013.0,3,3.5,1.5,2.0,5.0,2013
104069,Louis C.K.: Oh My God (2013),Comedy,['Comedy'],1,2013.0,4,4.125,0.8539125638299665,3.0,5.0,2013
104074,Percy Jackson: Sea of Monsters (2013),Adventure|Children|Fantasy,"['Adventure', 'Children', 'Fantasy']",3,2013.0,2,1.75,1.7677669529663689,0.5,3.0,2013
104076,"Smurfs 2, The (2013)",Animation|Children|Comedy,"['Animation', 'Children', 'Comedy']",3,2013.0,4,1.875,1.25,0.5,3.5,2013
104078,Alan Partridge: Alpha Papa (2013),Comedy,['Comedy'],1,2013.0,1,4.0,0.0,4.0,4.0,2013
104129,Man of Tai Chi (2013),Action|IMAX,"['Action', 'IMAX']",2,2013.0,2,3.25,1.7677669529663689,2.0,4.5,2013
104211,We're the Millers (2013),Comedy|Crime,"['Comedy', 'Crime']",2,2013.0,21,3.738095238095238,0.8605092622837891,2.0,5.0,2013
104218,Grown Ups 2 (2013),Comedy,['Comedy'],1,2013.0,5,3.4,1.2449899597988732,1.5,4.5,2013
104241,Kick-Ass 2 (2013),Action|Comedy|Crime,"['Action', 'Comedy', 'Crime']",3,2013.0,11,3.4545454545454546,0.650174801670499,2.5,4.5,2013
104243,Riddick (2013),Action|Sci-Fi|Thriller|IMAX,"['Action', 'Sci-Fi', 'Thriller', 'IMAX']",4,2013.0,5,3.3,0.2738612787525831,3.0,3.5,2013
104245,Planes (2013),Adventure|Animation|Comedy,"['Adventure', 'Animation', 'Comedy']",3,2013.0,2,3.0,0.7071067811865476,2.5,3.5,2013
104272,Blackfish (2013),Documentary,['Documentary'],1,2013.0,2,3.0,1.4142135623730951,2.0,4.0,2013
104283,"Wind Rises, The (Kaze tachinu) (2013)",Animation|Drama|Romance,"['Animation', 'Drama', 'Romance']",3,2013.0,3,4.0,0.8660254037844386,3.5,5.0,2013
104303,Jobs (2013),Drama,['Drama'],1,2013.0,3,2.5,1.3228756555322954,1.5,4.0,2013
104337,Lee Daniels' The Butler (2013),Drama,['Drama'],1,2013.0,1,1.5,0.0,1.5,1.5,2013
104339,In a World... (2013),Comedy,['Comedy'],1,2013.0,2,4.0,0.7071067811865476,3.5,4.5,2013
104374,About Time (2013),Drama|Fantasy|Romance,"['Drama', 'Fantasy', 'Romance']",3,2013.0,15,3.933333333333333,0.9232447954800248,1.5,5.0,2013
104419,Justice League: Crisis on Two Earths (2010),Action|Animation|Sci-Fi,"['Action', 'Animation', 'Sci-Fi']",3,2010.0,2,3.25,1.0606601717798212,2.5,4.0,2010
104457,You're Next (2011),Horror|Thriller,"['Horror', 'Thriller']",2,2011.0,2,3.75,1.0606601717798212,3.0,4.5,2011
104644,Maria Bamford: The Special Special Special! (2012),Comedy,['Comedy'],1,2012.0,1,0.5,0.0,0.5,0.5,2012
104760,Getaway (2013),Action|Crime,"['Action', 'Crime']",2,2013.0,1,1.0,0.0,1.0,1.0,2013
104841,Gravity (2013),Action|Sci-Fi|IMAX,"['Action', 'Sci-Fi', 'IMAX']",3,2013.0,32,3.578125,1.1295829590120074,0.5,5.0,2013
104863,What If (2013),Comedy|Drama|Romance,"['Comedy', 'Drama', 'Romance']",3,2013.0,3,2.6666666666666665,1.8929694486000912,0.5,4.0,2013
104875,"History of Future Folk, The (2012)",Adventure|Comedy|Musical|Sci-Fi,"['Adventure', 'Comedy', 'Musical', 'Sci-Fi']",4,2012.0,2,4.0,0.7071067811865476,3.5,4.5,2012
104879,Prisoners (2013),Drama|Mystery|Thriller,"['Drama', 'Mystery', 'Thriller']",3,2013.0,16,4.15625,0.9437293044088436,2.0,5.0,2013
104906,Austenland (2013),Comedy|Romance,"['Comedy', 'Romance']",2,2013.0,3,3.1666666666666665,0.7637626158259733,2.5,4.0,2013
104908,Insidious: Chapter 2 (2013),Horror|Thriller,"['Horror', 'Thriller']",2,2013.0,2,3.0,0.0,3.0,3.0,2013
104913,Rush (2013),Action|Drama,"['Action', 'Drama']",2,2013.0,11,3.8181818181818175,0.7507571935295484,2.5,5.0,2013
104925,"Family, The (2013)",Action|Comedy|Crime,"['Action', 'Comedy', 'Crime']",3,2013.0,3,3.5,1.3228756555322954,2.5,5.0,2013
104944,Short Term 12 (2013),Drama,['Drama'],1,2013.0,2,3.75,0.3535533905932738,3.5,4.0,2013
105037,"To Do List, The (2013)",Comedy,['Comedy'],1,2013.0,4,2.5,0.7071067811865476,2.0,3.5,2013
105121,Inescapable (2012),Action|Drama|War,"['Action', 'Drama', 'War']",3,2012.0,1,1.0,0.0,1.0,1.0,2012
105197,Nebraska (2013),Adventure|Drama,"['Adventure', 'Drama']",2,2013.0,4,4.125,0.75,3.5,5.0,2013
105211,Enough Said (2013),Comedy|Drama|Romance,"['Comedy', 'Drama', 'Romance']",3,2013.0,2,3.0,0.7071067811865476,2.5,3.5,2013
105213,Don Jon (2013),Comedy|Drama|Romance,"['Comedy', 'Drama', 'Romance']",3,2013.0,8,3.125,0.876274581884664,2.0,4.5,2013
105246,Mood Indigo (L'écume des jours) (2013),Drama|Fantasy,"['Drama', 'Fantasy']",2,2013.0,1,3.5,0.0,3.5,3.5,2013
105254,Crystal Fairy & the Magical Cactus and 2012 (2013),Adventure|Comedy,"['Adventure', 'Comedy']",2,2013.0,2,3.5,0.7071067811865476,3.0,4.0,2013
105325,Bad Milo (Bad Milo!) (2013),Comedy|Horror,"['Comedy', 'Horror']",2,2013.0,1,1.0,0.0,1.0,1.0,2013
105351,Runner Runner (2013),Crime|Drama|Thriller,"['Crime', 'Drama', 'Thriller']",3,2013.0,2,2.25,1.0606601717798212,1.5,3.0,2013
105355,Blue Is the Warmest Color (La vie d'Adèle) (2013),Drama|Romance,"['Drama', 'Romance']",2,2013.0,2,3.25,1.0606601717798212,2.5,4.0,2013
105468,Cloudy with a Chance of Meatballs 2 (2013),Animation|Children|Comedy|Fantasy,"['Animation', 'Children', 'Comedy', 'Fantasy']",4,2013.0,2,2.25,0.3535533905932738,2.0,2.5,2013
105504,Captain Phillips (2013),Adventure|Drama|Thriller|IMAX,"['Adventure', 'Drama', 'Thriller', 'IMAX']",4,2013.0,21,4.047619047619048,0.6874729431905283,3.0,5.0,2013
105585,Machete Kills (Machete 2) (2013),Action|Crime|Thriller,"['Action', 'Crime', 'Thriller']",3,2013.0,2,4.0,1.4142135623730951,3.0,5.0,2013
105593,Filth (2013),Comedy|Crime|Drama,"['Comedy', 'Crime', 'Drama']",3,2013.0,2,4.5,0.7071067811865476,4.0,5.0,2013
105653,Escape Plan (2013),Action|Mystery|Thriller,"['Action', 'Mystery', 'Thriller']",3,2013.0,4,4.0,0.0,4.0,4.0,2013
105731,Carrie (2013),Drama|Horror,"['Drama', 'Horror']",2,2013.0,2,2.5,0.7071067811865476,2.0,3.0,2013
105746,UnHung Hero (2013),Documentary,['Documentary'],1,2013.0,1,4.5,0.0,4.5,4.5,2013
105755,"Counselor, The (2013)",Crime|Drama|Thriller,"['Crime', 'Drama', 'Thriller']",3,2013.0,1,1.5,0.0,1.5,1.5,2013
105801,Escape From Tomorrow (2013),Drama|Fantasy|Horror,"['Drama', 'Fantasy', 'Horror']",3,2013.0,1,3.0,0.0,3.0,3.0,2013
105835,"Double, The (2013)",Comedy|Drama|Thriller,"['Comedy', 'Drama', 'Thriller']",3,2013.0,1,4.0,0.0,4.0,4.0,2013
105844,12 Years a Slave (2013),Drama,['Drama'],1,2013.0,16,3.625,0.6708203932499369,2.0,4.5,2013
105954,All Is Lost (2013),Action|Adventure|Drama,"['Action', 'Adventure', 'Drama']",3,2013.0,4,3.625,0.6291528696058958,3.0,4.5,2013
106002,Ender's Game (2013),Action|Adventure|Sci-Fi|IMAX,"['Action', 'Adventure', 'Sci-Fi', 'IMAX']",4,2013.0,16,3.4375,0.8139410298049853,2.0,4.5,2013
106062,Jackass Presents: Bad Grandpa (2013),Comedy,['Comedy'],1,2013.0,2,3.25,1.0606601717798212,2.5,4.0,2013
106072,Thor: The Dark World (2013),Action|Adventure|Fantasy|IMAX,"['Action', 'Adventure', 'Fantasy', 'IMAX']",4,2013.0,21,3.3095238095238093,0.7822434160188002,1.5,5.0,2013
106100,Dallas Buyers Club (2013),Drama,['Drama'],1,2013.0,17,3.9705882352941178,1.1106105898797023,0.5,5.0,2013
106144,"Selfish Giant, The (2013)",Drama,['Drama'],1,2013.0,1,3.5,0.0,3.5,3.5,2013
106330,Last Vegas (2013),Comedy|Drama|Romance,"['Comedy', 'Drama', 'Romance']",3,2013.0,2,2.0,0.0,2.0,2.0,2013
106438,Philomena (2013),Comedy|Drama,"['Comedy', 'Drama']",2,2013.0,2,3.25,1.7677669529663689,2.0,4.5,2013
106441,"Book Thief, The (2013)",Children|Drama|War,"['Children', 'Drama', 'War']",3,2013.0,1,3.0,0.0,3.0,3.0,2013
106487,The Hunger Games: Catching Fire (2013),Action|Adventure|Sci-Fi|IMAX,"['Action', 'Adventure', 'Sci-Fi', 'IMAX']",4,2013.0,26,3.6346153846153846,0.8894682940689038,0.5,5.0,2013
106489,"Hobbit: The Desolation of Smaug, The (2013)",Adventure|Fantasy|IMAX,"['Adventure', 'Fantasy', 'IMAX']",3,2013.0,25,3.58,1.0575128052810203,0.5,5.0,2013
106491,47 Ronin (2013),Action|Adventure|Fantasy,"['Action', 'Adventure', 'Fantasy']",3,2013.0,7,2.642857142857143,1.5197117521174237,0.5,4.5,2013
106540,Delivery Man (2013),Comedy,['Comedy'],1,2013.0,4,2.875,0.2499999999999999,2.5,3.0,2013
106542,Charlie Countryman (2013),Action|Comedy|Romance,"['Action', 'Comedy', 'Romance']",3,2013.0,1,1.5,0.0,1.5,1.5,2013
106594,Red Flag (2012),Comedy|Drama|Romance,"['Comedy', 'Drama', 'Romance']",3,2012.0,1,4.5,0.0,4.5,4.5,2012
106642,"Day of the Doctor, The (2013)",Adventure|Drama|Sci-Fi,"['Adventure', 'Drama', 'Sci-Fi']",3,2013.0,7,4.571428571428571,0.4498677054212185,4.0,5.0,2013
106648,Guilty of Romance (Koi no tsumi) (2011) ,Crime|Drama|Horror,"['Crime', 'Drama', 'Horror']",3,2011.0,1,3.0,0.0,3.0,3.0,2011
106696,Frozen (2013),Adventure|Animation|Comedy|Fantasy|Musical|Romance,"['Adventure', 'Animation', 'Comedy', 'Fantasy', 'Musical', 'Romance']",6,2013.0,29,3.6206896551724137,1.0991487973963006,0.5,5.0,2013
106766,Inside Llewyn Davis (2013),Drama,['Drama'],1,2013.0,7,3.642857142857143,0.8997354108424372,2.0,4.5,2013
106782,"Wolf of Wall Street, The (2013)",Comedy|Crime|Drama,"['Comedy', 'Crime', 'Drama']",3,2013.0,54,3.9166666666666665,1.0761128509243485,0.5,5.0,2013
106785,Homefront (2013),Action|Crime|Thriller,"['Action', 'Crime', 'Thriller']",3,2013.0,1,3.0,0.0,3.0,3.0,2013
106839,Mandela: Long Walk to Freedom (2013),Drama,['Drama'],1,2013.0,2,3.75,0.3535533905932738,3.5,4.0,2013
106873,Evangelion: 3.0 You Can (Not) Redo (2012),Action|Animation|Drama,"['Action', 'Animation', 'Drama']",3,2012.0,3,2.5,0.5,2.0,3.0,2012
106883,All is Bright (2013),Comedy|Drama,"['Comedy', 'Drama']",2,2013.0,1,1.5,0.0,1.5,1.5,2013
106889,Tim's Vermeer (2013),Documentary,['Documentary'],1,2013.0,1,4.0,0.0,4.0,4.0,2013
106916,American Hustle (2013),Crime|Drama,"['Crime', 'Drama']",2,2013.0,16,3.25,1.0488088481701516,0.5,4.5,2013
106918,"Secret Life of Walter Mitty, The (2013)",Adventure|Comedy|Drama,"['Adventure', 'Comedy', 'Drama']",3,2013.0,20,4.0,0.7254762501100117,2.5,5.0,2013
106920,Her (2013),Drama|Romance|Sci-Fi,"['Drama', 'Romance', 'Sci-Fi']",3,2013.0,25,3.92,0.9647970425604202,2.0,5.0,2013
107069,Lone Survivor (2013),Action|Drama|Thriller|War,"['Action', 'Drama', 'Thriller', 'War']",4,2013.0,2,3.0,0.7071067811865476,2.5,3.5,2013
107141,Saving Mr. Banks (2013),Comedy|Drama,"['Comedy', 'Drama']",2,2013.0,8,3.6875,0.7039429765866795,2.0,4.0,2013
107314,Oldboy (2013),Action|Drama|Mystery,"['Action', 'Drama', 'Mystery']",3,2013.0,2,3.0,0.7071067811865476,2.5,3.5,2013
107338,Dampfnudelblues (2013),Comedy|Crime,"['Comedy', 'Crime']",2,2013.0,1,2.5,0.0,2.5,2.5,2013
107348,Anchorman 2: The Legend Continues (2013),Comedy,['Comedy'],1,2013.0,11,3.363636363636364,0.8393720596645176,1.5,4.5,2013
107406,Snowpiercer (2013),Action|Drama|Sci-Fi,"['Action', 'Drama', 'Sci-Fi']",3,2013.0,21,3.4285714285714284,1.0640220191062106,1.0,5.0,2013
107436,Haunter (2013),Horror|Mystery|Thriller,"['Horror', 'Mystery', 'Thriller']",3,2013.0,1,3.0,0.0,3.0,3.0,2013
107447,Wrong Cops (2013),Comedy|Crime,"['Comedy', 'Crime']",2,2013.0,1,4.0,0.0,4.0,4.0,2013
107462,Ninja: Shadow of a Tear (2013),Action|Crime|Thriller,"['Action', 'Crime', 'Thriller']",3,2013.0,1,4.5,0.0,4.5,4.5,2013
107565,"Fuck You, Goethe (Fack Ju Göhte) (2013)",Comedy,['Comedy'],1,2013.0,2,2.75,1.7677669529663689,1.5,4.0,2013
107630,High School (2010),Comedy,['Comedy'],1,2010.0,1,4.5,0.0,4.5,4.5,2010
107702,Grudge Match (2013),Comedy,['Comedy'],1,2013.0,2,2.5,1.4142135623730951,1.5,3.5,2013
107771,Only Lovers Left Alive (2013),Drama|Horror|Romance,"['Drama', 'Horror', 'Romance']",3,2013.0,1,5.0,0.0,5.0,5.0,2013
107945,Bad Karma (2012),Thriller,['Thriller'],1,2012.0,1,2.0,0.0,2.0,2.0,2012
107951,Hunting Elephants (2013),Comedy|Crime,"['Comedy', 'Crime']",2,2013.0,1,5.0,0.0,5.0,5.0,2013
107953,Dragon Ball Z: Battle of Gods (2013),Action|Animation|Fantasy|IMAX,"['Action', 'Animation', 'Fantasy', 'IMAX']",4,2013.0,2,4.0,0.0,4.0,4.0,2013
107962,Freezer (2014),Action|Thriller,"['Action', 'Thriller']",2,2014.0,1,2.0,0.0,2.0,2.0,2014
107997,We Are What We Are (2013),Drama|Horror|Mystery|Thriller,"['Drama', 'Horror', 'Mystery', 'Thriller']",4,2013.0,2,2.25,1.0606601717798212,1.5,3.0,2013
108078,Chinese Puzzle (Casse-tête chinois) (2013),Comedy|Romance,"['Comedy', 'Romance']",2,2013.0,1,5.0,0.0,5.0,5.0,2013
108156,Ride Along (2014),Action|Comedy,"['Action', 'Comedy']",2,2014.0,6,3.1666666666666665,0.6831300510639732,2.0,4.0,2014
108188,Jack Ryan: Shadow Recruit (2014),Action|Drama|Thriller|IMAX,"['Action', 'Drama', 'Thriller', 'IMAX']",4,2014.0,2,2.0,0.7071067811865476,1.5,2.5,2014
108190,Divergent (2014),Adventure|Romance|Sci-Fi|IMAX,"['Adventure', 'Romance', 'Sci-Fi', 'IMAX']",4,2014.0,18,3.0,1.137592917989042,0.5,5.0,2014
108540,Ernest & Célestine (Ernest et Célestine) (2012),Adventure|Animation|Children|Comedy|Drama|Romance,"['Adventure', 'Animation', 'Children', 'Comedy', 'Drama', 'Romance']",6,2012.0,1,4.5,0.0,4.5,4.5,2012
108601,Drift (2013),Drama,['Drama'],1,2013.0,1,2.0,0.0,2.0,2.0,2013
108689,"I, Frankenstein (2014)",Action|Fantasy|Sci-Fi|IMAX,"['Action', 'Fantasy', 'Sci-Fi', 'IMAX']",4,2014.0,2,2.25,2.4748737341529163,0.5,4.0,2014
108715,Better Living Through Chemistry (2014),Comedy|Drama,"['Comedy', 'Drama']",2,2014.0,1,1.5,0.0,1.5,1.5,2014
108727,Nymphomaniac: Volume I (2013),Drama,['Drama'],1,2013.0,2,4.25,0.3535533905932738,4.0,4.5,2013
108729,Enemy (2013),Mystery|Thriller,"['Mystery', 'Thriller']",2,2013.0,7,3.5,0.7637626158259734,2.0,4.0,2013
108928,"Monuments Men, The (2014)",Action|Drama|War,"['Action', 'Drama', 'War']",3,2014.0,6,2.6666666666666665,1.1254628677422756,0.5,3.5,2014
108932,The Lego Movie (2014),Action|Adventure|Animation|Children|Comedy|Fantasy,"['Action', 'Adventure', 'Animation', 'Children', 'Comedy', 'Fantasy']",6,2014.0,31,3.870967741935484,0.8657149447661152,1.0,5.0,2014
108945,RoboCop (2014),Action|Crime|Sci-Fi|IMAX,"['Action', 'Crime', 'Sci-Fi', 'IMAX']",4,2014.0,6,2.333333333333333,0.6831300510639732,1.5,3.0,2014
108949,"Art of the Steal, The (2013)",Crime,['Crime'],1,2013.0,3,3.333333333333333,0.7637626158259733,2.5,4.0,2013
108981,Nymphomaniac: Volume II (2013),Drama|Mystery,"['Drama', 'Mystery']",2,2013.0,1,4.5,0.0,4.5,4.5,2013
109042,Knights of Badassdom (2013),Adventure|Comedy|Fantasy,"['Adventure', 'Comedy', 'Fantasy']",3,2013.0,2,2.25,0.3535533905932738,2.0,2.5,2013
109161,Venus in Fur (La Vénus à la fourrure) (2013),Drama,['Drama'],1,2013.0,1,4.5,0.0,4.5,4.5,2013
109183,Date and Switch (2014),Comedy,['Comedy'],1,2014.0,1,2.0,0.0,2.0,2.0,2014
109187,"Zero Theorem, The (2013)",Drama|Fantasy|Sci-Fi,"['Drama', 'Fantasy', 'Sci-Fi']",3,2013.0,3,3.0,0.8660254037844386,2.0,3.5,2013
109191,Winter's Tale (2014),Drama|Fantasy|Mystery,"['Drama', 'Fantasy', 'Mystery']",3,2014.0,1,1.5,0.0,1.5,1.5,2014
109241,On the Other Side of the Tracks (De l'autre côté du périph) (2012),Action|Comedy|Crime,"['Action', 'Comedy', 'Crime']",3,2012.0,1,5.0,0.0,5.0,5.0,2012
109282,GLOW: The Story of the Gorgeous Ladies of Wrestling (2012),Documentary,['Documentary'],1,2012.0,1,3.0,0.0,3.0,3.0,2012
109295,Cold Comes the Night (2013),Crime|Drama|Thriller,"['Crime', 'Drama', 'Thriller']",3,2013.0,1,2.0,0.0,2.0,2.0,2013
109317,Someone Marry Barry (2014),Comedy,['Comedy'],1,2014.0,1,2.5,0.0,2.5,2.5,2014
109372,About Last Night (2014),Comedy|Romance,"['Comedy', 'Romance']",2,2014.0,2,2.25,1.0606601717798212,1.5,3.0,2014
109374,"Grand Budapest Hotel, The (2014)",Comedy|Drama,"['Comedy', 'Drama']",2,2014.0,52,3.7788461538461537,0.8711805239323448,0.5,5.0,2014
109383,"Oversimplification of Her Beauty, An (2012)",Animation|Comedy|Drama|Romance,"['Animation', 'Comedy', 'Drama', 'Romance']",4,2012.0,1,3.5,0.0,3.5,3.5,2012
109483,That Awkward Moment (2014),Comedy|Romance,"['Comedy', 'Romance']",2,2014.0,4,2.625,0.7499999999999999,2.0,3.5,2014
109487,Interstellar (2014),Sci-Fi|IMAX,"['Sci-Fi', 'IMAX']",2,2014.0,73,3.993150684931507,0.9735856931871436,0.5,5.0,2014
109569,3 Days to Kill (2014),Action|Crime|Drama,"['Action', 'Crime', 'Drama']",3,2014.0,2,1.0,0.7071067811865476,0.5,1.5,2014
109576,Welcome to the Jungle (2013),Comedy,['Comedy'],1,2013.0,2,2.0,0.7071067811865476,1.5,2.5,2013
109578,Non-Stop (2014),Action|Mystery|Thriller,"['Action', 'Mystery', 'Thriller']",3,2014.0,4,3.25,0.8660254037844386,2.0,4.0,2014
109596,Wrinkles (Arrugas) (2011),Animation|Drama,"['Animation', 'Drama']",2,2011.0,1,4.0,0.0,4.0,4.0,2011
109633,"Garden of Words, The (Koto no ha no niwa) (2013)",Animation|Romance,"['Animation', 'Romance']",2,2013.0,1,5.0,0.0,5.0,5.0,2013
109673,300: Rise of an Empire (2014),Action|Drama|War|IMAX,"['Action', 'Drama', 'War', 'IMAX']",4,2014.0,4,2.125,1.3768926368215255,0.5,3.5,2014
109687,Particle Fever (2013),Documentary,['Documentary'],1,2013.0,1,5.0,0.0,5.0,5.0,2013
109723,"Bag Man, The (2014)",Crime|Drama|Thriller,"['Crime', 'Drama', 'Thriller']",3,2014.0,1,3.5,0.0,3.5,3.5,2014
109846,Mr. Peabody & Sherman (2014),Adventure|Animation|Comedy,"['Adventure', 'Animation', 'Comedy']",3,2014.0,4,3.25,1.6583123951777,1.0,5.0,2014
109848,Under the Skin (2013),Horror|Sci-Fi|Thriller,"['Horror', 'Sci-Fi', 'Thriller']",3,2013.0,2,2.75,1.7677669529663689,1.5,4.0,2013
109850,Need for Speed (2014),Action|Crime|Drama|IMAX,"['Action', 'Crime', 'Drama', 'IMAX']",4,2014.0,2,3.75,0.3535533905932738,3.5,4.0,2014
109853,Barefoot (2014),Comedy|Drama|Romance,"['Comedy', 'Drama', 'Romance']",3,2014.0,2,3.0,1.4142135623730951,2.0,4.0,2014
109864,Veronica Mars (2014),Comedy|Crime|Drama,"['Comedy', 'Crime', 'Drama']",3,2014.0,2,1.75,0.3535533905932738,1.5,2.0,2014
109895,Bad Words (2013),Comedy,['Comedy'],1,2013.0,3,2.0,1.3228756555322954,0.5,3.0,2013
109897,Son of God (2014),Drama,['Drama'],1,2014.0,1,0.5,0.0,0.5,0.5,2014
109941,Puss in Boots: The Three Diablos (2012),Animation|Comedy,"['Animation', 'Comedy']",2,2012.0,1,3.0,0.0,3.0,3.0,2012
109968,Why Don't You Play In Hell? (Jigoku de naze warui) (2013),Action|Drama,"['Action', 'Drama']",2,2013.0,2,4.25,1.0606601717798212,3.5,5.0,2013
109971,Ocho apellidos vascos (2014),Comedy,['Comedy'],1,2014.0,1,4.5,0.0,4.5,4.5,2014
110102,Captain America: The Winter Soldier (2014),Action|Adventure|Sci-Fi|IMAX,"['Action', 'Adventure', 'Sci-Fi', 'IMAX']",4,2014.0,31,3.741935483870968,1.023645183823766,1.5,5.0,2014
110127,Noah (2014),Adventure|Drama|IMAX,"['Adventure', 'Drama', 'IMAX']",3,2014.0,5,2.8,1.680773631397161,0.5,5.0,2014
110130,"Nut Job, The (2014)",Adventure|Animation|Children|Comedy,"['Adventure', 'Animation', 'Children', 'Comedy']",4,2014.0,3,4.333333333333333,0.5773502691896258,4.0,5.0,2014
110286,13 Sins (2014),Horror|Thriller,"['Horror', 'Thriller']",2,2014.0,1,3.5,0.0,3.5,3.5,2014
110297,Muppets Most Wanted (2014),Adventure|Comedy|Crime,"['Adventure', 'Comedy', 'Crime']",3,2014.0,3,3.333333333333333,0.2886751345948129,3.0,3.5,2014
110330,Me and you (io e te) (2012),Drama,['Drama'],1,2012.0,1,4.5,0.0,4.5,4.5,2012
110350,Free to Play (2014),Documentary,['Documentary'],1,2014.0,1,4.5,0.0,4.5,4.5,2014
110387,"Unknown Known, The (2013)",Documentary,['Documentary'],1,2013.0,1,4.0,0.0,4.0,4.0,2013
110501,The Raid 2: Berandal (2014),Action|Crime|Thriller,"['Action', 'Crime', 'Thriller']",3,2014.0,7,3.928571428571429,0.8380817098475258,3.0,5.0,2014
110553,The Amazing Spider-Man 2 (2014),Action|Sci-Fi|IMAX,"['Action', 'Sci-Fi', 'IMAX']",3,2014.0,11,2.636363636363636,0.8686457589520913,1.0,4.0,2014
110586,Calvary (2014),Comedy|Drama,"['Comedy', 'Drama']",2,2014.0,1,4.0,0.0,4.0,4.0,2014
110591,Oculus (2013),Horror,['Horror'],1,2013.0,1,4.5,0.0,4.5,4.5,2013
110603,God's Not Dead (2014),Drama,['Drama'],1,2014.0,1,0.5,0.0,0.5,0.5,2014
110611,Cold in July (2014),Drama|Thriller,"['Drama', 'Thriller']",2,2014.0,1,2.5,0.0,2.5,2.5,2014
110655,Rio 2 (2014),Adventure|Animation|Children|Comedy,"['Adventure', 'Animation', 'Children', 'Comedy']",4,2014.0,2,2.0,0.7071067811865476,1.5,2.5,2014
110669,"Honest Liar, An (2014)",Comedy|Documentary,"['Comedy', 'Documentary']",2,2014.0,2,3.75,0.3535533905932738,3.5,4.0,2014
110718,Fading Gigolo (2013),Comedy,['Comedy'],1,2013.0,1,4.0,0.0,4.0,4.0,2013
110730,Transcendence (2014),Drama|Sci-Fi|IMAX,"['Drama', 'Sci-Fi', 'IMAX']",3,2014.0,7,2.2857142857142856,1.185226520443204,0.5,4.0,2014
110746,Hatchet III (2013),Comedy|Horror,"['Comedy', 'Horror']",2,2013.0,1,4.0,0.0,4.0,4.0,2013
110771,"Other Woman, The (2014)",Comedy|Romance,"['Comedy', 'Romance']",2,2014.0,6,2.9166666666666665,1.114300976696452,2.0,4.5,2014
110773,"Haunted House 2, A (2014)",Comedy|Horror,"['Comedy', 'Horror']",2,2014.0,1,0.5,0.0,0.5,0.5,2014
110826,Brick Mansions (2014),Action|Crime|Drama,"['Action', 'Crime', 'Drama']",3,2014.0,1,1.5,0.0,1.5,1.5,2014
110882,Locke (2013),Drama,['Drama'],1,2013.0,3,3.8333333333333335,0.7637626158259733,3.0,4.5,2013
111113,Neighbors (2014),Comedy,['Comedy'],1,2014.0,12,3.2916666666666665,0.7525210155124432,2.0,4.0,2014
111146,Alpha and Omega 3: The Great Wolf Games (2014),Action|Adventure|Animation|Children|Comedy,"['Action', 'Adventure', 'Animation', 'Children', 'Comedy']",5,2014.0,1,4.5,0.0,4.5,4.5,2014
111320,Mom's Night Out (2014),Comedy,['Comedy'],1,2014.0,1,1.5,0.0,1.5,1.5,2014
111360,Lucy (2014),Action|Sci-Fi,"['Action', 'Sci-Fi']",2,2014.0,14,2.821428571428572,0.7747739833491605,1.0,4.0,2014
111362,X-Men: Days of Future Past (2014),Action|Adventure|Sci-Fi,"['Action', 'Adventure', 'Sci-Fi']",3,2014.0,30,3.8333333333333335,0.7805097067294232,2.0,5.0,2014
111364,Godzilla (2014),Action|Adventure|Sci-Fi|IMAX,"['Action', 'Adventure', 'Sci-Fi', 'IMAX']",4,2014.0,13,2.6153846153846154,0.9822136171646112,0.5,4.0,2014
111375,Walk of Shame (2014),Comedy,['Comedy'],1,2014.0,1,2.5,0.0,2.5,2.5,2014
111384,Blue Ruin (2013),Thriller,['Thriller'],1,2013.0,1,4.0,0.0,4.0,4.0,2013
111443,Chef (2014),Comedy,['Comedy'],1,2014.0,2,2.75,0.3535533905932738,2.5,3.0,2014
111551,Afflicted (2013),Horror|Sci-Fi|Thriller,"['Horror', 'Sci-Fi', 'Thriller']",3,2013.0,1,3.5,0.0,3.5,3.5,2013
111617,Blended (2014),Comedy,['Comedy'],1,2014.0,8,3.8125,0.8838834764831844,2.0,5.0,2014
111622,Begin Again (2013),Comedy|Romance,"['Comedy', 'Romance']",2,2013.0,3,4.0,0.0,4.0,4.0,2013
111659,Maleficent (2014),Action|Adventure|Children|IMAX,"['Action', 'Adventure', 'Children', 'IMAX']",4,2014.0,16,2.75,1.2909944487358056,0.5,5.0,2014
111663,Zombeavers (2014),Action|Comedy|Horror,"['Action', 'Comedy', 'Horror']",3,2014.0,2,2.5,1.4142135623730951,1.5,3.5,2014
111680,At Middleton (2013),Comedy|Romance,"['Comedy', 'Romance']",2,2013.0,1,1.5,0.0,1.5,1.5,2013
111732,"Dance of Reality, The (Danza de la realidad, La) (2013)",Drama|Fantasy,"['Drama', 'Fantasy']",2,2013.0,1,3.5,0.0,3.5,3.5,2013
111743,A Million Ways to Die in the West (2014),Comedy|Western,"['Comedy', 'Western']",2,2014.0,12,2.958333333333333,1.1171866722289792,0.5,4.0,2014
111759,Edge of Tomorrow (2014),Action|Sci-Fi|IMAX,"['Action', 'Sci-Fi', 'IMAX']",3,2014.0,44,3.977272727272727,0.7149121384831343,1.5,5.0,2014
111781,Mission: Impossible - Rogue Nation (2015),Action|Adventure|Thriller,"['Action', 'Adventure', 'Thriller']",3,2015.0,17,3.647058823529412,1.128670482835238,0.5,5.0,2015
111795,Million Dollar Arm (2014),Comedy|Drama,"['Comedy', 'Drama']",2,2014.0,1,3.0,0.0,3.0,3.0,2014
111800,G.B.F. (2013),Comedy,['Comedy'],1,2013.0,1,3.0,0.0,3.0,3.0,2013
111817,Jimi: All Is by My Side (2013),Drama,['Drama'],1,2013.0,1,3.5,0.0,3.5,3.5,2013
111844,Bad Asses (Bad Ass 2) (2014),Action|Drama,"['Action', 'Drama']",2,2014.0,1,3.5,0.0,3.5,3.5,2014
111913,Lilting (2014),Drama,['Drama'],1,2014.0,1,4.5,0.0,4.5,4.5,2014
111921,The Fault in Our Stars (2014),Drama|Romance,"['Drama', 'Romance']",2,2014.0,9,3.388888888888889,0.8579691784155833,2.0,5.0,2014
112006,Tangled Ever After (2012),Action|Animation|Children,"['Action', 'Animation', 'Children']",3,2012.0,3,3.8333333333333335,0.2886751345948129,3.5,4.0,2012
112070,Maps to the Stars (2014),Drama,['Drama'],1,2014.0,1,3.5,0.0,3.5,3.5,2014
112138,22 Jump Street (2014),Action|Comedy|Crime,"['Action', 'Comedy', 'Crime']",3,2014.0,19,3.684210526315789,0.8029550685469663,2.0,5.0,2014
112171,"Equalizer, The (2014)",Action|Crime|Thriller,"['Action', 'Crime', 'Thriller']",3,2014.0,9,3.2777777777777777,0.754615428178118,2.0,4.5,2014
112175,How to Train Your Dragon 2 (2014),Action|Adventure|Animation,"['Action', 'Adventure', 'Animation']",3,2014.0,15,3.7666666666666666,0.8632717389316618,2.5,5.0,2014
112183,Birdman: Or (The Unexpected Virtue of Ignorance) (2014),Comedy|Drama,"['Comedy', 'Drama']",2,2014.0,26,3.3461538461538463,1.2146541134761843,0.5,5.0,2014
112290,Boyhood (2014),Drama,['Drama'],1,2014.0,17,3.823529411764706,1.1172116024755034,0.5,5.0,2014
112303,Think Like a Man Too (2014),Comedy|Romance,"['Comedy', 'Romance']",2,2014.0,1,1.5,0.0,1.5,1.5,2014
112316,Jersey Boys (2014),Drama|Musical,"['Drama', 'Musical']",2,2014.0,1,2.5,0.0,2.5,2.5,2014
112334,"Internet's Own Boy: The Story of Aaron Swartz, The (2014)",Documentary,['Documentary'],1,2014.0,1,4.5,0.0,4.5,4.5,2014
112370,Transformers: Age of Extinction (2014),Action|Adventure|Sci-Fi,"['Action', 'Adventure', 'Sci-Fi']",3,2014.0,4,1.875,0.478713553878169,1.5,2.5,2014
112421,Frank (2014),Comedy|Drama|Mystery,"['Comedy', 'Drama', 'Mystery']",3,2014.0,3,4.333333333333333,0.2886751345948129,4.0,4.5,2014
112450,They Came Together (2014),Comedy|Romance,"['Comedy', 'Romance']",2,2014.0,1,2.0,0.0,2.0,2.0,2014
112454,Honey (Miele) (2013),Drama,['Drama'],1,2013.0,1,3.5,0.0,3.5,3.5,2013
112460,Planes: Fire & Rescue (2014),Adventure|Animation|Comedy,"['Adventure', 'Animation', 'Comedy']",3,2014.0,2,2.25,0.3535533905932738,2.0,2.5,2014
112497,Tammy (2014),Comedy,['Comedy'],1,2014.0,2,2.0,1.4142135623730951,1.0,3.0,2014
112512,Colourful (Karafuru) (2010),Animation|Drama|Fantasy|Mystery,"['Animation', 'Drama', 'Fantasy', 'Mystery']",4,2010.0,1,5.0,0.0,5.0,5.0,2010
112515,"Babadook, The (2014)",Drama|Horror|Thriller,"['Drama', 'Horror', 'Thriller']",3,2014.0,3,4.5,0.0,4.5,4.5,2014
112552,Whiplash (2014),Drama,['Drama'],1,2014.0,38,4.039473684210527,0.8572550390586603,1.0,5.0,2014
112556,Gone Girl (2014),Drama|Thriller,"['Drama', 'Thriller']",2,2014.0,37,3.716216216216216,0.8782917490198779,1.0,5.0,2014
112580,"Angriest Man in Brooklyn, The (2014)",Comedy|Drama,"['Comedy', 'Drama']",2,2014.0,1,4.0,0.0,4.0,4.0,2014
112623,Dawn of the Planet of the Apes (2014),Sci-Fi,['Sci-Fi'],1,2014.0,15,3.433333333333333,1.0834249045547752,1.5,5.0,2014
112727,Deliver Us from Evil (2014),Crime|Horror|Thriller,"['Crime', 'Horror', 'Thriller']",3,2014.0,1,3.0,0.0,3.0,3.0,2014
112749,And So It Goes (2014),Comedy|Drama|Romance,"['Comedy', 'Drama', 'Romance']",3,2014.0,1,2.0,0.0,2.0,2.0,2014
112788,Sex Tape (2014),Comedy,['Comedy'],1,2014.0,5,2.6,0.7416198487095663,1.5,3.5,2014
112804,I Origins (2014),Drama|Sci-Fi,"['Drama', 'Sci-Fi']",2,2014.0,3,3.8333333333333335,1.6072751268321592,2.0,5.0,2014
112818,"Purge: Anarchy, The (2014)",Action|Horror|Thriller,"['Action', 'Horror', 'Thriller']",3,2014.0,5,3.3,1.095445115010332,2.0,5.0,2014
112852,Guardians of the Galaxy (2014),Action|Adventure|Sci-Fi,"['Action', 'Adventure', 'Sci-Fi']",3,2014.0,59,4.050847457627119,0.8392058810639917,1.0,5.0,2014
112868,"Signal, The (2014)",Sci-Fi|Thriller,"['Sci-Fi', 'Thriller']",2,2014.0,1,4.5,0.0,4.5,4.5,2014
112897,The Expendables 3 (2014),Action|Adventure,"['Action', 'Adventure']",2,2014.0,3,3.5,0.8660254037844386,2.5,4.0,2014
112911,Hercules (2014),Action|Adventure,"['Action', 'Adventure']",2,2014.0,4,2.0,1.4719601443879744,0.5,4.0,2014
112940,A Most Wanted Man (2014),Thriller,['Thriller'],1,2014.0,1,4.5,0.0,4.5,4.5,2014
113159,Life After Beth (2014),Comedy|Horror|Romance,"['Comedy', 'Horror', 'Romance']",3,2014.0,1,3.5,0.0,3.5,3.5,2014
113186,Felony (2013),Thriller,['Thriller'],1,2013.0,1,3.0,0.0,3.0,3.0,2013
113207,Get on Up (2014),Drama|Musical,"['Drama', 'Musical']",2,2014.0,1,3.5,0.0,3.5,3.5,2014
113225,Magic in the Moonlight (2014),Comedy|Drama|Romance,"['Comedy', 'Drama', 'Romance']",3,2014.0,1,3.0,0.0,3.0,3.0,2014
113252,Housebound (2014),Comedy|Horror|Thriller,"['Comedy', 'Horror', 'Thriller']",3,2014.0,2,4.25,0.3535533905932738,4.0,4.5,2014
113275,The Hundred-Foot Journey (2014),Comedy|Drama,"['Comedy', 'Drama']",2,2014.0,1,4.5,0.0,4.5,4.5,2014
113278,Batman: Assault on Arkham (2014),Action|Animation|Crime|Thriller,"['Action', 'Animation', 'Crime', 'Thriller']",4,2014.0,1,3.0,0.0,3.0,3.0,2014
113280,White Frog (2012),Drama,['Drama'],1,2012.0,1,4.0,0.0,4.0,4.0,2012
113313,"Den, The (2013)",Horror|Thriller,"['Horror', 'Thriller']",2,2013.0,1,3.5,0.0,3.5,3.5,2013
113345,Jupiter Ascending (2015),Action|Adventure|Sci-Fi,"['Action', 'Adventure', 'Sci-Fi']",3,2015.0,2,2.0,0.7071067811865476,1.5,2.5,2015
113348,Teenage Mutant Ninja Turtles (2014),Action|Adventure|Comedy,"['Action', 'Adventure', 'Comedy']",3,2014.0,4,2.75,0.6454972243679028,2.0,3.5,2014
113350,I'll Follow You Down (2013),Drama|Mystery|Sci-Fi,"['Drama', 'Mystery', 'Sci-Fi']",3,2013.0,1,1.5,0.0,1.5,1.5,2013
113378,"Giver, The (2014)",Drama|Sci-Fi,"['Drama', 'Sci-Fi']",2,2014.0,5,2.3,1.4832396974191326,1.0,4.5,2014
113394,"Pretty One, The (2013)",Comedy|Drama,"['Comedy', 'Drama']",2,2013.0,1,4.0,0.0,4.0,4.0,2013
113416,Revenge of the Green Dragons (2014),Action|Crime|Drama,"['Action', 'Crime', 'Drama']",3,2014.0,1,1.5,0.0,1.5,1.5,2014
113453,Let's Be Cops (2014),Comedy|Crime,"['Comedy', 'Crime']",2,2014.0,5,3.1,0.6519202405202649,2.5,4.0,2014
113532,"Inbetweeners 2, The (2014)",Comedy,['Comedy'],1,2014.0,2,3.5,0.0,3.5,3.5,2014
113565,"Sacrament, The (2013)",Horror|Thriller,"['Horror', 'Thriller']",2,2013.0,1,4.0,0.0,4.0,4.0,2013
113573,Sin City: A Dame to Kill For (2014),Action|Crime|Thriller,"['Action', 'Crime', 'Thriller']",3,2014.0,4,3.25,0.5,3.0,4.0,2014
113604,If I Stay (2014),Drama,['Drama'],1,2014.0,1,2.0,0.0,2.0,2.0,2014
113705,"Two Days, One Night (Deux jours, une nuit) (2014)",Drama,['Drama'],1,2014.0,1,3.5,0.0,3.5,3.5,2014
113741,Coherence (2013),Drama|Mystery|Sci-Fi|Thriller,"['Drama', 'Mystery', 'Sci-Fi', 'Thriller']",4,2013.0,2,4.0,0.0,4.0,4.0,2013
113780,"As Above, So Below (2014)",Horror|Thriller,"['Horror', 'Thriller']",2,2014.0,1,3.0,0.0,3.0,3.0,2014
113829,"One I Love, The (2014)",Comedy|Drama|Romance,"['Comedy', 'Drama', 'Romance']",3,2014.0,1,5.0,0.0,5.0,5.0,2014
113849,Headshot (2011),Crime|Drama|Thriller,"['Crime', 'Drama', 'Thriller']",3,2011.0,1,2.5,0.0,2.5,2.5,2011
113862,"Guest, The (2014)",Thriller,['Thriller'],1,2014.0,1,4.0,0.0,4.0,4.0,2014
114028,Pride (2014),Comedy|Drama,"['Comedy', 'Drama']",2,2014.0,2,4.0,0.0,4.0,4.0,2014
114044,Honeymoon (2014),Horror,['Horror'],1,2014.0,1,3.5,0.0,3.5,3.5,2014
114060,The Drop (2014),Crime|Drama|Thriller,"['Crime', 'Drama', 'Thriller']",3,2014.0,3,2.833333333333333,0.7637626158259734,2.0,3.5,2014
114066,"20,000 Days on Earth (2014)",Documentary|Drama|Musical,"['Documentary', 'Drama', 'Musical']",3,2014.0,1,4.0,0.0,4.0,4.0,2014
114074,The Skeleton Twins (2014),Drama,['Drama'],1,2014.0,3,3.333333333333333,0.5773502691896258,3.0,4.0,2014
114180,"Maze Runner, The (2014)",Action|Mystery|Sci-Fi,"['Action', 'Mystery', 'Sci-Fi']",3,2014.0,16,2.9375,0.9979144919948468,1.0,4.5,2014
114184,Camp X-Ray (2014),Drama,['Drama'],1,2014.0,1,3.5,0.0,3.5,3.5,2014
114246,"Walk Among the Tombstones, A (2014)",Action|Crime|Mystery|Thriller,"['Action', 'Crime', 'Mystery', 'Thriller']",4,2014.0,1,3.0,0.0,3.0,3.0,2014
114265,Laggies (2014),Comedy|Romance,"['Comedy', 'Romance']",2,2014.0,1,5.0,0.0,5.0,5.0,2014
114396,Cesar Chavez (2014),Drama,['Drama'],1,2014.0,1,1.5,0.0,1.5,1.5,2014
114494,Who Am I (Kein System Ist Sicher) (2014),Thriller,['Thriller'],1,2014.0,1,1.5,0.0,1.5,1.5,2014
114554,"Tale of Princess Kaguya, The (Kaguyahime no monogatari) (2013)",Animation|Drama|Fantasy,"['Animation', 'Drama', 'Fantasy']",3,2013.0,1,1.0,0.0,1.0,1.0,2013
114601,This Is Where I Leave You (2014),Comedy|Drama,"['Comedy', 'Drama']",2,2014.0,2,2.75,1.0606601717798212,2.0,3.5,2014
114662,American Sniper (2014),Action|War,"['Action', 'War']",2,2014.0,15,3.8,0.8409178658720823,2.0,5.0,2014
114670,Tusk (2014),Comedy|Drama|Horror,"['Comedy', 'Drama', 'Horror']",3,2014.0,1,3.5,0.0,3.5,3.5,2014
114678,Hector and the Search for Happiness (2014),Adventure|Comedy|Drama,"['Adventure', 'Comedy', 'Drama']",3,2014.0,2,4.25,0.3535533905932738,4.0,4.5,2014
114707,Horns (2014),Horror|Mystery,"['Horror', 'Mystery']",2,2014.0,1,3.0,0.0,3.0,3.0,2014
114713,Annabelle (2014),Horror,['Horror'],1,2014.0,2,3.0,0.7071067811865476,2.5,3.5,2014
114762,Two Night Stand (2014),Comedy|Romance,"['Comedy', 'Romance']",2,2014.0,3,2.833333333333333,1.1547005383792517,1.5,3.5,2014
114795,Dracula Untold (2014),Action|Drama|Fantasy,"['Action', 'Drama', 'Fantasy']",3,2014.0,4,3.5,0.7071067811865476,2.5,4.0,2014
114818,Stretch (2014),Action|Comedy|Crime,"['Action', 'Comedy', 'Crime']",3,2014.0,3,2.1666666666666665,1.0408329997330663,1.0,3.0,2014
114847,Autómata (Automata) (2014),Sci-Fi|Thriller,"['Sci-Fi', 'Thriller']",2,2014.0,1,3.0,0.0,3.0,3.0,2014
114925,"Captive, The (2014)",Crime|Drama|Thriller,"['Crime', 'Drama', 'Thriller']",3,2014.0,1,2.0,0.0,2.0,2.0,2014
114935,Predestination (2014),Action|Mystery|Sci-Fi|Thriller,"['Action', 'Mystery', 'Sci-Fi', 'Thriller']",4,2014.0,10,3.9,0.8755950357709131,2.0,5.0,2014
115065,Justin and the Knights of Valour (2013),Adventure|Animation,"['Adventure', 'Animation']",2,2013.0,1,2.0,0.0,2.0,2.0,2013
115122,What We Do in the Shadows (2014),Comedy|Horror,"['Comedy', 'Horror']",2,2014.0,3,4.833333333333333,0.2886751345948129,4.5,5.0,2014
115149,John Wick (2014),Action|Thriller,"['Action', 'Thriller']",2,2014.0,29,3.844827586206896,0.9552808887205269,0.5,5.0,2014
115151,Plastic (2014),Action|Crime,"['Action', 'Crime']",2,2014.0,1,2.0,0.0,2.0,2.0,2014
115170,"Judge, The (2014)",Drama,['Drama'],1,2014.0,1,2.5,0.0,2.5,2.5,2014
115203,"Culture High, The (2014)",Documentary,['Documentary'],1,2014.0,1,3.0,0.0,3.0,3.0,2014
115210,Fury (2014),Action|Drama|War,"['Action', 'Drama', 'War']",3,2014.0,13,3.769230769230769,0.7803680919760616,2.0,4.5,2014
115216,"Salvation, The (2014)",Drama|Western,"['Drama', 'Western']",2,2014.0,1,3.0,0.0,3.0,3.0,2014
115231,St. Vincent (2014),Comedy,['Comedy'],1,2014.0,2,3.25,1.0606601717798212,2.5,4.0,2014
115502,"Rewrite, The (2014)",Comedy|Romance,"['Comedy', 'Romance']",2,2014.0,1,3.5,0.0,3.5,3.5,2014
115569,Nightcrawler (2014),Crime|Drama|Thriller,"['Crime', 'Drama', 'Thriller']",3,2014.0,18,4.166666666666667,0.568796458994521,3.0,5.0,2014
115617,Big Hero 6 (2014),Action|Animation|Comedy,"['Action', 'Animation', 'Comedy']",3,2014.0,41,3.8536585365853657,0.9099718569757004,1.0,5.0,2014
115664,The Book of Life (2014),Adventure|Animation|Romance,"['Adventure', 'Animation', 'Romance']",3,2014.0,2,4.0,0.7071067811865476,3.5,4.5,2014
115667,"Love, Rosie (2014)",Comedy|Romance,"['Comedy', 'Romance']",2,2014.0,1,3.5,0.0,3.5,3.5,2014
115680,Time Lapse (2014),Crime|Drama|Sci-Fi|Thriller,"['Crime', 'Drama', 'Sci-Fi', 'Thriller']",4,2014.0,3,3.8333333333333335,0.2886751345948129,3.5,4.0,2014
115713,Ex Machina (2015),Drama|Sci-Fi|Thriller,"['Drama', 'Sci-Fi', 'Thriller']",3,2015.0,28,3.9107142857142856,1.178932123737814,0.5,5.0,2015
115819,Mr Hublot (2013),Animation|Comedy,"['Animation', 'Comedy']",2,2013.0,1,3.0,0.0,3.0,3.0,2013
115828,Copenhagen (2014),Adventure|Drama|Romance,"['Adventure', 'Drama', 'Romance']",3,2014.0,1,4.5,0.0,4.5,4.5,2014
115877,"Simpsons: The Longest Daycare, The (2012)",Animation|Comedy,"['Animation', 'Comedy']",2,2012.0,3,3.6666666666666665,0.7637626158259734,3.0,4.5,2012
115969,Generation War (2013),Drama|War,"['Drama', 'War']",2,2013.0,1,4.0,0.0,4.0,4.0,2013
116138,Leviathan (2014),Drama,['Drama'],1,2014.0,1,2.0,0.0,2.0,2.0,2014
116169,Reign of Assassins (2010),Action,['Action'],1,2010.0,1,2.5,0.0,2.5,2.5,2010
116207,Zulu (2013),Crime|Drama|Thriller,"['Crime', 'Drama', 'Thriller']",3,2013.0,1,1.5,0.0,1.5,1.5,2013
116411,Tangerines (2013),Drama,['Drama'],1,2013.0,1,4.5,0.0,4.5,4.5,2013
116413,Life Partners (2014),Comedy|Romance,"['Comedy', 'Romance']",2,2014.0,1,3.0,0.0,3.0,3.0,2014
116419,Drive Hard (2014),Action|Comedy|Crime,"['Action', 'Comedy', 'Crime']",3,2014.0,1,1.5,0.0,1.5,1.5,2014
116505,New Kids Nitro (2011),Action|Comedy,"['Action', 'Comedy']",2,2011.0,1,3.0,0.0,3.0,3.0,2011
116529,Stalingrad (2013),Action|Drama|War|IMAX,"['Action', 'Drama', 'War', 'IMAX']",4,2013.0,1,3.0,0.0,3.0,3.0,2013
116668,Dead Snow 2: Red vs. Dead (2014) ,Action|Comedy|Horror,"['Action', 'Comedy', 'Horror']",3,2014.0,2,4.0,0.7071067811865476,3.5,4.5,2014
116724,You Are the Apple of My Eye (2011),Comedy|Drama|Romance,"['Comedy', 'Drama', 'Romance']",3,2011.0,1,4.0,0.0,4.0,4.0,2011
116738,DeadHeads (2011),Adventure|Comedy|Horror,"['Adventure', 'Comedy', 'Horror']",3,2011.0,1,3.5,0.0,3.5,3.5,2011
116797,The Imitation Game (2014),Drama|Thriller|War,"['Drama', 'Thriller', 'War']",3,2014.0,50,4.02,0.7281511392785519,2.0,5.0,2014
116799,Inherent Vice (2014),Comedy|Crime|Drama|Mystery|Romance,"['Comedy', 'Crime', 'Drama', 'Mystery', 'Romance']",5,2014.0,6,3.6666666666666665,0.752772652709081,2.5,4.5,2014
116817,Rudderless (2014),Comedy|Drama,"['Comedy', 'Drama']",2,2014.0,1,4.5,0.0,4.5,4.5,2014
116823,The Hunger Games: Mockingjay - Part 1 (2014),Adventure|Sci-Fi|Thriller,"['Adventure', 'Sci-Fi', 'Thriller']",3,2014.0,23,3.869565217391304,0.6434528891483507,2.5,5.0,2014
116849,Sex Ed (2014),Comedy|Romance,"['Comedy', 'Romance']",2,2014.0,1,2.5,0.0,2.5,2.5,2014
116887,Exodus: Gods and Kings (2014),Action|Adventure|Drama,"['Action', 'Adventure', 'Drama']",3,2014.0,2,2.75,1.0606601717798212,2.0,3.5,2014
116897,Wild Tales (2014),Comedy|Drama|Thriller,"['Comedy', 'Drama', 'Thriller']",3,2014.0,10,4.25,0.7905694150420947,2.5,5.0,2014
116977,Dumb and Dumber To (2014),Comedy,['Comedy'],1,2014.0,3,2.333333333333333,0.7637626158259734,1.5,3.0,2014
116985,The Longest Week (2014),Comedy|Drama,"['Comedy', 'Drama']",2,2014.0,1,1.5,0.0,1.5,1.5,2014
117107,Miss Meadows (2014),Drama,['Drama'],1,2014.0,1,2.5,0.0,2.5,2.5,2014
117109,Too Many Cooks (2014),Comedy,['Comedy'],1,2014.0,2,3.0,2.1213203435596424,1.5,4.5,2014
117176,The Theory of Everything (2014),Drama|Romance,"['Drama', 'Romance']",2,2014.0,17,3.7058823529411766,0.884922728431199,2.0,5.0,2014
117192,Doctor Who: The Time of the Doctor (2013),Adventure|Drama,"['Adventure', 'Drama']",2,2013.0,3,4.5,0.5,4.0,5.0,2013
117364,Virunga (2014),Documentary|War,"['Documentary', 'War']",2,2014.0,1,4.0,0.0,4.0,4.0,2014
117444,Song of the Sea (2014),Animation|Children|Fantasy,"['Animation', 'Children', 'Fantasy']",3,2014.0,1,3.0,0.0,3.0,3.0,2014
117466,In the Heart of the Sea (2015),Action|Adventure|Drama,"['Action', 'Adventure', 'Drama']",3,2015.0,3,3.5,1.0,2.5,4.5,2015
117511,Hello Ladies: The Movie (2014),Comedy,['Comedy'],1,2014.0,1,3.0,0.0,3.0,3.0,2014
117529,Jurassic World (2015),Action|Adventure|Drama|Sci-Fi|Thriller,"['Action', 'Adventure', 'Drama', 'Sci-Fi', 'Thriller']",5,2015.0,23,3.260869565217391,0.8239258188336566,1.0,4.0,2015
117531,Watermark (2014),Documentary,['Documentary'],1,2014.0,1,5.0,0.0,5.0,5.0,2014
117533,Citizenfour (2014),Documentary,['Documentary'],1,2014.0,4,3.875,0.629152869605896,3.0,4.5,2014
117545,Asterix: The Land of the Gods (Astérix: Le domaine des dieux) (2014),Animation,['Animation'],1,2014.0,2,3.75,0.3535533905932738,3.5,4.0,2014
117572,Hit by Lightning (2014),Comedy|Crime|Romance,"['Comedy', 'Crime', 'Romance']",3,2014.0,1,2.5,0.0,2.5,2.5,2014
117590,Horrible Bosses 2 (2014),Comedy|Crime,"['Comedy', 'Crime']",2,2014.0,11,3.636363636363636,0.8090398349558905,2.0,5.0,2014
117851,Penguins of Madagascar (2014),Adventure|Animation|Children|Comedy,"['Adventure', 'Animation', 'Children', 'Comedy']",4,2014.0,5,3.7,0.7582875444051551,3.0,5.0,2014
117867,'71 (2014),Action|Drama|Thriller|War,"['Action', 'Drama', 'Thriller', 'War']",4,2014.0,1,4.0,0.0,4.0,4.0,2014
117877,The Rabbi's Cat (Le chat du rabbin) (2011),Adventure|Animation,"['Adventure', 'Animation']",2,2011.0,1,3.0,0.0,3.0,3.0,2011
117881,Still Alice (2014),Drama,['Drama'],1,2014.0,5,3.8,0.5700877125495689,3.0,4.5,2014
117887,Paddington (2014),Children|Comedy,"['Children', 'Comedy']",2,2014.0,4,4.0,0.4082482904638631,3.5,4.5,2014
117895,Maze Runner: Scorch Trials (2015),Action|Thriller,"['Action', 'Thriller']",2,2015.0,6,1.8333333333333333,1.1690451944500122,0.5,3.5,2015
117922,Ice Age: A Mammoth Christmas (2011),Adventure|Animation|Children,"['Adventure', 'Animation', 'Children']",3,2011.0,1,3.5,0.0,3.5,3.5,2011
118082,The Voices (2014),Comedy|Crime|Thriller,"['Comedy', 'Crime', 'Thriller']",3,2014.0,1,3.5,0.0,3.5,3.5,2014
118198,The Green Prince (2014),Documentary|Drama|Thriller,"['Documentary', 'Drama', 'Thriller']",3,2014.0,1,2.5,0.0,2.5,2.5,2014
118248,Dying of the Light (2014),Drama|Thriller,"['Drama', 'Thriller']",2,2014.0,1,1.5,0.0,1.5,1.5,2014
118270,Hellbenders (2012),Comedy|Horror|Thriller,"['Comedy', 'Horror', 'Thriller']",3,2012.0,1,5.0,0.0,5.0,5.0,2012
118326,By the Gun (2014),Crime|Drama|Thriller,"['Crime', 'Drama', 'Thriller']",3,2014.0,1,2.0,0.0,2.0,2.0,2014
118354,Kill the Messenger (2014),Crime|Drama|Mystery|Thriller,"['Crime', 'Drama', 'Mystery', 'Thriller']",4,2014.0,1,3.0,0.0,3.0,3.0,2014
118572,The Mule (2014),Comedy|Crime|Drama,"['Comedy', 'Crime', 'Drama']",3,2014.0,2,3.5,0.7071067811865476,3.0,4.0,2014
118696,The Hobbit: The Battle of the Five Armies (2014),Adventure|Fantasy,"['Adventure', 'Fantasy']",2,2014.0,18,3.4166666666666665,1.0880365478290537,1.0,5.0,2014
118700,Selma (2014),Drama,['Drama'],1,2014.0,2,2.5,0.7071067811865476,2.0,3.0,2014
118702,Unbroken (2014),Drama|War,"['Drama', 'War']",2,2014.0,3,2.5,0.5,2.0,3.0,2014
118706,Black Sea (2015),Adventure|Mystery|Thriller,"['Adventure', 'Mystery', 'Thriller']",3,2015.0,1,4.0,0.0,4.0,4.0,2015
118814,Playing It Cool (2014),Comedy|Romance,"['Comedy', 'Romance']",2,2014.0,1,2.0,0.0,2.0,2.0,2014
118862,Closer to the Moon (2013),Comedy|Drama,"['Comedy', 'Drama']",2,2013.0,1,4.0,0.0,4.0,4.0,2013
118880,"Girl Walks Home Alone at Night, A (2014)",Horror|Romance|Thriller,"['Horror', 'Romance', 'Thriller']",3,2014.0,2,3.5,0.7071067811865476,3.0,4.0,2014
118894,Scooby-Doo! Abracadabra-Doo (2010),Animation|Children|Mystery,"['Animation', 'Children', 'Mystery']",3,2010.0,1,5.0,0.0,5.0,5.0,2010
118896,Mommy (2014),Drama,['Drama'],1,2014.0,1,4.0,0.0,4.0,4.0,2014
118900,Wild (2014),Drama,['Drama'],1,2014.0,5,2.9,1.3874436925511608,0.5,4.0,2014
118924,Top Five (2014),Comedy,['Comedy'],1,2014.0,2,3.0,0.0,3.0,3.0,2014
118930,Bill Burr: I'm Sorry You Feel That Way (2014),Comedy,['Comedy'],1,2014.0,1,4.5,0.0,4.5,4.5,2014
118985,Big Eyes (2014),Drama,['Drama'],1,2014.0,2,3.75,0.3535533905932738,3.5,4.0,2014
118997,Into the Woods (2014),Children|Comedy|Fantasy|Musical,"['Children', 'Comedy', 'Fantasy', 'Musical']",4,2014.0,5,2.8,1.2549900398011131,1.0,4.0,2014
119068,"Men, Women & Children (2014)",Comedy|Drama,"['Comedy', 'Drama']",2,2014.0,1,2.0,0.0,2.0,2.0,2014
119141,The Interview (2014),Action|Comedy,"['Action', 'Comedy']",2,2014.0,12,3.458333333333333,1.1766349038549289,0.5,5.0,2014
119145,Kingsman: The Secret Service (2015),Action|Adventure|Comedy|Crime,"['Action', 'Adventure', 'Comedy', 'Crime']",4,2015.0,36,3.986111111111111,0.7971924943298658,1.0,5.0,2015
119153,Bill Burr: You People Are All the Same (2012),Comedy,['Comedy'],1,2012.0,1,4.5,0.0,4.5,4.5,2012
119155,Night at the Museum: Secret of the Tomb (2014),Adventure|Children|Comedy|Fantasy,"['Adventure', 'Children', 'Comedy', 'Fantasy']",4,2014.0,6,3.5,0.7071067811865476,2.5,4.5,2014
119167,Paradox (2010),Sci-Fi|Thriller,"['Sci-Fi', 'Thriller']",2,2010.0,1,3.5,0.0,3.5,3.5,2010
119218,The Punisher: Dirty Laundry (2012),Action|Crime|Drama,"['Action', 'Crime', 'Drama']",3,2012.0,1,2.5,0.0,2.5,2.5,2012
119655,Seventh Son (2014),Adventure|Children|Fantasy,"['Adventure', 'Children', 'Fantasy']",3,2014.0,2,2.25,1.7677669529663689,1.0,3.5,2014
119714,Corner Gas: The Movie (2014),Comedy,['Comedy'],1,2014.0,1,3.5,0.0,3.5,3.5,2014
119964,A Merry Friggin' Christmas (2014),Comedy,['Comedy'],1,2014.0,1,2.0,0.0,2.0,2.0,2014
120130,Into the Forest of Fireflies' Light (2011),Animation|Drama|Fantasy,"['Animation', 'Drama', 'Fantasy']",3,2011.0,1,5.0,0.0,5.0,5.0,2011
120138,PK (2014),Comedy|Drama|Fantasy|Mystery|Romance,"['Comedy', 'Drama', 'Fantasy', 'Mystery', 'Romance']",5,2014.0,1,5.0,0.0,5.0,5.0,2014
120466,Chappie (2015),Action|Thriller,"['Action', 'Thriller']",2,2015.0,10,3.25,0.8579691784155834,2.0,5.0,2015
120478,The Salt of the Earth (2014),Documentary,['Documentary'],1,2014.0,3,4.333333333333333,0.7637626158259733,3.5,5.0,2014
120625,The Fool (2014),Drama,['Drama'],1,2014.0,1,4.5,0.0,4.5,4.5,2014
120635,Taken 3 (2015),Action|Crime|Thriller,"['Action', 'Crime', 'Thriller']",3,2015.0,5,2.7,1.9235384061671343,1.0,5.0,2015
120637,Blackhat (2015),Action|Crime|Drama|Mystery|Thriller,"['Action', 'Crime', 'Drama', 'Mystery', 'Thriller']",5,2015.0,2,2.5,0.7071067811865476,2.0,3.0,2015
120783,Son of a Gun (2014),Action|Crime|Drama,"['Action', 'Crime', 'Drama']",3,2014.0,1,2.5,0.0,2.5,2.5,2014
120799,Terminator Genisys (2015),Action|Adventure|Sci-Fi|Thriller,"['Action', 'Adventure', 'Sci-Fi', 'Thriller']",4,2015.0,9,2.5,0.9354143466934852,1.0,4.0,2015
120807,John Mulaney: New In Town (2012),Comedy,['Comedy'],1,2012.0,1,4.0,0.0,4.0,4.0,2012
120919,Man on High Heels (2014),Action|Comedy,"['Action', 'Comedy']",2,2014.0,1,3.0,0.0,3.0,3.0,2014
121035,Houdini (2014),Drama,['Drama'],1,2014.0,1,2.0,0.0,2.0,2.0,2014
121129,The Hungover Games (2014),Comedy,['Comedy'],1,2014.0,1,2.5,0.0,2.5,2.5,2014
121169,The Duke of Burgundy (2014),Drama,['Drama'],1,2014.0,1,3.5,0.0,3.5,3.5,2014
121171,Red Army (2014),Documentary,['Documentary'],1,2014.0,1,4.0,0.0,4.0,4.0,2014
121231,It Follows (2014),Horror,['Horror'],1,2014.0,4,4.125,1.030776406404415,3.0,5.0,2014
121253,The Town that Dreaded Sundown (2014),Horror|Thriller,"['Horror', 'Thriller']",2,2014.0,1,3.0,0.0,3.0,3.0,2014
121372,Bill Burr: Let It Go (2010),Comedy,['Comedy'],1,2010.0,1,4.5,0.0,4.5,4.5,2010
121715,Sebastian Maniscalco: What's Wrong with People? (2012),Comedy,['Comedy'],1,2012.0,1,3.5,0.0,3.5,3.5,2012
122246,Tooth Fairy 2 (2012),Children|Comedy,"['Children', 'Comedy']",2,2012.0,1,0.5,0.0,0.5,0.5,2012
122490,Wicked Blood (2014),Action|Drama|Thriller,"['Action', 'Drama', 'Thriller']",3,2014.0,1,1.5,0.0,1.5,1.5,2014
122882,Mad Max: Fury Road (2015),Action|Adventure|Sci-Fi|Thriller,"['Action', 'Adventure', 'Sci-Fi', 'Thriller']",4,2015.0,47,3.8191489361702127,0.952260079991016,2.0,5.0,2015
122884,Insidious: Chapter 3 (2015),Fantasy|Horror|Thriller,"['Fantasy', 'Horror', 'Thriller']",3,2015.0,2,2.5,0.7071067811865476,2.0,3.0,2015
122886,Star Wars: Episode VII - The Force Awakens (2015),Action|Adventure|Fantasy|Sci-Fi|IMAX,"['Action', 'Adventure', 'Fantasy', 'Sci-Fi', 'IMAX']",5,2015.0,41,3.8536585365853657,0.8677838328108013,0.5,5.0,2015
122888,Ben-hur (2016),(no genres listed),['(no genres listed)'],0,2016.0,1,0.5,0.0,0.5,0.5,2016
122890,Warcraft (2016),Action|Adventure|Fantasy,"['Action', 'Adventure', 'Fantasy']",3,2016.0,6,3.4166666666666665,0.9703951085339758,1.5,4.0,2016
122892,Avengers: Age of Ultron (2015),Action|Adventure|Sci-Fi,"['Action', 'Adventure', 'Sci-Fi']",3,2015.0,27,3.5185185185185186,1.0695207542982248,0.5,5.0,2015
122896,Pirates of the Caribbean: Dead Men Tell No Tales (2017),(no genres listed),['(no genres listed)'],0,2017.0,7,3.7857142857142856,0.6362090102803517,3.0,5.0,2017
122898,Justice League (2017),Action|Adventure|Sci-Fi,"['Action', 'Adventure', 'Sci-Fi']",3,2017.0,6,2.5,1.2649110640673518,0.5,4.0,2017
122900,Ant-Man (2015),Action|Adventure|Sci-Fi,"['Action', 'Adventure', 'Sci-Fi']",3,2015.0,27,3.7222222222222223,0.7637626158259733,2.0,5.0,2015
122902,Fantastic Four (2015),Action|Adventure|Fantasy|Sci-Fi,"['Action', 'Adventure', 'Fantasy', 'Sci-Fi']",4,2015.0,5,2.1,0.7416198487095663,1.0,3.0,2015
122904,Deadpool (2016),Action|Adventure|Comedy|Sci-Fi,"['Action', 'Adventure', 'Comedy', 'Sci-Fi']",4,2016.0,54,3.8333333333333335,1.0506062939587122,0.5,5.0,2016
122906,Black Panther (2017),Action|Adventure|Sci-Fi,"['Action', 'Adventure', 'Sci-Fi']",3,2017.0,11,3.727272727272727,1.1481209945740989,1.5,5.0,2017
122912,Avengers: Infinity War - Part I (2018),Action|Adventure|Sci-Fi,"['Action', 'Adventure', 'Sci-Fi']",3,2018.0,13,4.0,1.1547005383792517,1.5,5.0,2018
122916,Thor: Ragnarok (2017),Action|Adventure|Sci-Fi,"['Action', 'Adventure', 'Sci-Fi']",3,2017.0,20,4.025,0.9797287487119236,1.0,5.0,2017
122918,Guardians of the Galaxy 2 (2017),Action|Adventure|Sci-Fi,"['Action', 'Adventure', 'Sci-Fi']",3,2017.0,27,3.925925925925926,0.8515111420710975,1.0,5.0,2017
122920,Captain America: Civil War (2016),Action|Sci-Fi|Thriller,"['Action', 'Sci-Fi', 'Thriller']",3,2016.0,22,3.613636363636364,0.8441933058620742,2.0,5.0,2016
122922,Doctor Strange (2016),Action|Adventure|Sci-Fi,"['Action', 'Adventure', 'Sci-Fi']",3,2016.0,22,3.704545454545455,0.9342566552267624,2.0,5.0,2016
122924,X-Men: Apocalypse (2016),Action|Adventure|Fantasy|Sci-Fi,"['Action', 'Adventure', 'Fantasy', 'Sci-Fi']",4,2016.0,14,3.071428571428572,1.2535663410560172,1.0,5.0,2016
122926,Untitled Spider-Man Reboot (2017),Action|Adventure|Fantasy,"['Action', 'Adventure', 'Fantasy']",3,2017.0,16,4.15625,0.5691733772176395,3.0,5.0,2017
122932,Elsa & Fred (2014),Children|Comedy|Romance,"['Children', 'Comedy', 'Romance']",3,2014.0,1,2.0,0.0,2.0,2.0,2014
123553,In the Name of the King III (2014),Action|Adventure|Drama|Fantasy,"['Action', 'Adventure', 'Drama', 'Fantasy']",4,2014.0,1,1.0,0.0,1.0,1.0,2014
123947,Cake (2014),Drama,['Drama'],1,2014.0,2,2.75,0.3535533905932738,2.5,3.0,2014
124273,Kevin Smith: Too Fat For 40 (2010),Comedy,['Comedy'],1,2010.0,1,4.5,0.0,4.5,4.5,2010
124404,"Snowflake, the White Gorilla (2011)",Adventure|Animation|Children|Comedy,"['Adventure', 'Animation', 'Children', 'Comedy']",4,2011.0,1,5.0,0.0,5.0,5.0,2011
124851,Delirium (2014),Adventure|Romance|Sci-Fi,"['Adventure', 'Romance', 'Sci-Fi']",3,2014.0,1,5.0,0.0,5.0,5.0,2014
124859,The Gambler (2014),Crime|Drama|Thriller,"['Crime', 'Drama', 'Thriller']",3,2014.0,1,2.0,0.0,2.0,2.0,2014
125914,Mortdecai (2015),Adventure|Comedy|Mystery|Romance,"['Adventure', 'Comedy', 'Mystery', 'Romance']",4,2015.0,1,3.0,0.0,3.0,3.0,2015
125916,Fifty Shades of Grey (2015),Drama|Romance,"['Drama', 'Romance']",2,2015.0,3,1.0,0.8660254037844386,0.5,2.0,2015
126420,American Heist (2015),Action,['Action'],1,2015.0,1,1.5,0.0,1.5,1.5,2015
126430,The Pacific (2010),Action|Adventure|Drama|War,"['Action', 'Adventure', 'Drama', 'War']",4,2010.0,2,4.75,0.3535533905932738,4.5,5.0,2010
126482,Strange Magic (2015),Animation|Children|Fantasy|Musical,"['Animation', 'Children', 'Fantasy', 'Musical']",4,2015.0,1,3.0,0.0,3.0,3.0,2015
126548,The DUFF (2015),Comedy,['Comedy'],1,2015.0,6,3.25,1.036822067666386,2.0,4.5,2015
126577,"Daddy, I'm A Zombie (2012)",Animation|Comedy|Fantasy,"['Animation', 'Comedy', 'Fantasy']",3,2012.0,1,4.0,0.0,4.0,4.0,2012
127096,Project Almanac (2015),Sci-Fi|Thriller,"['Sci-Fi', 'Thriller']",2,2015.0,4,3.75,1.0408329997330663,2.5,5.0,2015
127098,Louis C.K.: Live at The Comedy Store (2015),Comedy,['Comedy'],1,2015.0,4,4.375,0.9464847243000456,3.0,5.0,2015
127108,Brooklyn (2015),Drama|Romance,"['Drama', 'Romance']",2,2015.0,4,3.875,1.3149778198382918,2.0,5.0,2015
127114,The End of the Tour (2015),Drama,['Drama'],1,2015.0,1,4.0,0.0,4.0,4.0,2015
127116,Experimenter (2015),Drama,['Drama'],1,2015.0,1,4.5,0.0,4.5,4.5,2015
127130,Mistress America (2015),Comedy,['Comedy'],1,2015.0,1,4.0,0.0,4.0,4.0,2015
127132,Zipper (2015),Drama|Thriller,"['Drama', 'Thriller']",2,2015.0,1,2.0,0.0,2.0,2.0,2015
127134,A Walk in the Woods (2015),Adventure|Comedy|Drama,"['Adventure', 'Comedy', 'Drama']",3,2015.0,1,3.5,0.0,3.5,3.5,2015
127136,True Story (2015),Drama|Mystery|Thriller,"['Drama', 'Mystery', 'Thriller']",3,2015.0,2,3.25,1.0606601717798212,2.5,4.0,2015
127146,Kurt Cobain: Montage of Heck (2015),Documentary,['Documentary'],1,2015.0,1,3.0,0.0,3.0,3.0,2015
127152,Going Clear: Scientology and the Prison of Belief (2015),Documentary,['Documentary'],1,2015.0,2,4.25,0.3535533905932738,4.0,4.5,2015
127164,"What Happened, Miss Simone? (2015)",Documentary,['Documentary'],1,2015.0,1,3.5,0.0,3.5,3.5,2015
127172,A Story of Children and Film (2013),Documentary,['Documentary'],1,2013.0,1,3.5,0.0,3.5,3.5,2013
127180,"Story of Film: An Odyssey, The (2011)",Documentary,['Documentary'],1,2011.0,1,4.0,0.0,4.0,4.0,2011
127184,Eden (2014),Drama,['Drama'],1,2014.0,1,4.0,0.0,4.0,4.0,2014
127194,The D Train (2015),Comedy,['Comedy'],1,2015.0,1,2.0,0.0,2.0,2.0,2015
127198,Dope (2015),Comedy|Drama,"['Comedy', 'Drama']",2,2015.0,6,3.583333333333333,0.7359800721939873,2.5,4.5,2015
127202,Me and Earl and the Dying Girl (2015),Drama,['Drama'],1,2015.0,6,3.75,0.6123724356957946,3.0,4.5,2015
127204,The Overnight (2015),Comedy,['Comedy'],1,2015.0,2,3.75,1.0606601717798212,3.0,4.5,2015
127212,The Stanford Prison Experiment (2015),Drama|Thriller,"['Drama', 'Thriller']",2,2015.0,1,4.5,0.0,4.5,4.5,2015
127298,A Pigeon Sat on a Branch Reflecting on Existence (2014),Comedy|Drama,"['Comedy', 'Drama']",2,2014.0,2,4.0,0.7071067811865476,3.5,4.5,2014
127319,The Loft (2014),Thriller,['Thriller'],1,2014.0,1,1.5,0.0,1.5,1.5,2014
127323,Vice (2015),Action|Adventure|Sci-Fi|Thriller,"['Action', 'Adventure', 'Sci-Fi', 'Thriller']",4,2015.0,1,1.0,0.0,1.0,1.0,2015
128097,Jim Norton: American Degenerate (2013),Comedy,['Comedy'],1,2013.0,1,4.0,0.0,4.0,4.0,2013
128099,Jim Jefferies: BARE (2014),Comedy,['Comedy'],1,2014.0,1,4.5,0.0,4.5,4.5,2014
128360,The Hateful Eight (2015),Western,['Western'],1,2015.0,18,3.75,0.7524469885568253,2.5,5.0,2015
128366,Patton Oswalt: Tragedy Plus Comedy Equals Time (2014),Comedy,['Comedy'],1,2014.0,1,4.0,0.0,4.0,4.0,2014
128488,Wild Card (2015),Action|Crime|Drama|Thriller,"['Action', 'Crime', 'Drama', 'Thriller']",4,2015.0,1,3.0,0.0,3.0,3.0,2015
128512,Paper Towns (2015),Drama|Mystery|Romance,"['Drama', 'Mystery', 'Romance']",3,2015.0,2,2.0,2.1213203435596424,0.5,3.5,2015
128520,The Wedding Ringer (2015),Comedy,['Comedy'],1,2015.0,5,3.8,1.1510864433221335,2.5,5.0,2015
128542,Wyrmwood (2015),Action|Horror|Sci-Fi,"['Action', 'Horror', 'Sci-Fi']",3,2015.0,1,3.5,0.0,3.5,3.5,2015
128592,The Boy Next Door (2015),Mystery|Thriller,"['Mystery', 'Thriller']",2,2015.0,1,1.0,0.0,1.0,1.0,2015
128594,Boy Meets Girl (2015),Comedy|Drama|Romance,"['Comedy', 'Drama', 'Romance']",3,2015.0,1,4.0,0.0,4.0,4.0,2015
128620,Victoria (2015),Crime|Drama|Romance,"['Crime', 'Drama', 'Romance']",3,2015.0,5,3.9,0.6519202405202649,3.5,5.0,2015
128695,The Dark Valley (2014),Western,['Western'],1,2014.0,1,2.5,0.0,2.5,2.5,2014
128736,I'm Here (2010),Drama,['Drama'],1,2010.0,1,3.5,0.0,3.5,3.5,2010
128832,The Last Five Years (2014),Comedy|Drama|Musical|Romance,"['Comedy', 'Drama', 'Musical', 'Romance']",4,2014.0,1,3.5,0.0,3.5,3.5,2014
128838,Crimson Peak (2015),Horror,['Horror'],1,2015.0,1,3.5,0.0,3.5,3.5,2015
128842,Dragonheart 3: The Sorcerer's Curse (2015),Action|Adventure|Fantasy,"['Action', 'Adventure', 'Fantasy']",3,2015.0,1,4.0,0.0,4.0,4.0,2015
128902,The Forgotten Space (2010),Documentary,['Documentary'],1,2010.0,1,4.0,0.0,4.0,4.0,2010
128908,Cloudburst (2011),Adventure|Comedy|Drama,"['Adventure', 'Comedy', 'Drama']",3,2011.0,1,4.0,0.0,4.0,4.0,2011
128914,Tom Segura: Completely Normal (2014),Comedy,['Comedy'],1,2014.0,1,5.0,0.0,5.0,5.0,2014
128975,Hot Tub Time Machine 2 (2015),Comedy|Sci-Fi,"['Comedy', 'Sci-Fi']",2,2015.0,4,2.875,0.6291528696058959,2.0,3.5,2015
128991,Johnny Express (2014),Animation|Comedy|Sci-Fi,"['Animation', 'Comedy', 'Sci-Fi']",3,2014.0,1,4.5,0.0,4.5,4.5,2014
129229,Northmen - A Viking Saga (2014),Action|Adventure,"['Action', 'Adventure']",2,2014.0,1,2.0,0.0,2.0,2.0,2014
129250,Superfast! (2015),(no genres listed),['(no genres listed)'],0,2015.0,1,0.5,0.0,0.5,0.5,2015
129313,Reality (2014),Comedy,['Comedy'],1,2014.0,1,4.0,0.0,4.0,4.0,2014
129333,Julia (2014),Horror|Thriller,"['Horror', 'Thriller']",2,2014.0,1,1.5,0.0,1.5,1.5,2014
129354,Focus (2015),Comedy|Crime|Drama|Romance,"['Comedy', 'Crime', 'Drama', 'Romance']",4,2015.0,10,3.25,1.274754878398196,0.5,5.0,2015
129397,Marvel One-Shot: Item 47 (2012),Action|Fantasy|Sci-Fi,"['Action', 'Fantasy', 'Sci-Fi']",3,2012.0,2,2.75,1.0606601717798212,2.0,3.5,2012
129428,The Second Best Exotic Marigold Hotel (2015),Comedy|Drama,"['Comedy', 'Drama']",2,2015.0,2,3.0,0.7071067811865476,2.5,3.5,2015
129657,Tracers (2015),Action,['Action'],1,2015.0,1,1.0,0.0,1.0,1.0,2015
129659,"McFarland, USA (2015)",Drama,['Drama'],1,2015.0,1,3.5,0.0,3.5,3.5,2015
129737,Unfinished Business (2015),Comedy,['Comedy'],1,2015.0,2,2.25,0.3535533905932738,2.0,2.5,2015
129779,Ghost in the Shell Arise - Border 1: Ghost Pain (2013),Action|Animation|Sci-Fi,"['Action', 'Animation', 'Sci-Fi']",3,2013.0,1,2.5,0.0,2.5,2.5,2013
129937,Run All Night (2015),Action|Crime|Drama|Thriller,"['Action', 'Crime', 'Drama', 'Thriller']",4,2015.0,3,2.1666666666666665,0.7637626158259733,1.5,3.0,2015
130050,Digging Up the Marrow (2014),Drama|Fantasy|Horror|Mystery|Thriller,"['Drama', 'Fantasy', 'Horror', 'Mystery', 'Thriller']",5,2014.0,1,3.0,0.0,3.0,3.0,2014
130052,Clown (2014),Drama|Horror,"['Drama', 'Horror']",2,2014.0,1,3.5,0.0,3.5,3.5,2014
130073,Cinderella (2015),Children|Drama|Fantasy|Romance,"['Children', 'Drama', 'Fantasy', 'Romance']",4,2015.0,1,4.0,0.0,4.0,4.0,2015
130083,Kidnapping Mr. Heineken (2015),Action|Crime|Drama|Thriller,"['Action', 'Crime', 'Drama', 'Thriller']",4,2015.0,1,2.0,0.0,2.0,2.0,2015
130087,The Cobbler (2015),Comedy|Drama|Fantasy,"['Comedy', 'Drama', 'Fantasy']",3,2015.0,2,3.75,1.0606601717798212,3.0,4.5,2015
130444,Ruby Red (2013),Adventure|Children|Fantasy|Sci-Fi,"['Adventure', 'Children', 'Fantasy', 'Sci-Fi']",4,2013.0,1,4.0,0.0,4.0,4.0,2013
130450,Pan (2015),Adventure|Children|Fantasy,"['Adventure', 'Children', 'Fantasy']",3,2015.0,3,2.5,0.8660254037844386,1.5,3.0,2015
130452,While We're Young (2014),Comedy|Drama,"['Comedy', 'Drama']",2,2014.0,1,4.0,0.0,4.0,4.0,2014
130490,Insurgent (2015),Action|Sci-Fi|Thriller,"['Action', 'Sci-Fi', 'Thriller']",3,2015.0,6,2.833333333333333,1.5055453054181622,0.5,5.0,2015
130520,Home (2015),Adventure|Animation|Children|Comedy|Fantasy|Sci-Fi,"['Adventure', 'Animation', 'Children', 'Comedy', 'Fantasy', 'Sci-Fi']",6,2015.0,8,3.25,1.224744871391589,1.0,4.5,2015
130576,Midnight Special (2015),Drama|Sci-Fi,"['Drama', 'Sci-Fi']",2,2015.0,4,2.375,0.478713553878169,2.0,3.0,2015
130578,"Gunman, The (2015)",Action|Thriller,"['Action', 'Thriller']",2,2015.0,1,4.0,0.0,4.0,4.0,2015
130634,Furious 7 (2015),Action|Crime|Thriller,"['Action', 'Crime', 'Thriller']",3,2015.0,6,2.75,1.6355427233796125,0.5,4.5,2015
130686,The Final Girls (2015),Comedy|Horror,"['Comedy', 'Horror']",2,2015.0,1,3.0,0.0,3.0,3.0,2015
130840,Spring (2015),Horror|Romance|Sci-Fi,"['Horror', 'Romance', 'Sci-Fi']",3,2015.0,1,4.5,0.0,4.5,4.5,2015
130842,Power/Rangers (2015),Action|Adventure|Sci-Fi,"['Action', 'Adventure', 'Sci-Fi']",3,2015.0,1,4.0,0.0,4.0,4.0,2015
130976,Legend No. 17 (2013),Drama,['Drama'],1,2013.0,1,4.5,0.0,4.5,4.5,2013
131013,Get Hard (2015),Comedy|Crime,"['Comedy', 'Crime']",2,2015.0,8,3.125,1.1259916264596033,1.5,5.0,2015
131023,That Sugar Film (2014),Documentary,['Documentary'],1,2014.0,1,4.5,0.0,4.5,4.5,2014
131098,Saving Santa (2013),Animation|Children|Comedy,"['Animation', 'Children', 'Comedy']",3,2013.0,1,5.0,0.0,5.0,5.0,2013
131237,What Men Talk About (2010),Comedy,['Comedy'],1,2010.0,1,5.0,0.0,5.0,5.0,2010
131439,Kill Me Three Times (2014),Thriller,['Thriller'],1,2014.0,1,3.0,0.0,3.0,3.0,2014
131480,Poker Night (2014),Action|Crime|Thriller,"['Action', 'Crime', 'Thriller']",3,2014.0,1,2.0,0.0,2.0,2.0,2014
131656,Shaun the Sheep Movie (2015),Adventure|Animation|Children|Comedy,"['Adventure', 'Animation', 'Children', 'Comedy']",4,2015.0,2,3.0,0.7071067811865476,2.5,3.5,2015
131714,Last Knights (2015),Action|Adventure,"['Action', 'Adventure']",2,2015.0,3,3.0,1.3228756555322954,1.5,4.0,2015
131724,The Jinx: The Life and Deaths of Robert Durst (2015),Documentary,['Documentary'],1,2015.0,1,5.0,0.0,5.0,5.0,2015
131739,Batman vs. Robin (2015),Action|Adventure|Animation,"['Action', 'Adventure', 'Animation']",3,2015.0,1,3.0,0.0,3.0,3.0,2015
131749,Libre et assoupi (2014),Comedy,['Comedy'],1,2014.0,1,3.0,0.0,3.0,3.0,2014
131796,Woman in Gold (2015),Drama,['Drama'],1,2015.0,1,4.0,0.0,4.0,4.0,2015
131826,Iliza Shlesinger: Freezing Hot (2015),Comedy,['Comedy'],1,2015.0,2,3.75,0.3535533905932738,3.5,4.0,2015
131920,The Road Within (2014),Comedy|Drama,"['Comedy', 'Drama']",2,2014.0,1,4.5,0.0,4.5,4.5,2014
132046,Tomorrowland (2015),Action|Adventure|Children|Mystery|Sci-Fi,"['Action', 'Adventure', 'Children', 'Mystery', 'Sci-Fi']",5,2015.0,7,2.5,1.4719601443879744,0.5,4.5,2015
132153,Buzzard (2015),Comedy|Drama|Horror,"['Comedy', 'Drama', 'Horror']",3,2015.0,1,5.0,0.0,5.0,5.0,2015
132157,Paul Blart: Mall Cop 2 (2015),Action|Comedy|Crime,"['Action', 'Comedy', 'Crime']",3,2015.0,4,2.75,0.957427107756338,1.5,3.5,2015
132333,Seve (2014),Documentary|Drama,"['Documentary', 'Drama']",2,2014.0,1,5.0,0.0,5.0,5.0,2014
132335,Breathe (2014),Drama,['Drama'],1,2014.0,1,1.0,0.0,1.0,1.0,2014
132422,Da Sweet Blood of Jesus (2014),Comedy|Romance|Thriller,"['Comedy', 'Romance', 'Thriller']",3,2014.0,2,3.25,1.7677669529663689,2.0,4.5,2014
132424,The Longest Ride (2015),Drama|Romance,"['Drama', 'Romance']",2,2015.0,2,1.75,1.0606601717798212,1.0,2.5,2015
132454,Girltrash: All Night Long (2014),Comedy|Crime|Drama,"['Comedy', 'Crime', 'Drama']",3,2014.0,1,3.5,0.0,3.5,3.5,2014
132462,Sword of Vengeance (2014),Action|Adventure|Drama,"['Action', 'Adventure', 'Drama']",3,2014.0,1,1.0,0.0,1.0,1.0,2014
132488,Lovesick (2014),Comedy|Romance,"['Comedy', 'Romance']",2,2014.0,1,2.0,0.0,2.0,2.0,2014
132496,Danny Collins (2015),Comedy|Drama,"['Comedy', 'Drama']",2,2015.0,1,4.5,0.0,4.5,4.5,2015
132618,Kite (2014),Action|Crime|Drama|Mystery|Thriller,"['Action', 'Crime', 'Drama', 'Mystery', 'Thriller']",5,2014.0,1,1.5,0.0,1.5,1.5,2014
132660,Man Up (2015),Comedy|Romance,"['Comedy', 'Romance']",2,2015.0,2,3.75,0.3535533905932738,3.5,4.0,2015
132796,San Andreas (2015),Action|Drama|Thriller,"['Action', 'Drama', 'Thriller']",3,2015.0,4,1.875,0.75,1.0,2.5,2015
132800,Welcome to Me (2014),Comedy|Drama,"['Comedy', 'Drama']",2,2014.0,2,3.0,2.1213203435596424,1.5,4.5,2014
132888,Comedy Central Roast of James Franco (2013),Comedy,['Comedy'],1,2013.0,1,3.0,0.0,3.0,3.0,2013
133115,We Could Be King (2014),Documentary,['Documentary'],1,2014.0,1,4.0,0.0,4.0,4.0,2014
133195,Hitman: Agent 47 (2015),Action|Crime|Thriller,"['Action', 'Crime', 'Thriller']",3,2015.0,1,1.5,0.0,1.5,1.5,2015
133217,B/W (2015),Comedy|Crime|Sci-Fi,"['Comedy', 'Crime', 'Sci-Fi']",3,2015.0,1,3.5,0.0,3.5,3.5,2015
133281,Ricki and the Flash (2015),Comedy|Drama,"['Comedy', 'Drama']",2,2015.0,1,2.0,0.0,2.0,2.0,2015
133365,Partisan (2015),Drama|Thriller,"['Drama', 'Thriller']",2,2015.0,1,2.0,0.0,2.0,2.0,2015
133377,Infini (2015),Horror|Sci-Fi|Thriller,"['Horror', 'Sci-Fi', 'Thriller']",3,2015.0,1,1.5,0.0,1.5,1.5,2015
133419,Pitch Perfect 2 (2015),Comedy,['Comedy'],1,2015.0,9,3.4444444444444446,0.8079466429027216,2.5,5.0,2015
133545,Just Before I Go (2014),Comedy|Drama,"['Comedy', 'Drama']",2,2014.0,1,1.0,0.0,1.0,1.0,2014
133645,Carol (2015),Drama|Romance,"['Drama', 'Romance']",2,2015.0,1,4.0,0.0,4.0,4.0,2015
133771,The Lobster (2015),Comedy|Romance|Sci-Fi,"['Comedy', 'Romance', 'Sci-Fi']",3,2015.0,7,4.0,0.7071067811865475,3.0,5.0,2015
133780,Güeros (2014),Comedy|Drama,"['Comedy', 'Drama']",2,2014.0,1,3.0,0.0,3.0,3.0,2014
133782,Maggie (2015),Drama|Horror|Thriller,"['Drama', 'Horror', 'Thriller']",3,2015.0,1,2.0,0.0,2.0,2.0,2015
133798,Hot Pursuit (2015),Action|Comedy,"['Action', 'Comedy']",2,2015.0,1,1.5,0.0,1.5,1.5,2015
133802,Slow West (2015),Action|Thriller|Western,"['Action', 'Thriller', 'Western']",3,2015.0,2,4.25,0.3535533905932738,4.0,4.5,2015
133832,The Green Inferno (2014),Horror|Thriller,"['Horror', 'Thriller']",2,2014.0,1,3.5,0.0,3.5,3.5,2014
133867,Barely Lethal (2015),Action|Adventure|Comedy,"['Action', 'Adventure', 'Comedy']",3,2015.0,1,4.5,0.0,4.5,4.5,2015
134021,5 to 7 (2014),Comedy|Drama|Romance,"['Comedy', 'Drama', 'Romance']",3,2014.0,1,2.5,0.0,2.5,2.5,2014
134130,The Martian (2015),Adventure|Drama|Sci-Fi,"['Adventure', 'Drama', 'Sci-Fi']",3,2015.0,48,4.0,0.5742710457985442,2.5,5.0,2015
134158,Return to Sender (2015),Thriller,['Thriller'],1,2015.0,1,1.5,0.0,1.5,1.5,2015
134170,Kung Fury (2015),Action|Comedy|Fantasy|Sci-Fi,"['Action', 'Comedy', 'Fantasy', 'Sci-Fi']",4,2015.0,7,3.7142857142857135,0.6986381310057719,2.5,4.5,2015
134214,Youth (2015),Drama,['Drama'],1,2015.0,4,3.5,0.5773502691896257,3.0,4.0,2015
134246,Survivor (2015),Action|Thriller,"['Action', 'Thriller']",2,2015.0,1,0.5,0.0,0.5,0.5,2015
134248,Hot Girls Wanted (2015),Documentary,['Documentary'],1,2015.0,1,3.0,0.0,3.0,3.0,2015
134368,Spy (2015),Action|Comedy|Crime,"['Action', 'Comedy', 'Crime']",3,2015.0,16,3.6875,0.963932916061417,1.0,5.0,2015
134393,Trainwreck (2015),Comedy|Romance,"['Comedy', 'Romance']",2,2015.0,10,3.2,1.1595018087284057,0.5,4.5,2015
134524,Turtle Power: The Definitive History of the Teenage Mutant Ninja Turtles (2014),Documentary,['Documentary'],1,2014.0,1,3.0,0.0,3.0,3.0,2014
134528,Aloha (2015),Comedy|Drama|Romance,"['Comedy', 'Drama', 'Romance']",3,2015.0,1,0.5,0.0,0.5,0.5,2015
134775,Dragon Blade (2015),Action|Adventure|Drama,"['Action', 'Adventure', 'Drama']",3,2015.0,1,2.0,0.0,2.0,2.0,2015
134783,Entourage (2015),Comedy,['Comedy'],1,2015.0,1,2.0,0.0,2.0,2.0,2015
134796,Bitter Lake (2015),Documentary,['Documentary'],1,2015.0,1,5.0,0.0,5.0,5.0,2015
134808,No Way Jose (2015),Comedy,['Comedy'],1,2015.0,1,2.0,0.0,2.0,2.0,2015
134847,Ghost Graduation (2012),Comedy,['Comedy'],1,2012.0,1,5.0,0.0,5.0,5.0,2012
134853,Inside Out (2015),Adventure|Animation|Children|Comedy|Drama|Fantasy,"['Adventure', 'Animation', 'Children', 'Comedy', 'Drama', 'Fantasy']",6,2015.0,43,3.813953488372093,0.9821214635745072,1.0,5.0,2015
134859,The Wolfpack (2015),Documentary,['Documentary'],1,2015.0,1,3.5,0.0,3.5,3.5,2015
134861,Trevor Noah: African American (2013),(no genres listed),['(no genres listed)'],0,2013.0,1,2.5,0.0,2.5,2.5,2013
134881,Love & Mercy (2014),Drama,['Drama'],1,2014.0,3,4.333333333333333,0.5773502691896258,4.0,5.0,2014
135133,The Hunger Games: Mockingjay - Part 2 (2015),Adventure|Sci-Fi,"['Adventure', 'Sci-Fi']",2,2015.0,10,3.7,0.8881941729649485,1.5,5.0,2015
135137,Pixels (2015),Action|Comedy|Sci-Fi,"['Action', 'Comedy', 'Sci-Fi']",3,2015.0,6,2.583333333333333,1.0206207261596574,1.0,4.0,2015
135143,Fantastic Beasts and Where to Find Them (2016),Fantasy,['Fantasy'],1,2016.0,14,3.678571428571429,0.7495419846901085,2.0,4.5,2016
135198,The Hairdresser (2010),Comedy|Drama,"['Comedy', 'Drama']",2,2010.0,1,4.0,0.0,4.0,4.0,2010
135288,Mr. Holmes (2015),Drama|Mystery,"['Drama', 'Mystery']",2,2015.0,1,3.0,0.0,3.0,3.0,2015
135436,The Secret Life of Pets (2016),Animation|Comedy,"['Animation', 'Comedy']",2,2016.0,7,3.071428571428572,0.9759000729485332,1.5,4.5,2016
135518,Self/less (2015),Action|Mystery|Sci-Fi|Thriller,"['Action', 'Mystery', 'Sci-Fi', 'Thriller']",4,2015.0,2,2.75,1.0606601717798212,2.0,3.5,2015
135532,The Last Witch Hunter (2015),Action|Adventure|Fantasy,"['Action', 'Adventure', 'Fantasy']",3,2015.0,3,3.333333333333333,1.2583057392117918,2.0,4.5,2015
135534,Krampus (2015),Comedy|Fantasy|Horror,"['Comedy', 'Fantasy', 'Horror']",3,2015.0,1,3.5,0.0,3.5,3.5,2015
135536,Suicide Squad (2016),Action|Crime|Sci-Fi,"['Action', 'Crime', 'Sci-Fi']",3,2016.0,12,2.9166666666666665,0.996204919895622,0.5,4.0,2016
135567,Independence Day: Resurgence (2016),Action|Adventure|Sci-Fi,"['Action', 'Adventure', 'Sci-Fi']",3,2016.0,4,2.375,0.6291528696058958,1.5,3.0,2016
135569,Star Trek Beyond (2016),Action|Adventure|Sci-Fi,"['Action', 'Adventure', 'Sci-Fi']",3,2016.0,15,3.466666666666667,0.7187952884282609,2.5,4.5,2016
135861,Ted 2 (2015),Comedy,['Comedy'],1,2015.0,9,2.7777777777777777,1.4166666666666663,0.5,5.0,2015
135885,Absolutely Anything (2015),Comedy|Sci-Fi,"['Comedy', 'Sci-Fi']",2,2015.0,1,3.0,0.0,3.0,3.0,2015
135887,Minions (2015),Adventure|Animation|Children|Comedy,"['Adventure', 'Animation', 'Children', 'Comedy']",4,2015.0,15,3.1666666666666665,1.2770874601813225,0.5,4.5,2015
136016,The Good Dinosaur (2015),Adventure|Animation|Children|Comedy|Fantasy,"['Adventure', 'Animation', 'Children', 'Comedy', 'Fantasy']",5,2015.0,4,3.0,1.4719601443879744,1.0,4.5,2015
136018,Black Mass (2015),Crime|Drama,"['Crime', 'Drama']",2,2015.0,3,2.5,0.5,2.0,3.0,2015
136020,Spectre (2015),Action|Adventure|Crime,"['Action', 'Adventure', 'Crime']",3,2015.0,17,3.0588235294117645,1.3679632778008937,0.5,5.0,2015
136305,Sharknado 3: Oh Hell No! (2015),Horror|Sci-Fi,"['Horror', 'Sci-Fi']",2,2015.0,2,1.0,0.0,1.0,1.0,2015
136355,Big Top Scooby-Doo! (2012),Animation|Children|Comedy,"['Animation', 'Children', 'Comedy']",3,2012.0,1,5.0,0.0,5.0,5.0,2012
136471,Kevin Hart: Laugh at My Pain (2011),Comedy|Documentary,"['Comedy', 'Documentary']",2,2011.0,1,3.5,0.0,3.5,3.5,2011
136511,Jeff Dunham: All Over the Map (2014),Comedy,['Comedy'],1,2014.0,1,2.0,0.0,2.0,2.0,2014
136540,The FP (2012),Comedy,['Comedy'],1,2012.0,1,4.5,0.0,4.5,4.5,2012
136556,Kung Fu Panda: Secrets of the Masters (2011),Animation|Children,"['Animation', 'Children']",2,2011.0,1,5.0,0.0,5.0,5.0,2011
136562,Steve Jobs (2015),Drama,['Drama'],1,2015.0,6,3.75,0.8215838362577491,3.0,5.0,2015
136564,Macbeth (2015),Drama,['Drama'],1,2015.0,1,2.5,0.0,2.5,2.5,2015
136598,Vacation (2015),Adventure|Comedy,"['Adventure', 'Comedy']",2,2015.0,6,3.4166666666666665,1.2416387021459452,1.5,5.0,2015
136602,Creep (2014),Horror|Thriller,"['Horror', 'Thriller']",2,2014.0,2,3.0,1.4142135623730951,2.0,4.0,2014
136654,The Face of an Angel (2015),Drama,['Drama'],1,2015.0,1,1.5,0.0,1.5,1.5,2015
136664,Wild Horses (2015),Crime|Drama,"['Crime', 'Drama']",2,2015.0,1,1.0,0.0,1.0,1.0,2015
136666,Search Party (2014),Comedy,['Comedy'],1,2014.0,2,2.25,1.7677669529663689,1.0,3.5,2014
136778,The Squeeze (2015),Comedy|Drama,"['Comedy', 'Drama']",2,2015.0,1,2.0,0.0,2.0,2.0,2015
136786,Careful What You Wish For (2015),Thriller,['Thriller'],1,2015.0,1,1.5,0.0,1.5,1.5,2015
136800,Robot Overlords (2014),Action|Adventure|Sci-Fi,"['Action', 'Adventure', 'Sci-Fi']",3,2014.0,1,1.5,0.0,1.5,1.5,2014
136816,Bad Asses on the Bayou (2015),Action|Comedy,"['Action', 'Comedy']",2,2015.0,1,2.5,0.0,2.5,2.5,2015
136840,Da geht noch was! (2013),Comedy|Drama|Romance,"['Comedy', 'Drama', 'Romance']",3,2013.0,1,3.5,0.0,3.5,3.5,2013
136859,The Lovers (2015),Action|Adventure|Romance|Sci-Fi,"['Action', 'Adventure', 'Romance', 'Sci-Fi']",4,2015.0,1,1.5,0.0,1.5,1.5,2015
136864,Batman v Superman: Dawn of Justice (2016),Action|Adventure|Fantasy|Sci-Fi,"['Action', 'Adventure', 'Fantasy', 'Sci-Fi']",4,2016.0,16,2.34375,1.0119082632992644,0.5,4.5,2016
136912,God Loves Caviar (2012),Adventure,['Adventure'],1,2012.0,1,2.0,0.0,2.0,2.0,2012
137337,Amy (2015),Documentary,['Documentary'],1,2015.0,4,3.5,0.7071067811865476,2.5,4.0,2015
137345,That Demon Within (2014),Crime|Thriller,"['Crime', 'Thriller']",2,2014.0,1,2.0,0.0,2.0,2.0,2014
137595,Magic Mike XXL (2015),Comedy|Drama,"['Comedy', 'Drama']",2,2015.0,1,4.0,0.0,4.0,4.0,2015
137857,The Jungle Book (2016),Adventure|Drama|Fantasy,"['Adventure', 'Drama', 'Fantasy']",3,2016.0,11,3.636363636363636,0.8090398349558905,2.0,5.0,2016
137863,Dragon Ball Z: Resurrection of F (2015),Action|Adventure|Animation|Fantasy,"['Action', 'Adventure', 'Animation', 'Fantasy']",4,2015.0,1,4.0,0.0,4.0,4.0,2015
138036,The Man from U.N.C.L.E. (2015),Action|Adventure|Comedy,"['Action', 'Adventure', 'Comedy']",3,2015.0,18,3.4722222222222223,0.9151056226761994,2.0,5.0,2015
138186,Sorrow (2015),Crime|Drama|Horror,"['Crime', 'Drama', 'Horror']",3,2015.0,1,0.5,0.0,0.5,0.5,2015
138204,7 Days in Hell (2015),Comedy,['Comedy'],1,2015.0,2,4.0,0.0,4.0,4.0,2015
138208,The Walk (2015),Adventure|Drama|Thriller,"['Adventure', 'Drama', 'Thriller']",3,2015.0,2,3.0,0.7071067811865476,2.5,3.5,2015
138210,13 Hours (2016),Drama,['Drama'],1,2016.0,5,3.3,1.2549900398011131,1.5,5.0,2016
138396,There Will Come a Day (2013),Comedy|Drama,"['Comedy', 'Drama']",2,2013.0,1,3.5,0.0,3.5,3.5,2013
138546,The Opposite Sex (2014),Comedy,['Comedy'],1,2014.0,1,1.5,0.0,1.5,1.5,2014
138610,The Gallows (2015),Horror|Thriller,"['Horror', 'Thriller']",2,2015.0,1,1.5,0.0,1.5,1.5,2015
138632,Tokyo Tribe (2014),Action|Crime|Drama|Sci-Fi,"['Action', 'Crime', 'Drama', 'Sci-Fi']",4,2014.0,1,5.0,0.0,5.0,5.0,2014
138702,Feast (2014),Animation|Children|Comedy|Drama|Romance,"['Animation', 'Children', 'Comedy', 'Drama', 'Romance']",5,2014.0,1,3.0,0.0,3.0,3.0,2014
138798,Joe Dirt 2: Beautiful Loser (2015),Comedy,['Comedy'],1,2015.0,1,0.5,0.0,0.5,0.5,2015
139052,Dark Places (2015),Drama|Mystery|Thriller,"['Drama', 'Mystery', 'Thriller']",3,2015.0,1,2.0,0.0,2.0,2.0,2015
139157,Massu Engira Maasilamani (2015),Comedy|Horror|Thriller,"['Comedy', 'Horror', 'Thriller']",3,2015.0,1,4.5,0.0,4.5,4.5,2015
139385,The Revenant (2015),Adventure|Drama,"['Adventure', 'Drama']",2,2015.0,31,3.903225806451613,1.0521355650826691,0.5,5.0,2015
139415,Irrational Man (2015),Crime|Drama,"['Crime', 'Drama']",2,2015.0,1,3.0,0.0,3.0,3.0,2015
139640,Ooops! Noah is Gone... (2015),Animation,['Animation'],1,2015.0,1,5.0,0.0,5.0,5.0,2015
139642,Southpaw (2015),Action|Drama,"['Action', 'Drama']",2,2015.0,6,2.833333333333333,1.3662601021279464,0.5,4.0,2015
139644,Sicario (2015),Crime|Drama|Mystery,"['Crime', 'Drama', 'Mystery']",3,2015.0,11,3.5454545454545454,0.7229988054812212,2.0,4.5,2015
139655,Goodnight Mommy (Ich seh ich seh) (2014),Drama|Fantasy|Horror|Thriller,"['Drama', 'Fantasy', 'Horror', 'Thriller']",4,2014.0,1,3.0,0.0,3.0,3.0,2014
139717,10 Cent Pistol (2015),Crime|Thriller,"['Crime', 'Thriller']",2,2015.0,2,1.25,1.0606601717798212,0.5,2.0,2015
139747,Before We Go (2014),Romance,['Romance'],1,2014.0,1,3.5,0.0,3.5,3.5,2014
139855,Anomalisa (2015),Animation|Comedy|Fantasy,"['Animation', 'Comedy', 'Fantasy']",3,2015.0,2,3.25,0.3535533905932738,3.0,3.5,2015
139857,Colonia (2016),Thriller,['Thriller'],1,2016.0,1,1.5,0.0,1.5,1.5,2016
139859,Ghost in the Shell Arise - Border 2: Ghost Whispers (2013),Action|Animation|Sci-Fi|Thriller,"['Action', 'Animation', 'Sci-Fi', 'Thriller']",4,2013.0,1,2.5,0.0,2.5,2.5,2013
139915,How to Make Love Like an Englishman (2014),Comedy|Romance,"['Comedy', 'Romance']",2,2014.0,2,2.25,0.3535533905932738,2.0,2.5,2014
140016,Always Watching: A Marble Hornets Story (2015),Horror,['Horror'],1,2015.0,1,2.0,0.0,2.0,2.0,2015
140110,The Intern (2015),Comedy,['Comedy'],1,2015.0,13,3.6538461538461537,1.0284416890093029,1.0,5.0,2015
140162,Love (2015),Drama|Romance,"['Drama', 'Romance']",2,2015.0,1,4.5,0.0,4.5,4.5,2015
140174,Room (2015),Drama,['Drama'],1,2015.0,8,3.5625,0.9797047660246574,2.0,4.5,2015
140237,The Runner (2015),Drama,['Drama'],1,2015.0,1,2.0,0.0,2.0,2.0,2015
140247,The Gift (2015),Drama|Horror,"['Drama', 'Horror']",2,2015.0,4,3.25,1.6583123951777,1.0,5.0,2015
140267,The Witch (2015),Horror,['Horror'],1,2015.0,1,4.0,0.0,4.0,4.0,2015
140289,Men & Chicken (2015),Comedy|Drama,"['Comedy', 'Drama']",2,2015.0,1,4.0,0.0,4.0,4.0,2015
140301,The Escort (2015),Comedy|Romance,"['Comedy', 'Romance']",2,2015.0,1,3.0,0.0,3.0,3.0,2015
140523,"Visit, The (2015)",Comedy|Horror,"['Comedy', 'Horror']",2,2015.0,1,3.5,0.0,3.5,3.5,2015
140525,Secret in Their Eyes (2015),Crime|Drama|Mystery,"['Crime', 'Drama', 'Mystery']",3,2015.0,1,1.5,0.0,1.5,1.5,2015
140561,Jeff Ross Roasts Criminals: Live at Brazos County Jail (2015),Comedy|Documentary,"['Comedy', 'Documentary']",2,2015.0,1,4.0,0.0,4.0,4.0,2015
140627,Battle For Sevastopol (2015),Drama|Romance|War,"['Drama', 'Romance', 'War']",3,2015.0,1,5.0,0.0,5.0,5.0,2015
140711,American Ultra (2015),Action|Comedy|Sci-Fi|Thriller,"['Action', 'Comedy', 'Sci-Fi', 'Thriller']",4,2015.0,6,2.6666666666666665,1.3662601021279464,0.5,4.0,2015
140715,Straight Outta Compton (2015),Drama,['Drama'],1,2015.0,7,4.214285714285714,0.4879500364742666,3.5,5.0,2015
140725,Cop Car (2015),Crime|Thriller,"['Crime', 'Thriller']",2,2015.0,2,3.5,0.7071067811865476,3.0,4.0,2015
140816,Tangerine (2015),Comedy|Drama,"['Comedy', 'Drama']",2,2015.0,1,4.5,0.0,4.5,4.5,2015
140850,Every Secret Thing (2014),Crime|Drama|Mystery|Thriller,"['Crime', 'Drama', 'Mystery', 'Thriller']",4,2014.0,1,2.0,0.0,2.0,2.0,2014
140928,Joy (2015),Comedy|Drama,"['Comedy', 'Drama']",2,2015.0,5,3.2,0.8366600265340756,2.5,4.5,2015
141004,Victor Frankenstein (2015),Drama|Horror|Sci-Fi,"['Drama', 'Horror', 'Sci-Fi']",3,2015.0,2,3.25,1.7677669529663689,2.0,4.5,2015
141131,Guardians (2016),(no genres listed),['(no genres listed)'],0,2016.0,1,2.5,0.0,2.5,2.5,2016
141408,Scouts Guide to the Zombie Apocalypse (2015),Action|Comedy|Horror,"['Action', 'Comedy', 'Horror']",3,2015.0,2,3.75,0.3535533905932738,3.5,4.0,2015
141422,Suffragette (2015),Drama,['Drama'],1,2015.0,1,2.5,0.0,2.5,2.5,2015
141513,Fort Tilden (2014),Comedy,['Comedy'],1,2014.0,1,4.0,0.0,4.0,4.0,2014
141544,Turbo Kid (2015),Action|Adventure|Sci-Fi,"['Action', 'Adventure', 'Sci-Fi']",3,2015.0,3,3.5,0.8660254037844386,2.5,4.0,2015
141646,The Unauthorized Saved by the Bell Story (2014),Comedy|Drama,"['Comedy', 'Drama']",2,2014.0,1,3.5,0.0,3.5,3.5,2014
141668,War Room (2015),Drama,['Drama'],1,2015.0,1,0.5,0.0,0.5,0.5,2015
141688,Legend (2015),Crime|Thriller,"['Crime', 'Thriller']",2,2015.0,2,3.5,0.7071067811865476,3.0,4.0,2015
141718,Deathgasm (2015),Comedy|Horror,"['Comedy', 'Horror']",2,2015.0,1,5.0,0.0,5.0,5.0,2015
141749,The Danish Girl (2015),Drama,['Drama'],1,2015.0,2,3.75,0.3535533905932738,3.5,4.0,2015
141799,Cooties (2015),Comedy|Horror,"['Comedy', 'Horror']",2,2015.0,1,3.5,0.0,3.5,3.5,2015
141846,Steve Jobs: The Man in the Machine (2015),Documentary,['Documentary'],1,2015.0,1,4.0,0.0,4.0,4.0,2015
141866,Green Room (2015),(no genres listed),['(no genres listed)'],0,2015.0,3,3.333333333333333,0.5773502691896258,3.0,4.0,2015
141890,Beasts of No Nation (2015),Drama|War,"['Drama', 'War']",2,2015.0,2,3.0,0.0,3.0,3.0,2015
141928,Bloodsucking Bastards (2015),Comedy|Horror,"['Comedy', 'Horror']",2,2015.0,1,5.0,0.0,5.0,5.0,2015
141994,Saving Christmas (2014),Children|Comedy,"['Children', 'Comedy']",2,2014.0,1,0.5,0.0,0.5,0.5,2014
142056,Iron Man & Hulk: Heroes United (2013),Action|Adventure|Animation,"['Action', 'Adventure', 'Animation']",3,2013.0,1,3.0,0.0,3.0,3.0,2013
142074,Knock Knock (2015),Crime|Horror|Thriller,"['Crime', 'Horror', 'Thriller']",3,2015.0,1,1.5,0.0,1.5,1.5,2015
142222,Demolition (2016),Drama,['Drama'],1,2016.0,4,3.125,1.181453906563152,1.5,4.0,2016
142372,Our Brand Is Crisis (2015),Comedy|Drama,"['Comedy', 'Drama']",2,2015.0,2,2.75,1.0606601717798212,2.0,3.5,2015
142420,High Rise (2015),Action|Drama|Sci-Fi,"['Action', 'Drama', 'Sci-Fi']",3,2015.0,2,3.0,0.7071067811865476,2.5,3.5,2015
142422,The Night Before (2015),Comedy,['Comedy'],1,2015.0,4,4.25,0.6454972243679028,3.5,5.0,2015
142424,Into the Forest (2015),Drama|Sci-Fi,"['Drama', 'Sci-Fi']",2,2015.0,1,2.0,0.0,2.0,2.0,2015
142444,The Editor (2015),Comedy|Horror|Mystery,"['Comedy', 'Horror', 'Mystery']",3,2015.0,1,5.0,0.0,5.0,5.0,2015
142448,Everest (2015),Adventure|Drama|Thriller,"['Adventure', 'Drama', 'Thriller']",3,2015.0,6,3.083333333333333,0.8010409893798611,2.0,4.0,2015
142456,The Brand New Testament (2015),(no genres listed),['(no genres listed)'],0,2015.0,2,4.0,0.7071067811865476,3.5,4.5,2015
142488,Spotlight (2015),Thriller,['Thriller'],1,2015.0,19,4.157894736842105,0.7274886707584327,2.5,5.0,2015
142507,Pawn Sacrifice (2015),Drama,['Drama'],1,2015.0,1,2.5,0.0,2.5,2.5,2015
142509,Hardcore Henry (2015),Action|Adventure|Sci-Fi,"['Action', 'Adventure', 'Sci-Fi']",3,2015.0,2,3.75,1.0606601717798212,3.0,4.5,2015
142536,Burnt (2015),Drama,['Drama'],1,2015.0,3,2.0,0.5,1.5,2.5,2015
142550,Ryuzo and the Seven Henchmen (2015),Action|Comedy,"['Action', 'Comedy']",2,2015.0,1,4.5,0.0,4.5,4.5,2015
142598,Last Shift (2014),Horror,['Horror'],1,2014.0,1,4.0,0.0,4.0,4.0,2014
142602,"F*ck You, Goethe 2 (2015)",Comedy,['Comedy'],1,2015.0,1,1.0,0.0,1.0,1.0,2015
142961,Life Eternal (2015),Comedy|Crime|Thriller,"['Comedy', 'Crime', 'Thriller']",3,2015.0,1,2.5,0.0,2.5,2.5,2015
142997,Hotel Transylvania 2 (2015),Animation|Comedy,"['Animation', 'Comedy']",2,2015.0,4,2.875,0.7500000000000001,2.0,3.5,2015
143001,Anti-Social (2015),Crime,['Crime'],1,2015.0,1,1.5,0.0,1.5,1.5,2015
143245,The Little Prince (2015),Animation|Fantasy,"['Animation', 'Fantasy']",2,2015.0,2,2.25,1.0606601717798212,1.5,3.0,2015
143255,Narcopolis (2014),Mystery|Sci-Fi|Thriller,"['Mystery', 'Sci-Fi', 'Thriller']",3,2014.0,1,1.5,0.0,1.5,1.5,2014
143257,Ashby (2015),Comedy|Drama,"['Comedy', 'Drama']",2,2015.0,2,3.0,0.7071067811865476,2.5,3.5,2015
143355,Wonder Woman (2017),Action|Adventure|Fantasy,"['Action', 'Adventure', 'Fantasy']",3,2017.0,13,3.3076923076923075,1.0315534712764842,1.5,4.5,2017
143365,The Circle (2016),Drama|Sci-Fi|Thriller,"['Drama', 'Sci-Fi', 'Thriller']",3,2016.0,1,2.5,0.0,2.5,2.5,2016
143367,Silence (2016),Drama|Thriller,"['Drama', 'Thriller']",2,2016.0,2,3.75,1.0606601717798212,3.0,4.5,2016
143385,Bridge of Spies (2015),Drama|Thriller,"['Drama', 'Thriller']",2,2015.0,8,3.4375,1.050085030570654,1.0,4.0,2015
143458,The Great Hypnotist (2014),Drama|Mystery|Thriller,"['Drama', 'Mystery', 'Thriller']",3,2014.0,1,4.0,0.0,4.0,4.0,2014
143472,Into the Grizzly Maze (2015),Action|Horror|Thriller,"['Action', 'Horror', 'Thriller']",3,2015.0,1,1.5,0.0,1.5,1.5,2015
143511,Human (2015),Documentary,['Documentary'],1,2015.0,1,5.0,0.0,5.0,5.0,2015
143525,Chasuke's Journey (2015),Comedy|Drama,"['Comedy', 'Drama']",2,2015.0,1,4.0,0.0,4.0,4.0,2015
143559,L.A. Slasher (2015),Comedy|Crime|Fantasy,"['Comedy', 'Crime', 'Fantasy']",3,2015.0,1,5.0,0.0,5.0,5.0,2015
143859,"Hail, Caesar! (2016)",Comedy,['Comedy'],1,2016.0,8,2.8125,1.032939633141398,1.5,4.0,2016
143896,How To Change The World (2015),Documentary,['Documentary'],1,2015.0,1,4.5,0.0,4.5,4.5,2015
143969,Er ist wieder da (2015),Comedy,['Comedy'],1,2015.0,3,2.833333333333333,1.755942292142123,1.0,4.5,2015
144210,Just Eat It: A Food Waste Story (2014),Documentary,['Documentary'],1,2014.0,1,4.0,0.0,4.0,4.0,2014
144222,Bros Before Hos (2013),Comedy,['Comedy'],1,2013.0,1,3.0,0.0,3.0,3.0,2013
144262,Slow Learners (2015),Comedy|Romance,"['Comedy', 'Romance']",2,2015.0,1,2.0,0.0,2.0,2.0,2015
144352,Unforgiven (2013),Action|Crime|Drama,"['Action', 'Crime', 'Drama']",3,2013.0,1,0.5,0.0,0.5,0.5,2013
144478,"Sex, Drugs & Taxation (2013)",Comedy|Drama,"['Comedy', 'Drama']",2,2013.0,1,4.5,0.0,4.5,4.5,2013
144620,Goosebumps (2015),Adventure|Comedy|Horror,"['Adventure', 'Comedy', 'Horror']",3,2015.0,2,2.0,0.7071067811865476,1.5,2.5,2015
144714,The Perfect Guy (2015),Drama|Thriller,"['Drama', 'Thriller']",2,2015.0,1,1.5,0.0,1.5,1.5,2015
144716,Rock the Kasbah (2015),Comedy,['Comedy'],1,2015.0,1,2.0,0.0,2.0,2.0,2015
144734,Freaks of Nature (2015),Comedy|Horror|Sci-Fi,"['Comedy', 'Horror', 'Sci-Fi']",3,2015.0,1,4.5,0.0,4.5,4.5,2015
144976,Bone Tomahawk (2015),Horror|Western,"['Horror', 'Western']",2,2015.0,2,4.5,0.0,4.5,4.5,2015
145080,Extraordinary Tales (2015),Animation|Horror|Mystery,"['Animation', 'Horror', 'Mystery']",3,2015.0,1,2.5,0.0,2.5,2.5,2015
145150,The Dressmaker (2015),Comedy|Drama|Thriller,"['Comedy', 'Drama', 'Thriller']",3,2015.0,1,3.0,0.0,3.0,3.0,2015
145283,Nowitzki: The Perfect Shot (2014),Documentary,['Documentary'],1,2014.0,1,3.5,0.0,3.5,3.5,2014
145418,Trumbo (2015),Drama,['Drama'],1,2015.0,1,4.0,0.0,4.0,4.0,2015
145839,Concussion (2015),Drama,['Drama'],1,2015.0,3,2.5,1.0,1.5,3.5,2015
145935,"Peanuts Movie, The (2015)",Adventure|Animation|Children|Comedy,"['Adventure', 'Animation', 'Children', 'Comedy']",4,2015.0,1,1.5,0.0,1.5,1.5,2015
146210,Blue Mountain State: The Rise of Thadland (2015),Comedy,['Comedy'],1,2015.0,1,3.0,0.0,3.0,3.0,2015
146309,The Boy and the Beast (2015),Action|Adventure|Animation,"['Action', 'Adventure', 'Animation']",3,2015.0,1,4.0,0.0,4.0,4.0,2015
146656,Creed (2015),Drama,['Drama'],1,2015.0,8,3.75,0.6546536707079771,3.0,5.0,2015
146662,Dragons: Gift of the Night Fury (2011),Adventure|Animation|Comedy,"['Adventure', 'Animation', 'Comedy']",3,2011.0,1,5.0,0.0,5.0,5.0,2011
146682,Twinsters (2015),Documentary,['Documentary'],1,2015.0,1,4.0,0.0,4.0,4.0,2015
146684,Cosmic Scrat-tastrophe (2015),Animation|Children|Comedy,"['Animation', 'Children', 'Comedy']",3,2015.0,1,5.0,0.0,5.0,5.0,2015
146688,Solace (2015),Fantasy|Mystery|Thriller,"['Fantasy', 'Mystery', 'Thriller']",3,2015.0,1,2.0,0.0,2.0,2.0,2015
146730,Lost in the Sun (2015),Action|Drama|Thriller,"['Action', 'Drama', 'Thriller']",3,2015.0,1,2.0,0.0,2.0,2.0,2015
147282,What Men Still Talk About (2011),Comedy,['Comedy'],1,2011.0,1,4.0,0.0,4.0,4.0,2011
147372,Doctor Who: Last Christmas (2014),Adventure|Drama|Fantasy|Sci-Fi,"['Adventure', 'Drama', 'Fantasy', 'Sci-Fi']",4,2014.0,2,3.75,1.0606601717798212,3.0,4.5,2014
147374,"Doctor Who: The Doctor, the Widow and the Wardrobe (2011)",Adventure|Drama,"['Adventure', 'Drama']",2,2011.0,3,4.166666666666667,1.0408329997330663,3.0,5.0,2011
147376,Doctor Who: A Christmas Carol (2010),Sci-Fi,['Sci-Fi'],1,2010.0,2,4.75,0.3535533905932738,4.5,5.0,2010
147410,A Perfect Day (2015),Comedy|Drama,"['Comedy', 'Drama']",2,2015.0,1,5.0,0.0,5.0,5.0,2015
148166,Hitchcock/Truffaut (2015),Documentary,['Documentary'],1,2015.0,1,3.5,0.0,3.5,3.5,2015
148172,The 5th Wave (2016),Adventure|Sci-Fi|Thriller,"['Adventure', 'Sci-Fi', 'Thriller']",3,2016.0,2,2.5,1.4142135623730951,1.5,3.5,2016
148238,A Very Murray Christmas (2015),Comedy,['Comedy'],1,2015.0,1,2.5,0.0,2.5,2.5,2015
148424,Chi-Raq (2015),Comedy|Drama,"['Comedy', 'Drama']",2,2015.0,2,3.75,1.0606601717798212,3.0,4.5,2015
148482,Truth (2015),Drama,['Drama'],1,2015.0,1,3.0,0.0,3.0,3.0,2015
148592,Just Jim (2015),Comedy,['Comedy'],1,2015.0,1,3.0,0.0,3.0,3.0,2015
148626,"Big Short, The (2015)",Drama,['Drama'],1,2015.0,26,3.9615384615384617,0.8114564304148059,2.5,5.0,2015
148632,Applesauce (2015),Comedy,['Comedy'],1,2015.0,1,4.5,0.0,4.5,4.5,2015
148652,The Ridiculous 6 (2015),Comedy|Western,"['Comedy', 'Western']",2,2015.0,2,3.25,0.3535533905932738,3.0,3.5,2015
148667,John Mulaney: The Comeback Kid (2015),Comedy,['Comedy'],1,2015.0,1,3.5,0.0,3.5,3.5,2015
148675,North Pole: Open For Christmas (2015),Children|Fantasy,"['Children', 'Fantasy']",2,2015.0,1,2.0,0.0,2.0,2.0,2015
148709,Mojave (2015),Thriller,['Thriller'],1,2015.0,1,2.0,0.0,2.0,2.0,2015
148881,World of Tomorrow (2015),Animation|Comedy,"['Animation', 'Comedy']",2,2015.0,2,4.5,0.7071067811865476,4.0,5.0,2015
148888,Zoolander 2 (2016),Comedy,['Comedy'],1,2016.0,3,2.5,0.5,2.0,3.0,2016
148956,How to Be Single (2016),Comedy|Romance,"['Comedy', 'Romance']",2,2016.0,4,3.125,0.9464847243000456,2.5,4.5,2016
148978,Blue Exorcist: The Movie (2012),Animation|Fantasy|Horror|Mystery,"['Animation', 'Fantasy', 'Horror', 'Mystery']",4,2012.0,1,4.0,0.0,4.0,4.0,2012
149011,He Never Died (2015),Comedy|Drama|Horror,"['Comedy', 'Drama', 'Horror']",3,2015.0,1,3.5,0.0,3.5,3.5,2015
149144,Parasyte: Part 1 (2014),Horror|Sci-Fi,"['Horror', 'Sci-Fi']",2,2014.0,1,4.0,0.0,4.0,4.0,2014
149146,Parasyte: Part 2 (2015),Horror|Sci-Fi,"['Horror', 'Sci-Fi']",2,2015.0,1,4.0,0.0,4.0,4.0,2015
149350,Lumberjack Man (2015),Comedy|Horror,"['Comedy', 'Horror']",2,2015.0,1,5.0,0.0,5.0,5.0,2015
149352,Daddy's Home (2015),Comedy,['Comedy'],1,2015.0,6,2.6666666666666665,1.4375905768565216,0.5,4.0,2015
149354,Sisters (2015),Children|Comedy,"['Children', 'Comedy']",2,2015.0,7,2.5,1.2583057392117916,0.5,4.0,2015
149380,'Tis the Season for Love (2015),Romance,['Romance'],1,2015.0,1,1.5,0.0,1.5,1.5,2015
149406,Kung Fu Panda 3 (2016),Action|Adventure|Animation,"['Action', 'Adventure', 'Animation']",3,2016.0,8,3.375,1.026436275942851,2.0,5.0,2016
149508,Spellbound (2011),Comedy|Romance,"['Comedy', 'Romance']",2,2011.0,1,5.0,0.0,5.0,5.0,2011
149566,Unicorn City (2012),Comedy|Romance,"['Comedy', 'Romance']",2,2012.0,1,5.0,0.0,5.0,5.0,2012
149590,Standoff (2016),Thriller,['Thriller'],1,2016.0,1,2.5,0.0,2.5,2.5,2016
149612,Swelter (2014),Action|Drama|Thriller,"['Action', 'Drama', 'Thriller']",3,2014.0,1,2.0,0.0,2.0,2.0,2014
149830,Pride and Prejudice and Zombies (2016),Comedy|Horror|Romance|Thriller,"['Comedy', 'Horror', 'Romance', 'Thriller']",4,2016.0,1,4.5,0.0,4.5,4.5,2016
149902,Garm Wars: The Last Druid (2014),Action|Sci-Fi|Thriller,"['Action', 'Sci-Fi', 'Thriller']",3,2014.0,1,2.0,0.0,2.0,2.0,2014
150254,The Devil's Candy (2015),Horror,['Horror'],1,2015.0,1,2.0,0.0,2.0,2.0,2015
150401,Close Range (2015),Action|Crime,"['Action', 'Crime']",2,2015.0,2,3.0,0.0,3.0,3.0,2015
150548,Sherlock: The Abominable Bride (2016),Action|Crime|Drama|Mystery|Thriller,"['Action', 'Crime', 'Drama', 'Mystery', 'Thriller']",5,2016.0,10,3.85,1.2258783698955529,1.0,5.0,2016
150596,Doctor Who: The Husbands of River Song (2015),Comedy|Drama|Sci-Fi,"['Comedy', 'Drama', 'Sci-Fi']",3,2015.0,2,4.25,0.3535533905932738,4.0,4.5,2015
150604,Moonwalkers (2015),Comedy,['Comedy'],1,2015.0,1,2.5,0.0,2.5,2.5,2015
150696,Tomorrow (2015),Documentary,['Documentary'],1,2015.0,1,4.5,0.0,4.5,4.5,2015
150993,Anacleto: Agente secreto (2015),Action|Comedy,"['Action', 'Comedy']",2,2015.0,1,4.0,0.0,4.0,4.0,2015
151311,Wiener-Dog (2016),Comedy,['Comedy'],1,2016.0,1,3.0,0.0,3.0,3.0,2016
151315,Ride Along 2 (2016),Action|Comedy,"['Action', 'Comedy']",2,2016.0,3,2.0,1.8027756377319943,0.5,4.0,2016
151317,Maggie's Plan (2015),Comedy,['Comedy'],1,2015.0,1,2.0,0.0,2.0,2.0,2015
151455,Eddie the Eagle (2016),Comedy,['Comedy'],1,2016.0,3,2.833333333333333,1.0408329997330663,2.0,4.0,2016
151501,Exposed (2016),Drama,['Drama'],1,2016.0,1,1.5,0.0,1.5,1.5,2016
151557,Stonewall (2015),Drama,['Drama'],1,2015.0,1,2.5,0.0,2.5,2.5,2015
151559,Frankenstein (2015),Horror|Thriller,"['Horror', 'Thriller']",2,2015.0,1,2.0,0.0,2.0,2.0,2015
151653,Welcome to Happiness (2015),Comedy|Drama|Fantasy,"['Comedy', 'Drama', 'Fantasy']",3,2015.0,1,1.5,0.0,1.5,1.5,2015
151687,Risen (2016),Children|Drama,"['Children', 'Drama']",2,2016.0,1,0.5,0.0,0.5,0.5,2016
151695,The Survivalist (2015),Drama|Sci-Fi|Thriller,"['Drama', 'Sci-Fi', 'Thriller']",3,2015.0,1,4.0,0.0,4.0,4.0,2015
151739,Dirty Grandpa (2016),Comedy,['Comedy'],1,2016.0,4,2.875,0.8539125638299665,2.0,4.0,2016
151759,Requiem for the American Dream (2015),Documentary,['Documentary'],1,2015.0,1,2.5,0.0,2.5,2.5,2015
151777,The Finest Hours (2016),Drama|Thriller,"['Drama', 'Thriller']",2,2016.0,1,3.0,0.0,3.0,3.0,2016
152037,Grease Live (2016),(no genres listed),['(no genres listed)'],0,2016.0,2,2.0,1.4142135623730951,1.0,3.0,2016
152063,Gods of Egypt (2016),Adventure|Fantasy,"['Adventure', 'Fantasy']",2,2016.0,1,0.5,0.0,0.5,0.5,2016
152065,Embrace of the Serpent (2016),Adventure|Drama,"['Adventure', 'Drama']",2,2016.0,1,3.5,0.0,3.5,3.5,2016
152071,Race (2016),Drama,['Drama'],1,2016.0,1,1.5,0.0,1.5,1.5,2016
152077,10 Cloverfield Lane (2016),Thriller,['Thriller'],1,2016.0,14,3.678571428571429,0.7495419846901084,2.5,5.0,2016
152079,London Has Fallen (2016),Action|Crime|Thriller,"['Action', 'Crime', 'Thriller']",3,2016.0,2,2.0,2.1213203435596424,0.5,3.5,2016
152081,Zootopia (2016),Action|Adventure|Animation|Children|Comedy,"['Action', 'Adventure', 'Animation', 'Children', 'Comedy']",5,2016.0,32,3.890625,0.8105590961719549,2.0,5.0,2016
152083,Whiskey Tango Foxtrot (2016),Comedy|War,"['Comedy', 'War']",2,2016.0,3,3.333333333333333,0.5773502691896258,3.0,4.0,2016
152085,Desierto (2016),Drama,['Drama'],1,2016.0,1,2.5,0.0,2.5,2.5,2016
152091,The Brothers Grimsby (2016),Comedy,['Comedy'],1,2016.0,4,3.125,0.6291528696058959,2.5,4.0,2016
152270,The Wait (2015),Drama,['Drama'],1,2015.0,1,3.5,0.0,3.5,3.5,2015
152284,War and Peace (2016),Drama|Romance,"['Drama', 'Romance']",2,2016.0,1,3.5,0.0,3.5,3.5,2016
152372,Southbound (2016),Horror,['Horror'],1,2016.0,1,3.5,0.0,3.5,3.5,2016
152591,Ip Man 3 (2015),Action,['Action'],1,2015.0,1,4.0,0.0,4.0,4.0,2015
152658,Santa's Little Helper (2015),Children,['Children'],1,2015.0,1,1.5,0.0,1.5,1.5,2015
152711,Who Killed Chea Vichea? (2010),Documentary,['Documentary'],1,2010.0,1,5.0,0.0,5.0,5.0,2010
152970,Hunt for the Wilderpeople (2016),Adventure|Comedy,"['Adventure', 'Comedy']",2,2016.0,4,4.375,0.25,4.0,4.5,2016
154065,Dad's Army (2016),Comedy,['Comedy'],1,2016.0,1,2.0,0.0,2.0,2.0,2016
154358,The Barkley Marathons: The Race That Eats Its Young (2015),Documentary,['Documentary'],1,2015.0,1,4.0,0.0,4.0,4.0,2015
154975,Merci Patron ! (2016),Comedy|Documentary,"['Comedy', 'Documentary']",2,2016.0,1,4.0,0.0,4.0,4.0,2016
155064,The Neon Demon (2016),Drama|Horror|Mystery,"['Drama', 'Horror', 'Mystery']",3,2016.0,2,3.0,0.7071067811865476,2.5,3.5,2016
155168,Fraktus (2012),Comedy,['Comedy'],1,2012.0,1,4.0,0.0,4.0,4.0,2012
155288,Eye in the Sky (2016),Drama|Thriller|War,"['Drama', 'Thriller', 'War']",3,2016.0,3,2.833333333333333,1.1547005383792517,1.5,3.5,2016
155358,Camino (2016),Action|Adventure|Thriller,"['Action', 'Adventure', 'Thriller']",3,2016.0,1,2.0,0.0,2.0,2.0,2016
155509,Mr. Right (2016),Action|Comedy|Romance,"['Action', 'Comedy', 'Romance']",3,2016.0,3,3.5,1.3228756555322954,2.0,4.5,2016
155659,Florence Foster Jenkins (2016),Comedy|Drama,"['Comedy', 'Drama']",2,2016.0,1,4.0,0.0,4.0,4.0,2016
155743,My Big Fat Greek Wedding 2 (2016),Comedy,['Comedy'],1,2016.0,1,2.0,0.0,2.0,2.0,2016
155774,Neon Bull (2015),Adventure,['Adventure'],1,2015.0,1,3.5,0.0,3.5,3.5,2015
155812,Get a Job (2016),Comedy,['Comedy'],1,2016.0,2,3.25,1.0606601717798212,2.5,4.0,2016
155820,Keanu (2016),Comedy,['Comedy'],1,2016.0,2,2.5,1.4142135623730951,1.5,3.5,2016
155892,Me Him Her (2015),Comedy,['Comedy'],1,2015.0,1,2.0,0.0,2.0,2.0,2015
156025,Ice Age: The Great Egg-Scapade (2016),Adventure|Animation|Children|Comedy,"['Adventure', 'Animation', 'Children', 'Comedy']",4,2016.0,1,5.0,0.0,5.0,5.0,2016
156371,Everybody Wants Some (2016),Comedy,['Comedy'],1,2016.0,3,4.166666666666667,0.7637626158259733,3.5,5.0,2016
156387,Sing Street (2016),Drama,['Drama'],1,2016.0,3,3.8333333333333335,0.2886751345948129,3.5,4.0,2016
156553,Zoom (2015),Animation|Comedy|Drama,"['Animation', 'Comedy', 'Drama']",3,2015.0,1,2.5,0.0,2.5,2.5,2015
156607,The Huntsman Winter's War (2016),Action|Adventure|Drama|Fantasy,"['Action', 'Adventure', 'Drama', 'Fantasy']",4,2016.0,3,1.0,0.5,0.5,1.5,2016
156609,Neighbors 2: Sorority Rising (2016),Comedy,['Comedy'],1,2016.0,5,2.6,1.4747881203752624,0.5,4.5,2016
156706,The Trust (2016),Crime|Thriller,"['Crime', 'Thriller']",2,2016.0,1,2.5,0.0,2.5,2.5,2016
156726,Hush (2016),Thriller,['Thriller'],1,2016.0,3,2.6666666666666665,2.0207259421636903,0.5,4.5,2016
156783,Jimmy Carr: Making People Laugh (2010),Comedy,['Comedy'],1,2010.0,1,2.5,0.0,2.5,2.5,2010
157122,The Man Who Knew Infinity (2016),Drama,['Drama'],1,2016.0,1,3.0,0.0,3.0,3.0,2016
157130,Despite the Falling Snow (2016),Drama|Romance|Thriller,"['Drama', 'Romance', 'Thriller']",3,2016.0,1,2.0,0.0,2.0,2.0,2016
157200,Money Monster (2016),Drama|Thriller,"['Drama', 'Thriller']",2,2016.0,2,2.25,0.3535533905932738,2.0,2.5,2016
157270,Barbershop: The Next Cut (2016),Comedy,['Comedy'],1,2016.0,1,2.5,0.0,2.5,2.5,2016
157296,Finding Dory (2016),Adventure|Animation|Comedy,"['Adventure', 'Animation', 'Comedy']",3,2016.0,13,3.576923076923077,0.9540735874430284,1.5,5.0,2016
157312,The Boss (2016),Comedy,['Comedy'],1,2016.0,3,2.6666666666666665,1.0408329997330663,1.5,3.5,2016
157340,The Angry Birds Movie (2016),Animation|Comedy,"['Animation', 'Comedy']",2,2016.0,1,2.5,0.0,2.5,2.5,2016
157369,Bakuman (2015),Comedy|Drama,"['Comedy', 'Drama']",2,2015.0,1,4.0,0.0,4.0,4.0,2015
157407,I Am Wrath (2016),Action|Crime|Drama|Thriller,"['Action', 'Crime', 'Drama', 'Thriller']",4,2016.0,1,1.5,0.0,1.5,1.5,2016
157432,Precious Cargo (2016),Action|Crime,"['Action', 'Crime']",2,2016.0,1,1.0,0.0,1.0,1.0,2016
157699,Snowden (2016),Drama|Thriller,"['Drama', 'Thriller']",2,2016.0,6,3.8333333333333335,0.6055300708194985,3.0,4.5,2016
157865,Ratchet & Clank (2016),Action|Adventure|Animation|Children|Comedy|Sci-Fi,"['Action', 'Adventure', 'Animation', 'Children', 'Comedy', 'Sci-Fi']",6,2016.0,1,1.5,0.0,1.5,1.5,2016
158022,Kicking Off (2016),Comedy,['Comedy'],1,2016.0,1,1.5,0.0,1.5,1.5,2016
158027,SORI: Voice from the Heart (2016),Drama|Sci-Fi,"['Drama', 'Sci-Fi']",2,2016.0,1,5.0,0.0,5.0,5.0,2016
158035,Gintama: The Final Chapter - Be Forever Yorozuya (2013),Action|Animation|Comedy,"['Action', 'Animation', 'Comedy']",3,2013.0,1,3.5,0.0,3.5,3.5,2013
158238,The Nice Guys (2016),Crime|Mystery|Thriller,"['Crime', 'Mystery', 'Thriller']",3,2016.0,15,3.8333333333333335,0.7943251103624894,2.0,5.0,2016
158254,Kindergarten Cop 2 (2016),Action|Comedy,"['Action', 'Comedy']",2,2016.0,1,1.5,0.0,1.5,1.5,2016
158402,The Crew (2016),Action,['Action'],1,2016.0,1,2.5,0.0,2.5,2.5,2016
158528,The Shallows (2016),Drama|Thriller,"['Drama', 'Thriller']",2,2016.0,1,2.5,0.0,2.5,2.5,2016
158783,The Handmaiden (2016),Drama|Romance|Thriller,"['Drama', 'Romance', 'Thriller']",3,2016.0,3,2.6666666666666665,1.8929694486000912,0.5,4.0,2016
158813,Alice Through the Looking Glass (2016),Adventure|Children|Fantasy,"['Adventure', 'Children', 'Fantasy']",3,2016.0,4,2.0,0.9128709291752768,1.0,3.0,2016
158830,The BFG (2016),Children|Fantasy,"['Children', 'Fantasy']",2,2016.0,1,2.5,0.0,2.5,2.5,2016
158842,My Scientology Movie (2016),Documentary,['Documentary'],1,2016.0,1,3.5,0.0,3.5,3.5,2016
158872,Sausage Party (2016),Animation|Comedy,"['Animation', 'Comedy']",2,2016.0,7,3.642857142857143,1.492042384180314,0.5,5.0,2016
158882,All Yours (2016),Comedy|Drama|Romance,"['Comedy', 'Drama', 'Romance']",3,2016.0,1,5.0,0.0,5.0,5.0,2016
158956,Kill Command (2016),Action|Horror|Sci-Fi,"['Action', 'Horror', 'Sci-Fi']",3,2016.0,2,2.5,0.7071067811865476,2.0,3.0,2016
158966,Captain Fantastic (2016),Drama,['Drama'],1,2016.0,5,4.5,0.0,4.5,4.5,2016
158972,Toni Erdmann (2016),Drama,['Drama'],1,2016.0,3,3.6666666666666665,0.2886751345948129,3.5,4.0,2016
159061,The Wailing (2016),Mystery|Thriller,"['Mystery', 'Thriller']",2,2016.0,1,3.0,0.0,3.0,3.0,2016
159077,The Meddler (2016),Comedy|Drama,"['Comedy', 'Drama']",2,2016.0,1,2.5,0.0,2.5,2.5,2016
159093,Now You See Me 2 (2016),Action|Comedy|Thriller,"['Action', 'Comedy', 'Thriller']",3,2016.0,11,3.636363636363636,0.9770084209183943,1.0,4.5,2016
159161,Ali Wong: Baby Cobra (2016),(no genres listed),['(no genres listed)'],0,2016.0,1,4.5,0.0,4.5,4.5,2016
159193,Café Society (2016),Comedy|Drama|Romance,"['Comedy', 'Drama', 'Romance']",3,2016.0,1,3.0,0.0,3.0,3.0,2016
159415,Swiss Army Man (2016),Comedy|Drama|Romance,"['Comedy', 'Drama', 'Romance']",3,2016.0,2,3.25,1.0606601717798212,2.5,4.0,2016
159441,The Do-Over (2016),Comedy,['Comedy'],1,2016.0,2,3.5,1.4142135623730951,2.5,4.5,2016
159690,Teenage Mutant Ninja Turtles: Out of the Shadows (2016),Action|Adventure|Comedy,"['Action', 'Adventure', 'Comedy']",3,2016.0,1,2.0,0.0,2.0,2.0,2016
159717,The Fundamentals of Caring (2016),Drama,['Drama'],1,2016.0,2,3.75,0.3535533905932738,3.5,4.0,2016
159755,Popstar: Never Stop Never Stopping (2016),Comedy,['Comedy'],1,2016.0,2,2.75,1.7677669529663689,1.5,4.0,2016
159779,A Midsummer Night's Dream (2016),(no genres listed),['(no genres listed)'],0,2016.0,1,4.0,0.0,4.0,4.0,2016
159849,Bo Burnham: Make Happy (2016),Comedy,['Comedy'],1,2016.0,1,2.5,0.0,2.5,2.5,2016
159858,The Conjuring 2 (2016),Horror,['Horror'],1,2016.0,2,2.25,2.4748737341529163,0.5,4.0,2016
159976,Pelé: Birth of a Legend (2016),Drama,['Drama'],1,2016.0,1,4.5,0.0,4.5,4.5,2016
160080,Ghostbusters (2016),Action|Comedy|Horror|Sci-Fi,"['Action', 'Comedy', 'Horror', 'Sci-Fi']",4,2016.0,8,3.125,0.7440238091428449,1.5,4.0,2016
160271,Central Intelligence (2016),Action|Comedy,"['Action', 'Comedy']",2,2016.0,4,3.625,1.0307764064044151,2.5,5.0,2016
160289,O.J.: Made in America (2016),Documentary,['Documentary'],1,2016.0,1,4.5,0.0,4.5,4.5,2016
160400,Genius (2016),Drama,['Drama'],1,2016.0,1,3.0,0.0,3.0,3.0,2016
160438,Jason Bourne (2016),Action,['Action'],1,2016.0,9,2.7222222222222223,1.0639287779003088,1.5,5.0,2016
160440,The Maid's Room (2014),Thriller,['Thriller'],1,2014.0,1,1.5,0.0,1.5,1.5,2014
160563,The Legend of Tarzan (2016),Action|Adventure,"['Action', 'Adventure']",2,2016.0,6,3.083333333333333,0.6645800679125629,2.0,3.5,2016
160565,The Purge: Election Year (2016),Action|Horror|Sci-Fi,"['Action', 'Horror', 'Sci-Fi']",3,2016.0,2,2.75,2.4748737341529163,1.0,4.5,2016
160567,Mike & Dave Need Wedding Dates (2016),Comedy,['Comedy'],1,2016.0,3,3.333333333333333,1.2583057392117916,2.0,4.5,2016
160569,Ice Age: Collision Course (2016),Adventure|Animation|Children|Comedy,"['Adventure', 'Animation', 'Children', 'Comedy']",4,2016.0,1,1.0,0.0,1.0,1.0,2016
160571,Lights Out (2016),Horror,['Horror'],1,2016.0,2,3.0,0.0,3.0,3.0,2016
160573,Pete's Dragon (2016),Adventure|Children|Fantasy,"['Adventure', 'Children', 'Fantasy']",3,2016.0,1,3.0,0.0,3.0,3.0,2016
160644,Indignation (2016),Drama,['Drama'],1,2016.0,1,5.0,0.0,5.0,5.0,2016
160646,Goat (2016),Drama,['Drama'],1,2016.0,1,2.5,0.0,2.5,2.5,2016
160684,Marauders (2016),Action,['Action'],1,2016.0,1,3.5,0.0,3.5,3.5,2016
160718,Piper (2016),Animation,['Animation'],1,2016.0,2,4.5,0.0,4.5,4.5,2016
160730,The Adderall Diaries (2015),Action|Drama|Thriller,"['Action', 'Drama', 'Thriller']",3,2015.0,1,2.0,0.0,2.0,2.0,2015
160848,The Red Turtle (2016),Animation,['Animation'],1,2016.0,1,4.5,0.0,4.5,4.5,2016
160872,Satanic (2016),Horror,['Horror'],1,2016.0,1,0.5,0.0,0.5,0.5,2016
160954,Nerve (2016),Drama|Thriller,"['Drama', 'Thriller']",2,2016.0,4,2.625,0.75,1.5,3.0,2016
160980,Sully (2016),Drama,['Drama'],1,2016.0,6,3.1666666666666665,0.752772652709081,2.0,4.0,2016
161024,Jim Jefferies: Freedumb (2016),Comedy,['Comedy'],1,2016.0,1,4.5,0.0,4.5,4.5,2016
161127,The Infiltrator (2016),Crime|Drama,"['Crime', 'Drama']",2,2016.0,2,3.75,0.3535533905932738,3.5,4.0,2016
161131,War Dogs (2016),Comedy,['Comedy'],1,2016.0,8,3.625,0.5824823725107174,2.5,4.5,2016
161290,Vigilante Diaries (2016),Action,['Action'],1,2016.0,1,1.0,0.0,1.0,1.0,2016
161354,Batman: The Killing Joke (2016),Action|Animation|Crime|Drama,"['Action', 'Animation', 'Crime', 'Drama']",4,2016.0,1,3.0,0.0,3.0,3.0,2016
161580,Bad Moms (2016),Comedy,['Comedy'],1,2016.0,3,3.8333333333333335,0.5773502691896258,3.5,4.5,2016
161582,Hell or High Water (2016),Crime|Drama,"['Crime', 'Drama']",2,2016.0,8,3.5625,1.321187236649565,0.5,5.0,2016
161594,Kingsglaive: Final Fantasy XV (2016),Action|Adventure|Animation|Drama|Fantasy|Sci-Fi,"['Action', 'Adventure', 'Animation', 'Drama', 'Fantasy', 'Sci-Fi']",6,2016.0,1,3.5,0.0,3.5,3.5,2016
161634,Don't Breathe (2016),Thriller,['Thriller'],1,2016.0,5,3.3,0.5700877125495689,2.5,4.0,2016
161830,Body (2015),Drama|Horror|Thriller,"['Drama', 'Horror', 'Thriller']",3,2015.0,1,1.0,0.0,1.0,1.0,2015
161918,Sharknado 4: The 4th Awakens (2016),Action|Adventure|Horror|Sci-Fi,"['Action', 'Adventure', 'Horror', 'Sci-Fi']",4,2016.0,1,1.5,0.0,1.5,1.5,2016
161922,The Edge of Seventeen (2016),Comedy,['Comedy'],1,2016.0,2,3.25,0.3535533905932738,3.0,3.5,2016
161966,Elle (2016),Thriller,['Thriller'],1,2016.0,1,4.0,0.0,4.0,4.0,2016
162082,Train to Busan (2016),Action|Thriller,"['Action', 'Thriller']",2,2016.0,1,3.5,0.0,3.5,3.5,2016
162344,Tom Segura: Mostly Stories (2016),Comedy,['Comedy'],1,2016.0,1,5.0,0.0,5.0,5.0,2016
162350,The Magnificent Seven (2016),Action|Western,"['Action', 'Western']",2,2016.0,6,3.583333333333333,0.6645800679125629,2.5,4.5,2016
162478,Masterminds (2016),Action|Comedy|Crime,"['Action', 'Comedy', 'Crime']",3,2016.0,3,4.0,0.5,3.5,4.5,2016
162578,Kubo and the Two Strings (2016),Adventure|Animation|Children|Fantasy,"['Adventure', 'Animation', 'Children', 'Fantasy']",4,2016.0,6,4.0,0.7071067811865476,3.0,5.0,2016
162590,Bridget Jones's Baby (2016),Comedy|Romance,"['Comedy', 'Romance']",2,2016.0,1,1.0,0.0,1.0,1.0,2016
162598,Deepwater Horizon (2016),Drama,['Drama'],1,2016.0,1,3.5,0.0,3.5,3.5,2016
162600,Miss Peregrine's Home for Peculiar Children (2016),Fantasy,['Fantasy'],1,2016.0,3,3.0,1.3228756555322954,1.5,4.0,2016
162602,The Girl on the Train (2016),Thriller,['Thriller'],1,2016.0,1,4.5,0.0,4.5,4.5,2016
162606,The Accountant (2016),Crime|Drama|Thriller,"['Crime', 'Drama', 'Thriller']",3,2016.0,6,3.0,1.224744871391589,1.0,4.0,2016
162828,Imperium (2016),Crime|Drama|Thriller,"['Crime', 'Drama', 'Thriller']",3,2016.0,1,2.5,0.0,2.5,2.5,2016
162968,Kizumonogatari Part 1: Tekketsu (2016),Action|Animation|Mystery,"['Action', 'Animation', 'Mystery']",3,2016.0,1,4.0,0.0,4.0,4.0,2016
162982,Steins;Gate the Movie: The Burden of Déjà vu (2013),Animation|Drama|Sci-Fi,"['Animation', 'Drama', 'Sci-Fi']",3,2013.0,1,3.0,0.0,3.0,3.0,2013
163056,Shin Godzilla (2016),Action|Adventure|Fantasy|Sci-Fi,"['Action', 'Adventure', 'Fantasy', 'Sci-Fi']",4,2016.0,1,4.0,0.0,4.0,4.0,2016
163134,Your Name. (2016),Animation|Drama|Fantasy|Romance,"['Animation', 'Drama', 'Fantasy', 'Romance']",4,2016.0,3,4.0,0.5,3.5,4.5,2016
163527,Comedy Central Roast of David Hasselhoff (2010),Comedy,['Comedy'],1,2010.0,1,4.0,0.0,4.0,4.0,2010
163639,DC Super Hero Girls: Hero of the Year (2016),Animation,['Animation'],1,2016.0,1,4.0,0.0,4.0,4.0,2016
163645,Hacksaw Ridge (2016),Drama|War,"['Drama', 'War']",2,2016.0,8,3.9375,0.6232117273791123,3.0,4.5,2016
163653,David Cross: Making America Great Again (2016),Comedy,['Comedy'],1,2016.0,1,3.0,0.0,3.0,3.0,2016
163809,Over the Garden Wall (2013),Adventure|Animation|Drama,"['Adventure', 'Animation', 'Drama']",3,2013.0,1,2.5,0.0,2.5,2.5,2013
163937,Blair Witch (2016),Horror|Thriller,"['Horror', 'Thriller']",2,2016.0,1,3.5,0.0,3.5,3.5,2016
163981,31 (2016),Horror,['Horror'],1,2016.0,1,3.5,0.0,3.5,3.5,2016
163985,ARQ (2016),Sci-Fi|Thriller,"['Sci-Fi', 'Thriller']",2,2016.0,1,4.5,0.0,4.5,4.5,2016
164179,Arrival (2016),Sci-Fi,['Sci-Fi'],1,2016.0,26,3.980769230769231,0.7413604957207962,2.5,5.0,2016
164200,Storks (2016),Animation|Children|Comedy,"['Animation', 'Children', 'Comedy']",3,2016.0,2,4.0,0.7071067811865476,3.5,4.5,2016
164226,Maximum Ride (2016),Action|Adventure|Comedy|Fantasy|Sci-Fi|Thriller,"['Action', 'Adventure', 'Comedy', 'Fantasy', 'Sci-Fi', 'Thriller']",6,2016.0,1,4.5,0.0,4.5,4.5,2016
164280,Endless Poetry (2016),Drama|Fantasy,"['Drama', 'Fantasy']",2,2016.0,1,3.5,0.0,3.5,3.5,2016
164367,The Girl with All the Gifts (2016),Drama|Horror|Sci-Fi|Thriller,"['Drama', 'Horror', 'Sci-Fi', 'Thriller']",4,2016.0,1,5.0,0.0,5.0,5.0,2016
164375,All Roads Lead to Rome (2016),Comedy,['Comedy'],1,2016.0,1,1.5,0.0,1.5,1.5,2016
164540,Amanda Knox (2016),Documentary,['Documentary'],1,2016.0,1,3.5,0.0,3.5,3.5,2016
164647,Dirty 30 (2016),Comedy|Romance,"['Comedy', 'Romance']",2,2016.0,1,2.5,0.0,2.5,2.5,2016
164655,Gimme Danger (2016),Documentary,['Documentary'],1,2016.0,1,2.0,0.0,2.0,2.0,2016
164753,Anything for Love (2016),Romance,['Romance'],1,2016.0,1,2.0,0.0,2.0,2.0,2016
164881,Night Guards (2016),Action|Sci-Fi,"['Action', 'Sci-Fi']",2,2016.0,1,1.5,0.0,1.5,1.5,2016
164909,La La Land (2016),Comedy|Drama|Romance,"['Comedy', 'Drama', 'Romance']",3,2016.0,9,3.388888888888889,1.1395661942647783,1.0,5.0,2016
164917,13th (2016),Documentary,['Documentary'],1,2016.0,2,4.5,0.0,4.5,4.5,2016
165075,London Town (2016),Drama,['Drama'],1,2016.0,1,2.5,0.0,2.5,2.5,2016
165101,Inferno (2016),Mystery|Thriller,"['Mystery', 'Thriller']",2,2016.0,4,2.875,1.600781059358212,0.5,4.0,2016
165103,Keeping Up with the Joneses (2016),Comedy,['Comedy'],1,2016.0,2,3.75,0.3535533905932738,3.5,4.0,2016
165139,Wild Oats (2016),Comedy,['Comedy'],1,2016.0,1,2.0,0.0,2.0,2.0,2016
165343,The Rocky Horror Picture Show: Let's Do the Time Warp Again (2016),Comedy|Horror|Sci-Fi|Thriller,"['Comedy', 'Horror', 'Sci-Fi', 'Thriller']",4,2016.0,1,1.5,0.0,1.5,1.5,2016
165347,Jack Reacher: Never Go Back (2016),Action|Crime|Drama|Mystery|Thriller,"['Action', 'Crime', 'Drama', 'Mystery', 'Thriller']",5,2016.0,1,2.0,0.0,2.0,2.0,2016
165483,Joe Rogan: Triggered (2016),Comedy,['Comedy'],1,2016.0,1,4.0,0.0,4.0,4.0,2016
165489,Ethel & Ernest (2016),(no genres listed),['(no genres listed)'],0,2016.0,1,2.5,0.0,2.5,2.5,2016
165549,Manchester by the Sea (2016),Drama,['Drama'],1,2016.0,5,2.9,1.5572411502397436,1.0,4.5,2016
165551,Lion (2016),Drama,['Drama'],1,2016.0,1,4.5,0.0,4.5,4.5,2016
165635,The Thinning (2016),Thriller,['Thriller'],1,2016.0,1,1.0,0.0,1.0,1.0,2016
165639,While You Were Fighting: A Thor Mockumentary (2016),Comedy|Fantasy|Sci-Fi,"['Comedy', 'Fantasy', 'Sci-Fi']",3,2016.0,3,3.8333333333333335,0.2886751345948129,3.5,4.0,2016
165645,Bad Santa 2 (2016),Comedy,['Comedy'],1,2016.0,1,0.5,0.0,0.5,0.5,2016
165671,Ice Guardians (2016),Documentary,['Documentary'],1,2016.0,1,4.5,0.0,4.5,4.5,2016
165843,Risk (2016),Documentary,['Documentary'],1,2016.0,1,4.0,0.0,4.0,4.0,2016
165947,The True Memoirs of an International Assassin (2016),Action|Comedy,"['Action', 'Comedy']",2,2016.0,2,3.25,1.0606601717798212,2.5,4.0,2016
165969,HyperNormalisation (2016),Documentary,['Documentary'],1,2016.0,2,4.0,0.7071067811865476,3.5,4.5,2016
166015,The African Doctor (2016),Comedy|Drama,"['Comedy', 'Drama']",2,2016.0,1,3.5,0.0,3.5,3.5,2016
166024,Whiplash (2013),(no genres listed),['(no genres listed)'],0,2013.0,2,4.75,0.3535533905932738,4.5,5.0,2013
166203,Sapphire Blue (2014),Adventure|Children|Fantasy|Sci-Fi,"['Adventure', 'Children', 'Fantasy', 'Sci-Fi']",4,2014.0,1,4.0,0.0,4.0,4.0,2014
166291,A Silent Voice (2016),Animation|Drama|Romance,"['Animation', 'Drama', 'Romance']",3,2016.0,2,4.0,1.4142135623730951,3.0,5.0,2016
166461,Moana (2016),Adventure|Animation|Children|Comedy|Fantasy,"['Adventure', 'Animation', 'Children', 'Comedy', 'Fantasy']",5,2016.0,10,3.45,1.3218253372598905,0.5,5.0,2016
166492,Office Christmas Party (2016),Comedy,['Comedy'],1,2016.0,3,3.5,1.0,2.5,4.5,2016
166526,The Space Between Us (2016),Adventure|Sci-Fi,"['Adventure', 'Sci-Fi']",2,2016.0,1,1.0,0.0,1.0,1.0,2016
166528,Rogue One: A Star Wars Story (2016),Action|Adventure|Fantasy|Sci-Fi,"['Action', 'Adventure', 'Fantasy', 'Sci-Fi']",4,2016.0,27,3.925925925925926,0.9577989963342608,1.0,5.0,2016
166534,Split (2017),Drama|Horror|Thriller,"['Drama', 'Horror', 'Thriller']",3,2017.0,6,3.333333333333333,1.570562531918633,0.5,4.5,2017
166558,Underworld: Blood Wars (2016),Action|Horror,"['Action', 'Horror']",2,2016.0,1,3.0,0.0,3.0,3.0,2016
166568,Miss Sloane (2016),Thriller,['Thriller'],1,2016.0,2,4.5,0.7071067811865476,4.0,5.0,2016
166635,Passengers (2016),Adventure|Drama|Romance|Sci-Fi,"['Adventure', 'Drama', 'Romance', 'Sci-Fi']",4,2016.0,6,3.6666666666666665,0.408248290463863,3.0,4.0,2016
166643,Hidden Figures (2016),Drama,['Drama'],1,2016.0,10,3.8,0.8232726023485646,2.0,5.0,2016
166705,Fences (2016),Drama,['Drama'],1,2016.0,1,3.0,0.0,3.0,3.0,2016
166946,The Founder (2016),Drama,['Drama'],1,2016.0,2,4.25,0.3535533905932738,4.0,4.5,2016
167018,Why Him? (2016),Comedy,['Comedy'],1,2016.0,4,3.125,0.9464847243000456,2.5,4.5,2016
167036,Sing (2016),Animation|Children|Comedy,"['Animation', 'Children', 'Comedy']",3,2016.0,4,3.75,0.5,3.0,4.0,2016
167064,I Am Not Your Negro (2017),Documentary,['Documentary'],1,2017.0,1,5.0,0.0,5.0,5.0,2017
167370,Assassin's Creed (2016),Action|Adventure|Sci-Fi,"['Action', 'Adventure', 'Sci-Fi']",3,2016.0,2,2.5,1.4142135623730951,1.5,3.5,2016
167380,A Dog's Purpose (2017),Comedy|Drama,"['Comedy', 'Drama']",2,2017.0,1,4.5,0.0,4.5,4.5,2017
167634,Fist Fight (2017),Comedy,['Comedy'],1,2017.0,1,4.5,0.0,4.5,4.5,2017
167732,A Street Cat Named Bob (2016),Comedy|Drama,"['Comedy', 'Drama']",2,2016.0,1,3.5,0.0,3.5,3.5,2016
167746,The Lego Batman Movie (2017),Action|Animation|Comedy,"['Action', 'Animation', 'Comedy']",3,2017.0,7,3.7142857142857135,1.349603116263656,1.0,5.0,2017
167790,The Good Boy (2016),Children|Comedy|Drama,"['Children', 'Comedy', 'Drama']",3,2016.0,1,3.5,0.0,3.5,3.5,2016
167854,"Dana Carvey: Straight White Male, 60 (2016)",Comedy,['Comedy'],1,2016.0,1,4.5,0.0,4.5,4.5,2016
168026,Marvel One-Shot: Agent Carter (2013),Action|Adventure|Fantasy|Sci-Fi,"['Action', 'Adventure', 'Fantasy', 'Sci-Fi']",4,2013.0,1,4.0,0.0,4.0,4.0,2013
168090,Kizumonogatari II: Passionate Blood (2016),Animation|Fantasy|Mystery,"['Animation', 'Fantasy', 'Mystery']",3,2016.0,1,4.0,0.0,4.0,4.0,2016
168174,Jim Gaffigan: Cinco (2017),Comedy,['Comedy'],1,2017.0,1,3.0,0.0,3.0,3.0,2017
168218,Kizumonogatari III: Cold Blood (2017),Animation|Fantasy|Mystery,"['Animation', 'Fantasy', 'Mystery']",3,2017.0,1,4.5,0.0,4.5,4.5,2017
168248,John Wick: Chapter Two (2017),Action|Crime|Thriller,"['Action', 'Crime', 'Thriller']",3,2017.0,7,4.142857142857143,0.7480132415430957,3.0,5.0,2017
168250,Get Out (2017),Horror,['Horror'],1,2017.0,15,3.633333333333333,0.9722335600245936,2.0,5.0,2017
168252,Logan (2017),Action|Sci-Fi,"['Action', 'Sci-Fi']",2,2017.0,25,4.28,0.6467869303977417,3.0,5.0,2017
168254,Kong: Skull Island (2017),Action|Adventure|Fantasy,"['Action', 'Adventure', 'Fantasy']",3,2017.0,4,3.125,1.181453906563152,1.5,4.0,2017
168266,T2: Trainspotting (2017),Crime|Drama,"['Crime', 'Drama']",2,2017.0,4,3.75,0.2886751345948129,3.5,4.0,2017
168326,The Big Sick (2017),Comedy|Romance,"['Comedy', 'Romance']",2,2017.0,4,4.0,0.816496580927726,3.0,5.0,2017
168350,100 Streets (2016),Drama,['Drama'],1,2016.0,1,2.5,0.0,2.5,2.5,2016
168366,Beauty and the Beast (2017),Fantasy|Romance,"['Fantasy', 'Romance']",2,2017.0,2,3.5,0.7071067811865476,3.0,4.0,2017
168418,The Boss Baby (2017),Animation|Children|Comedy,"['Animation', 'Children', 'Comedy']",3,2017.0,5,3.8,1.1510864433221335,2.0,5.0,2017
168456,Mercury Plains (2016),Action|Adventure|Drama,"['Action', 'Adventure', 'Drama']",3,2016.0,1,2.0,0.0,2.0,2.0,2016
168492,Call Me by Your Name (2017),Drama|Romance,"['Drama', 'Romance']",2,2017.0,4,3.75,0.6454972243679028,3.0,4.5,2017
168608,Mudbound (2017),Drama,['Drama'],1,2017.0,1,3.0,0.0,3.0,3.0,2017
168612,Ghost in the Shell (2017),Action|Drama|Sci-Fi,"['Action', 'Drama', 'Sci-Fi']",3,2017.0,2,3.75,0.3535533905932738,3.5,4.0,2017
168632,Bill Burr: Walk Your Way Out (2017),Comedy,['Comedy'],1,2017.0,1,4.0,0.0,4.0,4.0,2017
168712,Fifty Shades Darker (2017),Drama|Romance,"['Drama', 'Romance']",2,2017.0,1,1.0,0.0,1.0,1.0,2017
168846,Neal Brennan: 3 Mics (2017),Comedy,['Comedy'],1,2017.0,1,4.5,0.0,4.5,4.5,2017
169034,Lemonade (2016),(no genres listed),['(no genres listed)'],0,2016.0,1,4.5,0.0,4.5,4.5,2016
169180,American Fable (2017),Thriller,['Thriller'],1,2017.0,1,2.5,0.0,2.5,2.5,2017
169670,The Void (2016),Horror,['Horror'],1,2016.0,1,1.5,0.0,1.5,1.5,2016
169958,Buster's Mal Heart (2017),Drama|Mystery,"['Drama', 'Mystery']",2,2017.0,1,1.0,0.0,1.0,1.0,2017
169982,Power Rangers (2017),Action|Adventure|Sci-Fi,"['Action', 'Adventure', 'Sci-Fi']",3,2017.0,1,3.0,0.0,3.0,3.0,2017
169984,Alien: Covenant (2017),Action|Horror|Sci-Fi|Thriller,"['Action', 'Horror', 'Sci-Fi', 'Thriller']",4,2017.0,5,2.8,0.9082951062292476,2.0,4.0,2017
169992,Free Fire (2017),Action|Crime|Drama,"['Action', 'Crime', 'Drama']",3,2017.0,1,3.5,0.0,3.5,3.5,2017
170357,Dave Chappelle: The Age of Spin (2017),Comedy,['Comedy'],1,2017.0,1,4.0,0.0,4.0,4.0,2017
170399,CHiPS (2017),Action|Comedy|Drama,"['Action', 'Comedy', 'Drama']",3,2017.0,1,4.0,0.0,4.0,4.0,2017
170401,Table 19 (2017),Comedy|Drama,"['Comedy', 'Drama']",2,2017.0,1,3.0,0.0,3.0,3.0,2017
170411,Dave Chappelle: Deep in the Heart of Texas (2017),Comedy,['Comedy'],1,2017.0,1,4.0,0.0,4.0,4.0,2017
170697,Gifted (2017),Drama,['Drama'],1,2017.0,4,4.125,0.25,4.0,4.5,2017
170813,Baywatch (2017),Action|Comedy,"['Action', 'Comedy']",2,2017.0,3,3.0,1.0,2.0,4.0,2017
170817,Snatched (2017),Action|Comedy,"['Action', 'Comedy']",2,2017.0,1,4.0,0.0,4.0,4.0,2017
170827,The Mummy (2017),Action|Adventure|Fantasy|Horror|Thriller,"['Action', 'Adventure', 'Fantasy', 'Horror', 'Thriller']",5,2017.0,1,3.5,0.0,3.5,3.5,2017
170875,The Fate of the Furious (2017),Action|Crime|Drama|Thriller,"['Action', 'Crime', 'Drama', 'Thriller']",4,2017.0,3,2.333333333333333,1.1547005383792517,1.0,3.0,2017
170897,Sandy Wexler (2017),Comedy,['Comedy'],1,2017.0,1,2.0,0.0,2.0,2.0,2017
170907,Betting on Zero (2016),Documentary,['Documentary'],1,2016.0,1,4.0,0.0,4.0,4.0,2016
170937,Win It All (2017),Comedy,['Comedy'],1,2017.0,1,3.0,0.0,3.0,3.0,2017
170939,Captain Underpants: The First Epic Movie (2017),Action|Animation|Children|Comedy,"['Action', 'Animation', 'Children', 'Comedy']",4,2017.0,1,3.5,0.0,3.5,3.5,2017
170945,It Comes at Night (2017),Horror|Mystery|Thriller,"['Horror', 'Mystery', 'Thriller']",3,2017.0,1,3.5,0.0,3.5,3.5,2017
170957,Cars 3 (2017),Adventure|Animation|Comedy,"['Adventure', 'Animation', 'Comedy']",3,2017.0,1,3.0,0.0,3.0,3.0,2017
171011,Planet Earth II (2016),Documentary,['Documentary'],1,2016.0,5,4.2,0.9082951062292476,3.0,5.0,2016
171023,The Hero (2017),Drama,['Drama'],1,2017.0,1,4.0,0.0,4.0,4.0,2017
171251,"Nobody Speak: Hulk Hogan, Gawker and Trials of a Free Press (2017)",Documentary,['Documentary'],1,2017.0,1,4.0,0.0,4.0,4.0,2017
171701,The Death of Louis XIV (2016),Drama,['Drama'],1,2016.0,1,3.5,0.0,3.5,3.5,2016
171759,The Beguiled (2017),Drama|Thriller|Western,"['Drama', 'Thriller', 'Western']",3,2017.0,1,3.0,0.0,3.0,3.0,2017
171763,Baby Driver (2017),Action|Crime|Thriller,"['Action', 'Crime', 'Thriller']",3,2017.0,9,4.333333333333333,0.6123724356957945,3.0,5.0,2017
171765,Okja (2017),Action|Adventure|Drama|Sci-Fi,"['Action', 'Adventure', 'Drama', 'Sci-Fi']",4,2017.0,2,3.75,0.3535533905932738,3.5,4.0,2017
171811,Embassy (2013),Comedy|Sci-Fi|War,"['Comedy', 'Sci-Fi', 'War']",3,2013.0,1,4.0,0.0,4.0,4.0,2013
171867,Rough Night (2017),Comedy|Drama,"['Comedy', 'Drama']",2,2017.0,2,3.25,1.7677669529663689,2.0,4.5,2017
171917,Mystère à la Tour Eiffel (2015),Drama|Mystery|Thriller,"['Drama', 'Mystery', 'Thriller']",3,2015.0,1,4.5,0.0,4.5,4.5,2015
172013,Stefan Zweig: Farewell to Europe (2016),Drama,['Drama'],1,2016.0,1,3.0,0.0,3.0,3.0,2016
172461,Get Me Roger Stone (2017),Documentary,['Documentary'],1,2017.0,1,3.0,0.0,3.0,3.0,2017
172547,Despicable Me 3 (2017),Adventure|Animation|Children|Comedy,"['Adventure', 'Animation', 'Children', 'Comedy']",4,2017.0,2,2.25,2.4748737341529163,0.5,4.0,2017
172705,Tickling Giants (2017),Documentary,['Documentary'],1,2017.0,1,5.0,0.0,5.0,5.0,2017
173145,War for the Planet of the Apes (2017),Action|Adventure|Drama|Sci-Fi,"['Action', 'Adventure', 'Drama', 'Sci-Fi']",4,2017.0,4,2.875,2.0155644370746373,0.5,5.0,2017
173197,The Square (2017),Drama,['Drama'],1,2017.0,2,4.25,0.3535533905932738,4.0,4.5,2017
173205,The Meyerowitz Stories (2017),Comedy,['Comedy'],1,2017.0,1,4.0,0.0,4.0,4.0,2017
173209,War Machine (2017),Comedy|Drama|War,"['Comedy', 'Drama', 'War']",3,2017.0,1,4.0,0.0,4.0,4.0,2017
173235,Tokyo Idols (2017),Documentary,['Documentary'],1,2017.0,1,4.5,0.0,4.5,4.5,2017
173253,Vir Das: Abroad Understanding (2017),Comedy,['Comedy'],1,2017.0,1,3.5,0.0,3.5,3.5,2017
173255,"Norm Macdonald: Hitler's Dog, Gossip & Trickery (2017)",Comedy,['Comedy'],1,2017.0,1,2.5,0.0,2.5,2.5,2017
173291,Valerian and the City of a Thousand Planets (2017),Action|Adventure|Sci-Fi,"['Action', 'Adventure', 'Sci-Fi']",3,2017.0,4,2.875,1.181453906563152,2.0,4.5,2017
173307,The Gracefield Incident (2015),Action|Horror|Sci-Fi,"['Action', 'Horror', 'Sci-Fi']",3,2015.0,1,0.5,0.0,0.5,0.5,2015
173317,Shadow World (2016),Documentary,['Documentary'],1,2016.0,1,4.5,0.0,4.5,4.5,2016
173751,Tiger Raid (2016),Thriller,['Thriller'],1,2016.0,1,2.0,0.0,2.0,2.0,2016
173925,Seven Sisters (2017),Sci-Fi|Thriller,"['Sci-Fi', 'Thriller']",2,2017.0,2,4.25,0.3535533905932738,4.0,4.5,2017
173941,Atomic Blonde (2017),Thriller,['Thriller'],1,2017.0,1,3.0,0.0,3.0,3.0,2017
174045,Goon: Last of the Enforcers (2017),Comedy,['Comedy'],1,2017.0,1,4.0,0.0,4.0,4.0,2017
174053,Black Mirror: White Christmas (2014),Drama|Horror|Mystery|Sci-Fi|Thriller,"['Drama', 'Horror', 'Mystery', 'Sci-Fi', 'Thriller']",5,2014.0,4,4.75,0.5,4.0,5.0,2014
174055,Dunkirk (2017),Action|Drama|Thriller|War,"['Action', 'Drama', 'Thriller', 'War']",4,2017.0,13,3.423076923076923,1.1519214716824566,1.5,5.0,2017
174403,The Putin Interviews (2017),(no genres listed),['(no genres listed)'],0,2017.0,1,2.5,0.0,2.5,2.5,2017
174479,Unedited Footage of a Bear (2014),Horror|Thriller,"['Horror', 'Thriller']",2,2014.0,1,4.0,0.0,4.0,4.0,2014
174681,"Oh, Hello: On Broadway (2017)",Comedy,['Comedy'],1,2017.0,1,3.5,0.0,3.5,3.5,2017
174727,Good Time (2017),Crime|Drama,"['Crime', 'Drama']",2,2017.0,1,3.0,0.0,3.0,3.0,2017
174815,The House (2017),Comedy,['Comedy'],1,2017.0,1,3.5,0.0,3.5,3.5,2017
174909,Logan Lucky (2017),Comedy,['Comedy'],1,2017.0,1,4.5,0.0,4.5,4.5,2017
175197,The Dark Tower (2017),Fantasy|Horror|Sci-Fi|Western,"['Fantasy', 'Horror', 'Sci-Fi', 'Western']",4,2017.0,1,3.5,0.0,3.5,3.5,2017
175199,Annabelle: Creation (2017),Horror,['Horror'],1,2017.0,1,4.0,0.0,4.0,4.0,2017
175303,It (2017),Horror,['Horror'],1,2017.0,9,3.333333333333333,1.25,0.5,5.0,2017
175475,The Emoji Movie (2017),Animation|Children|Comedy,"['Animation', 'Children', 'Comedy']",3,2017.0,1,0.5,0.0,0.5,0.5,2017
175485,Death Note (2017),Horror|Thriller,"['Horror', 'Thriller']",2,2017.0,3,1.6666666666666667,1.2583057392117918,0.5,3.0,2017
175569,Wind River (2017),Action|Crime|Mystery|Thriller,"['Action', 'Crime', 'Mystery', 'Thriller']",4,2017.0,5,3.4,1.1937336386313322,1.5,4.5,2017
175577,Rory Scovel Tries Stand-Up for the First Time (2017),Comedy,['Comedy'],1,2017.0,1,1.5,0.0,1.5,1.5,2017
175585,Shot Caller (2017),Action|Crime|Drama|Thriller,"['Action', 'Crime', 'Drama', 'Thriller']",4,2017.0,1,3.5,0.0,3.5,3.5,2017
175661,The Hitman's Bodyguard (2017),Action|Comedy,"['Action', 'Comedy']",2,2017.0,3,2.6666666666666665,1.0408329997330663,1.5,3.5,2017
175693,Rick and Morty: State of Georgia Vs. Denver Fenton Allen (2016),Comedy|Crime,"['Comedy', 'Crime']",2,2016.0,1,2.5,0.0,2.5,2.5,2016
175707,A German Life (2016),Documentary,['Documentary'],1,2016.0,1,3.0,0.0,3.0,3.0,2016
175743,Self-criticism of a Bourgeois Dog (2017),Comedy,['Comedy'],1,2017.0,1,3.0,0.0,3.0,3.0,2017
176051,LEGO DC Super Hero Girls: Brain Drain (2017),Animation,['Animation'],1,2017.0,1,3.5,0.0,3.5,3.5,2017
176101,Kingsman: The Golden Circle (2017),Action|Adventure|Comedy,"['Action', 'Adventure', 'Comedy']",3,2017.0,8,3.0625,0.9797047660246572,1.0,4.0,2017
176329,Ari Shaffir: Double Negative (2017),Comedy,['Comedy'],1,2017.0,1,4.0,0.0,4.0,4.0,2017
176371,Blade Runner 2049 (2017),Sci-Fi,['Sci-Fi'],1,2017.0,18,3.8055555555555554,1.0451412638671906,1.0,5.0,2017
176389,The Nut Job 2: Nutty by Nature (2017),Adventure|Animation|Children|Comedy,"['Adventure', 'Animation', 'Children', 'Comedy']",4,2017.0,1,2.0,0.0,2.0,2.0,2017
176413,Bliss (2012),Drama,['Drama'],1,2012.0,1,4.5,0.0,4.5,4.5,2012
176415,Alles Inklusive (2014),Comedy|Drama,"['Comedy', 'Drama']",2,2014.0,1,3.5,0.0,3.5,3.5,2014
176419,Mother! (2017),Drama|Horror|Mystery|Thriller,"['Drama', 'Horror', 'Mystery', 'Thriller']",4,2017.0,2,3.25,0.3535533905932738,3.0,3.5,2017
176423,Icarus (2017),Documentary,['Documentary'],1,2017.0,1,4.0,0.0,4.0,4.0,2017
176579,Cage Dive (2017),Drama|Horror|Thriller,"['Drama', 'Horror', 'Thriller']",3,2017.0,1,1.0,0.0,1.0,1.0,2017
176751,American Made (2017),Crime|Thriller,"['Crime', 'Thriller']",2,2017.0,2,4.5,0.7071067811865476,4.0,5.0,2017
176805,Little Boxes (2017),Comedy|Drama,"['Comedy', 'Drama']",2,2017.0,1,4.0,0.0,4.0,4.0,2017
176935,Geostorm (2017),Action,['Action'],1,2017.0,1,2.0,0.0,2.0,2.0,2017
177185,Maz Jobrani: Immigrant (2017),Comedy,['Comedy'],1,2017.0,1,4.5,0.0,4.5,4.5,2017
177285,Sword Art Online The Movie: Ordinal Scale (2017),Action|Adventure|Animation|Fantasy|Sci-Fi,"['Action', 'Adventure', 'Animation', 'Fantasy', 'Sci-Fi']",5,2017.0,1,3.0,0.0,3.0,3.0,2017
177593,"Three Billboards Outside Ebbing, Missouri (2017)",Crime|Drama,"['Crime', 'Drama']",2,2017.0,8,4.75,0.2672612419124243,4.5,5.0,2017
177615,Lady Bird (2017),Comedy,['Comedy'],1,2017.0,3,3.333333333333333,1.0408329997330663,2.5,4.5,2017
177763,Murder on the Orient Express (2017),Crime|Drama|Mystery,"['Crime', 'Drama', 'Mystery']",3,2017.0,3,2.833333333333333,0.5773502691896258,2.5,3.5,2017
177765,Coco (2017),Adventure|Animation|Children,"['Adventure', 'Animation', 'Children']",3,2017.0,13,3.5384615384615383,1.4209964001470126,1.5,5.0,2017
177939,"The Night Is Short, Walk on Girl (2017)",Animation|Romance,"['Animation', 'Romance']",2,2017.0,1,4.5,0.0,4.5,4.5,2017
178061,"I, Tonya (2017)",Drama,['Drama'],1,2017.0,3,3.333333333333333,0.5773502691896258,3.0,4.0,2017
178111,"Fireworks, Should We See It from the Side or the Bottom? (2017)",Animation,['Animation'],1,2017.0,1,2.0,0.0,2.0,2.0,2017
178129,Adventures in Plymptoons! (2011),Documentary,['Documentary'],1,2011.0,1,3.5,0.0,3.5,3.5,2011
178323,Gaga: Five Foot Two (2017),Documentary,['Documentary'],1,2017.0,1,3.5,0.0,3.5,3.5,2017
178615,Front Cover (2016),Comedy|Drama|Romance,"['Comedy', 'Drama', 'Romance']",3,2016.0,1,3.5,0.0,3.5,3.5,2016
178827,Paddington 2 (2017),Adventure|Animation|Children|Comedy,"['Adventure', 'Animation', 'Children', 'Comedy']",4,2017.0,2,4.25,1.0606601717798212,3.5,5.0,2017
179053,2048: Nowhere to Run (2017),Sci-Fi|Thriller,"['Sci-Fi', 'Thriller']",2,2017.0,1,3.5,0.0,3.5,3.5,2017
179119,The Death of Stalin (2017),Comedy,['Comedy'],1,2017.0,1,4.0,0.0,4.0,4.0,2017
179133,Loving Vincent (2017),Animation|Crime|Drama,"['Animation', 'Crime', 'Drama']",3,2017.0,1,5.0,0.0,5.0,5.0,2017
179135,Blue Planet II (2017),Documentary,['Documentary'],1,2017.0,1,5.0,0.0,5.0,5.0,2017
179211,Christina P: Mother Inferior (2017),Comedy,['Comedy'],1,2017.0,2,3.0,0.7071067811865476,2.5,3.5,2017
179401,Jumanji: Welcome to the Jungle (2017),Action|Adventure|Children,"['Action', 'Adventure', 'Children']",3,2017.0,6,3.6666666666666665,0.6055300708194983,2.5,4.0,2017
179427,Dane Cook: Troublemaker (2014),Comedy,['Comedy'],1,2014.0,1,4.0,0.0,4.0,4.0,2014
179491,Mayhem (2017),Action|Horror,"['Action', 'Horror']",2,2017.0,1,1.0,0.0,1.0,1.0,2017
179511,Emerald Green (2016),Adventure|Drama|Fantasy|Romance,"['Adventure', 'Drama', 'Fantasy', 'Romance']",4,2016.0,1,4.0,0.0,4.0,4.0,2016
179709,Wonder Wheel (2017),Drama,['Drama'],1,2017.0,1,3.0,0.0,3.0,3.0,2017
179749,Creep 2 (2017),Comedy|Horror,"['Comedy', 'Horror']",2,2017.0,1,1.5,0.0,1.5,1.5,2017
179813,LBJ (2017),Drama,['Drama'],1,2017.0,1,4.0,0.0,4.0,4.0,2017
179815,"Roman J. Israel, Esq. (2017)",Drama|Thriller,"['Drama', 'Thriller']",2,2017.0,1,1.5,0.0,1.5,1.5,2017
179817,Darkest Hour (2017),Drama|War,"['Drama', 'War']",2,2017.0,3,3.8333333333333335,0.7637626158259733,3.0,4.5,2017
179819,Star Wars: The Last Jedi (2017),Action|Adventure|Fantasy|Sci-Fi,"['Action', 'Adventure', 'Fantasy', 'Sci-Fi']",4,2017.0,12,3.125,1.5539539012701526,0.5,5.0,2017
179953,A Bad Moms Christmas (2017),Comedy,['Comedy'],1,2017.0,1,3.5,0.0,3.5,3.5,2017
180031,The Shape of Water (2017),Adventure|Drama|Fantasy,"['Adventure', 'Drama', 'Fantasy']",3,2017.0,8,3.6875,0.3720119045714224,3.0,4.0,2017
180045,Molly's Game (2017),Drama,['Drama'],1,2017.0,1,4.0,0.0,4.0,4.0,2017
180095,Wonder (2017),Drama,['Drama'],1,2017.0,3,4.0,1.0,3.0,5.0,2017
180231,Daddy's Home 2 (2017),Comedy|Drama,"['Comedy', 'Drama']",2,2017.0,1,4.0,0.0,4.0,4.0,2017
180265,Jim & Andy: The Great Beyond (2017),Documentary,['Documentary'],1,2017.0,1,4.5,0.0,4.5,4.5,2017
180297,The Disaster Artist (2017),Comedy|Drama,"['Comedy', 'Drama']",2,2017.0,2,3.75,1.0606601717798212,3.0,4.5,2017
180497,The Post (2017),Drama|Thriller,"['Drama', 'Thriller']",2,2017.0,2,4.25,0.3535533905932738,4.0,4.5,2017
180985,The Greatest Showman (2017),Drama,['Drama'],1,2017.0,5,3.0,1.274754878398196,1.0,4.5,2017
180987,Ferdinand (2017),Animation|Children|Comedy,"['Animation', 'Children', 'Comedy']",3,2017.0,1,1.5,0.0,1.5,1.5,2017
181065,Jack Whitehall: At Large (2017),Comedy,['Comedy'],1,2017.0,2,3.75,0.3535533905932738,3.5,4.0,2017
181139,Lynne Koplitz: Hormonal Beast (2017),Comedy,['Comedy'],1,2017.0,1,1.5,0.0,1.5,1.5,2017
181315,Phantom Thread (2017),Drama|Romance,"['Drama', 'Romance']",2,2017.0,1,3.5,0.0,3.5,3.5,2017
181413,Too Funny to Fail: The Life and Death of The Dana Carvey Show (2017),(no genres listed),['(no genres listed)'],0,2017.0,1,4.5,0.0,4.5,4.5,2017
181659,Craig Ferguson: Tickle Fight (2017),Comedy,['Comedy'],1,2017.0,1,2.5,0.0,2.5,2.5,2017
182715,Annihilation (2018),Adventure|Mystery|Sci-Fi|Thriller,"['Adventure', 'Mystery', 'Sci-Fi', 'Thriller']",4,2018.0,3,3.8333333333333335,0.2886751345948129,3.5,4.0,2018
182727,A Christmas Story Live! (2017),(no genres listed),['(no genres listed)'],0,2017.0,1,2.0,0.0,2.0,2.0,2017
182749,Judd Apatow: The Return (2017),Comedy,['Comedy'],1,2017.0,1,2.5,0.0,2.5,2.5,2017
182823,Bright (2017),Action|Crime|Fantasy,"['Action', 'Crime', 'Fantasy']",3,2017.0,4,2.875,1.3149778198382918,1.0,4.0,2017
183011,The Commuter (2018),Crime|Drama|Mystery|Thriller,"['Crime', 'Drama', 'Mystery', 'Thriller']",4,2018.0,1,1.5,0.0,1.5,1.5,2018
183197,Dave Chappelle: Equanimity (2017),Comedy,['Comedy'],1,2017.0,1,3.5,0.0,3.5,3.5,2017
183199,Quest (2017),Documentary,['Documentary'],1,2017.0,1,4.0,0.0,4.0,4.0,2017
183227,Dave Chappelle: The Bird Revelation (2017),Comedy,['Comedy'],1,2017.0,1,3.5,0.0,3.5,3.5,2017
183295,Insidious: The Last Key (2018),Horror|Mystery|Thriller,"['Horror', 'Mystery', 'Thriller']",3,2018.0,1,3.5,0.0,3.5,3.5,2018
183611,Game Night (2018),Action|Comedy|Crime|Horror,"['Action', 'Comedy', 'Crime', 'Horror']",4,2018.0,1,4.0,0.0,4.0,4.0,2018
183635,Maze Runner: The Death Cure (2018),Action|Mystery|Sci-Fi|Thriller,"['Action', 'Mystery', 'Sci-Fi', 'Thriller']",4,2018.0,1,3.5,0.0,3.5,3.5,2018
183897,Isle of Dogs (2018),Animation|Comedy,"['Animation', 'Comedy']",2,2018.0,5,3.5,1.2747548783981963,1.5,5.0,2018
183911,The Clapper (2018),Comedy,['Comedy'],1,2018.0,1,1.5,0.0,1.5,1.5,2018
183959,Tom Segura: Disgraceful (2018),Comedy,['Comedy'],1,2018.0,1,4.5,0.0,4.5,4.5,2018
184015,When We First Met (2018),Comedy,['Comedy'],1,2018.0,2,3.5,0.0,3.5,3.5,2018
184253,The Cloverfield Paradox (2018),Horror|Mystery|Sci-Fi|Thriller,"['Horror', 'Mystery', 'Sci-Fi', 'Thriller']",4,2018.0,2,2.25,2.4748737341529163,0.5,4.0,2018
184257,Making a Murderer (2015),Crime|Documentary,"['Crime', 'Documentary']",2,2015.0,1,4.0,0.0,4.0,4.0,2015
184471,Tomb Raider (2018),Action|Adventure|Fantasy,"['Action', 'Adventure', 'Fantasy']",3,2018.0,4,2.5,1.35400640077266,0.5,3.5,2018
184641,Fullmetal Alchemist 2018 (2017),Action|Adventure|Fantasy,"['Action', 'Adventure', 'Fantasy']",3,2017.0,1,0.5,0.0,0.5,0.5,2017
184721,First Reformed (2017),Drama|Thriller,"['Drama', 'Thriller']",2,2017.0,1,4.0,0.0,4.0,4.0,2017
184791,Fred Armisen: Standup for Drummers (2018),Comedy,['Comedy'],1,2018.0,2,3.25,1.0606601717798212,2.5,4.0,2018
184931,Death Wish (2018),Action|Crime|Drama|Thriller,"['Action', 'Crime', 'Drama', 'Thriller']",4,2018.0,1,4.0,0.0,4.0,4.0,2018
184987,A Wrinkle in Time (2018),Adventure|Children|Fantasy|Sci-Fi,"['Adventure', 'Children', 'Fantasy', 'Sci-Fi']",4,2018.0,1,3.0,0.0,3.0,3.0,2018
184997,"Love, Simon (2018)",Comedy|Drama,"['Comedy', 'Drama']",2,2018.0,1,4.0,0.0,4.0,4.0,2018
185029,A Quiet Place (2018),Drama|Horror|Thriller,"['Drama', 'Horror', 'Thriller']",3,2018.0,4,2.75,1.7559422921421233,1.0,4.5,2018
185031,Alpha (2018),Adventure|Thriller,"['Adventure', 'Thriller']",2,2018.0,1,4.5,0.0,4.5,4.5,2018
185033,I Kill Giants (2018),Drama|Fantasy|Thriller,"['Drama', 'Fantasy', 'Thriller']",3,2018.0,1,2.0,0.0,2.0,2.0,2018
185135,Sherlock - A Study in Pink (2010),Crime,['Crime'],1,2010.0,2,4.75,0.3535533905932738,4.5,5.0,2010
185435,"Game Over, Man! (2018)",Action|Comedy,"['Action', 'Comedy']",2,2018.0,1,3.0,0.0,3.0,3.0,2018
185473,Blockers (2018),Comedy,['Comedy'],1,2018.0,1,3.0,0.0,3.0,3.0,2018
185585,Pacific Rim: Uprising (2018),Action|Fantasy|Sci-Fi,"['Action', 'Fantasy', 'Sci-Fi']",3,2018.0,2,2.75,0.3535533905932738,2.5,3.0,2018
186587,Rampage (2018),Action|Adventure|Sci-Fi,"['Action', 'Adventure', 'Sci-Fi']",3,2018.0,1,3.0,0.0,3.0,3.0,2018
187031,Jurassic World: Fallen Kingdom (2018),Action|Adventure|Drama|Sci-Fi|Thriller,"['Action', 'Adventure', 'Drama', 'Sci-Fi', 'Thriller']",5,2018.0,2,3.25,1.0606601717798212,2.5,4.0,2018
187541,Incredibles 2 (2018),Action|Adventure|Animation|Children,"['Action', 'Adventure', 'Animation', 'Children']",4,2018.0,4,3.0,1.4142135623730951,1.0,4.0,2018
187593,Deadpool 2 (2018),Action|Comedy|Sci-Fi,"['Action', 'Comedy', 'Sci-Fi']",3,2018.0,12,3.875,1.2270622715175534,1.0,5.0,2018
187595,Solo: A Star Wars Story (2018),Action|Adventure|Children|Sci-Fi,"['Action', 'Adventure', 'Children', 'Sci-Fi']",4,2018.0,5,3.9,0.7416198487095663,3.0,5.0,2018
187717,Won't You Be My Neighbor? (2018),Documentary,['Documentary'],1,2018.0,1,5.0,0.0,5.0,5.0,2018
188189,Sorry to Bother You (2018),Comedy|Fantasy|Sci-Fi,"['Comedy', 'Fantasy', 'Sci-Fi']",3,2018.0,1,4.5,0.0,4.5,4.5,2018
188301,Ant-Man and the Wasp (2018),Action|Adventure|Comedy|Fantasy|Sci-Fi,"['Action', 'Adventure', 'Comedy', 'Fantasy', 'Sci-Fi']",5,2018.0,3,3.6666666666666665,0.5773502691896258,3.0,4.0,2018
188675,Dogman (2018),Crime|Drama,"['Crime', 'Drama']",2,2018.0,1,3.5,0.0,3.5,3.5,2018
188751,Mamma Mia: Here We Go Again! (2018),Comedy|Romance,"['Comedy', 'Romance']",2,2018.0,1,4.5,0.0,4.5,4.5,2018
188797,Tag (2018),Comedy,['Comedy'],1,2018.0,1,4.0,0.0,4.0,4.0,2018
188833,The Man Who Killed Don Quixote (2018),Adventure|Comedy|Fantasy,"['Adventure', 'Comedy', 'Fantasy']",3,2018.0,1,4.5,0.0,4.5,4.5,2018
189043,Boundaries (2018),Comedy|Drama,"['Comedy', 'Drama']",2,2018.0,1,2.5,0.0,2.5,2.5,2018
189111,Spiral (2018),Documentary,['Documentary'],1,2018.0,1,3.0,0.0,3.0,3.0,2018
189333,Mission: Impossible - Fallout (2018),Action|Adventure|Thriller,"['Action', 'Adventure', 'Thriller']",3,2018.0,2,3.75,0.3535533905932738,3.5,4.0,2018
189381,SuperFly (2018),Action|Crime|Thriller,"['Action', 'Crime', 'Thriller']",3,2018.0,1,2.5,0.0,2.5,2.5,2018
189547,Iron Soldier (2010),Action|Sci-Fi,"['Action', 'Sci-Fi']",2,2010.0,1,1.0,0.0,1.0,1.0,2010
189713,BlacKkKlansman (2018),Comedy|Crime|Drama,"['Comedy', 'Crime', 'Drama']",3,2018.0,1,2.5,0.0,2.5,2.5,2018
190183,The Darkest Minds (2018),Sci-Fi|Thriller,"['Sci-Fi', 'Thriller']",2,2018.0,1,3.5,0.0,3.5,3.5,2018
190207,Tilt (2011),Drama|Romance,"['Drama', 'Romance']",2,2011.0,1,1.5,0.0,1.5,1.5,2011
190209,Jeff Ross Roasts the Border (2017),Comedy,['Comedy'],1,2017.0,1,4.0,0.0,4.0,4.0,2017
190213,John From (2015),Drama,['Drama'],1,2015.0,1,1.0,0.0,1.0,1.0,2015
190215,Liquid Truth (2017),Drama,['Drama'],1,2017.0,1,1.5,0.0,1.5,1.5,2017
191005,Gintama (2017),Action|Adventure|Comedy|Sci-Fi,"['Action', 'Adventure', 'Comedy', 'Sci-Fi']",4,2017.0,1,4.5,0.0,4.5,4.5,2017
193565,Gintama: The Movie (2010),Action|Animation|Comedy|Sci-Fi,"['Action', 'Animation', 'Comedy', 'Sci-Fi']",4,2010.0,1,3.5,0.0,3.5,3.5,2010
193567,anohana: The Flower We Saw That Day - The Movie (2013),Animation|Drama,"['Animation', 'Drama']",2,2013.0,1,3.0,0.0,3.0,3.0,2013
193571,Silver Spoon (2014),Comedy|Drama,"['Comedy', 'Drama']",2,2014.0,1,4.0,0.0,4.0,4.0,2014
193573,Love Live! The School Idol Movie (2015),Animation,['Animation'],1,2015.0,1,4.0,0.0,4.0,4.0,2015
193579,Jon Stewart Has Left the Building (2015),Documentary,['Documentary'],1,2015.0,1,3.5,0.0,3.5,3.5,2015
193581,Black Butler: Book of the Atlantic (2017),Action|Animation|Comedy|Fantasy,"['Action', 'Animation', 'Comedy', 'Fantasy']",4,2017.0,1,4.0,0.0,4.0,4.0,2017
193583,No Game No Life: Zero (2017),Animation|Comedy|Fantasy,"['Animation', 'Comedy', 'Fantasy']",3,2017.0,1,3.5,0.0,3.5,3.5,2017
193585,Flint (2017),Drama,['Drama'],1,2017.0,1,3.5,0.0,3.5,3.5,2017
193587,Bungo Stray Dogs: Dead Apple (2018),Action|Animation,"['Action', 'Animation']",2,2018.0,1,3.5,0.0,3.5,3.5,2018
