movieId,title,genres,genre_array,genre_count,year_str,rating_count,avg_rating,std_rating,min_rating,max_rating,year
1,Toy Story (1995),Adventure|Animation|Children|Comedy|Fantasy,"['Adventure', 'Animation', 'Children', 'Comedy', 'Fantasy']",5,1995.0,215,3.92093023255814,0.8348591407114045,0.5,5.0,1995
2,Jumanji (1995),Adventure|Children|Fantasy,"['Adventure', 'Children', 'Fantasy']",3,1995.0,110,3.4318181818181817,0.8817134921476453,0.5,5.0,1995
3,Grumpier Old Men (1995),Comedy|Romance,"['Comedy', 'Romance']",2,1995.0,52,3.2596153846153846,1.0548226531330254,0.5,5.0,1995
4,Waiting to Exhale (1995),Comedy|Drama|Romance,"['Comedy', 'Drama', 'Romance']",3,1995.0,7,2.357142857142857,0.8521681032463467,1.0,3.0,1995
5,Father of the Bride Part II (1995),Comedy,['Comedy'],1,1995.0,49,3.071428571428572,0.9071475440448852,0.5,5.0,1995
6,Heat (1995),Action|Crime|Thriller,"['Action', 'Crime', 'Thriller']",3,1995.0,102,3.946078431372549,0.8172244221533347,1.0,5.0,1995
7,Sabrina (1995),Comedy|Romance,"['Comedy', 'Romance']",2,1995.0,54,3.185185185185185,0.9775609631923282,1.0,5.0,1995
8,Tom and Huck (1995),Adventure|Children,"['Adventure', 'Children']",2,1995.0,8,2.875,1.1259916264596033,1.0,5.0,1995
9,Sudden Death (1995),Action,['Action'],1,1995.0,16,3.125,0.9746794344808964,1.5,5.0,1995
10,GoldenEye (1995),Action|Adventure|Thriller,"['Action', 'Adventure', 'Thriller']",3,1995.0,132,3.496212121212121,0.8593806844280277,0.5,5.0,1995
11,"American President, The (1995)",Comedy|Drama|Romance,"['Comedy', 'Drama', 'Romance']",3,1995.0,70,3.6714285714285713,0.900425480286211,1.0,5.0,1995
12,Dracula: Dead and Loving It (1995),Comedy|Horror,"['Comedy', 'Horror']",2,1995.0,19,2.421052631578948,1.25014619028177,1.0,5.0,1995
13,Balto (1995),Adventure|Animation|Children,"['Adventure', 'Animation', 'Children']",3,1995.0,8,3.125,0.6408699444616557,2.0,4.0,1995
14,Nixon (1995),Drama,['Drama'],1,1995.0,18,3.8333333333333335,0.7071067811865478,3.0,5.0,1995
15,Cutthroat Island (1995),Action|Adventure|Romance,"['Action', 'Adventure', 'Romance']",3,1995.0,13,3.0,1.2076147288491197,1.0,5.0,1995
16,Casino (1995),Crime|Drama,"['Crime', 'Drama']",2,1995.0,82,3.926829268292683,0.8858348619181693,1.0,5.0,1995
17,Sense and Sensibility (1995),Drama|Romance,"['Drama', 'Romance']",2,1995.0,67,3.776119402985074,1.1457549518851469,0.5,5.0,1995
18,Four Rooms (1995),Comedy,['Comedy'],1,1995.0,20,3.7,0.9090191359227175,2.0,5.0,1995
19,Ace Ventura: When Nature Calls (1995),Comedy,['Comedy'],1,1995.0,88,2.727272727272727,1.0637957708161232,1.0,5.0,1995
20,Money Train (1995),Action|Comedy|Crime|Drama|Thriller,"['Action', 'Comedy', 'Crime', 'Drama', 'Thriller']",5,1995.0,15,2.5,0.9819805060619656,1.0,4.0,1995
21,Get Shorty (1995),Comedy|Crime|Thriller,"['Comedy', 'Crime', 'Thriller']",3,1995.0,89,3.49438202247191,0.8676456585288979,1.0,5.0,1995
22,Copycat (1995),Crime|Drama|Horror|Mystery|Thriller,"['Crime', 'Drama', 'Horror', 'Mystery', 'Thriller']",5,1995.0,36,3.2222222222222223,0.8232726023485646,1.0,5.0,1995
23,Assassins (1995),Action|Crime|Thriller,"['Action', 'Crime', 'Thriller']",3,1995.0,16,3.125,1.118033988749895,1.0,5.0,1995
24,Powder (1995),Drama|Sci-Fi,"['Drama', 'Sci-Fi']",2,1995.0,28,3.125,1.0149347725802838,1.0,5.0,1995
25,Leaving Las Vegas (1995),Drama|Romance,"['Drama', 'Romance']",2,1995.0,76,3.625,1.116915395184434,1.0,5.0,1995
26,Othello (1995),Drama,['Drama'],1,1995.0,13,3.5,0.6123724356957944,2.5,4.0,1995
27,Now and Then (1995),Children|Drama,"['Children', 'Drama']",2,1995.0,9,3.333333333333333,1.1989578808281798,2.0,5.0,1995
28,Persuasion (1995),Drama|Romance,"['Drama', 'Romance']",2,1995.0,11,4.227272727272728,0.7862453931068963,2.5,5.0,1995
29,"City of Lost Children, The (Cité des enfants perdus, La) (1995)",Adventure|Drama|Fantasy|Mystery|Sci-Fi,"['Adventure', 'Drama', 'Fantasy', 'Mystery', 'Sci-Fi']",5,1995.0,38,4.0131578947368425,0.8259870598526935,2.0,5.0,1995
30,Shanghai Triad (Yao a yao yao dao waipo qiao) (1995),Crime|Drama,"['Crime', 'Drama']",2,1995.0,3,3.0,1.7320508075688772,1.0,4.0,1995
31,Dangerous Minds (1995),Drama,['Drama'],1,1995.0,38,3.1842105263157894,0.989273912220329,0.5,5.0,1995
32,Twelve Monkeys (a.k.a. 12 Monkeys) (1995),Mystery|Sci-Fi|Thriller,"['Mystery', 'Sci-Fi', 'Thriller']",3,1995.0,177,3.983050847457627,0.7903866737178422,1.0,5.0,1995
34,Babe (1995),Children|Drama,"['Children', 'Drama']",2,1995.0,128,3.65234375,1.0415739788159346,1.0,5.0,1995
36,Dead Man Walking (1995),Crime|Drama,"['Crime', 'Drama']",2,1995.0,67,3.835820895522388,0.943028887461601,0.5,5.0,1995
38,It Takes Two (1995),Children|Comedy,"['Children', 'Comedy']",2,1995.0,4,2.125,0.8539125638299665,1.0,3.0,1995
39,Clueless (1995),Comedy|Romance,"['Comedy', 'Romance']",2,1995.0,104,3.293269230769231,1.0371979076466489,0.5,5.0,1995
40,"Cry, the Beloved Country (1995)",Drama,['Drama'],1,1995.0,2,4.25,1.0606601717798212,3.5,5.0,1995
41,Richard III (1995),Drama|War,"['Drama', 'War']",2,1995.0,15,3.7,0.6761234037828133,2.5,5.0,1995
42,Dead Presidents (1995),Action|Crime|Drama,"['Action', 'Crime', 'Drama']",3,1995.0,7,3.0,0.816496580927726,2.0,4.0,1995
43,Restoration (1995),Drama,['Drama'],1,1995.0,8,3.1875,0.6512350903146596,2.0,4.0,1995
44,Mortal Kombat (1995),Action|Adventure|Fantasy,"['Action', 'Adventure', 'Fantasy']",3,1995.0,46,2.5434782608695654,1.0843640581594445,0.5,5.0,1995
45,To Die For (1995),Comedy|Drama|Thriller,"['Comedy', 'Drama', 'Thriller']",3,1995.0,32,3.3125,0.8303710791159927,2.0,5.0,1995
46,How to Make an American Quilt (1995),Drama|Romance,"['Drama', 'Romance']",2,1995.0,15,3.066666666666667,1.178174536346478,1.0,5.0,1995
47,Seven (a.k.a. Se7en) (1995),Mystery|Thriller,"['Mystery', 'Thriller']",2,1995.0,203,3.975369458128079,0.9224291201153796,0.5,5.0,1995
48,Pocahontas (1995),Animation|Children|Drama|Musical|Romance,"['Animation', 'Children', 'Drama', 'Musical', 'Romance']",5,1995.0,68,3.147058823529412,1.0546939271988995,0.5,5.0,1995
49,When Night Is Falling (1995),Drama|Romance,"['Drama', 'Romance']",2,1995.0,1,3.0,0.0,3.0,3.0,1995
50,"Usual Suspects, The (1995)",Crime|Mystery|Thriller,"['Crime', 'Mystery', 'Thriller']",3,1995.0,204,4.237745098039215,0.8009211530017211,1.0,5.0,1995
52,Mighty Aphrodite (1995),Comedy|Drama|Romance,"['Comedy', 'Drama', 'Romance']",3,1995.0,28,3.4642857142857144,0.8705954904182011,1.0,5.0,1995
53,Lamerica (1994),Adventure|Drama,"['Adventure', 'Drama']",2,1994.0,2,5.0,0.0,5.0,5.0,1994
54,"Big Green, The (1995)",Children|Comedy,"['Children', 'Comedy']",2,1995.0,3,2.333333333333333,1.5275252316519468,1.0,4.0,1995
55,Georgia (1995),Drama,['Drama'],1,1995.0,1,4.0,0.0,4.0,4.0,1995
57,Home for the Holidays (1995),Drama,['Drama'],1,1995.0,8,3.0625,0.8634441002668987,2.0,5.0,1995
58,"Postman, The (Postino, Il) (1994)",Comedy|Drama|Romance,"['Comedy', 'Drama', 'Romance']",3,1994.0,37,4.027027027027027,0.9200388423710552,2.0,5.0,1994
60,"Indian in the Cupboard, The (1995)",Adventure|Children|Fantasy,"['Adventure', 'Children', 'Fantasy']",3,1995.0,34,3.235294117647059,1.0242165824878726,1.0,5.0,1995
61,Eye for an Eye (1996),Drama|Thriller,"['Drama', 'Thriller']",2,1996.0,6,3.75,0.8803408430829505,2.5,5.0,1996
62,Mr. Holland's Opus (1995),Drama,['Drama'],1,1995.0,80,3.70625,1.0484882124495103,1.0,5.0,1995
63,Don't Be a Menace to South Central While Drinking Your Juice in the Hood (1996),Comedy|Crime,"['Comedy', 'Crime']",2,1996.0,7,2.7142857142857144,1.14953406710222,0.5,4.0,1996
64,Two if by Sea (1996),Comedy|Romance,"['Comedy', 'Romance']",2,1996.0,5,2.2,0.8366600265340756,1.0,3.0,1996
65,Bio-Dome (1996),Comedy,['Comedy'],1,1996.0,31,2.532258064516129,1.0562156019721836,1.0,5.0,1996
66,Lawnmower Man 2: Beyond Cyberspace (1996),Action|Sci-Fi|Thriller,"['Action', 'Sci-Fi', 'Thriller']",3,1996.0,9,2.5,1.118033988749895,0.5,4.0,1996
68,French Twist (Gazon maudit) (1995),Comedy|Romance,"['Comedy', 'Romance']",2,1995.0,5,3.4,1.140175425099138,2.0,5.0,1995
69,Friday (1995),Comedy,['Comedy'],1,1995.0,20,3.775,0.89552983434977,2.0,5.0,1995
70,From Dusk Till Dawn (1996),Action|Comedy|Horror|Thriller,"['Action', 'Comedy', 'Horror', 'Thriller']",4,1996.0,55,3.5090909090909093,1.0160330862345144,1.0,5.0,1996
71,Fair Game (1995),Action,['Action'],1,1995.0,5,1.7,0.4472135954999579,1.0,2.0,1995
72,Kicking and Screaming (1995),Comedy|Drama,"['Comedy', 'Drama']",2,1995.0,7,3.2142857142857144,1.2863754913562,1.0,4.5,1995
73,"Misérables, Les (1995)",Drama|War,"['Drama', 'War']",2,1995.0,13,3.4615384615384617,0.6910601294852008,2.0,4.0,1995
74,Bed of Roses (1996),Drama|Romance,"['Drama', 'Romance']",2,1996.0,8,4.0,0.7559289460184544,3.0,5.0,1996
75,Big Bully (1996),Comedy|Drama,"['Comedy', 'Drama']",2,1996.0,5,2.2,1.095445115010332,1.0,3.0,1996
76,Screamers (1995),Action|Sci-Fi|Thriller,"['Action', 'Sci-Fi', 'Thriller']",3,1995.0,15,3.4,1.1982129550769702,1.0,5.0,1995
77,Nico Icon (1995),Documentary,['Documentary'],1,1995.0,1,4.0,0.0,4.0,4.0,1995
78,"Crossing Guard, The (1995)",Action|Crime|Drama|Thriller,"['Action', 'Crime', 'Drama', 'Thriller']",4,1995.0,3,3.333333333333333,0.5773502691896258,3.0,4.0,1995
79,"Juror, The (1996)",Drama|Thriller,"['Drama', 'Thriller']",2,1996.0,17,2.764705882352941,1.200490095997562,1.0,5.0,1996
80,"White Balloon, The (Badkonake sefid) (1995)",Children|Drama,"['Children', 'Drama']",2,1995.0,2,4.0,0.0,4.0,4.0,1995
81,Things to Do in Denver When You're Dead (1995),Crime|Drama|Romance,"['Crime', 'Drama', 'Romance']",3,1995.0,14,3.107142857142857,0.7640623068776583,2.0,5.0,1995
82,Antonia's Line (Antonia) (1995),Comedy|Drama,"['Comedy', 'Drama']",2,1995.0,8,3.875,1.4820352800890308,1.0,5.0,1995
83,Once Upon a Time... When We Were Colored (1995),Drama|Romance,"['Drama', 'Romance']",2,1995.0,1,3.0,0.0,3.0,3.0,1995
85,Angels and Insects (1995),Drama|Romance,"['Drama', 'Romance']",2,1995.0,7,3.857142857142857,1.5735915849388864,1.0,5.0,1995
86,White Squall (1996),Action|Adventure|Drama,"['Action', 'Adventure', 'Drama']",3,1996.0,15,3.966666666666667,0.7668736780560658,3.0,5.0,1996
87,Dunston Checks In (1996),Children|Comedy,"['Children', 'Comedy']",2,1996.0,7,2.5,0.957427107756338,0.5,3.0,1996
88,Black Sheep (1996),Comedy,['Comedy'],1,1996.0,16,3.15625,1.1792476415070754,0.5,5.0,1996
89,Nick of Time (1995),Action|Thriller,"['Action', 'Thriller']",2,1995.0,10,3.25,0.754615428178118,2.0,4.0,1995
92,Mary Reilly (1996),Drama|Horror|Thriller,"['Drama', 'Horror', 'Thriller']",3,1996.0,8,2.625,1.026436275942851,1.0,4.0,1996
93,Vampire in Brooklyn (1995),Comedy|Horror|Romance,"['Comedy', 'Horror', 'Romance']",3,1995.0,9,2.833333333333333,1.0307764064044151,1.0,4.0,1995
94,Beautiful Girls (1996),Comedy|Drama|Romance,"['Comedy', 'Drama', 'Romance']",3,1996.0,10,3.95,0.4972144630058766,3.0,5.0,1996
95,Broken Arrow (1996),Action|Adventure|Thriller,"['Action', 'Adventure', 'Thriller']",3,1996.0,84,3.023809523809524,1.0146658358604672,1.0,5.0,1996
96,In the Bleak Midwinter (1995),Comedy|Drama,"['Comedy', 'Drama']",2,1995.0,1,3.5,0.0,3.5,3.5,1995
97,"Hate (Haine, La) (1995)",Crime|Drama,"['Crime', 'Drama']",2,1995.0,10,3.9,0.7378647873726217,3.0,5.0,1995
99,Heidi Fleiss: Hollywood Madam (1995),Documentary,['Documentary'],1,1995.0,2,5.0,0.0,5.0,5.0,1995
100,City Hall (1996),Drama|Thriller,"['Drama', 'Thriller']",2,1996.0,14,2.7857142857142856,0.699293206753068,1.0,4.0,1996
101,Bottle Rocket (1996),Adventure|Comedy|Crime|Romance,"['Adventure', 'Comedy', 'Crime', 'Romance']",4,1996.0,23,3.782608695652174,1.0425720702853736,1.0,5.0,1996
102,Mr. Wrong (1996),Comedy,['Comedy'],1,1996.0,5,2.4,1.949358868961793,1.0,5.0,1996
103,Unforgettable (1996),Mystery|Sci-Fi|Thriller,"['Mystery', 'Sci-Fi', 'Thriller']",3,1996.0,3,3.0,0.0,3.0,3.0,1996
104,Happy Gilmore (1996),Comedy,['Comedy'],1,1996.0,99,3.4393939393939394,0.993018299543468,0.5,5.0,1996
105,"Bridges of Madison County, The (1995)",Drama|Romance,"['Drama', 'Romance']",2,1995.0,23,3.282608695652174,0.8504823091062899,1.0,5.0,1995
106,Nobody Loves Me (Keiner liebt mich) (1994),Comedy|Drama,"['Comedy', 'Drama']",2,1994.0,1,4.0,0.0,4.0,4.0,1994
107,Muppet Treasure Island (1996),Adventure|Children|Comedy|Musical,"['Adventure', 'Children', 'Comedy', 'Musical']",4,1996.0,26,3.326923076923077,0.9267395285872692,1.0,5.0,1996
108,Catwalk (1996),Documentary,['Documentary'],1,1996.0,1,4.0,0.0,4.0,4.0,1996
110,Braveheart (1995),Action|Drama|War,"['Action', 'Drama', 'War']",3,1995.0,237,4.031645569620253,0.9677263634544532,0.5,5.0,1995
111,Taxi Driver (1976),Crime|Drama|Thriller,"['Crime', 'Drama', 'Thriller']",3,1976.0,104,4.105769230769231,0.8204695462511792,2.0,5.0,1976
112,Rumble in the Bronx (Hont faan kui) (1995),Action|Adventure|Comedy|Crime,"['Action', 'Adventure', 'Comedy', 'Crime']",4,1995.0,46,3.5434782608695654,0.929910909451496,1.0,5.0,1995
113,Before and After (1996),Drama|Mystery,"['Drama', 'Mystery']",2,1996.0,3,3.333333333333333,0.5773502691896258,3.0,4.0,1996
116,Anne Frank Remembered (1995),Documentary,['Documentary'],1,1995.0,5,3.9,1.02469507659596,3.0,5.0,1995
117,"Young Poisoner's Handbook, The (1995)",Crime|Drama,"['Crime', 'Drama']",2,1995.0,1,3.0,0.0,3.0,3.0,1995
118,If Lucy Fell (1996),Comedy|Romance,"['Comedy', 'Romance']",2,1996.0,2,2.5,0.7071067811865476,2.0,3.0,1996
119,"Steal Big, Steal Little (1995)",Comedy,['Comedy'],1,1995.0,2,3.0,0.0,3.0,3.0,1995
121,"Boys of St. Vincent, The (1992)",Drama,['Drama'],1,1992.0,2,4.0,0.0,4.0,4.0,1992
122,Boomerang (1992),Comedy|Romance,"['Comedy', 'Romance']",2,1992.0,16,2.65625,0.7238496621076322,1.0,4.0,1992
123,Chungking Express (Chung Hing sam lam) (1994),Drama|Mystery|Romance,"['Drama', 'Mystery', 'Romance']",3,1994.0,4,4.375,0.9464847243000456,3.0,5.0,1994
125,Flirting With Disaster (1996),Comedy,['Comedy'],1,1996.0,12,3.583333333333333,1.2583057392117918,1.0,5.0,1996
126,"NeverEnding Story III, The (1994)",Adventure|Children|Fantasy,"['Adventure', 'Children', 'Fantasy']",3,1994.0,7,2.0,0.816496580927726,1.0,3.0,1994
128,Jupiter's Wife (1994),Documentary,['Documentary'],1,1994.0,1,3.0,0.0,3.0,3.0,1994
129,Pie in the Sky (1996),Comedy|Romance,"['Comedy', 'Romance']",2,1996.0,1,2.0,0.0,2.0,2.0,1996
132,Jade (1995),Thriller,['Thriller'],1,1995.0,6,2.833333333333333,0.752772652709081,2.0,4.0,1995
135,Down Periscope (1996),Comedy,['Comedy'],1,1996.0,31,2.9516129032258065,1.0275767506588611,1.0,5.0,1996
137,Man of the Year (1995),Documentary,['Documentary'],1,1995.0,1,3.0,0.0,3.0,3.0,1995
140,Up Close and Personal (1996),Drama|Romance,"['Drama', 'Romance']",2,1996.0,16,3.5,0.6831300510639732,2.5,5.0,1996
141,"Birdcage, The (1996)",Comedy,['Comedy'],1,1996.0,86,3.494186046511628,0.8418962701457717,1.0,5.0,1996
144,"Brothers McMullen, The (1995)",Comedy,['Comedy'],1,1995.0,12,3.333333333333333,0.8616404368553292,2.0,4.5,1995
145,Bad Boys (1995),Action|Comedy|Crime|Drama|Thriller,"['Action', 'Comedy', 'Crime', 'Drama', 'Thriller']",5,1995.0,51,3.2450980392156863,0.8623952053415408,1.0,5.0,1995
146,"Amazing Panda Adventure, The (1995)",Adventure|Children,"['Adventure', 'Children']",2,1995.0,3,3.333333333333333,0.5773502691896258,3.0,4.0,1995
147,"Basketball Diaries, The (1995)",Drama,['Drama'],1,1995.0,15,3.466666666666667,0.8549575316659775,2.0,5.0,1995
148,"Awfully Big Adventure, An (1995)",Drama,['Drama'],1,1995.0,1,5.0,0.0,5.0,5.0,1995
149,Amateur (1994),Crime|Drama|Thriller,"['Crime', 'Drama', 'Thriller']",3,1994.0,1,2.0,0.0,2.0,2.0,1994
150,Apollo 13 (1995),Adventure|Drama|IMAX,"['Adventure', 'Drama', 'IMAX']",3,1995.0,201,3.845771144278607,0.8766952306036482,1.0,5.0,1995
151,Rob Roy (1995),Action|Drama|Romance|War,"['Action', 'Drama', 'Romance', 'War']",4,1995.0,44,3.5454545454545454,0.9512426500536988,1.0,5.0,1995
152,"Addiction, The (1995)",Drama|Horror,"['Drama', 'Horror']",2,1995.0,2,1.5,0.7071067811865476,1.0,2.0,1995
153,Batman Forever (1995),Action|Adventure|Comedy|Crime,"['Action', 'Adventure', 'Comedy', 'Crime']",4,1995.0,137,2.916058394160584,0.90458257977029,0.5,5.0,1995
154,Beauty of the Day (Belle de jour) (1967),Drama,['Drama'],1,1967.0,12,3.875,0.6077155435054972,3.0,5.0,1967
155,Beyond Rangoon (1995),Adventure|Drama|War,"['Adventure', 'Drama', 'War']",3,1995.0,6,2.4166666666666665,1.3570801990548187,1.0,4.0,1995
156,Blue in the Face (1995),Comedy|Drama,"['Comedy', 'Drama']",2,1995.0,3,3.333333333333333,1.1547005383792517,2.0,4.0,1995
157,Canadian Bacon (1995),Comedy|War,"['Comedy', 'War']",2,1995.0,11,2.863636363636364,1.0975178606954217,1.5,5.0,1995
158,Casper (1995),Adventure|Children,"['Adventure', 'Children']",2,1995.0,62,2.806451612903226,1.1138282776292474,0.5,5.0,1995
159,Clockers (1995),Crime|Drama|Mystery,"['Crime', 'Drama', 'Mystery']",3,1995.0,14,2.892857142857143,0.9235918893223228,1.0,4.5,1995
160,Congo (1995),Action|Adventure|Mystery|Sci-Fi,"['Action', 'Adventure', 'Mystery', 'Sci-Fi']",4,1995.0,57,2.8771929824561404,1.027656408648138,1.0,5.0,1995
161,Crimson Tide (1995),Drama|Thriller|War,"['Drama', 'Thriller', 'War']",3,1995.0,103,3.6359223300970873,0.8778152881915151,1.0,5.0,1995
162,Crumb (1994),Documentary,['Documentary'],1,1994.0,17,4.205882352941177,0.6388178420286317,3.0,5.0,1994
163,Desperado (1995),Action|Romance|Western,"['Action', 'Romance', 'Western']",3,1995.0,66,3.560606060606061,0.994272642979826,1.0,5.0,1995
164,Devil in a Blue Dress (1995),Crime|Film-Noir|Mystery|Thriller,"['Crime', 'Film-Noir', 'Mystery', 'Thriller']",4,1995.0,14,3.321428571428572,0.7747739833491605,2.0,5.0,1995
165,Die Hard: With a Vengeance (1995),Action|Crime|Thriller,"['Action', 'Crime', 'Thriller']",3,1995.0,144,3.555555555555556,0.92197551488033,1.0,5.0,1995
166,"Doom Generation, The (1995)",Comedy|Crime|Drama,"['Comedy', 'Crime', 'Drama']",3,1995.0,3,2.833333333333333,1.2583057392117916,1.5,4.0,1995
168,First Knight (1995),Action|Drama|Romance,"['Action', 'Drama', 'Romance']",3,1995.0,54,3.083333333333333,1.298584134631631,0.5,5.0,1995
169,Free Willy 2: The Adventure Home (1995),Adventure|Children|Drama,"['Adventure', 'Children', 'Drama']",3,1995.0,10,2.4,0.9944289260117531,0.5,3.5,1995
170,Hackers (1995),Action|Adventure|Crime|Thriller,"['Action', 'Adventure', 'Crime', 'Thriller']",4,1995.0,35,3.2285714285714286,0.9183013181545424,1.0,5.0,1995
171,Jeffrey (1995),Comedy|Drama,"['Comedy', 'Drama']",2,1995.0,6,3.8333333333333335,0.983192080250175,3.0,5.0,1995
172,Johnny Mnemonic (1995),Action|Sci-Fi|Thriller,"['Action', 'Sci-Fi', 'Thriller']",3,1995.0,53,2.679245283018868,1.070111153566272,0.5,5.0,1995
173,Judge Dredd (1995),Action|Crime|Sci-Fi,"['Action', 'Crime', 'Sci-Fi']",3,1995.0,62,2.669354838709677,1.0280633886301838,0.5,5.0,1995
174,Jury Duty (1995),Comedy,['Comedy'],1,1995.0,10,2.7,1.4757295747452437,1.0,5.0,1995
175,Kids (1995),Drama,['Drama'],1,1995.0,20,3.975,0.7517523388373116,2.5,5.0,1995
176,Living in Oblivion (1995),Comedy,['Comedy'],1,1995.0,13,4.307692307692308,0.5219539227133918,3.5,5.0,1995
177,Lord of Illusions (1995),Horror,['Horror'],1,1995.0,8,2.75,1.164964745021435,1.0,4.0,1995
178,Love & Human Remains (1993),Comedy|Drama,"['Comedy', 'Drama']",2,1993.0,1,1.0,0.0,1.0,1.0,1993
179,Mad Love (1995),Drama|Romance,"['Drama', 'Romance']",2,1995.0,2,1.5,0.7071067811865476,1.0,2.0,1995
180,Mallrats (1995),Comedy|Romance,"['Comedy', 'Romance']",2,1995.0,36,3.4027777777777777,0.9244260338520828,0.5,5.0,1995
181,Mighty Morphin Power Rangers: The Movie (1995),Action|Children,"['Action', 'Children']",2,1995.0,17,2.264705882352941,1.1607870048325986,0.5,4.0,1995
183,Mute Witness (1994),Comedy|Horror|Thriller,"['Comedy', 'Horror', 'Thriller']",3,1994.0,2,3.5,0.7071067811865476,3.0,4.0,1994
184,Nadja (1994),Drama,['Drama'],1,1994.0,2,3.5,0.7071067811865476,3.0,4.0,1994
185,"Net, The (1995)",Action|Crime|Thriller,"['Action', 'Crime', 'Thriller']",3,1995.0,112,3.040178571428572,1.037882444126004,0.5,5.0,1995
186,Nine Months (1995),Comedy|Romance,"['Comedy', 'Romance']",2,1995.0,48,2.8229166666666665,1.0743111763107092,0.5,5.0,1995
187,Party Girl (1995),Comedy,['Comedy'],1,1995.0,4,4.125,0.8539125638299665,3.0,5.0,1995
188,"Prophecy, The (1995)",Fantasy|Horror|Mystery,"['Fantasy', 'Horror', 'Mystery']",3,1995.0,12,3.458333333333333,1.0103629710818451,2.0,5.0,1995
189,Reckless (1995),Comedy|Fantasy,"['Comedy', 'Fantasy']",2,1995.0,1,3.0,0.0,3.0,3.0,1995
190,Safe (1995),Thriller,['Thriller'],1,1995.0,5,2.8,1.4832396974191326,1.0,5.0,1995
191,"Scarlet Letter, The (1995)",Drama|Romance,"['Drama', 'Romance']",2,1995.0,6,2.4166666666666665,1.4288690166235205,1.0,5.0,1995
193,Showgirls (1995),Drama,['Drama'],1,1995.0,35,2.4714285714285715,1.01418510567422,1.0,5.0,1995
194,Smoke (1995),Comedy|Drama,"['Comedy', 'Drama']",2,1995.0,18,3.6666666666666665,1.2718675476729209,1.0,5.0,1995
195,Something to Talk About (1995),Comedy|Drama|Romance,"['Comedy', 'Drama', 'Romance']",3,1995.0,10,3.1,1.2649110640673518,1.5,5.0,1995
196,Species (1995),Horror|Sci-Fi,"['Horror', 'Sci-Fi']",2,1995.0,45,2.6666666666666665,0.917010954628728,0.5,4.0,1995
198,Strange Days (1995),Action|Crime|Drama|Mystery|Sci-Fi|Thriller,"['Action', 'Crime', 'Drama', 'Mystery', 'Sci-Fi', 'Thriller']",6,1995.0,28,3.25,0.927960727138337,2.0,5.0,1995
199,"Umbrellas of Cherbourg, The (Parapluies de Cherbourg, Les) (1964)",Drama|Musical|Romance,"['Drama', 'Musical', 'Romance']",3,1964.0,4,4.125,0.8539125638299665,3.0,5.0,1964
201,Three Wishes (1995),Drama|Fantasy,"['Drama', 'Fantasy']",2,1995.0,1,3.0,0.0,3.0,3.0,1995
202,Total Eclipse (1995),Drama|Romance,"['Drama', 'Romance']",2,1995.0,1,3.0,0.0,3.0,3.0,1995
203,"To Wong Foo, Thanks for Everything! Julie Newmar (1995)",Comedy,['Comedy'],1,1995.0,22,3.4318181818181817,0.7912535946725621,2.5,5.0,1995
204,Under Siege 2: Dark Territory (1995),Action,['Action'],1,1995.0,30,2.716666666666667,1.127121244077395,0.5,4.5,1995
205,Unstrung Heroes (1995),Comedy|Drama,"['Comedy', 'Drama']",2,1995.0,9,3.1666666666666665,0.6123724356957945,2.0,4.0,1995
206,Unzipped (1995),Documentary,['Documentary'],1,1995.0,2,3.0,1.4142135623730951,2.0,4.0,1995
207,"Walk in the Clouds, A (1995)",Drama|Romance,"['Drama', 'Romance']",2,1995.0,21,3.4285714285714284,1.0872639316848771,1.5,5.0,1995
208,Waterworld (1995),Action|Adventure|Sci-Fi,"['Action', 'Adventure', 'Sci-Fi']",3,1995.0,115,2.9130434782608696,0.9557326333834748,0.5,5.0,1995
209,White Man's Burden (1995),Drama,['Drama'],1,1995.0,3,3.1666666666666665,0.7637626158259734,2.5,4.0,1995
210,Wild Bill (1995),Western,['Western'],1,1995.0,4,3.0,0.816496580927726,2.0,4.0,1995
211,"Browning Version, The (1994)",Drama,['Drama'],1,1994.0,2,3.5,0.7071067811865476,3.0,4.0,1994
212,Bushwhacked (1995),Adventure|Comedy|Crime|Mystery,"['Adventure', 'Comedy', 'Crime', 'Mystery']",4,1995.0,3,3.0,1.3228756555322954,1.5,4.0,1995
213,Burnt by the Sun (Utomlyonnye solntsem) (1994),Drama,['Drama'],1,1994.0,6,3.8333333333333335,1.807392228230128,0.5,5.0,1994
214,Before the Rain (Pred dozhdot) (1994),Drama|War,"['Drama', 'War']",2,1994.0,2,4.0,0.0,4.0,4.0,1994
215,Before Sunrise (1995),Drama|Romance,"['Drama', 'Romance']",2,1995.0,24,4.041666666666667,0.999093792292346,1.0,5.0,1995
216,Billy Madison (1995),Comedy,['Comedy'],1,1995.0,49,3.326530612244898,1.0633624950685288,1.0,5.0,1995
217,"Babysitter, The (1995)",Drama|Thriller,"['Drama', 'Thriller']",2,1995.0,6,2.333333333333333,1.505545305418162,1.0,5.0,1995
218,Boys on the Side (1995),Comedy|Drama,"['Comedy', 'Drama']",2,1995.0,14,3.4285714285714284,1.0163498575623615,2.0,5.0,1995
219,"Cure, The (1995)",Drama,['Drama'],1,1995.0,1,3.0,0.0,3.0,3.0,1995
220,Castle Freak (1995),Horror,['Horror'],1,1995.0,1,3.0,0.0,3.0,3.0,1995
222,Circle of Friends (1995),Drama|Romance,"['Drama', 'Romance']",2,1995.0,16,3.75,1.2382783747337809,1.0,5.0,1995
223,Clerks (1994),Comedy,['Comedy'],1,1994.0,104,3.855769230769231,0.9468216554343288,1.0,5.0,1994
224,Don Juan DeMarco (1995),Comedy|Drama|Romance,"['Comedy', 'Drama', 'Romance']",3,1995.0,40,3.6125,0.7552168987135842,1.0,5.0,1995
225,Disclosure (1994),Drama|Thriller,"['Drama', 'Thriller']",2,1994.0,52,3.5384615384615383,0.784945070178536,2.0,5.0,1994
227,Drop Zone (1994),Action|Thriller,"['Action', 'Thriller']",2,1994.0,22,2.863636363636364,1.0371873387954444,1.0,5.0,1994
228,Destiny Turns on the Radio (1995),Comedy,['Comedy'],1,1995.0,3,2.333333333333333,1.1547005383792517,1.0,3.0,1995
229,Death and the Maiden (1994),Drama|Thriller,"['Drama', 'Thriller']",2,1994.0,7,3.4285714285714284,0.8380817098475258,2.5,5.0,1994
230,Dolores Claiborne (1995),Drama|Thriller,"['Drama', 'Thriller']",2,1995.0,24,3.395833333333333,0.7515081455005149,2.0,5.0,1995
231,Dumb & Dumber (Dumb and Dumber) (1994),Adventure|Comedy,"['Adventure', 'Comedy']",2,1994.0,133,3.0601503759398496,1.1214803426872666,0.5,5.0,1994
232,Eat Drink Man Woman (Yin shi nan nu) (1994),Comedy|Drama|Romance,"['Comedy', 'Drama', 'Romance']",3,1994.0,14,3.892857142857143,1.2275455722164177,1.5,5.0,1994
233,Exotica (1994),Drama,['Drama'],1,1994.0,12,3.5,0.5222329678670935,3.0,4.0,1994
234,Exit to Eden (1994),Comedy,['Comedy'],1,1994.0,17,2.588235294117647,0.9393364366277244,1.0,4.0,1994
235,Ed Wood (1994),Comedy|Drama,"['Comedy', 'Drama']",2,1994.0,70,3.678571428571429,0.9090356184955471,1.0,5.0,1994
236,French Kiss (1995),Action|Comedy|Romance,"['Action', 'Comedy', 'Romance']",3,1995.0,45,3.477777777777778,0.9167355346031046,0.5,5.0,1995
237,Forget Paris (1995),Comedy|Romance,"['Comedy', 'Romance']",2,1995.0,22,3.340909090909091,1.0395324456830126,1.0,5.0,1995
238,Far From Home: The Adventures of Yellow Dog (1995),Adventure|Children,"['Adventure', 'Children']",2,1995.0,2,4.0,1.4142135623730951,3.0,5.0,1995
239,"Goofy Movie, A (1995)",Animation|Children|Comedy|Romance,"['Animation', 'Children', 'Comedy', 'Romance']",4,1995.0,17,3.0,1.0606601717798212,1.0,4.5,1995
240,Hideaway (1995),Thriller,['Thriller'],1,1995.0,4,2.375,0.7499999999999999,1.5,3.0,1995
241,Fluke (1995),Children|Drama,"['Children', 'Drama']",2,1995.0,1,4.0,0.0,4.0,4.0,1995
242,Farinelli: il castrato (1994),Drama|Musical,"['Drama', 'Musical']",2,1994.0,5,3.6,0.8944271909999159,2.0,4.0,1994
243,Gordy (1995),Children|Comedy|Fantasy,"['Children', 'Comedy', 'Fantasy']",3,1995.0,1,3.0,0.0,3.0,3.0,1995
246,Hoop Dreams (1994),Documentary,['Documentary'],1,1994.0,29,4.293103448275862,0.7620137955644517,3.0,5.0,1994
247,Heavenly Creatures (1994),Crime|Drama,"['Crime', 'Drama']",2,1994.0,21,3.928571428571429,0.7629828681843762,2.5,5.0,1994
248,Houseguest (1994),Comedy,['Comedy'],1,1994.0,17,3.176470588235294,0.9990804595756452,1.5,5.0,1994
249,Immortal Beloved (1994),Drama|Romance,"['Drama', 'Romance']",2,1994.0,18,3.7222222222222223,0.8947924869885988,2.0,5.0,1994
250,Heavyweights (Heavy Weights) (1995),Children|Comedy,"['Children', 'Comedy']",2,1995.0,6,2.5,1.095445115010332,1.0,4.0,1995
251,"Hunted, The (1995)",Action,['Action'],1,1995.0,3,3.0,0.5,2.5,3.5,1995
252,I.Q. (1994),Comedy|Romance,"['Comedy', 'Romance']",2,1994.0,43,3.453488372093023,0.864745720183603,1.5,5.0,1994
253,Interview with the Vampire: The Vampire Chronicles (1994),Drama|Horror,"['Drama', 'Horror']",2,1994.0,109,3.458715596330275,1.0163670787348358,0.5,5.0,1994
254,Jefferson in Paris (1995),Drama,['Drama'],1,1995.0,1,3.0,0.0,3.0,3.0,1995
255,"Jerky Boys, The (1995)",Comedy,['Comedy'],1,1995.0,7,2.071428571428572,1.5391710817994273,0.5,5.0,1995
256,Junior (1994),Comedy|Sci-Fi,"['Comedy', 'Sci-Fi']",2,1994.0,35,2.8285714285714287,1.0427823157223146,0.5,5.0,1994
257,Just Cause (1995),Mystery|Thriller,"['Mystery', 'Thriller']",2,1995.0,14,3.5,0.9405399431259602,2.0,5.0,1995
258,"Kid in King Arthur's Court, A (1995)",Adventure|Children|Comedy|Fantasy|Romance,"['Adventure', 'Children', 'Comedy', 'Fantasy', 'Romance']",5,1995.0,10,2.6,1.07496769977314,1.0,4.0,1995
259,Kiss of Death (1995),Crime|Drama|Thriller,"['Crime', 'Drama', 'Thriller']",3,1995.0,5,3.2,0.447213595499958,3.0,4.0,1995
260,Star Wars: Episode IV - A New Hope (1977),Action|Adventure|Sci-Fi,"['Action', 'Adventure', 'Sci-Fi']",3,1977.0,251,4.231075697211155,0.8720036916475825,0.5,5.0,1977
261,Little Women (1994),Drama,['Drama'],1,1994.0,42,3.880952380952381,0.7635725068956289,2.0,5.0,1994
262,"Little Princess, A (1995)",Children|Drama,"['Children', 'Drama']",2,1995.0,21,3.9047619047619047,0.6248809410409236,2.5,5.0,1995
263,Ladybird Ladybird (1994),Drama,['Drama'],1,1994.0,1,4.0,0.0,4.0,4.0,1994
265,Like Water for Chocolate (Como agua para chocolate) (1992),Drama|Fantasy|Romance,"['Drama', 'Fantasy', 'Romance']",3,1992.0,33,3.939393939393939,1.0662256427286492,2.0,5.0,1992
266,Legends of the Fall (1994),Drama|Romance|War|Western,"['Drama', 'Romance', 'War', 'Western']",4,1994.0,68,3.397058823529412,0.9794867050876044,0.5,5.0,1994
267,Major Payne (1995),Comedy,['Comedy'],1,1995.0,17,2.9411764705882355,1.2976222599091636,1.0,5.0,1995
269,My Crazy Life (Mi vida loca) (1993),Drama,['Drama'],1,1993.0,2,3.0,0.0,3.0,3.0,1993
270,Love Affair (1994),Drama|Romance,"['Drama', 'Romance']",2,1994.0,5,3.4,1.3874436925511608,1.5,5.0,1994
271,Losing Isaiah (1995),Drama,['Drama'],1,1995.0,4,3.5,1.2909944487358054,2.0,5.0,1995
272,"Madness of King George, The (1994)",Comedy|Drama,"['Comedy', 'Drama']",2,1994.0,31,3.758064516129033,1.117071825070166,1.0,5.0,1994
273,Mary Shelley's Frankenstein (Frankenstein) (1994),Drama|Horror|Sci-Fi,"['Drama', 'Horror', 'Sci-Fi']",3,1994.0,28,2.946428571428572,1.0482727037253528,1.0,5.0,1994
274,Man of the House (1995),Comedy,['Comedy'],1,1995.0,7,2.9285714285714284,1.2392393980641052,1.0,4.0,1995
275,Mixed Nuts (1994),Comedy,['Comedy'],1,1994.0,6,2.0,0.6324555320336759,1.0,3.0,1994
276,Milk Money (1994),Comedy|Romance,"['Comedy', 'Romance']",2,1994.0,22,3.25,0.8128433340529315,2.0,5.0,1994
277,Miracle on 34th Street (1994),Drama,['Drama'],1,1994.0,38,3.223684210526316,1.1548801764278915,0.5,5.0,1994
278,Miami Rhapsody (1995),Comedy,['Comedy'],1,1995.0,2,1.5,0.7071067811865476,1.0,2.0,1995
279,My Family (1995),Drama,['Drama'],1,1995.0,2,3.0,0.0,3.0,3.0,1995
280,Murder in the First (1995),Drama|Thriller,"['Drama', 'Thriller']",2,1995.0,13,4.076923076923077,0.8623164985025762,3.0,5.0,1995
281,Nobody's Fool (1994),Comedy|Drama|Romance,"['Comedy', 'Drama', 'Romance']",3,1994.0,14,3.7857142857142856,0.8017837257372732,3.0,5.0,1994
282,Nell (1994),Drama,['Drama'],1,1994.0,40,3.3375,0.9363561397848688,1.0,5.0,1994
283,New Jersey Drive (1995),Crime|Drama,"['Crime', 'Drama']",2,1995.0,3,3.6666666666666665,1.5275252316519468,2.0,5.0,1995
284,New York Cop (Nyû Yôku no koppu) (1993),Action|Crime,"['Action', 'Crime']",2,1993.0,1,4.5,0.0,4.5,4.5,1993
285,Beyond Bedlam (1993),Drama|Horror,"['Drama', 'Horror']",2,1993.0,1,4.0,0.0,4.0,4.0,1993
287,Nina Takes a Lover (1994),Comedy|Romance,"['Comedy', 'Romance']",2,1994.0,1,3.0,0.0,3.0,3.0,1994
288,Natural Born Killers (1994),Action|Crime|Thriller,"['Action', 'Crime', 'Thriller']",3,1994.0,92,3.233695652173913,1.1252620865813316,1.0,5.0,1994
289,Only You (1994),Comedy|Romance,"['Comedy', 'Romance']",2,1994.0,8,3.5625,1.1160357137142676,2.0,5.0,1994
290,Once Were Warriors (1994),Crime|Drama,"['Crime', 'Drama']",2,1994.0,14,4.035714285714286,0.842712783316377,3.0,5.0,1994
291,Poison Ivy II (1996),Drama|Thriller,"['Drama', 'Thriller']",2,1996.0,3,2.333333333333333,0.5773502691896258,2.0,3.0,1996
292,Outbreak (1995),Action|Drama|Sci-Fi|Thriller,"['Action', 'Drama', 'Sci-Fi', 'Thriller']",4,1995.0,101,3.4257425742574257,0.9038421837186552,1.0,5.0,1995
293,Léon: The Professional (a.k.a. The Professional) (Léon) (1994),Action|Crime|Drama|Thriller,"['Action', 'Crime', 'Drama', 'Thriller']",4,1994.0,133,4.018796992481203,0.862532421519739,1.0,5.0,1994
294,"Perez Family, The (1995)",Comedy|Romance,"['Comedy', 'Romance']",2,1995.0,2,3.0,0.0,3.0,3.0,1995
295,"Pyromaniac's Love Story, A (1995)",Comedy|Romance,"['Comedy', 'Romance']",2,1995.0,1,3.0,0.0,3.0,3.0,1995
296,Pulp Fiction (1994),Comedy|Crime|Drama|Thriller,"['Comedy', 'Crime', 'Drama', 'Thriller']",4,1994.0,307,4.197068403908795,0.9519971466349252,0.5,5.0,1994
298,Pushing Hands (Tui shou) (1992),Drama,['Drama'],1,1992.0,1,2.0,0.0,2.0,2.0,1992
299,Priest (1994),Drama,['Drama'],1,1994.0,4,4.0,1.1547005383792517,3.0,5.0,1994
300,Quiz Show (1994),Drama,['Drama'],1,1994.0,81,3.5185185185185186,0.8457409637576848,0.5,5.0,1994
301,Picture Bride (Bijo photo) (1994),Drama|Romance,"['Drama', 'Romance']",2,1994.0,1,4.0,0.0,4.0,4.0,1994
302,"Queen Margot (Reine Margot, La) (1994)",Drama|Romance,"['Drama', 'Romance']",2,1994.0,5,3.2,0.4472135954999579,3.0,4.0,1994
303,"Quick and the Dead, The (1995)",Action|Thriller|Western,"['Action', 'Thriller', 'Western']",3,1995.0,32,2.953125,0.9012480146280312,1.0,5.0,1995
304,Roommates (1995),Comedy|Drama,"['Comedy', 'Drama']",2,1995.0,3,3.6666666666666665,1.5275252316519468,2.0,5.0,1995
305,Ready to Wear (Pret-A-Porter) (1994),Comedy,['Comedy'],1,1994.0,9,2.833333333333333,1.224744871391589,1.0,5.0,1994
306,Three Colors: Red (Trois couleurs: Rouge) (1994),Drama,['Drama'],1,1994.0,16,4.21875,1.0483121354507603,1.0,5.0,1994
307,Three Colors: Blue (Trois couleurs: Bleu) (1993),Drama,['Drama'],1,1993.0,24,3.8958333333333335,1.1513618275637831,1.0,5.0,1993
308,Three Colors: White (Trzy kolory: Bialy) (1994),Comedy|Drama,"['Comedy', 'Drama']",2,1994.0,20,4.025,0.8025452930323752,2.0,5.0,1994
310,Rent-a-Kid (1995),Comedy,['Comedy'],1,1995.0,1,3.0,0.0,3.0,3.0,1995
311,Relative Fear (1994),Horror|Thriller,"['Horror', 'Thriller']",2,1994.0,1,3.0,0.0,3.0,3.0,1994
312,Stuart Saves His Family (1995),Comedy,['Comedy'],1,1995.0,9,1.4444444444444444,0.7682953714410741,0.5,3.0,1995
313,"Swan Princess, The (1994)",Animation|Children,"['Animation', 'Children']",2,1994.0,3,3.333333333333333,0.5773502691896258,3.0,4.0,1994
314,"Secret of Roan Inish, The (1994)",Children|Drama|Fantasy|Mystery,"['Children', 'Drama', 'Fantasy', 'Mystery']",4,1994.0,16,3.75,0.8366600265340753,2.5,5.0,1994
315,"Specialist, The (1994)",Action|Drama|Thriller,"['Action', 'Drama', 'Thriller']",3,1994.0,38,3.0789473684210527,0.9831438526446106,0.5,5.0,1994
316,Stargate (1994),Action|Adventure|Sci-Fi,"['Action', 'Adventure', 'Sci-Fi']",3,1994.0,140,3.375,0.8442036816521874,1.0,5.0,1994
317,"Santa Clause, The (1994)",Comedy|Drama|Fantasy,"['Comedy', 'Drama', 'Fantasy']",3,1994.0,81,3.203703703703704,1.0629492514278898,0.5,5.0,1994
318,"Shawshank Redemption, The (1994)",Crime|Drama,"['Crime', 'Drama']",2,1994.0,317,4.429022082018927,0.7130186250284238,1.0,5.0,1994
319,Shallow Grave (1994),Comedy|Drama|Thriller,"['Comedy', 'Drama', 'Thriller']",3,1994.0,20,3.6,1.231174022502185,1.0,5.0,1994
320,Suture (1993),Film-Noir|Thriller,"['Film-Noir', 'Thriller']",2,1993.0,1,3.0,0.0,3.0,3.0,1993
321,Strawberry and Chocolate (Fresa y chocolate) (1993),Drama,['Drama'],1,1993.0,2,4.0,0.0,4.0,4.0,1993
322,Swimming with Sharks (1995),Comedy|Drama,"['Comedy', 'Drama']",2,1995.0,10,3.55,1.065885130354632,2.0,5.0,1995
324,"Sum of Us, The (1994)",Comedy|Drama,"['Comedy', 'Drama']",2,1994.0,1,4.0,0.0,4.0,4.0,1994
325,National Lampoon's Senior Trip (1995),Comedy,['Comedy'],1,1995.0,7,2.5,1.1902380714238083,1.5,5.0,1995
326,To Live (Huozhe) (1994),Drama,['Drama'],1,1994.0,3,4.0,1.0,3.0,5.0,1994
327,Tank Girl (1995),Action|Comedy|Sci-Fi,"['Action', 'Comedy', 'Sci-Fi']",3,1995.0,34,2.823529411764706,1.120621803456216,0.5,5.0,1995
328,Tales from the Crypt Presents: Demon Knight (1995),Horror|Thriller,"['Horror', 'Thriller']",2,1995.0,10,3.15,1.179689224612426,2.0,5.0,1995
329,Star Trek: Generations (1994),Adventure|Drama|Sci-Fi,"['Adventure', 'Drama', 'Sci-Fi']",3,1994.0,108,3.3935185185185186,0.8147327006360032,1.0,5.0,1994
330,Tales from the Hood (1995),Action|Crime|Horror,"['Action', 'Crime', 'Horror']",3,1995.0,6,3.0,0.6324555320336759,2.0,4.0,1995
331,Tom & Viv (1994),Drama,['Drama'],1,1994.0,2,3.0,0.0,3.0,3.0,1994
332,Village of the Damned (1995),Horror|Sci-Fi,"['Horror', 'Sci-Fi']",2,1995.0,12,2.833333333333333,1.0730867399773196,1.0,5.0,1995
333,Tommy Boy (1995),Comedy,['Comedy'],1,1995.0,50,3.78,1.088717650471866,1.0,5.0,1995
334,Vanya on 42nd Street (1994),Drama,['Drama'],1,1994.0,5,4.2,0.8366600265340756,3.0,5.0,1994
335,Underneath (1995),Mystery|Thriller,"['Mystery', 'Thriller']",2,1995.0,2,3.5,0.7071067811865476,3.0,4.0,1995
336,"Walking Dead, The (1995)",Drama|War,"['Drama', 'War']",2,1995.0,1,3.0,0.0,3.0,3.0,1995
337,What's Eating Gilbert Grape (1993),Drama,['Drama'],1,1993.0,77,3.7662337662337664,0.9374672470924812,0.5,5.0,1993
338,Virtuosity (1995),Action|Sci-Fi|Thriller,"['Action', 'Sci-Fi', 'Thriller']",3,1995.0,19,2.8421052631578947,1.0145145470035764,1.0,5.0,1995
339,While You Were Sleeping (1995),Comedy|Romance,"['Comedy', 'Romance']",2,1995.0,98,3.4693877551020407,0.8846233007209418,1.0,5.0,1995
340,"War, The (1994)",Adventure|Drama|War,"['Adventure', 'Drama', 'War']",3,1994.0,5,3.4,0.5477225575051661,3.0,4.0,1994
341,Double Happiness (1994),Drama,['Drama'],1,1994.0,2,4.0,0.0,4.0,4.0,1994
342,Muriel's Wedding (1994),Comedy,['Comedy'],1,1994.0,33,3.272727272727273,1.039011768242042,0.5,5.0,1994
343,"Baby-Sitters Club, The (1995)",Children,['Children'],1,1995.0,5,2.9,0.894427190999916,1.5,4.0,1995
344,Ace Ventura: Pet Detective (1994),Comedy,['Comedy'],1,1994.0,161,3.040372670807453,1.0708862499110006,0.5,5.0,1994
345,"Adventures of Priscilla, Queen of the Desert, The (1994)",Comedy|Drama,"['Comedy', 'Drama']",2,1994.0,36,3.5972222222222223,0.9770176518689374,1.0,5.0,1994
346,Backbeat (1993),Drama|Musical,"['Drama', 'Musical']",2,1993.0,6,3.5,0.5477225575051661,3.0,4.0,1993
347,Bitter Moon (1992),Drama|Film-Noir|Romance,"['Drama', 'Film-Noir', 'Romance']",3,1992.0,6,3.5,0.8366600265340756,3.0,5.0,1992
348,Bullets Over Broadway (1994),Comedy,['Comedy'],1,1994.0,30,3.583333333333333,1.1225228154760898,1.0,5.0,1994
349,Clear and Present Danger (1994),Action|Crime|Drama|Thriller,"['Action', 'Crime', 'Drama', 'Thriller']",4,1994.0,110,3.6045454545454554,0.7813639408154643,2.0,5.0,1994
350,"Client, The (1994)",Drama|Mystery|Thriller,"['Drama', 'Mystery', 'Thriller']",3,1994.0,57,3.3859649122807016,0.8609460320922785,0.5,5.0,1994
351,"Corrina, Corrina (1994)",Comedy|Drama|Romance,"['Comedy', 'Drama', 'Romance']",3,1994.0,17,3.176470588235294,0.9003675719981713,2.0,5.0,1994
352,Crooklyn (1994),Comedy|Drama,"['Comedy', 'Drama']",2,1994.0,2,2.5,0.7071067811865476,2.0,3.0,1994
353,"Crow, The (1994)",Action|Crime|Fantasy|Thriller,"['Action', 'Crime', 'Fantasy', 'Thriller']",4,1994.0,64,3.609375,0.9696536364100196,1.5,5.0,1994
354,Cobb (1994),Drama,['Drama'],1,1994.0,6,3.333333333333333,0.816496580927726,2.0,4.0,1994
355,"Flintstones, The (1994)",Children|Comedy|Fantasy,"['Children', 'Comedy', 'Fantasy']",3,1994.0,42,2.357142857142857,0.970828878227978,0.5,5.0,1994
356,Forrest Gump (1994),Comedy|Drama|Romance|War,"['Comedy', 'Drama', 'Romance', 'War']",4,1994.0,329,4.164133738601824,0.8312435184333795,0.5,5.0,1994
357,Four Weddings and a Funeral (1994),Comedy|Romance,"['Comedy', 'Romance']",2,1994.0,103,3.5194174757281558,1.1134699563136734,0.5,5.0,1994
358,Higher Learning (1995),Drama,['Drama'],1,1995.0,9,2.6666666666666665,0.5,2.0,3.0,1995
359,I Like It Like That (1994),Comedy|Drama|Romance,"['Comedy', 'Drama', 'Romance']",3,1994.0,1,3.0,0.0,3.0,3.0,1994
360,I Love Trouble (1994),Action|Comedy,"['Action', 'Comedy']",2,1994.0,8,2.6875,0.7039429765866794,1.0,3.0,1994
361,It Could Happen to You (1994),Comedy|Drama|Romance,"['Comedy', 'Drama', 'Romance']",3,1994.0,17,3.0588235294117645,0.6093632163264898,2.0,4.0,1994
362,"Jungle Book, The (1994)",Adventure|Children|Romance,"['Adventure', 'Children', 'Romance']",3,1994.0,34,3.5294117647058822,1.079710795106504,1.0,5.0,1994
363,"Wonderful, Horrible Life of Leni Riefenstahl, The (Macht der Bilder: Leni Riefenstahl, Die) (1993)",Documentary,['Documentary'],1,1993.0,2,4.0,0.0,4.0,4.0,1993
364,"Lion King, The (1994)",Adventure|Animation|Children|Drama|Musical|IMAX,"['Adventure', 'Animation', 'Children', 'Drama', 'Musical', 'IMAX']",6,1994.0,172,3.941860465116279,0.8374236620569555,1.0,5.0,1994
365,Little Buddha (1993),Drama,['Drama'],1,1993.0,4,3.25,0.957427107756338,2.0,4.0,1993
366,"Wes Craven's New Nightmare (Nightmare on Elm Street Part 7: Freddy's Finale, A) (1994)",Drama|Horror|Mystery|Thriller,"['Drama', 'Horror', 'Mystery', 'Thriller']",4,1994.0,12,2.9166666666666665,1.2583057392117916,1.0,5.0,1994
367,"Mask, The (1994)",Action|Comedy|Crime|Fantasy,"['Action', 'Comedy', 'Crime', 'Fantasy']",4,1994.0,157,3.1847133757961785,1.0020597764230783,0.5,5.0,1994
368,Maverick (1994),Adventure|Comedy|Western,"['Adventure', 'Comedy', 'Western']",3,1994.0,74,3.5,0.8399282422057222,1.0,5.0,1994
369,Mrs. Parker and the Vicious Circle (1994),Drama,['Drama'],1,1994.0,2,4.0,0.0,4.0,4.0,1994
370,Naked Gun 33 1/3: The Final Insult (1994),Action|Comedy,"['Action', 'Comedy']",2,1994.0,58,3.060344827586207,1.0220275093582645,0.5,5.0,1994
371,"Paper, The (1994)",Comedy|Drama,"['Comedy', 'Drama']",2,1994.0,21,3.3095238095238093,0.8135752957807665,1.0,5.0,1994
372,Reality Bites (1994),Comedy|Drama|Romance,"['Comedy', 'Drama', 'Romance']",3,1994.0,21,2.761904761904762,1.1024863674786145,1.0,5.0,1994
373,Red Rock West (1992),Thriller,['Thriller'],1,1992.0,11,3.636363636363636,0.8090398349558906,3.0,5.0,1992
374,Richie Rich (1994),Children|Comedy,"['Children', 'Comedy']",2,1994.0,25,2.2,1.2162099599438685,0.5,5.0,1994
376,"River Wild, The (1994)",Action|Thriller,"['Action', 'Thriller']",2,1994.0,40,3.25,0.816496580927726,1.5,5.0,1994
377,Speed (1994),Action|Romance|Thriller,"['Action', 'Romance', 'Thriller']",3,1994.0,171,3.5292397660818717,0.934167767932854,0.5,5.0,1994
378,Speechless (1994),Comedy|Romance,"['Comedy', 'Romance']",2,1994.0,7,2.7857142857142856,0.809173593712687,1.0,3.5,1994
379,Timecop (1994),Action|Sci-Fi|Thriller,"['Action', 'Sci-Fi', 'Thriller']",3,1994.0,21,2.5,0.948683298050514,1.0,4.0,1994
380,True Lies (1994),Action|Adventure|Comedy|Romance|Thriller,"['Action', 'Adventure', 'Comedy', 'Romance', 'Thriller']",5,1994.0,178,3.497191011235955,0.9120926317859902,0.5,5.0,1994
381,When a Man Loves a Woman (1994),Drama|Romance,"['Drama', 'Romance']",2,1994.0,11,3.8181818181818175,0.8447700063546075,2.5,5.0,1994
382,Wolf (1994),Drama|Horror|Romance|Thriller,"['Drama', 'Horror', 'Romance', 'Thriller']",4,1994.0,16,3.15625,1.0282468899377557,1.5,5.0,1994
383,Wyatt Earp (1994),Western,['Western'],1,1994.0,21,3.095238095238096,1.0442586798663396,1.0,5.0,1994
384,Bad Company (1995),Action|Crime|Drama,"['Action', 'Crime', 'Drama']",3,1995.0,2,3.25,0.3535533905932738,3.0,3.5,1995
385,"Man of No Importance, A (1994)",Drama,['Drama'],1,1994.0,1,4.0,0.0,4.0,4.0,1994
386,S.F.W. (1994),Drama,['Drama'],1,1994.0,1,3.0,0.0,3.0,3.0,1994
387,"Low Down Dirty Shame, A (1994)",Action|Comedy,"['Action', 'Comedy']",2,1994.0,4,2.375,1.1086778913041726,1.0,3.5,1994
388,Boys Life (1995),Drama,['Drama'],1,1995.0,2,3.0,1.4142135623730951,2.0,4.0,1995
389,"Colonel Chabert, Le (1994)",Drama|Romance|War,"['Drama', 'Romance', 'War']",3,1994.0,2,4.5,0.7071067811865476,4.0,5.0,1994
390,Faster Pussycat! Kill! Kill! (1965),Action|Crime|Drama,"['Action', 'Crime', 'Drama']",3,1965.0,5,3.7,1.2041594578792296,2.0,5.0,1965
391,Jason's Lyric (1994),Crime|Drama,"['Crime', 'Drama']",2,1994.0,1,4.5,0.0,4.5,4.5,1994
393,Street Fighter (1994),Action|Adventure|Fantasy,"['Action', 'Adventure', 'Fantasy']",3,1994.0,10,2.5,1.0801234497346437,1.0,4.5,1994
405,Highlander III: The Sorcerer (a.k.a. Highlander: The Final Dimension) (1994),Action|Fantasy,"['Action', 'Fantasy']",2,1994.0,12,2.4166666666666665,0.7637626158259734,1.0,3.0,1994
406,Federal Hill (1994),Drama,['Drama'],1,1994.0,1,3.0,0.0,3.0,3.0,1994
407,In the Mouth of Madness (1995),Horror|Thriller,"['Horror', 'Thriller']",2,1995.0,8,3.4375,0.9425459443140464,2.0,5.0,1995
408,8 Seconds (1994),Drama,['Drama'],1,1994.0,2,3.0,1.4142135623730951,2.0,4.0,1994
409,Above the Rim (1994),Crime|Drama,"['Crime', 'Drama']",2,1994.0,1,2.0,0.0,2.0,2.0,1994
410,Addams Family Values (1993),Children|Comedy|Fantasy,"['Children', 'Comedy', 'Fantasy']",3,1993.0,84,3.1011904761904763,0.7516237920179758,1.0,5.0,1993
412,"Age of Innocence, The (1993)",Drama,['Drama'],1,1993.0,15,3.5,1.0522085616183026,2.0,5.0,1993
413,Airheads (1994),Comedy,['Comedy'],1,1994.0,26,2.7884615384615383,0.9399263473600146,1.0,5.0,1994
414,"Air Up There, The (1994)",Comedy,['Comedy'],1,1994.0,6,2.333333333333333,0.5163977794943223,2.0,3.0,1994
415,Another Stakeout (1993),Comedy|Thriller,"['Comedy', 'Thriller']",2,1993.0,16,2.53125,0.763080380213426,1.0,4.0,1993
416,Bad Girls (1994),Western,['Western'],1,1994.0,8,2.5,0.9258200997725514,1.0,4.0,1994
417,Barcelona (1994),Comedy|Romance,"['Comedy', 'Romance']",2,1994.0,13,3.692307692307693,1.1821319289469758,2.0,5.0,1994
418,Being Human (1993),Drama,['Drama'],1,1993.0,2,3.0,0.0,3.0,3.0,1993
419,"Beverly Hillbillies, The (1993)",Comedy,['Comedy'],1,1993.0,20,2.675,1.2060701733970105,0.5,5.0,1993
420,Beverly Hills Cop III (1994),Action|Comedy|Crime|Thriller,"['Action', 'Comedy', 'Crime', 'Thriller']",4,1994.0,59,2.7203389830508478,0.9389612127086836,0.5,5.0,1994
421,Black Beauty (1994),Adventure|Children|Drama,"['Adventure', 'Children', 'Drama']",3,1994.0,12,3.208333333333333,0.5822500764406576,2.0,4.0,1994
422,Blink (1994),Thriller,['Thriller'],1,1994.0,5,3.2,0.447213595499958,3.0,4.0,1994
423,Blown Away (1994),Action|Thriller,"['Action', 'Thriller']",2,1994.0,10,2.85,0.5797509043642028,2.0,4.0,1994
424,Blue Chips (1994),Drama,['Drama'],1,1994.0,3,1.8333333333333333,1.0408329997330663,1.0,3.0,1994
425,Blue Sky (1994),Drama|Romance,"['Drama', 'Romance']",2,1994.0,2,3.75,0.3535533905932738,3.5,4.0,1994
426,Body Snatchers (1993),Horror|Sci-Fi|Thriller,"['Horror', 'Sci-Fi', 'Thriller']",3,1993.0,7,3.142857142857143,0.3779644730092272,3.0,4.0,1993
427,Boxing Helena (1993),Drama|Mystery|Romance|Thriller,"['Drama', 'Mystery', 'Romance', 'Thriller']",4,1993.0,12,2.5416666666666665,1.1171866722289792,1.0,4.0,1993
428,"Bronx Tale, A (1993)",Drama,['Drama'],1,1993.0,18,3.7222222222222223,0.7900525340355208,2.5,5.0,1993
429,Cabin Boy (1994),Comedy,['Comedy'],1,1994.0,6,2.0,0.7071067811865476,1.0,3.0,1994
430,Calendar Girl (1993),Comedy|Drama,"['Comedy', 'Drama']",2,1993.0,2,3.75,1.7677669529663689,2.5,5.0,1993
431,Carlito's Way (1993),Crime|Drama,"['Crime', 'Drama']",2,1993.0,42,3.738095238095238,0.8057574472998749,1.0,5.0,1993
432,City Slickers II: The Legend of Curly's Gold (1994),Adventure|Comedy|Western,"['Adventure', 'Comedy', 'Western']",3,1994.0,55,2.645454545454545,1.0259265336880867,0.5,5.0,1994
433,Clean Slate (1994),Comedy,['Comedy'],1,1994.0,8,2.75,0.8451542547285167,1.5,4.0,1994
434,Cliffhanger (1993),Action|Adventure|Thriller,"['Action', 'Adventure', 'Thriller']",3,1993.0,101,3.0346534653465347,0.9007147876619276,0.5,5.0,1993
435,Coneheads (1993),Comedy|Sci-Fi,"['Comedy', 'Sci-Fi']",2,1993.0,63,2.4206349206349205,1.0708993401928106,0.5,5.0,1993
436,Color of Night (1994),Drama|Thriller,"['Drama', 'Thriller']",2,1994.0,7,2.571428571428572,0.9322272357358043,1.5,4.0,1994
437,Cops and Robbersons (1994),Comedy,['Comedy'],1,1994.0,9,2.1666666666666665,0.7071067811865476,1.0,3.0,1994
438,"Cowboy Way, The (1994)",Action|Comedy|Drama,"['Action', 'Comedy', 'Drama']",3,1994.0,7,2.7142857142857144,0.7559289460184544,2.0,4.0,1994
440,Dave (1993),Comedy|Romance,"['Comedy', 'Romance']",2,1993.0,76,3.546052631578948,0.6692166145524052,2.0,5.0,1993
441,Dazed and Confused (1993),Comedy,['Comedy'],1,1993.0,42,3.928571428571429,0.9276999394741536,1.0,5.0,1993
442,Demolition Man (1993),Action|Adventure|Sci-Fi,"['Action', 'Adventure', 'Sci-Fi']",3,1993.0,81,3.092592592592593,0.9940796972297768,0.5,5.0,1993
444,Even Cowgirls Get the Blues (1993),Comedy|Romance,"['Comedy', 'Romance']",2,1993.0,6,2.333333333333333,0.816496580927726,2.0,4.0,1993
445,Fatal Instinct (1993),Comedy,['Comedy'],1,1993.0,12,3.0,0.8528028654224418,1.0,4.0,1993
446,Farewell My Concubine (Ba wang bie ji) (1993),Drama|Romance,"['Drama', 'Romance']",2,1993.0,9,3.8333333333333335,1.2990381056766578,1.0,5.0,1993
448,Fearless (1993),Drama,['Drama'],1,1993.0,8,3.625,0.5175491695067657,3.0,4.0,1993
449,Fear of a Black Hat (1994),Comedy,['Comedy'],1,1994.0,1,1.0,0.0,1.0,1.0,1994
450,With Honors (1994),Comedy|Drama,"['Comedy', 'Drama']",2,1994.0,7,3.0,0.8164965809277261,2.0,4.0,1994
451,Flesh and Bone (1993),Drama|Mystery|Romance,"['Drama', 'Mystery', 'Romance']",3,1993.0,1,4.0,0.0,4.0,4.0,1993
452,Widows' Peak (1994),Drama,['Drama'],1,1994.0,3,3.0,1.0,2.0,4.0,1994
453,For Love or Money (1993),Comedy|Romance,"['Comedy', 'Romance']",2,1993.0,5,2.8,0.8366600265340756,2.0,4.0,1993
454,"Firm, The (1993)",Drama|Thriller,"['Drama', 'Thriller']",2,1993.0,101,3.5346534653465347,0.8254011925802331,1.0,5.0,1993
455,Free Willy (1993),Adventure|Children|Drama,"['Adventure', 'Children', 'Drama']",3,1993.0,37,2.391891891891892,1.0873970905021,0.5,4.0,1993
456,Fresh (1994),Crime|Drama|Thriller,"['Crime', 'Drama', 'Thriller']",3,1994.0,4,3.75,1.3228756555322954,2.0,5.0,1994
457,"Fugitive, The (1993)",Thriller,['Thriller'],1,1993.0,190,3.992105263157895,0.7859148879384229,0.5,5.0,1993
458,Geronimo: An American Legend (1993),Drama|Western,"['Drama', 'Western']",2,1993.0,5,2.8,0.4472135954999579,2.0,3.0,1993
459,"Getaway, The (1994)",Action|Adventure|Crime|Drama|Romance|Thriller,"['Action', 'Adventure', 'Crime', 'Drama', 'Romance', 'Thriller']",6,1994.0,6,2.25,0.6123724356957945,1.5,3.0,1994
460,Getting Even with Dad (1994),Comedy,['Comedy'],1,1994.0,3,2.6666666666666665,0.5773502691896258,2.0,3.0,1994
461,Go Fish (1994),Drama|Romance,"['Drama', 'Romance']",2,1994.0,4,2.75,1.2583057392117916,1.0,4.0,1994
464,Hard Target (1993),Action|Adventure|Crime|Thriller,"['Action', 'Adventure', 'Crime', 'Thriller']",4,1993.0,10,2.9,0.7378647873726218,2.0,4.0,1993
466,Hot Shots! Part Deux (1993),Action|Comedy|War,"['Action', 'Comedy', 'War']",3,1993.0,60,2.8666666666666667,1.0690827157462346,0.5,5.0,1993
467,Live Nude Girls (1995),Comedy,['Comedy'],1,1995.0,1,5.0,0.0,5.0,5.0,1995
468,"Englishman Who Went Up a Hill But Came Down a Mountain, The (1995)",Comedy|Romance,"['Comedy', 'Romance']",2,1995.0,22,3.2045454545454546,0.8403385217689543,1.5,5.0,1995
469,"House of the Spirits, The (1993)",Drama|Romance,"['Drama', 'Romance']",2,1993.0,5,3.4,0.8944271909999159,2.0,4.0,1993
470,House Party 3 (1994),Comedy,['Comedy'],1,1994.0,1,1.0,0.0,1.0,1.0,1994
471,"Hudsucker Proxy, The (1994)",Comedy,['Comedy'],1,1994.0,40,3.55,1.1082441645256371,1.0,5.0,1994
472,I'll Do Anything (1994),Comedy|Drama,"['Comedy', 'Drama']",2,1994.0,6,2.583333333333333,0.6645800679125629,1.5,3.0,1994
473,In the Army Now (1994),Comedy|War,"['Comedy', 'War']",2,1994.0,7,1.8571428571428568,0.8017837257372732,1.0,3.5,1994
474,In the Line of Fire (1993),Action|Thriller,"['Action', 'Thriller']",2,1993.0,70,3.692857142857143,0.6878492901520892,2.5,5.0,1993
475,In the Name of the Father (1993),Drama,['Drama'],1,1993.0,25,4.3,0.6291528696058958,3.0,5.0,1993
476,"Inkwell, The (1994)",Comedy|Drama,"['Comedy', 'Drama']",2,1994.0,1,1.0,0.0,1.0,1.0,1994
477,What's Love Got to Do with It? (1993),Drama|Musical,"['Drama', 'Musical']",2,1993.0,17,3.3823529411764706,0.5736236724953554,2.0,4.0,1993
478,Jimmy Hollywood (1994),Comedy|Crime|Drama,"['Comedy', 'Crime', 'Drama']",3,1994.0,1,2.5,0.0,2.5,2.5,1994
479,Judgment Night (1993),Action|Crime|Thriller,"['Action', 'Crime', 'Thriller']",3,1993.0,4,2.25,0.5,2.0,3.0,1993
480,Jurassic Park (1993),Action|Adventure|Sci-Fi|Thriller,"['Action', 'Adventure', 'Sci-Fi', 'Thriller']",4,1993.0,238,3.75,0.8553011658989986,0.5,5.0,1993
481,Kalifornia (1993),Drama|Thriller,"['Drama', 'Thriller']",2,1993.0,19,3.1578947368421053,0.8342100651206134,1.5,5.0,1993
482,Killing Zoe (1994),Crime|Drama|Thriller,"['Crime', 'Drama', 'Thriller']",3,1994.0,8,3.625,0.4432026302139591,3.0,4.0,1994
484,Lassie (1994),Adventure|Children,"['Adventure', 'Children']",2,1994.0,2,3.0,2.8284271247461903,1.0,5.0,1994
485,Last Action Hero (1993),Action|Adventure|Comedy|Fantasy,"['Action', 'Adventure', 'Comedy', 'Fantasy']",4,1993.0,53,2.9339622641509435,0.9659478000362004,0.5,5.0,1993
486,Life with Mikey (1993),Comedy,['Comedy'],1,1993.0,3,3.0,1.0,2.0,4.0,1993
487,Lightning Jack (1994),Comedy|Western,"['Comedy', 'Western']",2,1994.0,4,2.5,1.7320508075688772,1.0,5.0,1994
488,M. Butterfly (1993),Drama|Romance,"['Drama', 'Romance']",2,1993.0,1,3.0,0.0,3.0,3.0,1993
489,Made in America (1993),Comedy,['Comedy'],1,1993.0,11,2.863636363636364,0.3233348953414316,2.0,3.0,1993
490,Malice (1993),Thriller,['Thriller'],1,1993.0,12,3.0,0.7385489458759964,2.0,4.0,1993
491,"Man Without a Face, The (1993)",Drama,['Drama'],1,1993.0,17,3.294117647058824,1.1048023512348792,1.0,5.0,1993
492,Manhattan Murder Mystery (1993),Comedy|Mystery,"['Comedy', 'Mystery']",2,1993.0,14,3.75,0.8715591687403585,2.0,5.0,1993
493,Menace II Society (1993),Action|Crime|Drama,"['Action', 'Crime', 'Drama']",3,1993.0,12,3.6666666666666665,0.6154574548966637,3.0,5.0,1993
494,Executive Decision (1996),Action|Adventure|Thriller,"['Action', 'Adventure', 'Thriller']",3,1996.0,41,3.3780487804878048,0.979671423264441,1.0,5.0,1996
495,In the Realm of the Senses (Ai no corrida) (1976),Drama,['Drama'],1,1976.0,1,5.0,0.0,5.0,5.0,1976
496,What Happened Was... (1994),Comedy|Drama|Romance|Thriller,"['Comedy', 'Drama', 'Romance', 'Thriller']",4,1994.0,1,5.0,0.0,5.0,5.0,1994
497,Much Ado About Nothing (1993),Comedy|Romance,"['Comedy', 'Romance']",2,1993.0,43,3.813953488372093,0.8798217880557071,1.5,5.0,1993
499,Mr. Wonderful (1993),Comedy|Romance,"['Comedy', 'Romance']",2,1993.0,2,2.5,0.7071067811865476,2.0,3.0,1993
500,Mrs. Doubtfire (1993),Comedy|Drama,"['Comedy', 'Drama']",2,1993.0,144,3.388888888888889,0.9034596373050188,0.5,5.0,1993
501,Naked (1993),Drama,['Drama'],1,1993.0,6,3.6666666666666665,1.0801234497346437,2.0,5.0,1993
502,"Next Karate Kid, The (1994)",Action|Children|Romance,"['Action', 'Children', 'Romance']",3,1994.0,15,2.3666666666666667,1.0431180365113233,1.0,5.0,1994
504,No Escape (1994),Action|Drama|Sci-Fi,"['Action', 'Drama', 'Sci-Fi']",3,1994.0,2,3.0,0.0,3.0,3.0,1994
505,North (1994),Comedy,['Comedy'],1,1994.0,7,2.2142857142857144,1.2198750911856664,0.5,4.0,1994
506,Orlando (1992),Drama|Fantasy|Romance,"['Drama', 'Fantasy', 'Romance']",3,1992.0,2,4.5,0.7071067811865476,4.0,5.0,1992
507,"Perfect World, A (1993)",Crime|Drama|Thriller,"['Crime', 'Drama', 'Thriller']",3,1993.0,13,3.3846153846153846,0.6504436355879909,2.0,4.0,1993
508,Philadelphia (1993),Drama,['Drama'],1,1993.0,66,3.613636363636364,0.8892324025440514,1.0,5.0,1993
509,"Piano, The (1993)",Drama|Romance,"['Drama', 'Romance']",2,1993.0,61,3.540983606557377,0.9970585153641228,0.5,5.0,1993
510,Poetic Justice (1993),Drama,['Drama'],1,1993.0,1,3.0,0.0,3.0,3.0,1993
511,"Program, The (1993)",Action|Drama,"['Action', 'Drama']",2,1993.0,2,3.0,1.4142135623730951,2.0,4.0,1993
512,"Puppet Masters, The (1994)",Horror|Sci-Fi,"['Horror', 'Sci-Fi']",2,1994.0,4,3.0,0.816496580927726,2.0,4.0,1994
513,Radioland Murders (1994),Comedy|Mystery|Romance,"['Comedy', 'Mystery', 'Romance']",3,1994.0,4,3.375,0.478713553878169,3.0,4.0,1994
514,"Ref, The (1994)",Comedy,['Comedy'],1,1994.0,18,3.4166666666666665,1.0744355563298724,2.0,5.0,1994
515,"Remains of the Day, The (1993)",Drama|Romance,"['Drama', 'Romance']",2,1993.0,24,3.6041666666666665,1.0105870728858837,1.0,5.0,1993
516,Renaissance Man (1994),Comedy|Drama,"['Comedy', 'Drama']",2,1994.0,18,3.055555555555556,0.9531509492342458,2.0,5.0,1994
517,Rising Sun (1993),Action|Drama|Mystery,"['Action', 'Drama', 'Mystery']",3,1993.0,9,3.2777777777777777,1.034139470499238,2.0,5.0,1993
518,"Road to Wellville, The (1994)",Comedy,['Comedy'],1,1994.0,4,2.375,0.478713553878169,2.0,3.0,1994
519,RoboCop 3 (1993),Action|Crime|Drama|Sci-Fi|Thriller,"['Action', 'Crime', 'Drama', 'Sci-Fi', 'Thriller']",5,1993.0,21,2.4047619047619047,1.1137666678780571,1.0,5.0,1993
520,Robin Hood: Men in Tights (1993),Comedy,['Comedy'],1,1993.0,69,3.130434782608696,1.066371575763302,1.0,5.0,1993
521,Romeo Is Bleeding (1993),Crime|Thriller,"['Crime', 'Thriller']",2,1993.0,3,3.1666666666666665,0.2886751345948129,3.0,3.5,1993
522,Romper Stomper (1992),Action|Drama,"['Action', 'Drama']",2,1992.0,7,3.2857142857142856,1.318368399991155,0.5,4.5,1992
523,Ruby in Paradise (1993),Drama,['Drama'],1,1993.0,4,3.5,0.5773502691896257,3.0,4.0,1993
524,Rudy (1993),Drama,['Drama'],1,1993.0,34,3.485294117647059,0.9332680776780238,1.0,5.0,1993
526,"Savage Nights (Nuits fauves, Les) (1992)",Drama,['Drama'],1,1992.0,1,4.0,0.0,4.0,4.0,1992
527,Schindler's List (1993),Drama|War,"['Drama', 'War']",2,1993.0,220,4.225,0.9759961542704384,0.5,5.0,1993
528,"Scout, The (1994)",Comedy|Drama,"['Comedy', 'Drama']",2,1994.0,3,2.333333333333333,0.5773502691896258,2.0,3.0,1994
529,Searching for Bobby Fischer (1993),Drama,['Drama'],1,1993.0,40,3.875,0.7658579904515336,2.5,5.0,1993
531,"Secret Garden, The (1993)",Children|Drama,"['Children', 'Drama']",2,1993.0,24,3.25,0.9088932591463856,1.0,5.0,1993
532,Serial Mom (1994),Comedy|Crime|Horror,"['Comedy', 'Crime', 'Horror']",3,1994.0,16,3.0,0.6055300708194985,2.0,4.0,1994
533,"Shadow, The (1994)",Action|Adventure|Fantasy|Mystery,"['Action', 'Adventure', 'Fantasy', 'Mystery']",4,1994.0,18,2.888888888888889,0.6978023391872252,2.0,4.0,1994
534,Shadowlands (1993),Drama|Romance,"['Drama', 'Romance']",2,1993.0,14,3.607142857142857,0.8809647558778393,2.0,5.0,1993
535,Short Cuts (1993),Drama,['Drama'],1,1993.0,15,3.2666666666666666,1.3998299216418433,1.0,5.0,1993
536,"Simple Twist of Fate, A (1994)",Drama,['Drama'],1,1994.0,3,3.333333333333333,0.5773502691896258,3.0,4.0,1994
537,Sirens (1994),Drama,['Drama'],1,1994.0,12,3.1666666666666665,0.834847109936722,1.0,4.0,1994
538,Six Degrees of Separation (1993),Drama,['Drama'],1,1993.0,12,3.583333333333333,1.0187633620614691,2.0,5.0,1993
539,Sleepless in Seattle (1993),Comedy|Drama|Romance,"['Comedy', 'Drama', 'Romance']",3,1993.0,106,3.4716981132075477,0.8361766408260118,1.0,5.0,1993
540,Sliver (1993),Thriller,['Thriller'],1,1993.0,18,2.6666666666666665,0.90748521297303,1.0,4.0,1993
541,Blade Runner (1982),Action|Sci-Fi|Thriller,"['Action', 'Sci-Fi', 'Thriller']",3,1982.0,124,4.100806451612903,0.9541945028275584,0.5,5.0,1982
542,Son in Law (1993),Comedy|Drama|Romance,"['Comedy', 'Drama', 'Romance']",3,1993.0,14,2.7857142857142856,1.2666473875533018,0.5,5.0,1993
543,So I Married an Axe Murderer (1993),Comedy|Romance|Thriller,"['Comedy', 'Romance', 'Thriller']",3,1993.0,41,3.317073170731707,1.0413698764186503,0.5,5.0,1993
544,Striking Distance (1993),Action|Crime,"['Action', 'Crime']",2,1993.0,8,2.4375,0.8210402808980464,1.0,3.0,1993
546,Super Mario Bros. (1993),Action|Adventure|Children|Comedy|Fantasy|Sci-Fi,"['Action', 'Adventure', 'Children', 'Comedy', 'Fantasy', 'Sci-Fi']",6,1993.0,21,2.0,0.9486832980505138,0.5,3.5,1993
547,Surviving the Game (1994),Action|Adventure|Thriller,"['Action', 'Adventure', 'Thriller']",3,1994.0,2,3.25,1.0606601717798212,2.5,4.0,1994
548,Terminal Velocity (1994),Action|Mystery|Thriller,"['Action', 'Mystery', 'Thriller']",3,1994.0,6,2.75,0.8803408430829505,1.5,4.0,1994
549,Thirty-Two Short Films About Glenn Gould (1993),Drama|Musical,"['Drama', 'Musical']",2,1993.0,2,4.5,0.7071067811865476,4.0,5.0,1993
550,Threesome (1994),Comedy|Romance,"['Comedy', 'Romance']",2,1994.0,5,3.4,1.140175425099138,2.0,5.0,1994
551,"Nightmare Before Christmas, The (1993)",Animation|Children|Fantasy|Musical,"['Animation', 'Children', 'Fantasy', 'Musical']",4,1993.0,93,3.553763440860215,0.9930803132923848,0.5,5.0,1993
552,"Three Musketeers, The (1993)",Action|Adventure|Comedy|Romance,"['Action', 'Adventure', 'Comedy', 'Romance']",4,1993.0,61,3.262295081967213,0.8495418244415103,1.5,5.0,1993
553,Tombstone (1993),Action|Drama|Western,"['Action', 'Drama', 'Western']",3,1993.0,65,3.815384615384616,1.0061111347085945,1.0,5.0,1993
555,True Romance (1993),Crime|Thriller,"['Crime', 'Thriller']",2,1993.0,65,3.8,0.9048480535426928,2.0,5.0,1993
556,"War Room, The (1993)",Documentary,['Documentary'],1,1993.0,6,3.333333333333333,0.816496580927726,2.0,4.0,1993
558,"Pagemaster, The (1994)",Action|Adventure|Animation|Children|Fantasy,"['Action', 'Adventure', 'Animation', 'Children', 'Fantasy']",5,1994.0,8,2.9375,0.7763237542601484,2.0,4.0,1994
562,Welcome to the Dollhouse (1995),Comedy|Drama,"['Comedy', 'Drama']",2,1995.0,23,3.5434782608695654,0.9159327520752332,2.0,5.0,1995
563,Germinal (1993),Drama|Romance,"['Drama', 'Romance']",2,1993.0,1,4.0,0.0,4.0,4.0,1993
564,Chasers (1994),Comedy,['Comedy'],1,1994.0,2,1.5,0.7071067811865476,1.0,2.0,1994
567,Kika (1993),Comedy|Drama,"['Comedy', 'Drama']",2,1993.0,3,2.0,1.0,1.0,3.0,1993
568,Bhaji on the Beach (1993),Comedy|Drama,"['Comedy', 'Drama']",2,1993.0,2,3.5,0.7071067811865476,3.0,4.0,1993
569,Little Big League (1994),Comedy|Drama,"['Comedy', 'Drama']",2,1994.0,6,2.6666666666666665,1.0327955589886446,1.0,4.0,1994
573,"Ciao, Professore! (Io speriamo che me la cavo) (1992)",Drama,['Drama'],1,1992.0,1,3.5,0.0,3.5,3.5,1992
574,Spanking the Monkey (1994),Comedy|Drama,"['Comedy', 'Drama']",2,1994.0,4,3.25,0.5,3.0,4.0,1994
575,"Little Rascals, The (1994)",Children|Comedy,"['Children', 'Comedy']",2,1994.0,16,2.65625,1.2071833608307674,0.5,5.0,1994
577,Andre (1994),Adventure|Children|Drama,"['Adventure', 'Children', 'Drama']",3,1994.0,4,2.125,1.0307764064044151,1.0,3.0,1994
579,"Escort, The (Scorta, La) (1993)",Crime|Thriller,"['Crime', 'Thriller']",2,1993.0,1,3.0,0.0,3.0,3.0,1993
580,Princess Caraboo (1994),Drama,['Drama'],1,1994.0,5,2.8,1.095445115010332,1.0,4.0,1994
581,"Celluloid Closet, The (1995)",Documentary,['Documentary'],1,1995.0,4,4.0,0.816496580927726,3.0,5.0,1995
583,Dear Diary (Caro Diario) (1994),Comedy|Drama,"['Comedy', 'Drama']",2,1994.0,1,4.0,0.0,4.0,4.0,1994
585,"Brady Bunch Movie, The (1995)",Comedy,['Comedy'],1,1995.0,36,2.736111111111111,0.9295629626804748,0.5,4.0,1995
586,Home Alone (1990),Children|Comedy,"['Children', 'Comedy']",2,1990.0,116,2.9956896551724137,0.9923526933837422,1.0,5.0,1990
587,Ghost (1990),Comedy|Drama|Fantasy|Romance|Thriller,"['Comedy', 'Drama', 'Fantasy', 'Romance', 'Thriller']",5,1990.0,115,3.4347826086956523,0.935465310454274,1.0,5.0,1990
588,Aladdin (1992),Adventure|Animation|Children|Comedy|Musical,"['Adventure', 'Animation', 'Children', 'Comedy', 'Musical']",5,1992.0,183,3.792349726775957,0.8805258469397965,0.5,5.0,1992
589,Terminator 2: Judgment Day (1991),Action|Sci-Fi,"['Action', 'Sci-Fi']",2,1991.0,224,3.970982142857143,0.9268331343195052,0.5,5.0,1991
590,Dances with Wolves (1990),Adventure|Drama|Western,"['Adventure', 'Drama', 'Western']",3,1990.0,164,3.8353658536585367,0.8600002783876725,1.0,5.0,1990
592,Batman (1989),Action|Crime|Thriller,"['Action', 'Crime', 'Thriller']",3,1989.0,189,3.4285714285714284,0.7745476177473237,1.0,5.0,1989
593,"Silence of the Lambs, The (1991)",Crime|Horror|Thriller,"['Crime', 'Horror', 'Thriller']",3,1991.0,279,4.161290322580645,0.853983335734232,0.5,5.0,1991
594,Snow White and the Seven Dwarfs (1937),Animation|Children|Drama|Fantasy|Musical,"['Animation', 'Children', 'Drama', 'Fantasy', 'Musical']",5,1937.0,77,3.616883116883117,0.7901369963498,1.5,5.0,1937
595,Beauty and the Beast (1991),Animation|Children|Fantasy|Musical|Romance|IMAX,"['Animation', 'Children', 'Fantasy', 'Musical', 'Romance', 'IMAX']",6,1991.0,146,3.7705479452054793,0.8430787428531935,2.0,5.0,1991
596,Pinocchio (1940),Animation|Children|Fantasy|Musical,"['Animation', 'Children', 'Fantasy', 'Musical']",4,1940.0,60,3.45,1.056457142961916,0.5,5.0,1940
597,Pretty Woman (1990),Comedy|Romance,"['Comedy', 'Romance']",2,1990.0,135,3.4851851851851854,0.8484857907427303,0.5,5.0,1990
599,"Wild Bunch, The (1969)",Adventure|Western,"['Adventure', 'Western']",2,1969.0,11,3.8181818181818175,0.9816498172140428,2.0,5.0,1969
600,Love and a .45 (1994),Action|Comedy|Crime,"['Action', 'Comedy', 'Crime']",3,1994.0,1,4.0,0.0,4.0,4.0,1994
602,"Great Day in Harlem, A (1994)",Documentary,['Documentary'],1,1994.0,1,4.0,0.0,4.0,4.0,1994
605,One Fine Day (1996),Drama|Romance,"['Drama', 'Romance']",2,1996.0,10,3.0,0.9128709291752768,1.0,4.5,1996
606,Candyman: Farewell to the Flesh (1995),Fantasy|Horror,"['Fantasy', 'Horror']",2,1995.0,4,3.0,0.816496580927726,2.0,4.0,1995
608,Fargo (1996),Comedy|Crime|Drama|Thriller,"['Comedy', 'Crime', 'Drama', 'Thriller']",4,1996.0,181,4.116022099447513,0.8285312838980736,2.0,5.0,1996
609,Homeward Bound II: Lost in San Francisco (1996),Adventure|Children,"['Adventure', 'Children']",2,1996.0,14,3.571428571428572,0.7559289460184544,2.0,5.0,1996
610,Heavy Metal (1981),Action|Adventure|Animation|Horror|Sci-Fi,"['Action', 'Adventure', 'Animation', 'Horror', 'Sci-Fi']",5,1981.0,33,3.5454545454545454,0.9549512124615676,1.0,5.0,1981
611,Hellraiser: Bloodline (1996),Action|Horror|Sci-Fi,"['Action', 'Horror', 'Sci-Fi']",3,1996.0,6,2.4166666666666665,1.4288690166235207,1.0,5.0,1996
612,"Pallbearer, The (1996)",Comedy,['Comedy'],1,1996.0,6,2.5,0.7745966692414834,1.5,3.5,1996
613,Jane Eyre (1996),Drama|Romance,"['Drama', 'Romance']",2,1996.0,8,3.1875,1.3076014027873435,1.0,5.0,1996
615,Bread and Chocolate (Pane e cioccolata) (1973),Comedy|Drama,"['Comedy', 'Drama']",2,1973.0,1,3.0,0.0,3.0,3.0,1973
616,"Aristocats, The (1970)",Animation|Children,"['Animation', 'Children']",2,1970.0,45,3.411111111111111,0.8744406581618128,1.0,5.0,1970
617,"Flower of My Secret, The (La flor de mi secreto) (1995)",Comedy|Drama,"['Comedy', 'Drama']",2,1995.0,3,2.833333333333333,1.0408329997330663,2.0,4.0,1995
618,Two Much (1995),Comedy|Romance,"['Comedy', 'Romance']",2,1995.0,1,3.0,0.0,3.0,3.0,1995
619,Ed (1996),Comedy,['Comedy'],1,1996.0,5,2.6,1.8506755523321747,0.5,5.0,1996
626,"Thin Line Between Love and Hate, A (1996)",Comedy,['Comedy'],1,1996.0,1,5.0,0.0,5.0,5.0,1996
627,"Last Supper, The (1995)",Drama|Thriller,"['Drama', 'Thriller']",2,1995.0,6,3.333333333333333,1.0801234497346432,2.0,5.0,1995
628,Primal Fear (1996),Crime|Drama|Mystery|Thriller,"['Crime', 'Drama', 'Mystery', 'Thriller']",4,1996.0,35,3.642857142857143,0.8958353690290205,1.0,5.0,1996
631,All Dogs Go to Heaven 2 (1996),Adventure|Animation|Children|Fantasy|Musical|Romance,"['Adventure', 'Animation', 'Children', 'Fantasy', 'Musical', 'Romance']",6,1996.0,11,3.1818181818181817,1.0552897060221726,1.0,5.0,1996
632,Land and Freedom (Tierra y libertad) (1995),Drama|War,"['Drama', 'War']",2,1995.0,1,4.0,0.0,4.0,4.0,1995
633,Denise Calls Up (1995),Comedy,['Comedy'],1,1995.0,1,5.0,0.0,5.0,5.0,1995
634,Theodore Rex (1995),Comedy,['Comedy'],1,1995.0,4,2.25,0.957427107756338,1.0,3.0,1995
635,"Family Thing, A (1996)",Comedy|Drama,"['Comedy', 'Drama']",2,1996.0,2,3.0,0.0,3.0,3.0,1996
636,Frisk (1995),Drama,['Drama'],1,1995.0,1,3.0,0.0,3.0,3.0,1995
637,Sgt. Bilko (1996),Comedy,['Comedy'],1,1996.0,33,3.0454545454545454,1.0410604296494117,1.0,5.0,1996
638,Jack and Sarah (1995),Romance,['Romance'],1,1995.0,1,3.0,0.0,3.0,3.0,1995
639,Girl 6 (1996),Comedy|Drama,"['Comedy', 'Drama']",2,1996.0,4,3.0,0.816496580927726,2.0,4.0,1996
640,Diabolique (1996),Drama|Thriller,"['Drama', 'Thriller']",2,1996.0,11,2.6818181818181817,1.1889644080612185,1.0,5.0,1996
645,Nelly & Monsieur Arnaud (1995),Drama,['Drama'],1,1995.0,2,3.5,0.7071067811865476,3.0,4.0,1995
647,Courage Under Fire (1996),Action|Crime|Drama|War,"['Action', 'Crime', 'Drama', 'War']",4,1996.0,29,3.327586206896552,1.054546805749864,0.5,5.0,1996
648,Mission: Impossible (1996),Action|Adventure|Mystery|Thriller,"['Action', 'Adventure', 'Mystery', 'Thriller']",4,1996.0,162,3.537037037037037,0.901268180966944,0.5,5.0,1996
649,Cold Fever (Á köldum klaka) (1995),Comedy|Drama,"['Comedy', 'Drama']",2,1995.0,1,3.0,0.0,3.0,3.0,1995
650,Moll Flanders (1996),Drama,['Drama'],1,1996.0,4,3.0,1.632993161855452,1.0,5.0,1996
653,Dragonheart (1996),Action|Adventure|Fantasy,"['Action', 'Adventure', 'Fantasy']",3,1996.0,65,3.0923076923076924,0.8518926891611137,0.5,5.0,1996
656,Eddie (1996),Comedy,['Comedy'],1,1996.0,5,3.0,0.7071067811865476,2.0,4.0,1996
661,James and the Giant Peach (1996),Adventure|Animation|Children|Fantasy|Musical,"['Adventure', 'Animation', 'Children', 'Fantasy', 'Musical']",5,1996.0,49,3.4489795918367347,1.021869701613092,1.0,5.0,1996
662,Fear (1996),Thriller,['Thriller'],1,1996.0,7,3.2857142857142856,1.4960264830861911,1.0,5.0,1996
663,Kids in the Hall: Brain Candy (1996),Comedy,['Comedy'],1,1996.0,12,3.2916666666666665,1.075730900224108,1.0,5.0,1996
665,Underground (1995),Comedy|Drama|War,"['Comedy', 'Drama', 'War']",3,1995.0,3,4.333333333333333,0.2886751345948129,4.0,4.5,1995
667,Bloodsport 2 (a.k.a. Bloodsport II: The Next Kumite) (1996),Action,['Action'],1,1996.0,8,2.8125,1.0669549461635468,1.5,5.0,1996
668,Song of the Little Road (Pather Panchali) (1955),Drama,['Drama'],1,1955.0,2,4.25,1.0606601717798212,3.5,5.0,1955
670,"World of Apu, The (Apur Sansar) (1959)",Drama,['Drama'],1,1959.0,2,4.75,0.3535533905932738,4.5,5.0,1959
671,Mystery Science Theater 3000: The Movie (1996),Comedy|Sci-Fi,"['Comedy', 'Sci-Fi']",2,1996.0,36,3.486111111111111,1.1981301569595322,0.5,5.0,1996
673,Space Jam (1996),Adventure|Animation|Children|Comedy|Fantasy|Sci-Fi,"['Adventure', 'Animation', 'Children', 'Comedy', 'Fantasy', 'Sci-Fi']",6,1996.0,53,2.707547169811321,1.128451808146517,0.5,5.0,1996
674,Barbarella (1968),Adventure|Comedy|Sci-Fi,"['Adventure', 'Comedy', 'Sci-Fi']",3,1968.0,9,3.1666666666666665,1.274754878398196,1.0,5.0,1968
678,Some Folks Call It a Sling Blade (1993),Drama|Thriller,"['Drama', 'Thriller']",2,1993.0,9,3.8333333333333335,0.4330127018922192,3.0,4.5,1993
679,"Run of the Country, The (1995)",Drama,['Drama'],1,1995.0,1,4.0,0.0,4.0,4.0,1995
680,"Alphaville (Alphaville, une étrange aventure de Lemmy Caution) (1965)",Drama|Mystery|Romance|Sci-Fi|Thriller,"['Drama', 'Mystery', 'Romance', 'Sci-Fi', 'Thriller']",5,1965.0,4,4.125,0.8539125638299665,3.0,5.0,1965
685,It's My Party (1996),Drama,['Drama'],1,1996.0,2,4.0,1.4142135623730951,3.0,5.0,1996
688,Operation Dumbo Drop (1995),Action|Adventure|Comedy|War,"['Action', 'Adventure', 'Comedy', 'War']",4,1995.0,9,2.333333333333333,1.0307764064044151,0.5,4.0,1995
691,Mrs. Winterbourne (1996),Comedy|Romance,"['Comedy', 'Romance']",2,1996.0,3,3.333333333333333,0.5773502691896258,3.0,4.0,1996
692,Solo (1996),Action|Sci-Fi|Thriller,"['Action', 'Sci-Fi', 'Thriller']",3,1996.0,4,2.0,1.4142135623730951,1.0,4.0,1996
694,"Substitute, The (1996)",Action|Crime|Drama,"['Action', 'Crime', 'Drama']",3,1996.0,11,2.9545454545454546,0.7891307069980693,1.0,4.0,1996
695,True Crime (1996),Mystery|Thriller,"['Mystery', 'Thriller']",2,1996.0,2,4.0,0.0,4.0,4.0,1996
697,Feeling Minnesota (1996),Drama|Romance,"['Drama', 'Romance']",2,1996.0,5,2.7,0.6708203932499369,1.5,3.0,1996
698,Delta of Venus (1995),Drama,['Drama'],1,1995.0,1,1.0,0.0,1.0,1.0,1995
700,Angus (1995),Comedy,['Comedy'],1,1995.0,7,3.2142857142857144,0.9063269671749656,1.5,4.0,1995
703,Boys (1996),Drama,['Drama'],1,1996.0,2,2.0,0.0,2.0,2.0,1996
704,"Quest, The (1996)",Action|Adventure,"['Action', 'Adventure']",2,1996.0,7,2.571428571428572,1.0965313275875672,0.5,4.0,1996
706,Sunset Park (1996),Drama,['Drama'],1,1996.0,1,3.0,0.0,3.0,3.0,1996
707,Mulholland Falls (1996),Crime|Drama|Thriller,"['Crime', 'Drama', 'Thriller']",3,1996.0,21,2.880952380952381,0.9988088143478948,1.0,5.0,1996
708,"Truth About Cats & Dogs, The (1996)",Comedy|Romance,"['Comedy', 'Romance']",2,1996.0,58,3.3879310344827585,0.8059161913257584,1.0,5.0,1996
709,Oliver & Company (1988),Adventure|Animation|Children|Comedy|Musical,"['Adventure', 'Animation', 'Children', 'Comedy', 'Musical']",5,1988.0,11,3.090909090909091,0.8607607628772881,2.0,5.0,1988
710,Celtic Pride (1996),Comedy,['Comedy'],1,1996.0,8,2.5625,0.4955156044825575,2.0,3.0,1996
711,Flipper (1996),Adventure|Children,"['Adventure', 'Children']",2,1996.0,10,3.05,1.0124228365658292,2.0,5.0,1996
714,Dead Man (1995),Drama|Mystery|Western,"['Drama', 'Mystery', 'Western']",3,1995.0,15,3.966666666666667,1.0431180365113233,1.0,5.0,1995
715,"Horseman on the Roof, The (Hussard sur le toit, Le) (1995)",Drama|Romance,"['Drama', 'Romance']",2,1995.0,3,3.6666666666666665,0.5773502691896258,3.0,4.0,1995
718,"Visitors, The (Visiteurs, Les) (1993)",Comedy|Fantasy|Sci-Fi,"['Comedy', 'Fantasy', 'Sci-Fi']",3,1993.0,4,4.125,0.6291528696058958,3.5,5.0,1993
719,Multiplicity (1996),Comedy,['Comedy'],1,1996.0,35,2.842857142857143,0.975971827668894,1.0,4.5,1996
720,Wallace & Gromit: The Best of Aardman Animation (1996),Adventure|Animation|Comedy,"['Adventure', 'Animation', 'Comedy']",3,1996.0,27,4.092592592592593,1.2328596919126766,0.5,5.0,1996
722,"Haunted World of Edward D. Wood Jr., The (1996)",Documentary,['Documentary'],1,1996.0,1,4.0,0.0,4.0,4.0,1996
724,"Craft, The (1996)",Drama|Fantasy|Horror|Thriller,"['Drama', 'Fantasy', 'Horror', 'Thriller']",4,1996.0,31,3.032258064516129,0.9392859333111132,1.5,5.0,1996
725,"Great White Hype, The (1996)",Comedy,['Comedy'],1,1996.0,5,2.5,0.8660254037844386,1.0,3.0,1996
726,Last Dance (1996),Drama,['Drama'],1,1996.0,1,3.0,0.0,3.0,3.0,1996
728,Cold Comfort Farm (1995),Comedy,['Comedy'],1,1995.0,10,3.5,0.7453559924999299,2.5,5.0,1995
731,Heaven's Prisoners (1996),Crime|Thriller,"['Crime', 'Thriller']",2,1996.0,3,3.333333333333333,0.5773502691896258,3.0,4.0,1996
733,"Rock, The (1996)",Action|Adventure|Thriller,"['Action', 'Adventure', 'Thriller']",3,1996.0,121,3.6404958677685952,0.9088067737787368,0.5,5.0,1996
735,Cemetery Man (Dellamorte Dellamore) (1994),Horror,['Horror'],1,1994.0,7,3.928571428571429,0.4498677054212188,3.0,4.5,1994
736,Twister (1996),Action|Adventure|Romance|Thriller,"['Action', 'Adventure', 'Romance', 'Thriller']",4,1996.0,123,3.321138211382114,1.048281343830464,1.0,5.0,1996
737,Barb Wire (1996),Action|Sci-Fi,"['Action', 'Sci-Fi']",2,1996.0,20,2.65,1.3964240043768943,0.5,5.0,1996
741,Ghost in the Shell (Kôkaku kidôtai) (1995),Animation|Sci-Fi,"['Animation', 'Sci-Fi']",2,1995.0,27,4.148148148148148,0.6767401332691951,2.5,5.0,1995
742,Thinner (1996),Horror|Thriller,"['Horror', 'Thriller']",2,1996.0,11,2.8181818181818183,1.1016516525818694,1.0,4.0,1996
743,Spy Hard (1996),Comedy,['Comedy'],1,1996.0,29,2.5172413793103448,0.9208183338427222,0.5,4.0,1996
745,Wallace & Gromit: A Close Shave (1995),Animation|Children|Comedy,"['Animation', 'Children', 'Comedy']",3,1995.0,48,3.8958333333333335,1.101055264296693,1.0,5.0,1995
747,"Stupids, The (1996)",Comedy,['Comedy'],1,1996.0,3,3.333333333333333,0.5773502691896258,3.0,4.0,1996
748,"Arrival, The (1996)",Action|Sci-Fi|Thriller,"['Action', 'Sci-Fi', 'Thriller']",3,1996.0,22,3.113636363636364,0.9377254418693164,1.0,5.0,1996
750,Dr. Strangelove or: How I Learned to Stop Worrying and Love the Bomb (1964),Comedy|War,"['Comedy', 'War']",2,1964.0,97,4.268041237113402,0.8070711440852788,1.0,5.0,1964
757,Ashes of Time (Dung che sai duk) (1994),Drama,['Drama'],1,1994.0,1,4.0,0.0,4.0,4.0,1994
759,Maya Lin: A Strong Clear Vision (1994),Documentary,['Documentary'],1,1994.0,2,3.5,0.7071067811865476,3.0,4.0,1994
760,Stalingrad (1993),Drama|War,"['Drama', 'War']",2,1993.0,2,4.25,0.3535533905932738,4.0,4.5,1993
761,"Phantom, The (1996)",Action|Adventure,"['Action', 'Adventure']",2,1996.0,19,2.789473684210526,1.0712893253988158,1.0,5.0,1996
762,Striptease (1996),Comedy|Crime,"['Comedy', 'Crime']",2,1996.0,41,2.414634146341464,1.0834115043716668,0.5,5.0,1996
764,Heavy (1995),Drama|Romance,"['Drama', 'Romance']",2,1995.0,2,3.5,0.7071067811865476,3.0,4.0,1995
765,Jack (1996),Comedy|Drama,"['Comedy', 'Drama']",2,1996.0,19,3.1578947368421053,0.817391371969854,2.0,5.0,1996
766,I Shot Andy Warhol (1996),Drama,['Drama'],1,1996.0,4,3.5,0.5773502691896257,3.0,4.0,1996
773,Touki Bouki (1973),Drama,['Drama'],1,1973.0,1,3.5,0.0,3.5,3.5,1973
775,Spirits of the Dead (1968),Horror|Mystery,"['Horror', 'Mystery']",2,1968.0,1,3.0,0.0,3.0,3.0,1968
778,Trainspotting (1996),Comedy|Crime|Drama,"['Comedy', 'Crime', 'Drama']",3,1996.0,102,4.03921568627451,0.8255999154224543,0.5,5.0,1996
779,'Til There Was You (1997),Drama|Romance,"['Drama', 'Romance']",2,1997.0,2,4.0,1.4142135623730951,3.0,5.0,1997
780,Independence Day (a.k.a. ID4) (1996),Action|Adventure|Sci-Fi|Thriller,"['Action', 'Adventure', 'Sci-Fi', 'Thriller']",4,1996.0,202,3.445544554455445,0.9960144210104318,0.5,5.0,1996
781,Stealing Beauty (1996),Drama,['Drama'],1,1996.0,7,3.5,0.8164965809277259,2.5,4.5,1996
782,"Fan, The (1996)",Drama|Thriller,"['Drama', 'Thriller']",2,1996.0,8,3.0,1.035098339013531,2.0,5.0,1996
783,"Hunchback of Notre Dame, The (1996)",Animation|Children|Drama|Musical|Romance,"['Animation', 'Children', 'Drama', 'Musical', 'Romance']",5,1996.0,47,3.3297872340425534,0.928279121632914,0.5,5.0,1996
784,"Cable Guy, The (1996)",Comedy|Thriller,"['Comedy', 'Thriller']",2,1996.0,54,2.805555555555556,1.1752826503339957,0.5,5.0,1996
785,Kingpin (1996),Comedy,['Comedy'],1,1996.0,42,3.369047619047619,0.9309025505673132,1.5,5.0,1996
786,Eraser (1996),Action|Drama|Thriller,"['Action', 'Drama', 'Thriller']",3,1996.0,64,3.109375,1.0368938275078163,0.5,5.0,1996
788,"Nutty Professor, The (1996)",Comedy|Fantasy|Romance|Sci-Fi,"['Comedy', 'Fantasy', 'Romance', 'Sci-Fi']",4,1996.0,82,2.731707317073171,1.1737749641074957,0.5,5.0,1996
790,"Unforgettable Summer, An (Un été inoubliable) (1994)",Drama,['Drama'],1,1994.0,1,2.0,0.0,2.0,2.0,1994
791,"Last Klezmer: Leopold Kozlowski, His Life and Music, The (1994)",Documentary,['Documentary'],1,1994.0,1,4.0,0.0,4.0,4.0,1994
795,Somebody to Love (1994),Drama,['Drama'],1,1994.0,2,3.5,0.7071067811865476,3.0,4.0,1994
798,Daylight (1996),Action|Adventure|Drama|Thriller,"['Action', 'Adventure', 'Drama', 'Thriller']",4,1996.0,12,2.708333333333333,1.1373480584502729,1.0,5.0,1996
799,"Frighteners, The (1996)",Comedy|Horror|Thriller,"['Comedy', 'Horror', 'Thriller']",3,1996.0,23,3.4565217391304346,0.9404187108829004,0.5,5.0,1996
800,Lone Star (1996),Drama|Mystery|Western,"['Drama', 'Mystery', 'Western']",3,1996.0,19,4.157894736842105,0.9725772117156242,2.0,5.0,1996
801,Harriet the Spy (1996),Children|Comedy,"['Children', 'Comedy']",2,1996.0,11,3.136363636363636,0.8686457589520913,2.0,5.0,1996
802,Phenomenon (1996),Drama|Romance,"['Drama', 'Romance']",2,1996.0,46,3.3369565217391304,0.9192650918960992,1.0,5.0,1996
803,Walking and Talking (1996),Comedy|Drama|Romance,"['Comedy', 'Drama', 'Romance']",3,1996.0,1,4.0,0.0,4.0,4.0,1996
804,She's the One (1996),Comedy|Romance,"['Comedy', 'Romance']",2,1996.0,8,3.25,1.035098339013531,2.0,5.0,1996
805,"Time to Kill, A (1996)",Drama|Thriller,"['Drama', 'Thriller']",2,1996.0,35,3.657142857142857,0.8114205822781043,1.0,5.0,1996
806,American Buffalo (1996),Crime|Drama,"['Crime', 'Drama']",2,1996.0,1,1.5,0.0,1.5,1.5,1996
808,Alaska (1996),Adventure|Children,"['Adventure', 'Children']",2,1996.0,2,3.5,0.7071067811865476,3.0,4.0,1996
809,Fled (1996),Action|Adventure,"['Action', 'Adventure']",2,1996.0,9,2.333333333333333,0.82915619758885,1.5,4.0,1996
810,Kazaam (1996),Children|Comedy|Fantasy,"['Children', 'Comedy', 'Fantasy']",3,1996.0,12,2.25,1.4381174563233068,0.5,5.0,1996
813,Larger Than Life (1996),Comedy,['Comedy'],1,1996.0,5,2.8,0.8366600265340756,2.0,4.0,1996
818,"Very Brady Sequel, A (1996)",Comedy,['Comedy'],1,1996.0,10,3.25,0.9204467514322716,2.0,5.0,1996
823,"Collector, The (La collectionneuse) (1967)",Drama,['Drama'],1,1967.0,1,3.5,0.0,3.5,3.5,1967
824,Kaspar Hauser (1993),Drama|Mystery,"['Drama', 'Mystery']",2,1993.0,1,4.0,0.0,4.0,4.0,1993
828,"Adventures of Pinocchio, The (1996)",Adventure|Children,"['Adventure', 'Children']",2,1996.0,6,3.333333333333333,1.0327955589886444,2.0,5.0,1996
829,Joe's Apartment (1996),Comedy|Fantasy|Musical,"['Comedy', 'Fantasy', 'Musical']",3,1996.0,9,2.6666666666666665,1.0,1.0,4.0,1996
830,"First Wives Club, The (1996)",Comedy,['Comedy'],1,1996.0,21,3.071428571428572,1.0757057484009542,1.0,5.0,1996
832,Ransom (1996),Crime|Thriller,"['Crime', 'Thriller']",2,1996.0,37,3.3378378378378377,0.9132820397249056,1.5,5.0,1996
833,High School High (1996),Comedy,['Comedy'],1,1996.0,6,2.0,1.3038404810405295,0.5,4.0,1996
835,Foxfire (1996),Drama,['Drama'],1,1996.0,3,3.6666666666666665,0.5773502691896258,3.0,4.0,1996
836,Chain Reaction (1996),Action|Adventure|Thriller,"['Action', 'Adventure', 'Thriller']",3,1996.0,17,2.8823529411764706,0.839073368452997,1.0,4.0,1996
837,Matilda (1996),Children|Comedy|Fantasy,"['Children', 'Comedy', 'Fantasy']",3,1996.0,33,3.272727272727273,0.9277906307704634,1.0,5.0,1996
838,Emma (1996),Comedy|Drama|Romance,"['Comedy', 'Drama', 'Romance']",3,1996.0,30,3.9166666666666665,0.881645535674464,2.0,5.0,1996
839,"Crow: City of Angels, The (1996)",Action|Thriller,"['Action', 'Thriller']",2,1996.0,15,2.833333333333333,1.2051476890327395,1.0,5.0,1996
840,House Arrest (1996),Children|Comedy,"['Children', 'Comedy']",2,1996.0,4,3.375,0.478713553878169,3.0,4.0,1996
841,"Eyes Without a Face (Yeux sans visage, Les) (1959)",Horror,['Horror'],1,1959.0,2,3.0,0.0,3.0,3.0,1959
842,Tales from the Crypt Presents: Bordello of Blood (1996),Comedy|Horror,"['Comedy', 'Horror']",2,1996.0,12,2.5416666666666665,1.0543919689766346,1.0,5.0,1996
848,"Spitfire Grill, The (1996)",Drama,['Drama'],1,1996.0,7,3.2857142857142856,1.1126972805283737,1.0,4.0,1996
849,Escape from L.A. (1996),Action|Adventure|Sci-Fi|Thriller,"['Action', 'Adventure', 'Sci-Fi', 'Thriller']",4,1996.0,44,2.9204545454545454,1.0395838938269677,1.0,5.0,1996
851,Basquiat (1996),Drama,['Drama'],1,1996.0,6,2.833333333333333,1.1254628677422756,1.0,4.0,1996
852,Tin Cup (1996),Comedy|Drama|Romance,"['Comedy', 'Drama', 'Romance']",3,1996.0,43,3.1744186046511627,1.0052464808516732,0.5,5.0,1996
858,"Godfather, The (1972)",Crime|Drama,"['Crime', 'Drama']",2,1972.0,192,4.2890625,0.9043438836790152,1.0,5.0,1972
861,Supercop (Police Story 3: Supercop) (Jing cha gu shi III: Chao ji jing cha) (1992),Action|Comedy|Crime|Thriller,"['Action', 'Comedy', 'Crime', 'Thriller']",4,1992.0,9,3.8333333333333335,0.9354143466934852,2.0,5.0,1992
866,Bound (1996),Crime|Drama|Romance|Thriller,"['Crime', 'Drama', 'Romance', 'Thriller']",4,1996.0,23,4.0,0.7833494518006403,2.0,5.0,1996
867,Carpool (1996),Comedy|Crime,"['Comedy', 'Crime']",2,1996.0,2,1.75,1.7677669529663689,0.5,3.0,1996
869,Kansas City (1996),Crime|Drama|Musical|Thriller,"['Crime', 'Drama', 'Musical', 'Thriller']",4,1996.0,3,3.6666666666666665,0.5773502691896258,3.0,4.0,1996
870,Gone Fishin' (1997),Comedy,['Comedy'],1,1997.0,2,1.0,0.0,1.0,1.0,1997
875,Nothing to Lose (1994),Action|Crime|Drama,"['Action', 'Crime', 'Drama']",3,1994.0,1,3.5,0.0,3.5,3.5,1994
876,Supercop 2 (Project S) (Chao ji ji hua) (1993),Action|Comedy|Crime|Thriller,"['Action', 'Comedy', 'Crime', 'Thriller']",4,1993.0,1,5.0,0.0,5.0,5.0,1993
879,"Relic, The (1997)",Horror|Thriller,"['Horror', 'Thriller']",2,1997.0,4,3.0,1.8257418583505536,1.0,5.0,1997
880,"Island of Dr. Moreau, The (1996)",Sci-Fi|Thriller,"['Sci-Fi', 'Thriller']",2,1996.0,27,2.740740740740741,0.9939274308981204,1.0,5.0,1996
881,First Kid (1996),Children|Comedy,"['Children', 'Comedy']",2,1996.0,5,2.1,0.8944271909999159,1.0,3.0,1996
882,"Trigger Effect, The (1996)",Drama|Thriller,"['Drama', 'Thriller']",2,1996.0,1,2.0,0.0,2.0,2.0,1996
885,Bogus (1996),Children|Drama|Fantasy,"['Children', 'Drama', 'Fantasy']",3,1996.0,2,2.5,0.7071067811865476,2.0,3.0,1996
886,Bulletproof (1996),Action|Comedy|Crime,"['Action', 'Comedy', 'Crime']",3,1996.0,6,2.6666666666666665,1.53839743456191,0.5,5.0,1996
888,Land Before Time III: The Time of the Great Giving (1995),Adventure|Animation|Children|Musical,"['Adventure', 'Animation', 'Children', 'Musical']",4,1995.0,3,2.1666666666666665,1.4433756729740643,0.5,3.0,1995
889,1-900 (06) (1994),Drama|Romance,"['Drama', 'Romance']",2,1994.0,1,4.0,0.0,4.0,4.0,1994
891,Halloween: The Curse of Michael Myers (Halloween 6: The Curse of Michael Myers) (1995),Horror|Thriller,"['Horror', 'Thriller']",2,1995.0,5,3.8,1.095445115010332,3.0,5.0,1995
892,Twelfth Night (1996),Comedy|Drama|Romance,"['Comedy', 'Drama', 'Romance']",3,1996.0,13,3.5384615384615383,0.627877989127481,3.0,5.0,1996
893,Mother Night (1996),Drama,['Drama'],1,1996.0,3,3.6666666666666665,1.1547005383792517,3.0,5.0,1996
896,Wild Reeds (Les roseaux sauvages) (1994),Drama,['Drama'],1,1994.0,2,2.5,0.7071067811865476,2.0,3.0,1994
897,For Whom the Bell Tolls (1943),Adventure|Drama|Romance|War,"['Adventure', 'Drama', 'Romance', 'War']",4,1943.0,2,3.75,0.3535533905932738,3.5,4.0,1943
898,"Philadelphia Story, The (1940)",Comedy|Drama|Romance,"['Comedy', 'Drama', 'Romance']",3,1940.0,29,4.310344827586207,0.7839209269463556,2.0,5.0,1940
899,Singin' in the Rain (1952),Comedy|Musical|Romance,"['Comedy', 'Musical', 'Romance']",3,1952.0,47,4.074468085106383,0.9834429505582796,0.5,5.0,1952
900,"American in Paris, An (1951)",Musical|Romance,"['Musical', 'Romance']",2,1951.0,12,3.7083333333333335,0.6556860852757533,2.5,5.0,1951
901,Funny Face (1957),Comedy|Musical,"['Comedy', 'Musical']",2,1957.0,7,3.0,1.5,1.0,5.0,1957
902,Breakfast at Tiffany's (1961),Drama|Romance,"['Drama', 'Romance']",2,1961.0,36,3.8472222222222223,0.9548331525488364,1.0,5.0,1961
903,Vertigo (1958),Drama|Mystery|Romance|Thriller,"['Drama', 'Mystery', 'Romance', 'Thriller']",4,1958.0,60,4.025,0.962980014576926,0.5,5.0,1958
904,Rear Window (1954),Mystery|Thriller,"['Mystery', 'Thriller']",2,1954.0,84,4.261904761904762,0.7857012464364238,1.0,5.0,1954
905,It Happened One Night (1934),Comedy|Romance,"['Comedy', 'Romance']",2,1934.0,14,4.321428571428571,0.7234304723687333,3.0,5.0,1934
906,Gaslight (1944),Drama|Thriller,"['Drama', 'Thriller']",2,1944.0,7,4.142857142857143,0.8521681032463467,3.0,5.0,1944
907,"Gay Divorcee, The (1934)",Comedy|Musical|Romance,"['Comedy', 'Musical', 'Romance']",3,1934.0,2,3.5,0.7071067811865476,3.0,4.0,1934
908,North by Northwest (1959),Action|Adventure|Mystery|Romance|Thriller,"['Action', 'Adventure', 'Mystery', 'Romance', 'Thriller']",5,1959.0,57,4.184210526315789,0.777080036713495,1.5,5.0,1959
909,"Apartment, The (1960)",Comedy|Drama|Romance,"['Comedy', 'Drama', 'Romance']",3,1960.0,27,3.962962962962963,0.9600273025557252,0.5,5.0,1960
910,Some Like It Hot (1959),Comedy|Crime,"['Comedy', 'Crime']",2,1959.0,50,4.01,0.8298635245555472,1.5,5.0,1959
911,Charade (1963),Comedy|Crime|Mystery|Romance|Thriller,"['Comedy', 'Crime', 'Mystery', 'Romance', 'Thriller']",5,1963.0,13,3.807692307692308,0.6626481450231065,2.5,5.0,1963
912,Casablanca (1942),Drama|Romance,"['Drama', 'Romance']",2,1942.0,100,4.24,0.9002805398902337,0.5,5.0,1942
913,"Maltese Falcon, The (1941)",Film-Noir|Mystery,"['Film-Noir', 'Mystery']",2,1941.0,44,4.170454545454546,0.6282421194702981,3.0,5.0,1941
914,My Fair Lady (1964),Comedy|Drama|Musical|Romance,"['Comedy', 'Drama', 'Musical', 'Romance']",4,1964.0,35,4.042857142857143,0.9185300642829262,0.5,5.0,1964
915,Sabrina (1954),Comedy|Romance,"['Comedy', 'Romance']",2,1954.0,30,3.7666666666666666,0.8380327264341845,2.0,5.0,1954
916,Roman Holiday (1953),Comedy|Drama|Romance,"['Comedy', 'Drama', 'Romance']",3,1953.0,26,4.057692307692308,0.7915418255142693,2.5,5.0,1953
917,"Little Princess, The (1939)",Children|Drama,"['Children', 'Drama']",2,1939.0,2,3.5,0.7071067811865476,3.0,4.0,1939
918,Meet Me in St. Louis (1944),Musical,['Musical'],1,1944.0,10,4.1,0.6992058987801009,3.0,5.0,1944
919,"Wizard of Oz, The (1939)",Adventure|Children|Fantasy|Musical,"['Adventure', 'Children', 'Fantasy', 'Musical']",4,1939.0,92,3.880434782608696,1.0254175381609605,1.0,5.0,1939
920,Gone with the Wind (1939),Drama|Romance|War,"['Drama', 'Romance', 'War']",3,1939.0,45,3.644444444444445,1.0586345312274066,1.0,5.0,1939
921,My Favorite Year (1982),Comedy,['Comedy'],1,1982.0,9,3.388888888888889,0.8579691784155834,2.0,5.0,1982
922,Sunset Blvd. (a.k.a. Sunset Boulevard) (1950),Drama|Film-Noir|Romance,"['Drama', 'Film-Noir', 'Romance']",3,1950.0,27,4.333333333333333,0.6650621717611762,2.5,5.0,1950
923,Citizen Kane (1941),Drama|Mystery,"['Drama', 'Mystery']",2,1941.0,69,4.043478260869565,0.9691533996331336,1.0,5.0,1941
924,2001: A Space Odyssey (1968),Adventure|Drama|Sci-Fi,"['Adventure', 'Drama', 'Sci-Fi']",3,1968.0,109,3.8944954128440368,1.1035997380949345,1.0,5.0,1968
926,All About Eve (1950),Drama,['Drama'],1,1950.0,24,4.229166666666667,0.8843957242668293,1.0,5.0,1950
927,"Women, The (1939)",Comedy,['Comedy'],1,1939.0,3,4.0,0.0,4.0,4.0,1939
928,Rebecca (1940),Drama|Mystery|Romance|Thriller,"['Drama', 'Mystery', 'Romance', 'Thriller']",4,1940.0,18,4.166666666666667,0.7669649888473706,2.5,5.0,1940
929,Foreign Correspondent (1940),Drama|Film-Noir|Mystery|Thriller,"['Drama', 'Film-Noir', 'Mystery', 'Thriller']",4,1940.0,1,3.5,0.0,3.5,3.5,1940
930,Notorious (1946),Film-Noir|Romance|Thriller,"['Film-Noir', 'Romance', 'Thriller']",3,1946.0,20,4.25,0.525657483037847,3.0,5.0,1946
931,Spellbound (1945),Mystery|Romance|Thriller,"['Mystery', 'Romance', 'Thriller']",3,1945.0,9,3.8333333333333335,0.7905694150420949,3.0,5.0,1945
932,"Affair to Remember, An (1957)",Drama|Romance,"['Drama', 'Romance']",2,1957.0,8,3.9375,1.208230701716948,1.5,5.0,1957
933,To Catch a Thief (1955),Crime|Mystery|Romance|Thriller,"['Crime', 'Mystery', 'Romance', 'Thriller']",4,1955.0,23,4.217391304347826,0.8370142683225263,1.5,5.0,1955
934,Father of the Bride (1950),Comedy,['Comedy'],1,1950.0,12,3.25,1.0975178606954217,1.0,5.0,1950
935,"Band Wagon, The (1953)",Comedy|Musical,"['Comedy', 'Musical']",2,1953.0,3,3.8333333333333335,1.2583057392117918,2.5,5.0,1953
936,Ninotchka (1939),Comedy|Romance,"['Comedy', 'Romance']",2,1939.0,6,4.0,0.9486832980505138,2.5,5.0,1939
937,Love in the Afternoon (1957),Comedy|Romance,"['Comedy', 'Romance']",2,1957.0,2,3.5,0.7071067811865476,3.0,4.0,1957
938,Gigi (1958),Musical,['Musical'],1,1958.0,6,3.25,1.2942179105544782,1.5,5.0,1958
940,"Adventures of Robin Hood, The (1938)",Action|Adventure|Romance,"['Action', 'Adventure', 'Romance']",3,1938.0,8,4.0,0.9636241116594316,2.5,5.0,1938
941,"Mark of Zorro, The (1940)",Adventure,['Adventure'],1,1940.0,2,3.75,0.3535533905932738,3.5,4.0,1940
942,Laura (1944),Crime|Film-Noir|Mystery,"['Crime', 'Film-Noir', 'Mystery']",3,1944.0,6,4.333333333333333,0.5163977794943222,4.0,5.0,1944
943,"Ghost and Mrs. Muir, The (1947)",Drama|Fantasy|Romance,"['Drama', 'Fantasy', 'Romance']",3,1947.0,7,3.928571428571429,0.6074928962939558,3.0,5.0,1947
944,Lost Horizon (1937),Drama,['Drama'],1,1937.0,3,4.0,0.0,4.0,4.0,1937
945,Top Hat (1935),Comedy|Musical|Romance,"['Comedy', 'Musical', 'Romance']",3,1935.0,7,4.071428571428571,0.8380817098475258,3.0,5.0,1935
946,To Be or Not to Be (1942),Comedy|Drama|War,"['Comedy', 'Drama', 'War']",3,1942.0,3,2.5,1.8027756377319943,0.5,4.0,1942
947,My Man Godfrey (1936),Comedy|Romance,"['Comedy', 'Romance']",2,1936.0,4,3.75,1.6583123951777,1.5,5.0,1936
948,Giant (1956),Drama|Romance|Western,"['Drama', 'Romance', 'Western']",3,1956.0,6,3.9166666666666665,0.6645800679125629,3.0,5.0,1956
949,East of Eden (1955),Drama,['Drama'],1,1955.0,6,3.9166666666666665,0.2041241452319315,3.5,4.0,1955
950,"Thin Man, The (1934)",Comedy|Crime,"['Comedy', 'Crime']",2,1934.0,7,3.857142857142857,0.8521681032463467,2.5,5.0,1934
951,His Girl Friday (1940),Comedy|Romance,"['Comedy', 'Romance']",2,1940.0,14,4.392857142857143,0.594156526533184,3.5,5.0,1940
952,Around the World in 80 Days (1956),Adventure|Comedy,"['Adventure', 'Comedy']",2,1956.0,12,3.625,0.6784005252999681,2.5,4.5,1956
953,It's a Wonderful Life (1946),Children|Drama|Fantasy|Romance,"['Children', 'Drama', 'Fantasy', 'Romance']",4,1946.0,58,4.0344827586206895,1.0381413425280497,0.5,5.0,1946
954,Mr. Smith Goes to Washington (1939),Drama,['Drama'],1,1939.0,18,4.083333333333333,0.8952488973661427,2.0,5.0,1939
955,Bringing Up Baby (1938),Comedy|Romance,"['Comedy', 'Romance']",2,1938.0,18,3.861111111111111,1.054480016204747,1.0,5.0,1938
956,Penny Serenade (1941),Drama|Romance,"['Drama', 'Romance']",2,1941.0,1,4.0,0.0,4.0,4.0,1941
959,Of Human Bondage (1934),Drama,['Drama'],1,1934.0,1,3.5,0.0,3.5,3.5,1934
961,Little Lord Fauntleroy (1936),Drama,['Drama'],1,1936.0,1,4.0,0.0,4.0,4.0,1936
963,"Inspector General, The (1949)",Musical,['Musical'],1,1949.0,1,3.0,0.0,3.0,3.0,1949
965,"39 Steps, The (1935)",Drama|Mystery|Thriller,"['Drama', 'Mystery', 'Thriller']",3,1935.0,11,4.045454545454546,0.8201995322647243,2.0,5.0,1935
968,Night of the Living Dead (1968),Horror|Sci-Fi|Thriller,"['Horror', 'Sci-Fi', 'Thriller']",3,1968.0,28,3.75,1.1426091000668408,1.0,5.0,1968
969,"African Queen, The (1951)",Adventure|Comedy|Romance|War,"['Adventure', 'Comedy', 'Romance', 'War']",4,1951.0,34,3.9705882352941178,1.0145993123917847,1.0,5.0,1951
970,Beat the Devil (1953),Adventure|Comedy|Crime|Drama|Romance,"['Adventure', 'Comedy', 'Crime', 'Drama', 'Romance']",5,1953.0,1,3.5,0.0,3.5,3.5,1953
971,Cat on a Hot Tin Roof (1958),Drama,['Drama'],1,1958.0,10,4.1,0.8755950357709131,2.5,5.0,1958
973,Meet John Doe (1941),Comedy|Drama,"['Comedy', 'Drama']",2,1941.0,5,3.9,0.2236067977499789,3.5,4.0,1941
976,"Farewell to Arms, A (1932)",Romance|War,"['Romance', 'War']",2,1932.0,1,3.0,0.0,3.0,3.0,1932
979,Nothing Personal (1995),Drama|War,"['Drama', 'War']",2,1995.0,1,3.0,0.0,3.0,3.0,1995
981,Dangerous Ground (1997),Drama,['Drama'],1,1997.0,2,3.0,0.0,3.0,3.0,1997
982,Picnic (1955),Drama,['Drama'],1,1955.0,1,3.0,0.0,3.0,3.0,1955
984,"Pompatus of Love, The (1996)",Comedy|Drama,"['Comedy', 'Drama']",2,1996.0,2,3.5,2.1213203435596424,2.0,5.0,1996
986,Fly Away Home (1996),Adventure|Children,"['Adventure', 'Children']",2,1996.0,13,3.5384615384615383,0.6910601294852008,2.5,5.0,1996
987,Bliss (1997),Drama|Romance,"['Drama', 'Romance']",2,1997.0,1,3.0,0.0,3.0,3.0,1997
988,Grace of My Heart (1996),Comedy|Drama,"['Comedy', 'Drama']",2,1996.0,2,3.0,0.0,3.0,3.0,1996
990,Maximum Risk (1996),Action|Adventure|Thriller,"['Action', 'Adventure', 'Thriller']",3,1996.0,5,2.9,1.4317821063276353,1.0,4.5,1996
991,Michael Collins (1996),Drama,['Drama'],1,1996.0,11,3.3181818181818183,0.7833494518006403,2.0,4.0,1996
993,Infinity (1996),Drama,['Drama'],1,1996.0,1,3.0,0.0,3.0,3.0,1996
994,Big Night (1996),Comedy|Drama,"['Comedy', 'Drama']",2,1996.0,11,4.181818181818182,0.7166842844909911,3.0,5.0,1996
996,Last Man Standing (1996),Action|Crime|Drama|Thriller,"['Action', 'Crime', 'Drama', 'Thriller']",4,1996.0,13,2.5,0.7637626158259734,1.0,4.0,1996
998,Set It Off (1996),Action|Crime,"['Action', 'Crime']",2,1996.0,3,3.0,1.7320508075688772,2.0,5.0,1996
999,2 Days in the Valley (1996),Crime|Film-Noir,"['Crime', 'Film-Noir']",2,1996.0,12,3.0416666666666665,0.7525210155124432,2.0,4.0,1996
1003,Extreme Measures (1996),Drama|Thriller,"['Drama', 'Thriller']",2,1996.0,3,2.5,0.8660254037844386,2.0,3.5,1996
1004,"Glimmer Man, The (1996)",Action|Thriller,"['Action', 'Thriller']",2,1996.0,6,3.0,0.6324555320336759,2.0,4.0,1996
1005,D3: The Mighty Ducks (1996),Children|Comedy,"['Children', 'Comedy']",2,1996.0,8,2.1875,0.9613049166924836,1.0,3.5,1996
1006,"Chamber, The (1996)",Drama,['Drama'],1,1996.0,5,3.5,0.8660254037844386,2.0,4.0,1996
1007,"Apple Dumpling Gang, The (1975)",Children|Comedy|Western,"['Children', 'Comedy', 'Western']",3,1975.0,10,2.6,0.6582805886043833,2.0,3.5,1975
1008,"Davy Crockett, King of the Wild Frontier (1955)",Adventure|Western,"['Adventure', 'Western']",2,1955.0,1,3.0,0.0,3.0,3.0,1955
1009,Escape to Witch Mountain (1975),Adventure|Children|Fantasy,"['Adventure', 'Children', 'Fantasy']",3,1975.0,9,3.055555555555556,0.7264831572567788,2.0,4.0,1975
1010,"Love Bug, The (1969)",Children|Comedy,"['Children', 'Comedy']",2,1969.0,9,3.055555555555556,0.7264831572567789,2.0,4.0,1969
1011,Herbie Rides Again (1974),Children|Comedy|Fantasy|Romance,"['Children', 'Comedy', 'Fantasy', 'Romance']",4,1974.0,8,2.9375,1.3741880719693564,1.0,5.0,1974
1012,Old Yeller (1957),Children|Drama,"['Children', 'Drama']",2,1957.0,9,3.4444444444444446,0.6821127309893709,2.0,4.0,1957
1013,"Parent Trap, The (1961)",Children|Comedy|Romance,"['Children', 'Comedy', 'Romance']",3,1961.0,12,3.208333333333333,0.8382431122004613,2.0,5.0,1961
1014,Pollyanna (1960),Children|Comedy|Drama,"['Children', 'Comedy', 'Drama']",3,1960.0,5,2.9,1.5968719422671311,0.5,5.0,1960
1015,Homeward Bound: The Incredible Journey (1993),Adventure|Children|Drama,"['Adventure', 'Children', 'Drama']",3,1993.0,20,2.95,0.9304780887716866,1.0,4.0,1993
1016,"Shaggy Dog, The (1959)",Children|Comedy,"['Children', 'Comedy']",2,1959.0,5,2.9,0.5477225575051661,2.0,3.5,1959
1017,Swiss Family Robinson (1960),Adventure|Children,"['Adventure', 'Children']",2,1960.0,10,3.5,0.7453559924999298,2.0,4.5,1960
1018,That Darn Cat! (1965),Children|Comedy|Mystery,"['Children', 'Comedy', 'Mystery']",3,1965.0,6,2.4166666666666665,0.917423929634859,1.0,3.5,1965
1019,"20,000 Leagues Under the Sea (1954)",Adventure|Drama|Sci-Fi,"['Adventure', 'Drama', 'Sci-Fi']",3,1954.0,17,3.4705882352941178,0.892163596182304,2.0,5.0,1954
1020,Cool Runnings (1993),Comedy,['Comedy'],1,1993.0,37,3.081081081081081,0.79506737584442,2.0,5.0,1993
1021,Angels in the Outfield (1994),Children|Comedy,"['Children', 'Comedy']",2,1994.0,27,2.333333333333333,1.028441689009303,0.5,4.0,1994
1022,Cinderella (1950),Animation|Children|Fantasy|Musical|Romance,"['Animation', 'Children', 'Fantasy', 'Musical', 'Romance']",5,1950.0,42,3.488095238095238,0.7924036852921471,2.0,5.0,1950
1023,Winnie the Pooh and the Blustery Day (1968),Animation|Children|Musical,"['Animation', 'Children', 'Musical']",3,1968.0,13,3.615384615384616,1.0830867569483635,1.5,5.0,1968
1024,"Three Caballeros, The (1945)",Animation|Children|Musical,"['Animation', 'Children', 'Musical']",3,1945.0,6,3.6666666666666665,1.0327955589886444,2.0,5.0,1945
1025,"Sword in the Stone, The (1963)",Animation|Children|Fantasy|Musical,"['Animation', 'Children', 'Fantasy', 'Musical']",4,1963.0,25,3.58,0.7994789970140972,2.0,5.0,1963
1027,Robin Hood: Prince of Thieves (1991),Adventure|Drama,"['Adventure', 'Drama']",2,1991.0,28,3.017857142857143,0.8658344600264604,1.0,5.0,1991
1028,Mary Poppins (1964),Children|Comedy|Fantasy|Musical,"['Children', 'Comedy', 'Fantasy', 'Musical']",4,1964.0,71,3.887323943661972,0.8585585224191249,0.5,5.0,1964
1029,Dumbo (1941),Animation|Children|Drama|Musical,"['Animation', 'Children', 'Drama', 'Musical']",4,1941.0,35,3.3857142857142857,0.8918397564924453,1.5,5.0,1941
1030,Pete's Dragon (1977),Adventure|Animation|Children|Musical,"['Adventure', 'Animation', 'Children', 'Musical']",4,1977.0,15,2.7666666666666666,0.7286647932708022,2.0,4.0,1977
1031,Bedknobs and Broomsticks (1971),Adventure|Children|Musical,"['Adventure', 'Children', 'Musical']",3,1971.0,24,3.4791666666666665,0.9943226519756472,2.0,5.0,1971
1032,Alice in Wonderland (1951),Adventure|Animation|Children|Fantasy|Musical,"['Adventure', 'Animation', 'Children', 'Fantasy', 'Musical']",5,1951.0,40,3.375,0.959099470791114,1.0,5.0,1951
1033,"Fox and the Hound, The (1981)",Animation|Children|Drama,"['Animation', 'Children', 'Drama']",3,1981.0,20,3.575,0.6544382886752658,2.0,4.5,1981
1034,Freeway (1996),Comedy|Crime|Drama|Thriller,"['Comedy', 'Crime', 'Drama', 'Thriller']",4,1996.0,5,3.1,1.6355427233796125,1.0,5.0,1996
1035,"Sound of Music, The (1965)",Musical|Romance,"['Musical', 'Romance']",2,1965.0,64,3.9375,1.0293317295817757,2.0,5.0,1965
1036,Die Hard (1988),Action|Crime|Thriller,"['Action', 'Crime', 'Thriller']",3,1988.0,145,3.8620689655172415,0.9118867014721942,0.5,5.0,1988
1037,"Lawnmower Man, The (1992)",Action|Horror|Sci-Fi|Thriller,"['Action', 'Horror', 'Sci-Fi', 'Thriller']",4,1992.0,24,2.770833333333333,0.9438492725405696,1.0,4.0,1992
1040,"Secret Agent, The (1996)",Drama,['Drama'],1,1996.0,1,3.0,0.0,3.0,3.0,1996
1041,Secrets & Lies (1996),Drama,['Drama'],1,1996.0,11,4.590909090909091,0.4908249086070214,4.0,5.0,1996
1042,That Thing You Do! (1996),Comedy|Drama,"['Comedy', 'Drama']",2,1996.0,42,3.273809523809524,0.9052851656393124,2.0,5.0,1996
1043,To Gillian on Her 37th Birthday (1996),Drama|Romance,"['Drama', 'Romance']",2,1996.0,5,2.4,0.5477225575051661,2.0,3.0,1996
1046,Beautiful Thing (1996),Drama|Romance,"['Drama', 'Romance']",2,1996.0,4,4.5,0.5773502691896258,4.0,5.0,1996
1047,"Long Kiss Goodnight, The (1996)",Action|Drama|Thriller,"['Action', 'Drama', 'Thriller']",3,1996.0,33,3.3181818181818183,0.8274412915180696,2.0,5.0,1996
1049,"Ghost and the Darkness, The (1996)",Action|Adventure,"['Action', 'Adventure']",2,1996.0,21,3.4761904761904763,1.0182852065628578,1.5,5.0,1996
1050,Looking for Richard (1996),Documentary|Drama,"['Documentary', 'Drama']",2,1996.0,5,3.9,0.2236067977499789,3.5,4.0,1996
1051,Trees Lounge (1996),Drama,['Drama'],1,1996.0,3,4.0,1.0,3.0,5.0,1996
1053,Normal Life (1996),Crime|Drama|Romance,"['Crime', 'Drama', 'Romance']",3,1996.0,1,3.0,0.0,3.0,3.0,1996
1054,Get on the Bus (1996),Drama,['Drama'],1,1996.0,1,2.0,0.0,2.0,2.0,1996
1055,Shadow Conspiracy (1997),Thriller,['Thriller'],1,1997.0,2,1.5,0.7071067811865476,1.0,2.0,1997
1056,Jude (1996),Drama,['Drama'],1,1996.0,7,3.071428571428572,0.7319250547113999,2.0,4.0,1996
1057,Everyone Says I Love You (1996),Comedy|Musical|Romance,"['Comedy', 'Musical', 'Romance']",3,1996.0,15,3.466666666666667,0.8755950357709131,2.0,5.0,1996
1059,William Shakespeare's Romeo + Juliet (1996),Drama|Romance,"['Drama', 'Romance']",2,1996.0,36,3.7222222222222223,0.921523927636363,1.0,5.0,1996
1060,Swingers (1996),Comedy|Drama,"['Comedy', 'Drama']",2,1996.0,36,3.6944444444444446,1.0972548719273267,1.0,5.0,1996
1061,Sleepers (1996),Thriller,['Thriller'],1,1996.0,29,3.672413793103448,0.8267390984741272,1.0,5.0,1996
1064,Aladdin and the King of Thieves (1996),Animation|Children|Comedy|Fantasy|Musical|Romance,"['Animation', 'Children', 'Comedy', 'Fantasy', 'Musical', 'Romance']",6,1996.0,13,3.1538461538461537,1.125178048588596,1.0,5.0,1996
1066,Shall We Dance (1937),Comedy|Musical|Romance,"['Comedy', 'Musical', 'Romance']",3,1937.0,4,4.5,0.5773502691896258,4.0,5.0,1937
1068,Crossfire (1947),Crime|Film-Noir,"['Crime', 'Film-Noir']",2,1947.0,1,3.5,0.0,3.5,3.5,1947
1073,Willy Wonka & the Chocolate Factory (1971),Children|Comedy|Fantasy|Musical,"['Children', 'Comedy', 'Fantasy', 'Musical']",4,1971.0,119,3.8739495798319328,0.921077315519754,0.5,5.0,1971
1076,"Innocents, The (1961)",Drama|Horror|Thriller,"['Drama', 'Horror', 'Thriller']",3,1961.0,0,0.0,0.0,0.0,0.0,1961
1077,Sleeper (1973),Comedy|Sci-Fi,"['Comedy', 'Sci-Fi']",2,1973.0,28,3.75,0.7136240321480627,2.0,5.0,1973
1078,Bananas (1971),Comedy|War,"['Comedy', 'War']",2,1971.0,11,3.409090909090909,1.0202495238465397,2.0,5.0,1971
1079,"Fish Called Wanda, A (1988)",Comedy|Crime,"['Comedy', 'Crime']",2,1988.0,71,3.9225352112676055,0.9359788128094402,1.5,5.0,1988
1080,Monty Python's Life of Brian (1979),Comedy,['Comedy'],1,1979.0,89,3.926966292134832,1.0701278645928909,0.5,5.0,1979
1081,Victor/Victoria (1982),Comedy|Musical|Romance,"['Comedy', 'Musical', 'Romance']",3,1982.0,12,3.5416666666666665,0.964325796826074,2.0,5.0,1982
1082,"Candidate, The (1972)",Drama,['Drama'],1,1972.0,6,3.583333333333333,0.4915960401250875,3.0,4.0,1972
1083,"Great Race, The (1965)",Comedy|Musical,"['Comedy', 'Musical']",2,1965.0,6,3.333333333333333,0.816496580927726,2.0,4.0,1965
1084,Bonnie and Clyde (1967),Crime|Drama,"['Crime', 'Drama']",2,1967.0,35,4.071428571428571,0.6981367759853319,3.0,5.0,1967
1085,"Old Man and the Sea, The (1958)",Adventure|Drama,"['Adventure', 'Drama']",2,1958.0,2,3.5,0.7071067811865476,3.0,4.0,1958
1086,Dial M for Murder (1954),Crime|Mystery|Thriller,"['Crime', 'Mystery', 'Thriller']",3,1954.0,25,4.1,0.5400617248673217,3.0,5.0,1954
1088,Dirty Dancing (1987),Drama|Musical|Romance,"['Drama', 'Musical', 'Romance']",3,1987.0,42,3.369047619047619,0.994248851226354,1.0,5.0,1987
1089,Reservoir Dogs (1992),Crime|Mystery|Thriller,"['Crime', 'Mystery', 'Thriller']",3,1992.0,131,4.202290076335878,0.7888127055513403,1.0,5.0,1992
1090,Platoon (1986),Drama|War,"['Drama', 'War']",2,1986.0,63,3.984126984126984,0.9374306596647388,1.0,5.0,1986
1091,Weekend at Bernie's (1989),Comedy,['Comedy'],1,1989.0,21,2.5476190476190474,1.0712698295103096,0.5,4.5,1989
1092,Basic Instinct (1992),Crime|Mystery|Thriller,"['Crime', 'Mystery', 'Thriller']",3,1992.0,47,3.191489361702128,0.8112871649513513,1.0,5.0,1992
1093,"Doors, The (1991)",Drama,['Drama'],1,1991.0,37,3.4054054054054053,0.99189659685819,0.5,5.0,1991
1094,"Crying Game, The (1992)",Drama|Romance|Thriller,"['Drama', 'Romance', 'Thriller']",3,1992.0,42,3.4404761904761907,1.0012332697203432,1.0,5.0,1992
1095,Glengarry Glen Ross (1992),Drama,['Drama'],1,1992.0,15,3.6666666666666665,0.9759000729485332,2.0,5.0,1992
1096,Sophie's Choice (1982),Drama,['Drama'],1,1982.0,10,4.05,0.9846036991827952,2.5,5.0,1982
1097,E.T. the Extra-Terrestrial (1982),Children|Drama|Sci-Fi,"['Children', 'Drama', 'Sci-Fi']",3,1982.0,122,3.766393442622951,1.0702290367164522,0.5,5.0,1982
1099,"Christmas Carol, A (1938)",Children|Drama|Fantasy,"['Children', 'Drama', 'Fantasy']",3,1938.0,4,3.375,0.9464847243000456,2.0,4.0,1938
1100,Days of Thunder (1990),Action|Drama|Romance,"['Action', 'Drama', 'Romance']",3,1990.0,19,2.710526315789474,1.17042002756945,1.0,5.0,1990
1101,Top Gun (1986),Action|Romance,"['Action', 'Romance']",2,1986.0,83,3.3012048192771086,1.1096576022011624,0.5,5.0,1986
1103,Rebel Without a Cause (1955),Drama,['Drama'],1,1955.0,15,4.1,0.7837638128197257,2.5,5.0,1955
1104,"Streetcar Named Desire, A (1951)",Drama,['Drama'],1,1951.0,20,4.475,0.6584471365105534,3.0,5.0,1951
1105,Children of the Corn IV: The Gathering (1996),Horror,['Horror'],1,1996.0,3,4.666666666666667,0.5773502691896258,4.0,5.0,1996
1107,Loser (1991),Comedy,['Comedy'],1,1991.0,2,2.0,2.1213203435596424,0.5,3.5,1991
1111,Microcosmos (Microcosmos: Le peuple de l'herbe) (1996),Documentary,['Documentary'],1,1996.0,4,4.125,0.6291528696058957,3.5,5.0,1996
1112,Palookaville (1996),Action|Comedy|Drama,"['Action', 'Comedy', 'Drama']",3,1996.0,2,4.5,0.7071067811865476,4.0,5.0,1996
1114,"Funeral, The (1996)",Crime|Drama,"['Crime', 'Drama']",2,1996.0,1,3.0,0.0,3.0,3.0,1996
1116,"Single Girl, A (Fille seule, La) (1995)",Drama,['Drama'],1,1995.0,1,4.0,0.0,4.0,4.0,1995
1117,"Eighth Day, The (Huitième jour, Le) (1996)",Drama,['Drama'],1,1996.0,1,3.5,0.0,3.5,3.5,1996
1119,Drunks (1995),Drama,['Drama'],1,1995.0,1,3.0,0.0,3.0,3.0,1995
1120,"People vs. Larry Flynt, The (1996)",Comedy|Drama,"['Comedy', 'Drama']",2,1996.0,27,3.537037037037037,0.5357583756107197,2.0,4.5,1996
1121,Glory Daze (1995),Drama,['Drama'],1,1995.0,1,4.0,0.0,4.0,4.0,1995
1123,"Perfect Candidate, A (1996)",Documentary,['Documentary'],1,1996.0,2,4.25,1.0606601717798212,3.5,5.0,1996
1124,On Golden Pond (1981),Drama,['Drama'],1,1981.0,13,3.6538461538461537,1.26465765104987,0.5,5.0,1981
1125,"Return of the Pink Panther, The (1975)",Comedy|Crime,"['Comedy', 'Crime']",2,1975.0,24,3.6875,0.8445799058652202,1.0,5.0,1975
1126,Drop Dead Fred (1991),Comedy|Fantasy,"['Comedy', 'Fantasy']",2,1991.0,6,2.833333333333333,1.2909944487358056,2.0,4.5,1991
1127,"Abyss, The (1989)",Action|Adventure|Sci-Fi|Thriller,"['Action', 'Adventure', 'Sci-Fi', 'Thriller']",4,1989.0,62,3.475806451612903,0.9251823894390694,0.5,5.0,1989
1128,"Fog, The (1980)",Horror,['Horror'],1,1980.0,5,2.5,1.224744871391589,1.0,4.0,1980
1129,Escape from New York (1981),Action|Adventure|Sci-Fi|Thriller,"['Action', 'Adventure', 'Sci-Fi', 'Thriller']",4,1981.0,39,3.448717948717949,0.9651484191486588,1.0,5.0,1981
1130,"Howling, The (1980)",Horror|Mystery,"['Horror', 'Mystery']",2,1980.0,5,2.9,0.8944271909999159,2.0,4.0,1980
1131,Jean de Florette (1986),Drama|Mystery,"['Drama', 'Mystery']",2,1986.0,11,4.090909090909091,0.6640098575390962,3.0,5.0,1986
1132,Manon of the Spring (Manon des sources) (1986),Drama,['Drama'],1,1986.0,8,4.0625,0.4172614801981401,3.5,5.0,1986
1135,Private Benjamin (1980),Comedy,['Comedy'],1,1980.0,13,3.1153846153846154,0.5828752780343234,2.0,4.0,1980
1136,Monty Python and the Holy Grail (1975),Adventure|Comedy|Fantasy,"['Adventure', 'Comedy', 'Fantasy']",3,1975.0,136,4.161764705882353,0.9065244025257828,0.5,5.0,1975
1137,Hustler White (1996),Romance,['Romance'],1,1996.0,1,4.0,0.0,4.0,4.0,1996
1140,Entertaining Angels: The Dorothy Day Story (1996),Drama,['Drama'],1,1996.0,1,5.0,0.0,5.0,5.0,1996
1144,"Line King: The Al Hirschfeld Story, The (1996)",Documentary,['Documentary'],1,1996.0,1,4.0,0.0,4.0,4.0,1996
1147,When We Were Kings (1996),Documentary,['Documentary'],1,1996.0,10,3.9,0.9067647005823628,2.5,5.0,1996
1148,Wallace & Gromit: The Wrong Trousers (1993),Animation|Children|Comedy|Crime,"['Animation', 'Children', 'Comedy', 'Crime']",4,1993.0,56,4.035714285714286,1.030697658063538,0.5,5.0,1993
1150,"Return of Martin Guerre, The (Retour de Martin Guerre, Le) (1982)",Drama,['Drama'],1,1982.0,3,4.333333333333333,0.5773502691896258,4.0,5.0,1982
1151,Lesson Faust (1994),Animation|Comedy|Drama|Fantasy,"['Animation', 'Comedy', 'Drama', 'Fantasy']",4,1994.0,2,5.0,0.0,5.0,5.0,1994
1156,"Children Are Watching Us, The (Bambini ci guardano, I) (1944)",Drama,['Drama'],1,1944.0,1,3.5,0.0,3.5,3.5,1944
1161,"Tin Drum, The (Blechtrommel, Die) (1979)",Drama|War,"['Drama', 'War']",2,1979.0,3,3.6666666666666665,0.2886751345948129,3.5,4.0,1979
1162,"Ruling Class, The (1972)",Comedy|Drama,"['Comedy', 'Drama']",2,1972.0,1,3.0,0.0,3.0,3.0,1972
1163,Mina Tannenbaum (1994),Drama,['Drama'],1,1994.0,1,1.0,0.0,1.0,1.0,1994
1167,Dear God (1996),Comedy,['Comedy'],1,1996.0,2,3.5,0.7071067811865476,3.0,4.0,1996
1170,Best of the Best 3: No Turning Back (1995),Action,['Action'],1,1995.0,2,2.5,0.7071067811865476,2.0,3.0,1995
1171,Bob Roberts (1992),Comedy,['Comedy'],1,1992.0,17,3.3529411764705883,0.701888209634219,2.0,5.0,1992
1172,Cinema Paradiso (Nuovo cinema Paradiso) (1989),Drama,['Drama'],1,1989.0,34,4.161764705882353,1.027799858445022,1.0,5.0,1989
1173,"Cook the Thief His Wife & Her Lover, The (1989)",Comedy|Drama,"['Comedy', 'Drama']",2,1989.0,11,3.136363636363636,1.1421669994118435,1.0,4.0,1989
1175,Delicatessen (1991),Comedy|Drama|Romance,"['Comedy', 'Drama', 'Romance']",3,1991.0,21,3.8333333333333335,0.8563488385776753,1.5,5.0,1991
1176,"Double Life of Veronique, The (Double Vie de Véronique, La) (1991)",Drama|Fantasy|Romance,"['Drama', 'Fantasy', 'Romance']",3,1991.0,3,4.0,1.0,3.0,5.0,1991
1177,Enchanted April (1992),Drama|Romance,"['Drama', 'Romance']",2,1992.0,6,4.0,0.6324555320336759,3.0,5.0,1992
1178,Paths of Glory (1957),Drama|War,"['Drama', 'War']",2,1957.0,12,4.541666666666667,0.5418123347254158,3.5,5.0,1957
1179,"Grifters, The (1990)",Crime|Drama|Film-Noir,"['Crime', 'Drama', 'Film-Noir']",3,1990.0,27,3.6296296296296298,1.0246255656860948,1.0,5.0,1990
1180,Hear My Song (1991),Comedy,['Comedy'],1,1991.0,1,3.0,0.0,3.0,3.0,1991
1183,"English Patient, The (1996)",Drama|Romance|War,"['Drama', 'Romance', 'War']",3,1996.0,45,3.7111111111111112,0.9622941863121178,1.0,5.0,1996
1184,Mediterraneo (1991),Comedy|Drama,"['Comedy', 'Drama']",2,1991.0,7,3.928571428571429,0.7319250547113999,3.0,5.0,1991
1185,My Left Foot (1989),Drama,['Drama'],1,1989.0,10,3.95,0.7619419633774976,2.5,5.0,1989
1186,"Sex, Lies, and Videotape (1989)",Drama,['Drama'],1,1989.0,23,3.5869565217391304,1.2215133489487862,0.5,5.0,1989
1187,Passion Fish (1992),Drama,['Drama'],1,1992.0,5,3.6,1.140175425099138,2.0,5.0,1992
1188,Strictly Ballroom (1992),Comedy|Romance,"['Comedy', 'Romance']",2,1992.0,22,3.659090909090909,1.2572301720956691,1.0,5.0,1992
1189,"Thin Blue Line, The (1988)",Documentary,['Documentary'],1,1988.0,11,4.0,0.5477225575051661,3.0,5.0,1988
1190,Tie Me Up! Tie Me Down! (¡Átame!) (1990),Crime|Drama|Romance,"['Crime', 'Drama', 'Romance']",3,1990.0,6,3.1666666666666665,0.752772652709081,2.0,4.0,1990
1191,Madonna: Truth or Dare (1991),Documentary|Musical,"['Documentary', 'Musical']",2,1991.0,6,3.5,1.0488088481701516,2.0,5.0,1991
1192,Paris Is Burning (1990),Documentary,['Documentary'],1,1990.0,5,4.5,0.5,4.0,5.0,1990
1193,One Flew Over the Cuckoo's Nest (1975),Drama,['Drama'],1,1975.0,133,4.203007518796992,0.7588807397844317,1.0,5.0,1975
1194,Cheech and Chong's Up in Smoke (1978),Comedy,['Comedy'],1,1978.0,11,3.590909090909091,1.28097973868016,1.0,5.0,1978
1196,Star Wars: Episode V - The Empire Strikes Back (1980),Action|Adventure|Sci-Fi,"['Action', 'Adventure', 'Sci-Fi']",3,1980.0,211,4.2156398104265405,0.8421581929938285,0.5,5.0,1980
1197,"Princess Bride, The (1987)",Action|Adventure|Comedy|Fantasy|Romance,"['Action', 'Adventure', 'Comedy', 'Fantasy', 'Romance']",5,1987.0,142,4.232394366197183,0.8135858196438052,1.5,5.0,1987
1198,Raiders of the Lost Ark (Indiana Jones and the Raiders of the Lost Ark) (1981),Action|Adventure,"['Action', 'Adventure']",2,1981.0,200,4.2075,0.7945756745034187,0.5,5.0,1981
1199,Brazil (1985),Fantasy|Sci-Fi,"['Fantasy', 'Sci-Fi']",2,1985.0,59,4.177966101694915,0.8395540270574218,2.0,5.0,1985
1200,Aliens (1986),Action|Adventure|Horror|Sci-Fi,"['Action', 'Adventure', 'Horror', 'Sci-Fi']",4,1986.0,126,3.9642857142857135,1.010304056071382,1.0,5.0,1986
1201,"Good, the Bad and the Ugly, The (Buono, il brutto, il cattivo, Il) (1966)",Action|Adventure|Western,"['Action', 'Adventure', 'Western']",3,1966.0,72,4.145833333333333,0.865771251055918,1.0,5.0,1966
1202,Withnail & I (1987),Comedy,['Comedy'],1,1987.0,7,3.857142857142857,0.6267831705280087,3.0,5.0,1987
1203,12 Angry Men (1957),Drama,['Drama'],1,1957.0,57,4.149122807017544,1.0131497574779822,0.5,5.0,1957
1204,Lawrence of Arabia (1962),Adventure|Drama|War,"['Adventure', 'Drama', 'War']",3,1962.0,45,4.3,0.8353007079652649,2.0,5.0,1962
1206,"Clockwork Orange, A (1971)",Crime|Drama|Sci-Fi|Thriller,"['Crime', 'Drama', 'Sci-Fi', 'Thriller']",4,1971.0,120,3.995833333333333,1.0114799734521085,0.5,5.0,1971
1207,To Kill a Mockingbird (1962),Drama,['Drama'],1,1962.0,58,4.120689655172414,0.8650643664703344,0.5,5.0,1962
1208,Apocalypse Now (1979),Action|Drama|War,"['Action', 'Drama', 'War']",3,1979.0,107,4.219626168224299,0.8332069498003221,2.0,5.0,1979
1209,Once Upon a Time in the West (C'era una volta il West) (1968),Action|Drama|Western,"['Action', 'Drama', 'Western']",3,1968.0,18,4.305555555555555,0.7304086062103483,3.0,5.0,1968
1210,Star Wars: Episode VI - Return of the Jedi (1983),Action|Adventure|Sci-Fi,"['Action', 'Adventure', 'Sci-Fi']",3,1983.0,196,4.137755102040816,0.866116034877124,1.0,5.0,1983
1211,"Wings of Desire (Himmel über Berlin, Der) (1987)",Drama|Fantasy|Romance,"['Drama', 'Fantasy', 'Romance']",3,1987.0,13,3.8846153846153846,1.12089707663561,1.0,5.0,1987
1212,"Third Man, The (1949)",Film-Noir|Mystery|Thriller,"['Film-Noir', 'Mystery', 'Thriller']",3,1949.0,24,4.229166666666667,0.977787727771069,1.0,5.0,1949
1213,Goodfellas (1990),Crime|Drama,"['Crime', 'Drama']",2,1990.0,126,4.25,0.6833739825307954,2.0,5.0,1990
1214,Alien (1979),Horror|Sci-Fi,"['Horror', 'Sci-Fi']",2,1979.0,146,3.969178082191781,0.9436221532308472,0.5,5.0,1979
1215,Army of Darkness (1993),Action|Adventure|Comedy|Fantasy|Horror,"['Action', 'Adventure', 'Comedy', 'Fantasy', 'Horror']",5,1993.0,51,4.03921568627451,0.8651192822663357,2.0,5.0,1993
1216,"Big Blue, The (Grand bleu, Le) (1988)",Adventure|Drama|Romance,"['Adventure', 'Drama', 'Romance']",3,1988.0,11,3.4545454545454546,0.8201995322647243,2.0,4.5,1988
1217,Ran (1985),Drama|War,"['Drama', 'War']",2,1985.0,15,4.433333333333334,0.5627314338711379,3.5,5.0,1985
1218,"Killer, The (Die xue shuang xiong) (1989)",Action|Crime|Drama|Thriller,"['Action', 'Crime', 'Drama', 'Thriller']",4,1989.0,11,4.0,1.161895003862225,1.0,5.0,1989
1219,Psycho (1960),Crime|Horror,"['Crime', 'Horror']",2,1960.0,83,4.036144578313253,0.8546256223937791,1.0,5.0,1960
1220,"Blues Brothers, The (1980)",Action|Comedy|Musical,"['Action', 'Comedy', 'Musical']",3,1980.0,84,3.809523809523809,0.9114557464515378,1.0,5.0,1980
1221,"Godfather: Part II, The (1974)",Crime|Drama,"['Crime', 'Drama']",2,1974.0,129,4.25968992248062,0.8030721655622084,1.0,5.0,1974
1222,Full Metal Jacket (1987),Drama|War,"['Drama', 'War']",2,1987.0,102,4.098039215686274,0.8145922131314715,1.0,5.0,1987
1223,"Grand Day Out with Wallace and Gromit, A (1989)",Adventure|Animation|Children|Comedy|Sci-Fi,"['Adventure', 'Animation', 'Children', 'Comedy', 'Sci-Fi']",5,1989.0,28,4.089285714285714,1.0891176468486996,0.5,5.0,1989
1224,Henry V (1989),Action|Drama|Romance|War,"['Action', 'Drama', 'Romance', 'War']",4,1989.0,19,4.0,0.8164965809277261,2.0,5.0,1989
1225,Amadeus (1984),Drama,['Drama'],1,1984.0,76,4.184210526315789,0.7520731580688936,2.0,5.0,1984
1226,"Quiet Man, The (1952)",Drama|Romance,"['Drama', 'Romance']",2,1952.0,6,3.5,1.0488088481701514,2.0,5.0,1952
1227,Once Upon a Time in America (1984),Crime|Drama,"['Crime', 'Drama']",2,1984.0,16,4.0625,0.75,3.0,5.0,1984
1228,Raging Bull (1980),Drama,['Drama'],1,1980.0,40,4.1875,0.7981348449787359,2.0,5.0,1980
1230,Annie Hall (1977),Comedy|Romance,"['Comedy', 'Romance']",2,1977.0,58,3.8706896551724137,1.1103987936519646,1.0,5.0,1977
1231,"Right Stuff, The (1983)",Drama,['Drama'],1,1983.0,22,3.863636363636364,1.0256451881367417,1.0,5.0,1983
1232,Stalker (1979),Drama|Mystery|Sci-Fi,"['Drama', 'Mystery', 'Sci-Fi']",3,1979.0,8,3.625,1.093813773650968,2.0,5.0,1979
1233,"Boot, Das (Boat, The) (1981)",Action|Drama|War,"['Action', 'Drama', 'War']",3,1981.0,40,4.2125,0.6783038801644539,3.0,5.0,1981
1234,"Sting, The (1973)",Comedy|Crime,"['Comedy', 'Crime']",2,1973.0,64,3.9765625,0.9488074699744756,0.5,5.0,1973
1235,Harold and Maude (1971),Comedy|Drama|Romance,"['Comedy', 'Drama', 'Romance']",3,1971.0,26,4.288461538461538,0.7095502367426414,3.0,5.0,1971
1236,Trust (1990),Comedy|Drama|Romance,"['Comedy', 'Drama', 'Romance']",3,1990.0,3,4.333333333333333,0.5773502691896258,4.0,5.0,1990
1237,"Seventh Seal, The (Sjunde inseglet, Det) (1957)",Drama,['Drama'],1,1957.0,18,4.222222222222222,0.7712141348743973,2.5,5.0,1957
1238,Local Hero (1983),Comedy,['Comedy'],1,1983.0,9,4.055555555555555,0.8079466429027216,3.0,5.0,1983
1240,"Terminator, The (1984)",Action|Sci-Fi|Thriller,"['Action', 'Sci-Fi', 'Thriller']",3,1984.0,131,3.896946564885496,0.8497003029392377,0.5,5.0,1984
1241,Dead Alive (Braindead) (1992),Comedy|Fantasy|Horror,"['Comedy', 'Fantasy', 'Horror']",3,1992.0,10,4.05,1.2791055902899928,1.0,5.0,1992
1242,Glory (1989),Drama|War,"['Drama', 'War']",2,1989.0,41,4.170731707317073,0.6577400331586274,2.5,5.0,1989
1243,Rosencrantz and Guildenstern Are Dead (1990),Comedy|Drama,"['Comedy', 'Drama']",2,1990.0,16,3.96875,1.161446655397196,1.0,5.0,1990
1244,Manhattan (1979),Comedy|Drama|Romance,"['Comedy', 'Drama', 'Romance']",3,1979.0,33,4.106060606060606,0.7578503290308195,2.0,5.0,1979
1245,Miller's Crossing (1990),Crime|Drama|Film-Noir|Thriller,"['Crime', 'Drama', 'Film-Noir', 'Thriller']",4,1990.0,20,4.225,0.6972691091152079,3.0,5.0,1990
1246,Dead Poets Society (1989),Drama,['Drama'],1,1989.0,86,3.9593023255813953,0.9431334391243522,1.0,5.0,1989
1247,"Graduate, The (1967)",Comedy|Drama|Romance,"['Comedy', 'Drama', 'Romance']",3,1967.0,79,4.063291139240507,0.9106460393715246,1.0,5.0,1967
1248,Touch of Evil (1958),Crime|Film-Noir|Thriller,"['Crime', 'Film-Noir', 'Thriller']",3,1958.0,17,4.264705882352941,0.709701677177274,3.0,5.0,1958
1249,"Femme Nikita, La (Nikita) (1990)",Action|Crime|Romance|Thriller,"['Action', 'Crime', 'Romance', 'Thriller']",4,1990.0,35,4.071428571428571,0.6767445554101716,2.5,5.0,1990
1250,"Bridge on the River Kwai, The (1957)",Adventure|Drama|War,"['Adventure', 'Drama', 'War']",3,1957.0,45,4.122222222222222,1.11373427728702,0.5,5.0,1957
1251,8 1/2 (8½) (1963),Drama|Fantasy,"['Drama', 'Fantasy']",2,1963.0,14,4.071428571428571,0.7032108464077432,3.0,5.0,1963
1252,Chinatown (1974),Crime|Film-Noir|Mystery|Thriller,"['Crime', 'Film-Noir', 'Mystery', 'Thriller']",4,1974.0,59,4.211864406779661,0.7779470653392174,2.0,5.0,1974
1253,"Day the Earth Stood Still, The (1951)",Drama|Sci-Fi|Thriller,"['Drama', 'Sci-Fi', 'Thriller']",3,1951.0,25,3.82,0.7483314773547883,2.5,5.0,1951
1254,"Treasure of the Sierra Madre, The (1948)",Action|Adventure|Drama|Western,"['Action', 'Adventure', 'Drama', 'Western']",4,1948.0,16,3.65625,1.0911576421397595,0.5,5.0,1948
1255,Bad Taste (1987),Comedy|Horror|Sci-Fi,"['Comedy', 'Horror', 'Sci-Fi']",3,1987.0,6,3.0,1.1401754250991378,1.0,4.5,1987
1256,Duck Soup (1933),Comedy|Musical|War,"['Comedy', 'Musical', 'War']",3,1933.0,23,3.804347826086957,1.1455361035021452,1.0,5.0,1933
1257,Better Off Dead... (1985),Comedy|Romance,"['Comedy', 'Romance']",2,1985.0,27,3.685185185185185,0.9721916967124822,2.0,5.0,1985
1258,"Shining, The (1980)",Horror,['Horror'],1,1980.0,109,4.08256880733945,0.7622874976136029,2.0,5.0,1980
1259,Stand by Me (1986),Adventure|Drama,"['Adventure', 'Drama']",2,1986.0,91,4.0054945054945055,0.7207037667543575,2.0,5.0,1986
1260,M (1931),Crime|Film-Noir|Thriller,"['Crime', 'Film-Noir', 'Thriller']",3,1931.0,15,3.733333333333333,1.1474609652039005,0.5,5.0,1931
1261,Evil Dead II (Dead by Dawn) (1987),Action|Comedy|Fantasy|Horror,"['Action', 'Comedy', 'Fantasy', 'Horror']",4,1987.0,34,4.044117647058823,0.8106081429996409,2.0,5.0,1987
1262,"Great Escape, The (1963)",Action|Adventure|Drama|War,"['Action', 'Adventure', 'Drama', 'War']",4,1963.0,43,4.127906976744186,0.8666645370107577,0.5,5.0,1963
1263,"Deer Hunter, The (1978)",Drama|War,"['Drama', 'War']",2,1978.0,43,3.825581395348837,1.0958999396572953,0.5,5.0,1978
1264,Diva (1981),Action|Drama|Mystery|Romance|Thriller,"['Action', 'Drama', 'Mystery', 'Romance', 'Thriller']",5,1981.0,5,3.8,0.447213595499958,3.0,4.0,1981
1265,Groundhog Day (1993),Comedy|Fantasy|Romance,"['Comedy', 'Fantasy', 'Romance']",3,1993.0,143,3.944055944055944,0.8498237081162134,1.0,5.0,1993
1266,Unforgiven (1992),Drama|Western,"['Drama', 'Western']",2,1992.0,45,4.111111111111111,0.7221250905934833,2.0,5.0,1992
1267,"Manchurian Candidate, The (1962)",Crime|Thriller|War,"['Crime', 'Thriller', 'War']",3,1962.0,30,4.25,0.774040006094312,2.0,5.0,1962
1268,Pump Up the Volume (1990),Comedy|Drama,"['Comedy', 'Drama']",2,1990.0,9,3.611111111111111,0.7817359599705717,2.5,5.0,1990
1269,Arsenic and Old Lace (1944),Comedy|Mystery|Thriller,"['Comedy', 'Mystery', 'Thriller']",3,1944.0,29,3.8793103448275854,0.9224886024634,0.5,5.0,1944
1270,Back to the Future (1985),Adventure|Comedy|Sci-Fi,"['Adventure', 'Comedy', 'Sci-Fi']",3,1985.0,171,4.038011695906433,0.8744844665374804,1.0,5.0,1985
1271,Fried Green Tomatoes (1991),Comedy|Crime|Drama,"['Comedy', 'Crime', 'Drama']",3,1991.0,30,3.5,0.8094272134003795,2.0,5.0,1991
1272,Patton (1970),Drama|War,"['Drama', 'War']",2,1970.0,33,4.121212121212121,1.1991553214027302,0.5,5.0,1970
1273,Down by Law (1986),Comedy|Drama|Film-Noir,"['Comedy', 'Drama', 'Film-Noir']",3,1986.0,11,4.045454545454546,0.7229988054812212,3.0,5.0,1986
1274,Akira (1988),Action|Adventure|Animation|Sci-Fi,"['Action', 'Adventure', 'Animation', 'Sci-Fi']",4,1988.0,39,3.743589743589744,1.2715086091135728,0.5,5.0,1988
1275,Highlander (1986),Action|Adventure|Fantasy,"['Action', 'Adventure', 'Fantasy']",3,1986.0,48,3.7291666666666665,1.0363516887114312,1.5,5.0,1986
1276,Cool Hand Luke (1967),Drama,['Drama'],1,1967.0,57,4.271929824561403,0.6201250985443274,2.5,5.0,1967
1277,Cyrano de Bergerac (1990),Comedy|Drama|Romance,"['Comedy', 'Drama', 'Romance']",3,1990.0,12,4.125,0.6784005252999681,3.0,5.0,1990
1278,Young Frankenstein (1974),Comedy|Fantasy,"['Comedy', 'Fantasy']",2,1974.0,69,3.9927536231884058,0.8931633867689722,0.5,5.0,1974
1279,Night on Earth (1991),Comedy|Drama,"['Comedy', 'Drama']",2,1991.0,8,4.125,0.9543135154205276,2.0,5.0,1991
1280,Raise the Red Lantern (Da hong deng long gao gao gua) (1991),Drama,['Drama'],1,1991.0,9,4.333333333333333,0.6614378277661477,3.5,5.0,1991
1281,"Great Dictator, The (1940)",Comedy|Drama|War,"['Comedy', 'Drama', 'War']",3,1940.0,15,4.133333333333334,0.6113996432854077,3.0,5.0,1940
1282,Fantasia (1940),Animation|Children|Fantasy|Musical,"['Animation', 'Children', 'Fantasy', 'Musical']",4,1940.0,53,3.783018867924529,1.0214499214082142,1.0,5.0,1940
1283,High Noon (1952),Drama|Western,"['Drama', 'Western']",2,1952.0,19,4.2105263157894735,0.7512173356493558,3.0,5.0,1952
1284,"Big Sleep, The (1946)",Crime|Film-Noir|Mystery,"['Crime', 'Film-Noir', 'Mystery']",3,1946.0,14,4.142857142857143,0.9492622930986468,2.0,5.0,1946
1285,Heathers (1989),Comedy,['Comedy'],1,1989.0,41,3.731707317073171,1.013024931674992,1.0,5.0,1989
1286,Somewhere in Time (1980),Drama|Romance,"['Drama', 'Romance']",2,1980.0,7,3.071428571428572,1.096531327587567,2.0,5.0,1980
1287,Ben-Hur (1959),Action|Adventure|Drama,"['Action', 'Adventure', 'Drama']",3,1959.0,34,3.941176470588236,0.9905975078001624,0.5,5.0,1959
1288,This Is Spinal Tap (1984),Comedy,['Comedy'],1,1984.0,66,4.015151515151516,0.7543193415243102,2.0,5.0,1984
1289,Koyaanisqatsi (a.k.a. Koyaanisqatsi: Life Out of Balance) (1983),Documentary,['Documentary'],1,1983.0,11,3.863636363636364,0.8090398349558905,2.5,5.0,1983
1290,Some Kind of Wonderful (1987),Drama|Romance,"['Drama', 'Romance']",2,1987.0,10,3.35,1.0013879257199867,2.0,5.0,1987
1291,Indiana Jones and the Last Crusade (1989),Action|Adventure,"['Action', 'Adventure']",2,1989.0,140,4.046428571428572,0.7817533065304718,0.5,5.0,1989
1292,Being There (1979),Comedy|Drama,"['Comedy', 'Drama']",2,1979.0,20,3.95,0.8870412083230169,2.5,5.0,1979
1293,Gandhi (1982),Drama,['Drama'],1,1982.0,27,3.8333333333333335,0.9607689228305228,0.5,5.0,1982
1295,"Unbearable Lightness of Being, The (1988)",Drama,['Drama'],1,1988.0,11,3.227272727272727,1.329729979425078,1.0,5.0,1988
1296,"Room with a View, A (1986)",Drama|Romance,"['Drama', 'Romance']",2,1986.0,17,3.7058823529411766,1.118855770550484,1.0,5.0,1986
1297,Real Genius (1985),Comedy,['Comedy'],1,1985.0,20,3.675,0.8472090402579147,2.0,5.0,1985
1298,Pink Floyd: The Wall (1982),Drama|Musical,"['Drama', 'Musical']",2,1982.0,23,3.760869565217391,1.0538842141140994,1.0,5.0,1982
1299,"Killing Fields, The (1984)",Drama|War,"['Drama', 'War']",2,1984.0,28,4.017857142857143,1.0756750064851,1.0,5.0,1984
1300,My Life as a Dog (Mitt liv som hund) (1985),Comedy|Drama,"['Comedy', 'Drama']",2,1985.0,9,4.166666666666667,0.7499999999999999,3.0,5.0,1985
1301,Forbidden Planet (1956),Drama|Sci-Fi,"['Drama', 'Sci-Fi']",2,1956.0,13,3.807692307692308,0.7227972727092274,2.0,5.0,1956
1302,Field of Dreams (1989),Children|Drama|Fantasy,"['Children', 'Drama', 'Fantasy']",3,1989.0,56,3.517857142857143,1.119919987865552,0.5,5.0,1989
1303,"Man Who Would Be King, The (1975)",Adventure|Drama,"['Adventure', 'Drama']",2,1975.0,17,4.029411764705882,0.6724625508925691,3.0,5.0,1975
1304,Butch Cassidy and the Sundance Kid (1969),Action|Western,"['Action', 'Western']",2,1969.0,62,3.943548387096774,0.9281783618415148,1.0,5.0,1969
1305,"Paris, Texas (1984)",Drama|Romance,"['Drama', 'Romance']",2,1984.0,4,3.5,0.5773502691896257,3.0,4.0,1984
1306,Until the End of the World (Bis ans Ende der Welt) (1991),Adventure|Drama|Sci-Fi,"['Adventure', 'Drama', 'Sci-Fi']",3,1991.0,5,2.7,1.2041594578792296,1.0,4.0,1991
1307,When Harry Met Sally... (1989),Comedy|Romance,"['Comedy', 'Romance']",2,1989.0,85,3.8588235294117648,0.8150802060514775,1.5,5.0,1989
1310,Hype! (1996),Documentary,['Documentary'],1,1996.0,1,5.0,0.0,5.0,5.0,1996
1312,Female Perversions (1996),Drama,['Drama'],1,1996.0,2,2.5,0.7071067811865476,2.0,3.0,1996
1318,Blue Juice (1995),Comedy|Drama,"['Comedy', 'Drama']",2,1995.0,1,2.0,0.0,2.0,2.0,1995
1320,Alien³ (a.k.a. Alien 3) (1992),Action|Horror|Sci-Fi|Thriller,"['Action', 'Horror', 'Sci-Fi', 'Thriller']",4,1992.0,47,3.148936170212766,0.9435991089683604,0.5,5.0,1992
1321,"American Werewolf in London, An (1981)",Comedy|Horror|Thriller,"['Comedy', 'Horror', 'Thriller']",3,1981.0,23,3.4130434782608696,0.9126905020702089,1.0,5.0,1981
1322,Amityville 1992: It's About Time (1992),Horror,['Horror'],1,1992.0,3,1.5,0.8660254037844386,0.5,2.0,1992
1323,Amityville 3-D (1983),Horror,['Horror'],1,1983.0,3,1.6666666666666667,0.5773502691896258,1.0,2.0,1983
1324,Amityville: Dollhouse (1996),Horror,['Horror'],1,1996.0,3,1.1666666666666667,0.7637626158259734,0.5,2.0,1996
1325,Amityville: A New Generation (1993),Horror,['Horror'],1,1993.0,2,1.25,1.0606601717798212,0.5,2.0,1993
1326,Amityville II: The Possession (1982),Horror,['Horror'],1,1982.0,4,1.125,0.7500000000000001,0.5,2.0,1982
1327,"Amityville Horror, The (1979)",Drama|Horror|Mystery|Thriller,"['Drama', 'Horror', 'Mystery', 'Thriller']",4,1979.0,15,2.6333333333333333,1.2742878496672263,0.5,5.0,1979
1328,"Amityville Curse, The (1990)",Horror,['Horror'],1,1990.0,2,0.75,0.3535533905932738,0.5,1.0,1990
1329,Blood for Dracula (Andy Warhol's Dracula) (1974),Horror,['Horror'],1,1974.0,2,2.75,1.0606601717798212,2.0,3.5,1974
1330,April Fool's Day (1986),Horror,['Horror'],1,1986.0,4,1.5,0.5773502691896257,1.0,2.0,1986
1331,Audrey Rose (1977),Horror,['Horror'],1,1977.0,1,2.0,0.0,2.0,2.0,1977
1332,"Believers, The (1987)",Horror|Thriller,"['Horror', 'Thriller']",2,1987.0,3,3.6666666666666665,0.5773502691896258,3.0,4.0,1987
1333,"Birds, The (1963)",Horror|Thriller,"['Horror', 'Thriller']",2,1963.0,44,3.602272727272727,0.8039115525697956,1.0,5.0,1963
1334,"Blob, The (1958)",Horror|Sci-Fi,"['Horror', 'Sci-Fi']",2,1958.0,6,3.0,1.2649110640673518,2.0,5.0,1958
1335,Blood Beach (1981),Horror|Mystery,"['Horror', 'Mystery']",2,1981.0,1,1.0,0.0,1.0,1.0,1981
1336,Body Parts (1991),Horror|Thriller,"['Horror', 'Thriller']",2,1991.0,1,1.0,0.0,1.0,1.0,1991
1337,"Body Snatcher, The (1945)",Drama|Horror|Thriller,"['Drama', 'Horror', 'Thriller']",3,1945.0,1,4.5,0.0,4.5,4.5,1945
1339,Dracula (Bram Stoker's Dracula) (1992),Fantasy|Horror|Romance|Thriller,"['Fantasy', 'Horror', 'Romance', 'Thriller']",4,1992.0,29,3.4655172413793105,0.8857103130373326,2.0,5.0,1992
1340,"Bride of Frankenstein, The (Bride of Frankenstein) (1935)",Drama|Horror|Sci-Fi,"['Drama', 'Horror', 'Sci-Fi']",3,1935.0,3,3.1666666666666665,0.2886751345948129,3.0,3.5,1935
1341,Burnt Offerings (1976),Horror,['Horror'],1,1976.0,2,3.75,1.0606601717798212,3.0,4.5,1976
1342,Candyman (1992),Horror|Thriller,"['Horror', 'Thriller']",2,1992.0,11,2.5,1.0488088481701516,1.0,4.0,1992
1343,Cape Fear (1991),Thriller,['Thriller'],1,1991.0,25,3.78,0.6934214687571573,2.5,5.0,1991
1344,Cape Fear (1962),Crime|Drama|Thriller,"['Crime', 'Drama', 'Thriller']",3,1962.0,14,3.9642857142857135,0.5705694090550689,3.0,5.0,1962
1345,Carrie (1976),Drama|Fantasy|Horror|Thriller,"['Drama', 'Fantasy', 'Horror', 'Thriller']",4,1976.0,36,3.3472222222222223,0.9473228778619436,1.0,5.0,1976
1346,Cat People (1982),Drama|Fantasy|Horror,"['Drama', 'Fantasy', 'Horror']",3,1982.0,8,2.8125,1.19335960332883,1.0,4.0,1982
1347,"Nightmare on Elm Street, A (1984)",Horror|Thriller,"['Horror', 'Thriller']",2,1984.0,27,3.0,1.2009611535381537,0.5,5.0,1984
1348,"Nosferatu (Nosferatu, eine Symphonie des Grauens) (1922)",Horror,['Horror'],1,1922.0,16,3.53125,0.7846177413237607,2.0,5.0,1922
1349,Vampire in Venice (Nosferatu a Venezia) (Nosferatu in Venice) (1986),Horror,['Horror'],1,1986.0,1,5.0,0.0,5.0,5.0,1986
1350,"Omen, The (1976)",Horror|Mystery|Thriller,"['Horror', 'Mystery', 'Thriller']",3,1976.0,22,3.8181818181818175,0.7487363091276265,2.5,5.0,1976
1351,Blood and Wine (Blood & Wine) (1996),Crime|Drama|Thriller,"['Crime', 'Drama', 'Thriller']",3,1996.0,3,2.333333333333333,0.5773502691896258,2.0,3.0,1996
1352,Albino Alligator (1996),Crime|Thriller,"['Crime', 'Thriller']",2,1996.0,2,2.25,0.3535533905932738,2.0,2.5,1996
1353,"Mirror Has Two Faces, The (1996)",Comedy|Drama|Romance,"['Comedy', 'Drama', 'Romance']",3,1996.0,4,3.375,1.1086778913041726,2.0,4.5,1996
1354,Breaking the Waves (1996),Drama|Mystery,"['Drama', 'Mystery']",2,1996.0,7,4.071428571428571,1.0177004891982149,2.0,5.0,1996
1355,Nightwatch (1997),Horror|Thriller,"['Horror', 'Thriller']",2,1997.0,3,2.0,1.0,1.0,3.0,1997
1356,Star Trek: First Contact (1996),Action|Adventure|Sci-Fi|Thriller,"['Action', 'Adventure', 'Sci-Fi', 'Thriller']",4,1996.0,91,3.879120879120879,0.9897829709943136,0.5,5.0,1996
1357,Shine (1996),Drama|Romance,"['Drama', 'Romance']",2,1996.0,24,4.0,0.9555330859059092,0.5,5.0,1996
1358,Sling Blade (1996),Drama,['Drama'],1,1996.0,47,3.8404255319148937,1.0483236254524533,0.5,5.0,1996
1359,Jingle All the Way (1996),Children|Comedy,"['Children', 'Comedy']",2,1996.0,18,2.861111111111111,1.2579810570391277,0.5,5.0,1996
1361,Paradise Lost: The Child Murders at Robin Hood Hills (1996),Documentary,['Documentary'],1,1996.0,6,4.083333333333333,0.6645800679125629,3.0,5.0,1996
1363,"Preacher's Wife, The (1996)",Drama,['Drama'],1,1996.0,5,3.5,1.0,2.5,5.0,1996
1365,Ridicule (1996),Drama,['Drama'],1,1996.0,6,3.583333333333333,0.4915960401250875,3.0,4.0,1996
1366,"Crucible, The (1996)",Drama,['Drama'],1,1996.0,5,3.9,0.8944271909999159,2.5,5.0,1996
1367,101 Dalmatians (1996),Adventure|Children|Comedy,"['Adventure', 'Children', 'Comedy']",3,1996.0,47,3.074468085106383,0.8967254645329895,1.0,5.0,1996
1370,Die Hard 2 (1990),Action|Adventure|Thriller,"['Action', 'Adventure', 'Thriller']",3,1990.0,68,3.4044117647058822,0.8431344899941735,1.0,5.0,1990
1371,Star Trek: The Motion Picture (1979),Adventure|Sci-Fi,"['Adventure', 'Sci-Fi']",2,1979.0,45,3.0444444444444443,0.958349802230033,0.5,5.0,1979
1372,Star Trek VI: The Undiscovered Country (1991),Action|Mystery|Sci-Fi,"['Action', 'Mystery', 'Sci-Fi']",3,1991.0,42,3.345238095238096,1.1555174917046074,0.5,5.0,1991
1373,Star Trek V: The Final Frontier (1989),Action|Sci-Fi,"['Action', 'Sci-Fi']",2,1989.0,30,2.6666666666666665,1.093344547181068,0.5,5.0,1989
1374,Star Trek II: The Wrath of Khan (1982),Action|Adventure|Sci-Fi|Thriller,"['Action', 'Adventure', 'Sci-Fi', 'Thriller']",4,1982.0,62,3.766129032258065,1.039063820187191,1.0,5.0,1982
1375,Star Trek III: The Search for Spock (1984),Action|Adventure|Sci-Fi,"['Action', 'Adventure', 'Sci-Fi']",3,1984.0,42,3.261904761904762,0.7748964937811579,0.5,5.0,1984
1376,Star Trek IV: The Voyage Home (1986),Adventure|Comedy|Sci-Fi,"['Adventure', 'Comedy', 'Sci-Fi']",3,1986.0,43,3.476744186046512,1.1016950596375017,1.0,5.0,1986
1377,Batman Returns (1992),Action|Crime,"['Action', 'Crime']",2,1992.0,60,3.025,0.8802205039609223,1.0,5.0,1992
1378,Young Guns (1988),Action|Comedy|Western,"['Action', 'Comedy', 'Western']",3,1988.0,25,3.1,1.0606601717798212,0.5,5.0,1988
1379,Young Guns II (1990),Action|Western,"['Action', 'Western']",2,1990.0,11,3.0,1.3416407864998738,1.0,5.0,1990
1380,Grease (1978),Comedy|Musical|Romance,"['Comedy', 'Musical', 'Romance']",3,1978.0,68,3.139705882352941,1.1258349745036471,0.5,5.0,1978
1381,Grease 2 (1982),Comedy|Musical|Romance,"['Comedy', 'Musical', 'Romance']",3,1982.0,19,2.0789473684210527,1.0173926082384546,0.5,4.0,1982
1382,Marked for Death (1990),Action|Drama,"['Action', 'Drama']",2,1990.0,4,1.875,0.6291528696058958,1.0,2.5,1990
1385,Under Siege (1992),Action|Drama|Thriller,"['Action', 'Drama', 'Thriller']",3,1992.0,24,2.8541666666666665,1.0578810513666363,0.5,5.0,1992
1387,Jaws (1975),Action|Horror,"['Action', 'Horror']",2,1975.0,91,4.0054945054945055,0.9204301696444424,1.0,5.0,1975
1388,Jaws 2 (1978),Horror|Thriller,"['Horror', 'Thriller']",2,1978.0,17,2.617647058823529,1.008238125467917,1.0,5.0,1978
1389,Jaws 3-D (1983),Action|Horror,"['Action', 'Horror']",2,1983.0,6,1.4166666666666667,0.4915960401250875,1.0,2.0,1983
1390,My Fellow Americans (1996),Comedy,['Comedy'],1,1996.0,9,2.6666666666666665,1.0,1.0,4.0,1996
1391,Mars Attacks! (1996),Action|Comedy|Sci-Fi,"['Action', 'Comedy', 'Sci-Fi']",3,1996.0,86,3.0930232558139537,1.1795104365969125,0.5,5.0,1996
1392,Citizen Ruth (1996),Comedy|Drama,"['Comedy', 'Drama']",2,1996.0,4,4.125,0.8539125638299665,3.0,5.0,1996
1393,Jerry Maguire (1996),Drama|Romance,"['Drama', 'Romance']",2,1996.0,85,3.594117647058824,0.911220131939336,1.0,5.0,1996
1394,Raising Arizona (1987),Comedy,['Comedy'],1,1987.0,58,3.9913793103448274,0.9619578870234048,1.0,5.0,1987
1395,Tin Men (1987),Comedy|Drama,"['Comedy', 'Drama']",2,1987.0,5,3.0,0.7071067811865476,2.0,4.0,1987
1396,Sneakers (1992),Action|Comedy|Crime|Drama|Sci-Fi,"['Action', 'Comedy', 'Crime', 'Drama', 'Sci-Fi']",5,1992.0,46,3.4782608695652173,0.6579135517268919,1.5,5.0,1992
1397,Bastard Out of Carolina (1996),Drama,['Drama'],1,1996.0,2,4.0,0.0,4.0,4.0,1996
1398,In Love and War (1996),Romance|War,"['Romance', 'War']",2,1996.0,1,2.5,0.0,2.5,2.5,1996
1399,Marvin's Room (1996),Drama,['Drama'],1,1996.0,5,3.1,0.7416198487095663,2.0,4.0,1996
1401,Ghosts of Mississippi (1996),Drama,['Drama'],1,1996.0,3,3.333333333333333,1.1547005383792517,2.0,4.0,1996
1405,Beavis and Butt-Head Do America (1996),Adventure|Animation|Comedy|Crime,"['Adventure', 'Animation', 'Comedy', 'Crime']",4,1996.0,31,2.935483870967742,1.2432614064351806,0.5,5.0,1996
1406,La Cérémonie (1995),Crime|Drama|Mystery|Thriller,"['Crime', 'Drama', 'Mystery', 'Thriller']",4,1995.0,2,4.5,0.7071067811865476,4.0,5.0,1995
1407,Scream (1996),Comedy|Horror|Mystery|Thriller,"['Comedy', 'Horror', 'Mystery', 'Thriller']",4,1996.0,70,3.2,1.1960078522353836,0.5,5.0,1996
1408,"Last of the Mohicans, The (1992)",Action|Romance|War|Western,"['Action', 'Romance', 'War', 'Western']",4,1992.0,39,3.8333333333333335,0.868553950490285,2.0,5.0,1992
1409,Michael (1996),Comedy|Drama|Fantasy|Romance,"['Comedy', 'Drama', 'Fantasy', 'Romance']",4,1996.0,23,2.5,1.0975178606954217,0.5,5.0,1996
1411,Hamlet (1996),Crime|Drama|Romance,"['Crime', 'Drama', 'Romance']",3,1996.0,16,4.0,1.0165300454651267,1.5,5.0,1996
1412,Some Mother's Son (1996),Drama,['Drama'],1,1996.0,1,3.5,0.0,3.5,3.5,1996
1413,"Whole Wide World, The (1996)",Drama,['Drama'],1,1996.0,2,4.25,0.3535533905932738,4.0,4.5,1996
1414,Mother (1996),Comedy,['Comedy'],1,1996.0,8,3.0,0.9258200997725514,2.0,4.0,1996
1415,"Thieves (Voleurs, Les) (1996)",Crime|Drama|Romance,"['Crime', 'Drama', 'Romance']",3,1996.0,2,2.5,2.1213203435596424,1.0,4.0,1996
1416,Evita (1996),Drama|Musical,"['Drama', 'Musical']",2,1996.0,12,3.4166666666666665,1.1247895426040886,1.5,5.0,1996
1417,"Portrait of a Lady, The (1996)",Drama,['Drama'],1,1996.0,2,3.25,0.3535533905932738,3.0,3.5,1996
1419,Walkabout (1971),Adventure|Drama,"['Adventure', 'Drama']",2,1971.0,2,4.25,0.3535533905932738,4.0,4.5,1971
1422,Murder at 1600 (1997),Crime|Drama|Mystery|Thriller,"['Crime', 'Drama', 'Mystery', 'Thriller']",4,1997.0,4,2.75,1.2583057392117916,1.0,4.0,1997
1423,Hearts and Minds (1996),Drama,['Drama'],1,1996.0,1,4.0,0.0,4.0,4.0,1996
1425,Fierce Creatures (1997),Comedy,['Comedy'],1,1997.0,8,3.0,0.4629100498862757,2.0,3.5,1997
1426,Zeus and Roxanne (1997),Children,['Children'],1,1997.0,1,1.0,0.0,1.0,1.0,1997
1427,Turbulence (1997),Action|Thriller,"['Action', 'Thriller']",2,1997.0,1,1.0,0.0,1.0,1.0,1997
1428,Angel Baby (1995),Drama,['Drama'],1,1995.0,2,3.0,0.0,3.0,3.0,1995
1429,First Strike (Police Story 4: First Strike) (Ging chaat goo si 4: Ji gaan daan yam mo) (1996),Action|Adventure|Comedy|Thriller,"['Action', 'Adventure', 'Comedy', 'Thriller']",4,1996.0,20,3.575,0.7992595257322145,2.0,5.0,1996
1430,Underworld (1996),Comedy|Thriller,"['Comedy', 'Thriller']",2,1996.0,3,3.0,0.5,2.5,3.5,1996
1431,Beverly Hills Ninja (1997),Action|Comedy,"['Action', 'Comedy']",2,1997.0,16,2.46875,1.2037268516292778,0.5,4.0,1997
1432,Metro (1997),Action|Comedy|Crime|Drama|Thriller,"['Action', 'Comedy', 'Crime', 'Drama', 'Thriller']",5,1997.0,7,2.7142857142857144,1.2198750911856664,1.0,4.0,1997
1437,"Cement Garden, The (1993)",Drama,['Drama'],1,1993.0,2,4.25,1.0606601717798212,3.5,5.0,1993
1438,Dante's Peak (1997),Action|Thriller,"['Action', 'Thriller']",2,1997.0,24,2.625,0.9918143234365556,1.0,5.0,1997
1439,Meet Wally Sparks (1997),Comedy,['Comedy'],1,1997.0,3,2.1666666666666665,1.0408329997330663,1.0,3.0,1997
1440,Amos & Andrew (1993),Comedy,['Comedy'],1,1993.0,2,1.5,0.7071067811865476,1.0,2.0,1993
1441,Benny & Joon (1993),Comedy|Romance,"['Comedy', 'Romance']",2,1993.0,19,3.473684210526316,1.0202625507753482,1.0,5.0,1993
1442,Prefontaine (1997),Drama,['Drama'],1,1997.0,5,3.5,0.8660254037844386,2.0,4.0,1997
1445,McHale's Navy (1997),Comedy|War,"['Comedy', 'War']",2,1997.0,7,2.142857142857143,0.8997354108424375,1.0,3.0,1997
1446,Kolya (Kolja) (1996),Comedy|Drama,"['Comedy', 'Drama']",2,1996.0,7,4.428571428571429,0.4498677054212186,4.0,5.0,1996
1447,Gridlock'd (1997),Crime,['Crime'],1,1997.0,4,3.375,0.7499999999999999,2.5,4.0,1997
1449,Waiting for Guffman (1996),Comedy,['Comedy'],1,1996.0,24,3.875,0.824225591744734,2.0,5.0,1996
1453,"Beautician and the Beast, The (1997)",Comedy|Romance,"['Comedy', 'Romance']",2,1997.0,3,1.8333333333333333,1.2583057392117918,0.5,3.0,1997
1454,SubUrbia (1997),Comedy|Drama,"['Comedy', 'Drama']",2,1997.0,6,3.75,0.758287544405155,3.0,5.0,1997
1456,"Pest, The (1997)",Comedy,['Comedy'],1,1997.0,1,2.0,0.0,2.0,2.0,1997
1457,Fools Rush In (1997),Comedy|Drama|Romance,"['Comedy', 'Drama', 'Romance']",3,1997.0,12,3.083333333333333,1.0624442944398915,0.5,4.5,1997
1458,Touch (1997),Drama|Fantasy|Romance,"['Drama', 'Fantasy', 'Romance']",3,1997.0,1,4.0,0.0,4.0,4.0,1997
1459,Absolute Power (1997),Mystery|Thriller,"['Mystery', 'Thriller']",2,1997.0,12,2.6666666666666665,0.9128709291752768,1.0,4.0,1997
1460,That Darn Cat (1997),Children|Comedy|Mystery,"['Children', 'Comedy', 'Mystery']",3,1997.0,2,3.25,0.3535533905932738,3.0,3.5,1997
1461,Vegas Vacation (National Lampoon's Las Vegas Vacation) (1997),Comedy,['Comedy'],1,1997.0,8,2.3125,1.0329396331413978,1.0,4.0,1997
1464,Lost Highway (1997),Crime|Drama|Fantasy|Film-Noir|Mystery|Romance,"['Crime', 'Drama', 'Fantasy', 'Film-Noir', 'Mystery', 'Romance']",6,1997.0,17,3.264705882352941,1.238921494925419,0.5,5.0,1997
1465,Rosewood (1997),Action|Drama,"['Action', 'Drama']",2,1997.0,3,3.333333333333333,1.1547005383792517,2.0,4.0,1997
1466,Donnie Brasco (1997),Crime|Drama,"['Crime', 'Drama']",2,1997.0,52,3.740384615384616,0.7241654061365725,2.0,5.0,1997
1468,Booty Call (1997),Comedy|Romance,"['Comedy', 'Romance']",2,1997.0,5,2.6,1.816590212458495,1.0,5.0,1997
1473,Best Men (1997),Action|Comedy|Crime|Drama,"['Action', 'Comedy', 'Crime', 'Drama']",4,1997.0,1,4.0,0.0,4.0,4.0,1997
1474,Jungle2Jungle (a.k.a. Jungle 2 Jungle) (1997),Children|Comedy,"['Children', 'Comedy']",2,1997.0,11,2.136363636363636,0.8686457589520913,1.0,4.0,1997
1475,Kama Sutra: A Tale of Love (1996),Romance,['Romance'],1,1996.0,1,4.0,0.0,4.0,4.0,1996
1476,Private Parts (1997),Comedy|Drama,"['Comedy', 'Drama']",2,1997.0,26,3.5384615384615383,0.9687422456265332,1.5,5.0,1997
1477,Love Jones (1997),Romance,['Romance'],1,1997.0,1,4.0,0.0,4.0,4.0,1997
1479,"Saint, The (1997)",Action|Romance|Sci-Fi|Thriller,"['Action', 'Romance', 'Sci-Fi', 'Thriller']",4,1997.0,30,3.216666666666667,0.9347997511299644,1.0,5.0,1997
1480,Smilla's Sense of Snow (1997),Drama|Thriller,"['Drama', 'Thriller']",2,1997.0,11,3.363636363636364,0.5518563713009523,2.5,4.0,1997
1483,Crash (1996),Drama|Thriller,"['Drama', 'Thriller']",2,1996.0,11,3.090909090909091,1.513574937328539,1.0,5.0,1996
1484,"Daytrippers, The (1996)",Comedy|Drama|Mystery|Romance,"['Comedy', 'Drama', 'Mystery', 'Romance']",4,1996.0,3,3.6666666666666665,0.5773502691896258,3.0,4.0,1996
1485,Liar Liar (1997),Comedy,['Comedy'],1,1997.0,74,3.033783783783784,0.9768942998902644,0.5,5.0,1997
1487,Selena (1997),Drama|Musical,"['Drama', 'Musical']",2,1997.0,5,3.0,1.0,2.0,4.0,1997
1488,"Devil's Own, The (1997)",Action|Drama|Thriller,"['Action', 'Drama', 'Thriller']",3,1997.0,15,2.833333333333333,1.1751393027860062,1.0,5.0,1997
1489,Cats Don't Dance (1997),Animation|Children|Musical,"['Animation', 'Children', 'Musical']",3,1997.0,2,3.0,1.4142135623730951,2.0,4.0,1997
1490,B*A*P*S (1997),Comedy,['Comedy'],1,1997.0,2,1.5,0.7071067811865476,1.0,2.0,1997
1493,Love and Other Catastrophes (1996),Romance,['Romance'],1,1996.0,1,3.5,0.0,3.5,3.5,1996
1495,Turbo: A Power Rangers Movie (1997),Action|Adventure|Children,"['Action', 'Adventure', 'Children']",3,1997.0,2,2.0,0.0,2.0,2.0,1997
1496,Anna Karenina (1997),Drama|Romance,"['Drama', 'Romance']",2,1997.0,1,4.0,0.0,4.0,4.0,1997
1497,Double Team (1997),Action,['Action'],1,1997.0,3,4.0,1.0,3.0,5.0,1997
1498,Inventing the Abbotts (1997),Drama|Romance,"['Drama', 'Romance']",2,1997.0,5,3.0,0.7905694150420949,2.0,4.0,1997
1499,Anaconda (1997),Action|Adventure|Thriller,"['Action', 'Adventure', 'Thriller']",3,1997.0,27,1.9259259259259256,1.0981076704223751,0.5,5.0,1997
1500,Grosse Pointe Blank (1997),Comedy|Crime|Romance,"['Comedy', 'Crime', 'Romance']",3,1997.0,59,3.610169491525424,0.9740946132716828,2.0,5.0,1997
1502,Kissed (1996),Drama|Romance,"['Drama', 'Romance']",2,1996.0,2,2.5,0.7071067811865476,2.0,3.0,1996
1503,8 Heads in a Duffel Bag (1997),Comedy,['Comedy'],1,1997.0,4,3.0,1.6832508230603465,0.5,4.0,1997
1507,Paradise Road (1997),Drama|War,"['Drama', 'War']",2,1997.0,1,3.5,0.0,3.5,3.5,1997
1513,Romy and Michele's High School Reunion (1997),Comedy,['Comedy'],1,1997.0,29,2.9655172413793105,0.9722124481485388,0.5,4.5,1997
1514,Temptress Moon (Feng Yue) (1996),Romance,['Romance'],1,1996.0,1,3.0,0.0,3.0,3.0,1996
1515,Volcano (1997),Action|Drama|Thriller,"['Action', 'Drama', 'Thriller']",3,1997.0,15,2.1,0.6324555320336759,1.0,3.0,1997
1516,Children of the Revolution (1996),Comedy,['Comedy'],1,1996.0,1,3.0,0.0,3.0,3.0,1996
1517,Austin Powers: International Man of Mystery (1997),Action|Adventure|Comedy,"['Action', 'Adventure', 'Comedy']",3,1997.0,100,3.535,0.8911886285838546,1.0,5.0,1997
1518,Breakdown (1997),Action|Thriller,"['Action', 'Thriller']",2,1997.0,13,3.3461538461538463,1.0284416890093029,1.0,5.0,1997
1519,Broken English (1996),Drama,['Drama'],1,1996.0,1,1.0,0.0,1.0,1.0,1996
1526,Fathers' Day (1997),Comedy,['Comedy'],1,1997.0,3,1.0,0.8660254037844386,0.5,2.0,1997
1527,"Fifth Element, The (1997)",Action|Adventure|Comedy|Sci-Fi,"['Action', 'Adventure', 'Comedy', 'Sci-Fi']",4,1997.0,116,3.7456896551724137,0.9004725562657121,1.0,5.0,1997
1529,Nowhere (1997),Comedy|Drama,"['Comedy', 'Drama']",2,1997.0,3,3.333333333333333,0.7637626158259733,2.5,4.0,1997
1533,"Promise, The (La promesse) (1996)",Drama,['Drama'],1,1996.0,2,4.5,0.7071067811865476,4.0,5.0,1996
1537,Shall We Dance? (Shall We Dansu?) (1996),Comedy|Drama|Romance,"['Comedy', 'Drama', 'Romance']",3,1996.0,13,3.807692307692308,0.7227972727092276,2.0,5.0,1996
1541,Addicted to Love (1997),Comedy|Romance,"['Comedy', 'Romance']",2,1997.0,10,2.7,1.0327955589886444,1.0,4.0,1997
1542,Brassed Off (1996),Comedy|Drama|Romance,"['Comedy', 'Drama', 'Romance']",3,1996.0,7,3.7142857142857135,0.9063269671749656,2.0,4.5,1996
1544,"Lost World: Jurassic Park, The (1997)",Action|Adventure|Sci-Fi|Thriller,"['Action', 'Adventure', 'Sci-Fi', 'Thriller']",4,1997.0,67,2.753731343283582,0.9938185247133,1.0,5.0,1997
1545,Ponette (1996),Drama,['Drama'],1,1996.0,2,4.5,0.7071067811865476,4.0,5.0,1996
1546,Schizopolis (1996),Comedy,['Comedy'],1,1996.0,1,3.5,0.0,3.5,3.5,1996
1547,Shiloh (1997),Children|Drama,"['Children', 'Drama']",2,1997.0,2,3.25,0.3535533905932738,3.0,3.5,1997
1549,Rough Magic (1995),Drama|Romance,"['Drama', 'Romance']",2,1995.0,1,4.0,0.0,4.0,4.0,1995
1550,Trial and Error (1997),Comedy|Romance,"['Comedy', 'Romance']",2,1997.0,4,2.25,0.957427107756338,1.0,3.0,1997
1551,Buddy (1997),Adventure|Children|Drama,"['Adventure', 'Children', 'Drama']",3,1997.0,3,2.1666666666666665,0.7637626158259734,1.5,3.0,1997
1552,Con Air (1997),Action|Adventure|Thriller,"['Action', 'Adventure', 'Thriller']",3,1997.0,59,3.0338983050847457,1.024965965707714,0.5,5.0,1997
1554,"Pillow Book, The (1996)",Drama|Romance,"['Drama', 'Romance']",2,1996.0,5,2.4,1.140175425099138,1.0,4.0,1996
1556,Speed 2: Cruise Control (1997),Action|Romance|Thriller,"['Action', 'Romance', 'Thriller']",3,1997.0,19,1.605263157894737,0.7742190934602184,0.5,3.0,1997
1562,Batman & Robin (1997),Action|Adventure|Fantasy|Thriller,"['Action', 'Adventure', 'Fantasy', 'Thriller']",4,1997.0,42,2.2142857142857144,0.7337080660129097,0.5,4.0,1997
1564,For Roseanna (Roseanna's Grave) (1997),Comedy|Drama|Romance,"['Comedy', 'Drama', 'Romance']",3,1997.0,2,4.0,1.4142135623730951,3.0,5.0,1997
1565,Head Above Water (1996),Comedy|Thriller,"['Comedy', 'Thriller']",2,1996.0,1,4.0,0.0,4.0,4.0,1996
1566,Hercules (1997),Adventure|Animation|Children|Comedy|Musical,"['Adventure', 'Animation', 'Children', 'Comedy', 'Musical']",5,1997.0,31,3.4516129032258065,1.0356546939792677,0.5,5.0,1997
1569,My Best Friend's Wedding (1997),Comedy|Romance,"['Comedy', 'Romance']",2,1997.0,40,3.5,0.9128709291752768,1.0,5.0,1997
1571,When the Cat's Away (Chacun cherche son chat) (1996),Comedy|Romance,"['Comedy', 'Romance']",2,1996.0,2,4.5,0.7071067811865476,4.0,5.0,1996
1572,"Contempt (Mépris, Le) (1963)",Drama,['Drama'],1,1963.0,2,3.0,0.7071067811865476,2.5,3.5,1963
1573,Face/Off (1997),Action|Crime|Drama|Thriller,"['Action', 'Crime', 'Drama', 'Thriller']",4,1997.0,77,3.3701298701298703,1.043156260064534,0.5,5.0,1997
1574,Fall (1997),Romance,['Romance'],1,1997.0,1,1.0,0.0,1.0,1.0,1997
1580,Men in Black (a.k.a. MIB) (1997),Action|Comedy|Sci-Fi,"['Action', 'Comedy', 'Sci-Fi']",3,1997.0,165,3.487878787878788,0.9172325740912886,0.5,5.0,1997
1581,Out to Sea (1997),Comedy,['Comedy'],1,1997.0,3,2.1666666666666665,0.7637626158259734,1.5,3.0,1997
1582,Wild America (1997),Adventure|Children,"['Adventure', 'Children']",2,1997.0,5,2.6,0.8944271909999159,1.0,3.0,1997
1583,"Simple Wish, A (1997)",Children|Fantasy,"['Children', 'Fantasy']",2,1997.0,2,3.0,0.0,3.0,3.0,1997
1584,Contact (1997),Drama|Sci-Fi,"['Drama', 'Sci-Fi']",2,1997.0,82,3.652439024390244,1.0174072117434976,0.5,5.0,1997
1585,Love Serenade (1996),Comedy,['Comedy'],1,1996.0,1,3.0,0.0,3.0,3.0,1996
1586,G.I. Jane (1997),Action|Drama,"['Action', 'Drama']",2,1997.0,22,2.7954545454545454,0.8818148346435336,1.0,4.0,1997
1587,Conan the Barbarian (1982),Action|Adventure|Fantasy,"['Action', 'Adventure', 'Fantasy']",3,1982.0,31,3.2580645161290325,1.2238666031743783,1.0,5.0,1982
1588,George of the Jungle (1997),Children|Comedy,"['Children', 'Comedy']",2,1997.0,20,3.075,0.8626001086067755,1.0,4.5,1997
1589,Cop Land (1997),Action|Crime|Drama|Thriller,"['Action', 'Crime', 'Drama', 'Thriller']",4,1997.0,16,3.28125,0.9481341325642344,2.0,5.0,1997
1590,Event Horizon (1997),Horror|Sci-Fi|Thriller,"['Horror', 'Sci-Fi', 'Thriller']",3,1997.0,25,2.94,1.023881503560511,1.0,5.0,1997
1591,Spawn (1997),Action|Adventure|Sci-Fi|Thriller,"['Action', 'Adventure', 'Sci-Fi', 'Thriller']",4,1997.0,26,2.6346153846153846,1.1185498854113956,1.0,5.0,1997
1592,Air Bud (1997),Children|Comedy,"['Children', 'Comedy']",2,1997.0,4,2.375,0.9464847243000456,1.0,3.0,1997
1593,Picture Perfect (1997),Comedy|Romance,"['Comedy', 'Romance']",2,1997.0,6,2.833333333333333,0.983192080250175,2.0,4.0,1997
1594,In the Company of Men (1997),Comedy|Drama,"['Comedy', 'Drama']",2,1997.0,6,4.083333333333333,1.114300976696452,2.0,5.0,1997
1596,Career Girls (1997),Drama,['Drama'],1,1997.0,3,4.333333333333333,0.5773502691896258,4.0,5.0,1997
1597,Conspiracy Theory (1997),Drama|Mystery|Romance|Thriller,"['Drama', 'Mystery', 'Romance', 'Thriller']",4,1997.0,43,2.941860465116279,1.018923932424028,0.5,5.0,1997
1598,Desperate Measures (1998),Crime|Drama|Thriller,"['Crime', 'Drama', 'Thriller']",3,1998.0,4,2.5,0.5773502691896257,2.0,3.0,1998
1599,Steel (1997),Action,['Action'],1,1997.0,3,2.333333333333333,1.1547005383792517,1.0,3.0,1997
1600,She's So Lovely (1997),Drama|Romance,"['Drama', 'Romance']",2,1997.0,2,3.5,0.7071067811865476,3.0,4.0,1997
1601,Hoodlum (1997),Crime|Drama|Film-Noir,"['Crime', 'Drama', 'Film-Noir']",3,1997.0,3,2.333333333333333,0.5773502691896258,2.0,3.0,1997
1602,Leave It to Beaver (1997),Comedy,['Comedy'],1,1997.0,4,1.75,0.5,1.0,2.0,1997
1603,Mimic (1997),Horror|Sci-Fi|Thriller,"['Horror', 'Sci-Fi', 'Thriller']",3,1997.0,13,2.4615384615384617,0.8770580193070292,1.0,4.0,1997
1604,Money Talks (1997),Action|Comedy,"['Action', 'Comedy']",2,1997.0,3,3.333333333333333,0.5773502691896258,3.0,4.0,1997
1605,Excess Baggage (1997),Adventure|Romance,"['Adventure', 'Romance']",2,1997.0,4,2.75,0.957427107756338,2.0,4.0,1997
1606,Kull the Conqueror (1997),Action|Adventure,"['Action', 'Adventure']",2,1997.0,3,2.333333333333333,1.5275252316519468,1.0,4.0,1997
1608,Air Force One (1997),Action|Thriller,"['Action', 'Thriller']",2,1997.0,58,3.3448275862068964,0.7206654852855038,1.5,5.0,1997
1609,187 (One Eight Seven) (1997),Drama|Thriller,"['Drama', 'Thriller']",2,1997.0,3,2.6666666666666665,0.7637626158259733,2.0,3.5,1997
1610,"Hunt for Red October, The (1990)",Action|Adventure|Thriller,"['Action', 'Adventure', 'Thriller']",3,1990.0,90,3.8722222222222222,0.8822886197211138,0.5,5.0,1990
1611,My Own Private Idaho (1991),Drama|Romance,"['Drama', 'Romance']",2,1991.0,5,4.1,0.7416198487095663,3.0,5.0,1991
1612,"Kiss Me, Guido (1997)",Comedy,['Comedy'],1,1997.0,2,3.0,0.0,3.0,3.0,1997
1613,Star Maps (1997),Drama,['Drama'],1,1997.0,1,4.0,0.0,4.0,4.0,1997
1614,In & Out (1997),Comedy,['Comedy'],1,1997.0,26,2.7884615384615383,1.1590778828282151,0.5,4.0,1997
1615,"Edge, The (1997)",Adventure|Drama,"['Adventure', 'Drama']",2,1997.0,11,3.0,0.8660254037844387,1.5,4.0,1997
1616,"Peacemaker, The (1997)",Action|Thriller|War,"['Action', 'Thriller', 'War']",3,1997.0,20,3.025,1.1410406146191845,1.0,5.0,1997
1617,L.A. Confidential (1997),Crime|Film-Noir|Mystery|Thriller,"['Crime', 'Film-Noir', 'Mystery', 'Thriller']",4,1997.0,97,4.061855670103093,0.8299652727384985,0.5,5.0,1997
1619,Seven Years in Tibet (1997),Adventure|Drama|War,"['Adventure', 'Drama', 'War']",3,1997.0,14,3.4285714285714284,0.828741930164745,2.0,5.0,1997
1620,Kiss the Girls (1997),Crime|Drama|Mystery|Thriller,"['Crime', 'Drama', 'Mystery', 'Thriller']",4,1997.0,13,3.1153846153846154,1.227359057656013,0.5,5.0,1997
1621,Soul Food (1997),Drama,['Drama'],1,1997.0,2,3.25,1.7677669529663689,2.0,4.5,1997
1623,Wishmaster (1997),Horror,['Horror'],1,1997.0,2,2.25,0.3535533905932738,2.0,2.5,1997
1624,"Thousand Acres, A (1997)",Drama,['Drama'],1,1997.0,2,1.75,1.0606601717798212,1.0,2.5,1997
1625,"Game, The (1997)",Drama|Mystery|Thriller,"['Drama', 'Mystery', 'Thriller']",3,1997.0,77,3.701298701298701,1.0171546363952713,0.5,5.0,1997
1626,Fire Down Below (1997),Action|Drama|Thriller,"['Action', 'Drama', 'Thriller']",3,1997.0,3,2.6666666666666665,1.1547005383792517,2.0,4.0,1997
1627,U Turn (1997),Crime|Drama|Mystery,"['Crime', 'Drama', 'Mystery']",3,1997.0,7,3.357142857142857,1.3758114488755877,1.0,5.0,1997
1629,"MatchMaker, The (1997)",Comedy|Romance,"['Comedy', 'Romance']",2,1997.0,3,3.333333333333333,1.1547005383792517,2.0,4.0,1997
1631,"Assignment, The (1997)",Action|Thriller,"['Action', 'Thriller']",2,1997.0,1,5.0,0.0,5.0,5.0,1997
1633,Ulee's Gold (1997),Drama,['Drama'],1,1997.0,5,4.0,0.7071067811865476,3.0,5.0,1997
1635,"Ice Storm, The (1997)",Drama,['Drama'],1,1997.0,17,3.882352941176471,0.9105185981884494,2.0,5.0,1997
1639,Chasing Amy (1997),Comedy|Drama|Romance,"['Comedy', 'Drama', 'Romance']",3,1997.0,52,3.576923076923077,1.0953762688854485,0.5,5.0,1997
1641,"Full Monty, The (1997)",Comedy|Drama,"['Comedy', 'Drama']",2,1997.0,56,3.758928571428572,0.8474081952345337,1.0,5.0,1997
1642,Indian Summer (a.k.a. Alive & Kicking) (1996),Comedy|Drama,"['Comedy', 'Drama']",2,1996.0,2,1.75,0.3535533905932738,1.5,2.0,1996
1643,"Mrs. Brown (a.k.a. Her Majesty, Mrs. Brown) (1997)",Drama|Romance,"['Drama', 'Romance']",2,1997.0,5,3.8,0.8366600265340756,3.0,5.0,1997
1644,I Know What You Did Last Summer (1997),Horror|Mystery|Thriller,"['Horror', 'Mystery', 'Thriller']",3,1997.0,32,2.109375,0.9897407203648778,0.5,4.0,1997
1645,The Devil's Advocate (1997),Drama|Mystery|Thriller,"['Drama', 'Mystery', 'Thriller']",3,1997.0,51,3.411764705882353,0.988462858952936,1.0,5.0,1997
1646,RocketMan (a.k.a. Rocket Man) (1997),Children|Comedy|Romance|Sci-Fi,"['Children', 'Comedy', 'Romance', 'Sci-Fi']",4,1997.0,7,2.142857142857143,1.0293317295817757,1.0,3.5,1997
1647,Playing God (1997),Crime|Drama|Thriller,"['Crime', 'Drama', 'Thriller']",3,1997.0,3,2.5,0.5,2.0,3.0,1997
1648,"House of Yes, The (1997)",Comedy|Drama,"['Comedy', 'Drama']",2,1997.0,4,3.5,1.0,2.0,4.0,1997
1649,"Fast, Cheap & Out of Control (1997)",Documentary,['Documentary'],1,1997.0,3,2.5,1.3228756555322954,1.0,3.5,1997
1650,Washington Square (1997),Drama,['Drama'],1,1997.0,2,3.75,0.3535533905932738,3.5,4.0,1997
1652,Year of the Horse (1997),Documentary,['Documentary'],1,1997.0,1,4.5,0.0,4.5,4.5,1997
1653,Gattaca (1997),Drama|Sci-Fi|Thriller,"['Drama', 'Sci-Fi', 'Thriller']",3,1997.0,86,3.953488372093023,0.8066922548164498,2.0,5.0,1997
1654,FairyTale: A True Story (1997),Children|Drama|Fantasy,"['Children', 'Drama', 'Fantasy']",3,1997.0,1,3.5,0.0,3.5,3.5,1997
1655,Phantoms (1998),Drama|Horror|Thriller,"['Drama', 'Horror', 'Thriller']",3,1998.0,1,4.0,0.0,4.0,4.0,1998
1656,Swept from the Sea (1997),Drama|Romance,"['Drama', 'Romance']",2,1997.0,1,4.0,0.0,4.0,4.0,1997
1658,"Life Less Ordinary, A (1997)",Romance|Thriller,"['Romance', 'Thriller']",2,1997.0,8,3.0625,1.2374368670764582,2.0,5.0,1997
1659,Hurricane Streets (1997),Drama,['Drama'],1,1997.0,1,4.0,0.0,4.0,4.0,1997
1660,Eve's Bayou (1997),Drama,['Drama'],1,1997.0,1,3.0,0.0,3.0,3.0,1997
1661,Switchback (1997),Crime|Mystery|Thriller,"['Crime', 'Mystery', 'Thriller']",3,1997.0,1,3.0,0.0,3.0,3.0,1997
1662,Gang Related (1997),Crime,['Crime'],1,1997.0,2,3.0,0.0,3.0,3.0,1997
1663,Stripes (1981),Comedy|War,"['Comedy', 'War']",2,1981.0,34,3.794117647058824,0.8449282474361405,2.0,5.0,1981
1665,Bean (1997),Comedy,['Comedy'],1,1997.0,16,2.96875,0.9911062842433536,1.0,5.0,1997
1667,Mad City (1997),Action|Drama,"['Action', 'Drama']",2,1997.0,5,2.1,0.2236067977499789,2.0,2.5,1997
1670,Welcome to Sarajevo (1997),Drama|War,"['Drama', 'War']",2,1997.0,3,3.0,1.0,2.0,4.0,1997
1671,Deceiver (1997),Crime|Drama|Thriller,"['Crime', 'Drama', 'Thriller']",3,1997.0,1,3.0,0.0,3.0,3.0,1997
1672,"Rainmaker, The (1997)",Drama,['Drama'],1,1997.0,12,3.375,0.7723929758166559,2.0,4.5,1997
1673,Boogie Nights (1997),Drama,['Drama'],1,1997.0,39,4.076923076923077,0.7392960871352163,2.0,5.0,1997
1674,Witness (1985),Drama|Romance|Thriller,"['Drama', 'Romance', 'Thriller']",3,1985.0,40,3.65,0.818065259762795,2.0,5.0,1985
1675,Incognito (1997),Crime|Thriller,"['Crime', 'Thriller']",2,1997.0,1,3.5,0.0,3.5,3.5,1997
1676,Starship Troopers (1997),Action|Sci-Fi,"['Action', 'Sci-Fi']",2,1997.0,80,3.33125,1.093547675681011,0.5,5.0,1997
1677,Critical Care (1997),Comedy|Drama,"['Comedy', 'Drama']",2,1997.0,1,2.0,0.0,2.0,2.0,1997
1678,"Joy Luck Club, The (1993)",Drama|Romance,"['Drama', 'Romance']",2,1993.0,10,3.5,0.8498365855987975,2.0,5.0,1993
1679,Chairman of the Board (1998),Comedy,['Comedy'],1,1998.0,1,2.0,0.0,2.0,2.0,1998
1680,Sliding Doors (1998),Drama|Romance,"['Drama', 'Romance']",2,1998.0,25,3.6,0.9013878188659972,1.0,5.0,1998
1681,Mortal Kombat: Annihilation (1997),Action|Adventure|Fantasy,"['Action', 'Adventure', 'Fantasy']",3,1997.0,7,1.9285714285714288,0.9759000729485332,0.5,3.0,1997
1682,"Truman Show, The (1998)",Comedy|Drama|Sci-Fi,"['Comedy', 'Drama', 'Sci-Fi']",3,1998.0,125,3.812,0.8295548748109317,0.5,5.0,1998
1683,"Wings of the Dove, The (1997)",Drama|Romance,"['Drama', 'Romance']",2,1997.0,6,4.416666666666667,0.8010409893798611,3.0,5.0,1997
1684,Mrs. Dalloway (1997),Drama|Romance,"['Drama', 'Romance']",2,1997.0,4,3.5,1.2909944487358056,2.0,5.0,1997
1685,"I Love You, I Love You Not (1996)",Drama|Romance,"['Drama', 'Romance']",2,1996.0,1,3.0,0.0,3.0,3.0,1996
1686,Red Corner (1997),Crime|Thriller,"['Crime', 'Thriller']",2,1997.0,3,3.6666666666666665,1.1547005383792517,3.0,5.0,1997
1687,"Jackal, The (1997)",Action|Thriller,"['Action', 'Thriller']",2,1997.0,18,3.2222222222222223,1.0463131662318244,1.0,5.0,1997
1688,Anastasia (1997),Adventure|Animation|Children|Drama|Musical,"['Adventure', 'Animation', 'Children', 'Drama', 'Musical']",5,1997.0,20,3.35,0.6901563514694944,2.0,4.5,1997
1689,"Man Who Knew Too Little, The (1997)",Comedy|Crime|Thriller,"['Comedy', 'Crime', 'Thriller']",3,1997.0,7,2.2142857142857144,0.994029797388005,1.0,4.0,1997
1690,Alien: Resurrection (1997),Action|Horror|Sci-Fi,"['Action', 'Horror', 'Sci-Fi']",3,1997.0,45,2.922222222222222,0.9997474428549188,1.0,5.0,1997
1693,Amistad (1997),Drama|Mystery,"['Drama', 'Mystery']",2,1997.0,19,3.5,0.8660254037844384,1.0,5.0,1997
1694,"Apostle, The (1997)",Drama,['Drama'],1,1997.0,7,3.0,1.0,1.0,4.0,1997
1695,Artemisia (1997),Drama,['Drama'],1,1997.0,2,4.0,0.0,4.0,4.0,1997
1696,Bent (1997),Drama|War,"['Drama', 'War']",2,1997.0,2,3.5,2.1213203435596424,2.0,5.0,1997
1699,"Butcher Boy, The (1997)",Comedy|Drama,"['Comedy', 'Drama']",2,1997.0,2,4.0,1.4142135623730951,3.0,5.0,1997
1701,Deconstructing Harry (1997),Comedy|Drama,"['Comedy', 'Drama']",2,1997.0,8,3.875,0.9910312089651148,2.0,5.0,1997
1702,Flubber (1997),Children|Comedy|Fantasy,"['Children', 'Comedy', 'Fantasy']",3,1997.0,16,3.0,0.9128709291752768,1.5,5.0,1997
1703,For Richer or Poorer (1997),Comedy,['Comedy'],1,1997.0,5,2.9,0.8944271909999157,2.0,4.0,1997
1704,Good Will Hunting (1997),Drama|Romance,"['Drama', 'Romance']",2,1997.0,141,4.078014184397163,0.7775503840892666,1.0,5.0,1997
1707,Home Alone 3 (1997),Children|Comedy,"['Children', 'Comedy']",2,1997.0,8,1.875,1.1572751247156894,1.0,4.0,1997
1711,Midnight in the Garden of Good and Evil (1997),Crime|Drama|Mystery,"['Crime', 'Drama', 'Mystery']",3,1997.0,24,3.1041666666666665,1.2851929872562928,1.0,5.0,1997
1713,Mouse Hunt (1997),Children|Comedy,"['Children', 'Comedy']",2,1997.0,7,3.071428571428572,0.8864052604279182,2.5,5.0,1997
1717,Scream 2 (1997),Comedy|Horror|Mystery|Thriller,"['Comedy', 'Horror', 'Mystery', 'Thriller']",4,1997.0,31,2.919354838709677,1.0008061266927808,0.5,5.0,1997
1718,Stranger in the House (1997),Thriller,['Thriller'],1,1997.0,2,3.25,1.7677669529663689,2.0,4.5,1997
1719,"Sweet Hereafter, The (1997)",Drama,['Drama'],1,1997.0,16,4.25,0.7527726527090811,3.0,5.0,1997
1721,Titanic (1997),Drama|Romance,"['Drama', 'Romance']",2,1997.0,140,3.414285714285714,1.0524771347724904,0.5,5.0,1997
1722,Tomorrow Never Dies (1997),Action|Adventure|Thriller,"['Action', 'Adventure', 'Thriller']",3,1997.0,45,3.066666666666667,0.9977246841962696,0.5,5.0,1997
1726,"Postman, The (1997)",Action|Adventure|Drama|Sci-Fi,"['Action', 'Adventure', 'Drama', 'Sci-Fi']",4,1997.0,13,2.6923076923076925,1.1996260100975489,0.5,5.0,1997
1727,"Horse Whisperer, The (1998)",Drama|Romance,"['Drama', 'Romance']",2,1998.0,4,3.75,0.8660254037844386,3.0,5.0,1998
1729,Jackie Brown (1997),Crime|Drama|Thriller,"['Crime', 'Drama', 'Thriller']",3,1997.0,48,3.6979166666666665,0.7051450984932662,2.0,5.0,1997
1730,Kundun (1997),Drama,['Drama'],1,1997.0,4,3.25,0.957427107756338,2.0,4.0,1997
1731,Mr. Magoo (1997),Comedy,['Comedy'],1,1997.0,4,1.75,0.957427107756338,1.0,3.0,1997
1732,"Big Lebowski, The (1998)",Comedy|Crime,"['Comedy', 'Crime']",2,1998.0,106,3.924528301886793,1.137650990146737,0.5,5.0,1998
1733,Afterglow (1997),Drama|Romance,"['Drama', 'Romance']",2,1997.0,4,4.5,0.5773502691896258,4.0,5.0,1997
1734,My Life in Pink (Ma vie en rose) (1997),Comedy|Drama,"['Comedy', 'Drama']",2,1997.0,9,4.055555555555555,0.8819171036881969,3.0,5.0,1997
1735,Great Expectations (1998),Drama|Romance,"['Drama', 'Romance']",2,1998.0,11,3.3181818181818183,0.9816498172140428,2.0,5.0,1998
1739,3 Ninjas: High Noon On Mega Mountain (1998),Action|Children|Comedy,"['Action', 'Children', 'Comedy']",3,1998.0,1,4.0,0.0,4.0,4.0,1998
1746,Senseless (1998),Comedy,['Comedy'],1,1998.0,1,2.0,0.0,2.0,2.0,1998
1747,Wag the Dog (1997),Comedy,['Comedy'],1,1997.0,31,3.338709677419355,0.9520775246287594,1.0,5.0,1997
1748,Dark City (1998),Adventure|Film-Noir|Sci-Fi|Thriller,"['Adventure', 'Film-Noir', 'Sci-Fi', 'Thriller']",4,1998.0,48,3.8229166666666665,0.9592194484864296,1.0,5.0,1998
1752,Hard Rain (1998),Action|Crime|Thriller,"['Action', 'Crime', 'Thriller']",3,1998.0,4,2.5,0.5773502691896257,2.0,3.0,1998
1753,Half Baked (1998),Comedy,['Comedy'],1,1998.0,16,3.59375,0.9868932735272508,2.0,5.0,1998
1754,Fallen (1998),Crime|Drama|Fantasy|Thriller,"['Crime', 'Drama', 'Fantasy', 'Thriller']",4,1998.0,15,3.5,0.9063269671749656,2.0,5.0,1998
1755,Shooting Fish (1997),Comedy|Romance,"['Comedy', 'Romance']",2,1997.0,5,4.1,0.7416198487095662,3.0,5.0,1997
1757,Fallen Angels (Duo luo tian shi) (1995),Drama|Romance,"['Drama', 'Romance']",2,1995.0,1,2.0,0.0,2.0,2.0,1995
1759,"Four Days in September (O Que É Isso, Companheiro?) (1997)",Drama,['Drama'],1,1997.0,1,5.0,0.0,5.0,5.0,1997
1760,Spice World (1997),Comedy,['Comedy'],1,1997.0,10,1.35,0.944281031614353,0.5,3.0,1997
1762,Deep Rising (1998),Action|Horror|Sci-Fi,"['Action', 'Horror', 'Sci-Fi']",3,1998.0,5,2.3,1.095445115010332,1.0,4.0,1998
1767,Music From Another Room (1998),Drama|Romance,"['Drama', 'Romance']",2,1998.0,2,3.0,1.4142135623730951,2.0,4.0,1998
1769,"Replacement Killers, The (1998)",Action|Crime|Thriller,"['Action', 'Crime', 'Thriller']",3,1998.0,14,2.9285714285714284,0.7559289460184544,2.0,4.0,1998
1770,B. Monkey (1998),Crime|Romance|Thriller,"['Crime', 'Romance', 'Thriller']",3,1998.0,2,2.5,0.7071067811865476,2.0,3.0,1998
1771,Night Flier (1997),Horror,['Horror'],1,1997.0,1,4.0,0.0,4.0,4.0,1997
1772,Blues Brothers 2000 (1998),Action|Comedy|Musical,"['Action', 'Comedy', 'Musical']",3,1998.0,12,2.708333333333333,1.075730900224108,1.0,4.5,1998
1777,"Wedding Singer, The (1998)",Comedy|Romance,"['Comedy', 'Romance']",2,1998.0,56,3.419642857142857,0.8133923671003699,0.5,5.0,1998
1779,Sphere (1998),Sci-Fi|Thriller,"['Sci-Fi', 'Thriller']",2,1998.0,23,2.760869565217391,0.91539317456032,1.0,4.0,1998
1783,Palmetto (1998),Crime|Drama|Mystery|Romance|Thriller,"['Crime', 'Drama', 'Mystery', 'Romance', 'Thriller']",5,1998.0,5,2.8,1.095445115010332,1.0,4.0,1998
1784,As Good as It Gets (1997),Comedy|Drama|Romance,"['Comedy', 'Drama', 'Romance']",3,1997.0,96,3.6979166666666665,0.8899413542672843,0.5,5.0,1997
1785,King of New York (1990),Crime|Thriller,"['Crime', 'Thriller']",2,1990.0,5,3.9,0.7416198487095664,3.0,5.0,1990
1791,Twilight (1998),Crime|Drama|Thriller,"['Crime', 'Drama', 'Thriller']",3,1998.0,3,2.333333333333333,0.5773502691896258,2.0,3.0,1998
1792,U.S. Marshals (1998),Action|Crime|Thriller,"['Action', 'Crime', 'Thriller']",3,1998.0,23,3.0217391304347827,1.071089726204592,0.5,5.0,1998
1793,Welcome to Woop-Woop (1997),Comedy,['Comedy'],1,1997.0,2,4.0,0.0,4.0,4.0,1997
1794,Love and Death on Long Island (1997),Comedy|Drama,"['Comedy', 'Drama']",2,1997.0,1,3.0,0.0,3.0,3.0,1997
1797,Everest (1998),Documentary|IMAX,"['Documentary', 'IMAX']",2,1998.0,6,4.25,0.758287544405155,3.0,5.0,1998
1798,Hush (1998),Thriller,['Thriller'],1,1998.0,2,2.0,1.4142135623730951,1.0,3.0,1998
1799,Suicide Kings (1997),Comedy|Crime|Drama|Mystery|Thriller,"['Comedy', 'Crime', 'Drama', 'Mystery', 'Thriller']",5,1997.0,13,3.423076923076923,0.7025594235292439,2.5,4.5,1997
1801,"Man in the Iron Mask, The (1998)",Action|Adventure|Drama,"['Action', 'Adventure', 'Drama']",3,1998.0,25,3.5,0.82915619758885,2.0,5.0,1998
1804,"Newton Boys, The (1998)",Crime|Drama,"['Crime', 'Drama']",2,1998.0,3,3.0,1.7320508075688772,2.0,5.0,1998
1805,Wild Things (1998),Crime|Drama|Mystery|Thriller,"['Crime', 'Drama', 'Mystery', 'Thriller']",4,1998.0,31,3.0161290322580645,1.0366924243938986,0.5,4.0,1998
1806,Paulie (1998),Adventure|Children|Comedy,"['Adventure', 'Children', 'Comedy']",3,1998.0,8,2.3125,0.7989949043284675,1.0,3.5,1998
1807,"Cool, Dry Place, A (1998)",Drama,['Drama'],1,1998.0,1,3.0,0.0,3.0,3.0,1998
1809,Fireworks (Hana-bi) (1997),Crime|Drama,"['Crime', 'Drama']",2,1997.0,6,4.0,0.8366600265340756,3.0,5.0,1997
1810,Primary Colors (1998),Comedy|Drama,"['Comedy', 'Drama']",2,1998.0,11,3.5,0.6324555320336759,2.5,4.5,1998
1812,Wide Awake (1998),Children|Comedy|Drama,"['Children', 'Comedy', 'Drama']",3,1998.0,3,3.6666666666666665,0.5773502691896258,3.0,4.0,1998
1816,Two Girls and a Guy (1997),Comedy|Drama,"['Comedy', 'Drama']",2,1997.0,3,2.0,1.0,1.0,3.0,1997
1821,"Object of My Affection, The (1998)",Comedy|Romance,"['Comedy', 'Romance']",2,1998.0,6,2.6666666666666665,0.5163977794943222,2.0,3.0,1998
1824,Homegrown (1998),Comedy|Thriller,"['Comedy', 'Thriller']",2,1998.0,1,1.0,0.0,1.0,1.0,1998
1825,The Players Club (1998),Comedy|Drama,"['Comedy', 'Drama']",2,1998.0,1,3.5,0.0,3.5,3.5,1998
1826,Barney's Great Adventure (1998),Adventure|Children,"['Adventure', 'Children']",2,1998.0,1,2.0,0.0,2.0,2.0,1998
1827,"Big One, The (1997)",Comedy|Documentary,"['Comedy', 'Documentary']",2,1997.0,3,3.333333333333333,0.7637626158259734,2.5,4.0,1997
1829,Chinese Box (1997),Drama|Romance,"['Drama', 'Romance']",2,1997.0,2,3.25,0.3535533905932738,3.0,3.5,1997
1831,Lost in Space (1998),Action|Adventure|Sci-Fi,"['Action', 'Adventure', 'Sci-Fi']",3,1998.0,29,2.4482758620689653,1.020721274972882,0.5,4.0,1998
1833,Mercury Rising (1998),Action|Drama|Thriller,"['Action', 'Drama', 'Thriller']",3,1998.0,13,3.0,0.816496580927726,2.0,4.0,1998
1834,"Spanish Prisoner, The (1997)",Crime|Drama|Mystery|Thriller,"['Crime', 'Drama', 'Mystery', 'Thriller']",4,1997.0,11,4.0,0.6708203932499368,3.0,5.0,1997
1835,City of Angels (1998),Drama|Fantasy|Romance,"['Drama', 'Fantasy', 'Romance']",3,1998.0,17,3.3823529411764706,0.9275204136012636,2.0,5.0,1998
1836,"Last Days of Disco, The (1998)",Comedy|Drama,"['Comedy', 'Drama']",2,1998.0,3,4.5,0.5,4.0,5.0,1998
1837,"Odd Couple II, The (1998)",Comedy,['Comedy'],1,1998.0,4,2.25,0.957427107756338,1.0,3.0,1998
1839,My Giant (1998),Comedy,['Comedy'],1,1998.0,1,3.0,0.0,3.0,3.0,1998
1840,He Got Game (1998),Drama,['Drama'],1,1998.0,7,3.2142857142857144,0.809173593712687,2.0,4.0,1998
1841,"Gingerbread Man, The (1998)",Drama|Thriller,"['Drama', 'Thriller']",2,1998.0,1,3.0,0.0,3.0,3.0,1998
1844,Live Flesh (Carne trémula) (1997),Drama|Romance,"['Drama', 'Romance']",2,1997.0,4,3.875,0.6291528696058958,3.0,4.5,1997
1845,Zero Effect (1998),Comedy|Mystery|Thriller,"['Comedy', 'Mystery', 'Thriller']",3,1998.0,15,3.966666666666667,0.7432233529572067,2.5,5.0,1998
1848,"Borrowers, The (1997)",Adventure|Children|Comedy|Fantasy,"['Adventure', 'Children', 'Comedy', 'Fantasy']",4,1997.0,12,3.0416666666666665,0.6200562046860727,2.0,4.0,1997
1855,Krippendorf's Tribe (1998),Comedy,['Comedy'],1,1998.0,7,2.571428571428572,0.7867957924694431,2.0,4.0,1998
1856,Kurt & Courtney (1998),Documentary,['Documentary'],1,1998.0,3,4.0,0.0,4.0,4.0,1998
1857,"Real Blonde, The (1997)",Comedy,['Comedy'],1,1997.0,1,3.5,0.0,3.5,3.5,1997
1858,Mr. Nice Guy (Yat goh ho yan) (1997),Action|Comedy,"['Action', 'Comedy']",2,1997.0,8,2.5625,0.5629958132298016,2.0,3.5,1997
1859,Taste of Cherry (Ta'm e guilass) (1997),Drama,['Drama'],1,1997.0,3,3.6666666666666665,0.2886751345948129,3.5,4.0,1997
1860,Character (Karakter) (1997),Drama,['Drama'],1,1997.0,4,2.625,0.7500000000000001,2.0,3.5,1997
1862,Species II (1998),Horror|Sci-Fi,"['Horror', 'Sci-Fi']",2,1998.0,9,1.9444444444444444,0.982485510212633,0.5,3.0,1998
1863,Major League: Back to the Minors (1998),Comedy,['Comedy'],1,1998.0,7,2.4285714285714284,0.5345224838248488,2.0,3.0,1998
1866,"Big Hit, The (1998)",Action|Comedy|Crime,"['Action', 'Comedy', 'Crime']",3,1998.0,7,2.9285714285714284,1.5660079668957474,0.5,5.0,1998
1867,Tarzan and the Lost City (1998),Action|Adventure,"['Action', 'Adventure']",2,1998.0,1,2.0,0.0,2.0,2.0,1998
1870,"Dancer, Texas Pop. 81 (1998)",Comedy|Drama,"['Comedy', 'Drama']",2,1998.0,1,3.0,0.0,3.0,3.0,1998
1873,"Misérables, Les (1998)",Crime|Drama|Romance|War,"['Crime', 'Drama', 'Romance', 'War']",4,1998.0,10,3.75,0.8249579113843054,3.0,5.0,1998
1875,Clockwatchers (1997),Comedy,['Comedy'],1,1997.0,6,3.9166666666666665,0.6645800679125629,3.0,5.0,1997
1876,Deep Impact (1998),Drama|Sci-Fi|Thriller,"['Drama', 'Sci-Fi', 'Thriller']",3,1998.0,43,3.069767441860465,0.9035735624310024,0.5,4.5,1998
1881,Quest for Camelot (1998),Adventure|Animation|Children|Fantasy|Musical,"['Adventure', 'Animation', 'Children', 'Fantasy', 'Musical']",5,1998.0,2,2.0,1.4142135623730951,1.0,3.0,1998
1882,Godzilla (1998),Action|Sci-Fi|Thriller,"['Action', 'Sci-Fi', 'Thriller']",3,1998.0,33,1.9545454545454544,0.8419066564541572,0.5,3.5,1998
1883,Bulworth (1998),Comedy|Drama|Romance,"['Comedy', 'Drama', 'Romance']",3,1998.0,24,3.270833333333333,1.2681651129183409,0.5,5.0,1998
1884,Fear and Loathing in Las Vegas (1998),Adventure|Comedy|Drama,"['Adventure', 'Comedy', 'Drama']",3,1998.0,46,3.967391304347826,0.8459194466052471,2.0,5.0,1998
1885,"Opposite of Sex, The (1998)",Comedy|Drama|Romance,"['Comedy', 'Drama', 'Romance']",3,1998.0,12,3.125,1.1306675421666137,1.0,5.0,1998
1887,Almost Heroes (1998),Adventure|Comedy|Western,"['Adventure', 'Comedy', 'Western']",3,1998.0,2,2.0,0.7071067811865476,1.5,2.5,1998
1888,Hope Floats (1998),Comedy|Drama|Romance,"['Comedy', 'Drama', 'Romance']",3,1998.0,3,2.6666666666666665,1.1547005383792517,2.0,4.0,1998
1889,Insomnia (1997),Drama|Mystery|Thriller,"['Drama', 'Mystery', 'Thriller']",3,1997.0,8,3.75,0.6546536707079771,3.0,5.0,1997
1891,"Ugly, The (1997)",Horror|Thriller,"['Horror', 'Thriller']",2,1997.0,1,2.0,0.0,2.0,2.0,1997
1892,"Perfect Murder, A (1998)",Thriller,['Thriller'],1,1998.0,16,3.28125,0.836037279870541,2.0,4.5,1998
1893,Beyond Silence (Jenseits der Stille) (1996),Drama,['Drama'],1,1996.0,1,4.5,0.0,4.5,4.5,1996
1894,Six Days Seven Nights (1998),Adventure|Comedy|Romance,"['Adventure', 'Comedy', 'Romance']",3,1998.0,16,2.84375,0.789910332463966,1.0,4.0,1998
1895,Can't Hardly Wait (1998),Comedy|Drama|Romance,"['Comedy', 'Drama', 'Romance']",3,1998.0,15,3.333333333333333,1.0118347314702751,2.0,5.0,1998
1897,High Art (1998),Drama|Romance,"['Drama', 'Romance']",2,1998.0,2,3.5,0.7071067811865476,3.0,4.0,1998
1900,"Children of Heaven, The (Bacheha-Ye Aseman) (1997)",Comedy|Drama,"['Comedy', 'Drama']",2,1997.0,1,4.0,0.0,4.0,4.0,1997
1902,Dream for an Insomniac (1996),Drama|Romance,"['Drama', 'Romance']",2,1996.0,1,4.0,0.0,4.0,4.0,1996
1904,Henry Fool (1997),Comedy|Drama,"['Comedy', 'Drama']",2,1997.0,3,3.333333333333333,1.5275252316519463,2.0,5.0,1997
1906,Mr. Jealousy (1997),Comedy|Romance,"['Comedy', 'Romance']",2,1997.0,2,2.5,0.7071067811865476,2.0,3.0,1997
1907,Mulan (1998),Adventure|Animation|Children|Comedy|Drama|Musical|Romance,"['Adventure', 'Animation', 'Children', 'Comedy', 'Drama', 'Musical', 'Romance']",7,1998.0,45,3.566666666666667,0.7948699150289824,1.5,5.0,1998
1909,"X-Files: Fight the Future, The (1998)",Action|Crime|Mystery|Sci-Fi|Thriller,"['Action', 'Crime', 'Mystery', 'Sci-Fi', 'Thriller']",5,1998.0,42,3.4404761904761907,0.9383585886443916,1.0,5.0,1998
1910,I Went Down (1997),Comedy|Crime|Drama,"['Comedy', 'Crime', 'Drama']",3,1997.0,2,2.0,0.0,2.0,2.0,1997
1911,Dr. Dolittle (1998),Comedy,['Comedy'],1,1998.0,32,2.609375,0.8588662350316372,1.0,4.0,1998
1912,Out of Sight (1998),Comedy|Crime|Drama|Romance|Thriller,"['Comedy', 'Crime', 'Drama', 'Romance', 'Thriller']",5,1998.0,32,3.859375,1.0490731316185118,1.0,5.0,1998
1913,Picnic at Hanging Rock (1975),Drama|Mystery,"['Drama', 'Mystery']",2,1975.0,3,4.0,0.0,4.0,4.0,1975
1914,Smoke Signals (1998),Comedy|Drama,"['Comedy', 'Drama']",2,1998.0,9,3.388888888888889,1.1118053386771944,1.0,4.0,1998
1916,Buffalo '66 (a.k.a. Buffalo 66) (1998),Drama|Romance,"['Drama', 'Romance']",2,1998.0,12,3.4166666666666665,1.3789543689024488,1.0,5.0,1998
1917,Armageddon (1998),Action|Romance|Sci-Fi|Thriller,"['Action', 'Romance', 'Sci-Fi', 'Thriller']",4,1998.0,92,3.0543478260869565,1.105571608257119,0.5,5.0,1998
1918,Lethal Weapon 4 (1998),Action|Comedy|Crime|Thriller,"['Action', 'Comedy', 'Crime', 'Thriller']",4,1998.0,33,2.8484848484848486,0.9801534357312418,0.5,4.0,1998
1919,Madeline (1998),Children|Comedy,"['Children', 'Comedy']",2,1998.0,5,2.5,1.0,1.0,3.5,1998
1920,Small Soldiers (1998),Animation|Children|Fantasy|War,"['Animation', 'Children', 'Fantasy', 'War']",4,1998.0,18,2.833333333333333,0.9235481451827988,1.0,4.0,1998
1921,Pi (1998),Drama|Sci-Fi|Thriller,"['Drama', 'Sci-Fi', 'Thriller']",3,1998.0,47,3.851063829787234,0.8399980177061322,1.0,5.0,1998
1922,Whatever (1998),Drama,['Drama'],1,1998.0,2,3.5,0.7071067811865476,3.0,4.0,1998
1923,There's Something About Mary (1998),Comedy|Romance,"['Comedy', 'Romance']",2,1998.0,105,3.676190476190476,0.8715066319448229,1.0,5.0,1998
1924,Plan 9 from Outer Space (1959),Horror|Sci-Fi,"['Horror', 'Sci-Fi']",2,1959.0,8,3.1875,1.066954946163547,2.0,5.0,1959
1926,"Broadway Melody, The (1929)",Musical,['Musical'],1,1929.0,1,3.0,0.0,3.0,3.0,1929
1927,All Quiet on the Western Front (1930),Action|Drama|War,"['Action', 'Drama', 'War']",3,1930.0,10,4.35,0.6687467549246292,3.5,5.0,1930
1928,Cimarron (1931),Drama|Western,"['Drama', 'Western']",2,1931.0,1,3.5,0.0,3.5,3.5,1931
1929,Grand Hotel (1932),Drama|Romance,"['Drama', 'Romance']",2,1932.0,2,4.0,0.0,4.0,4.0,1932
1931,Mutiny on the Bounty (1935),Adventure|Drama,"['Adventure', 'Drama']",2,1935.0,6,4.166666666666667,0.408248290463863,4.0,5.0,1935
1932,"Great Ziegfeld, The (1936)",Drama|Musical,"['Drama', 'Musical']",2,1936.0,1,3.5,0.0,3.5,3.5,1936
1933,"Life of Emile Zola, The (1937)",Drama,['Drama'],1,1937.0,1,3.0,0.0,3.0,3.0,1937
1934,You Can't Take It with You (1938),Comedy|Romance,"['Comedy', 'Romance']",2,1938.0,3,3.8333333333333335,1.0408329997330663,3.0,5.0,1938
1936,Mrs. Miniver (1942),Drama|War,"['Drama', 'War']",2,1942.0,3,4.0,1.0,3.0,5.0,1942
1937,Going My Way (1944),Comedy|Drama|Musical,"['Comedy', 'Drama', 'Musical']",3,1944.0,2,3.25,0.3535533905932738,3.0,3.5,1944
1938,"Lost Weekend, The (1945)",Drama,['Drama'],1,1945.0,3,4.0,0.0,4.0,4.0,1945
1939,"Best Years of Our Lives, The (1946)",Drama|War,"['Drama', 'War']",2,1946.0,8,4.0625,0.8634441002668988,3.0,5.0,1946
1940,Gentleman's Agreement (1947),Drama,['Drama'],1,1947.0,1,4.0,0.0,4.0,4.0,1947
1941,Hamlet (1948),Drama,['Drama'],1,1948.0,2,3.5,0.7071067811865476,3.0,4.0,1948
1942,All the King's Men (1949),Drama,['Drama'],1,1949.0,4,4.25,0.6454972243679028,3.5,5.0,1949
1944,From Here to Eternity (1953),Drama|Romance|War,"['Drama', 'Romance', 'War']",3,1953.0,11,3.954545454545455,0.5680909018170179,3.0,5.0,1953
1945,On the Waterfront (1954),Crime|Drama,"['Crime', 'Drama']",2,1954.0,24,4.1875,0.953397813771538,1.0,5.0,1954
1946,Marty (1955),Drama|Romance,"['Drama', 'Romance']",2,1955.0,3,3.8333333333333335,0.2886751345948129,3.5,4.0,1955
1947,West Side Story (1961),Drama|Musical|Romance,"['Drama', 'Musical', 'Romance']",3,1961.0,34,3.602941176470588,1.2171714089885532,0.5,5.0,1961
1948,Tom Jones (1963),Adventure|Comedy|Romance,"['Adventure', 'Comedy', 'Romance']",3,1963.0,7,3.642857142857143,0.475594865605671,3.0,4.0,1963
1949,"Man for All Seasons, A (1966)",Drama,['Drama'],1,1966.0,6,4.333333333333333,0.816496580927726,3.0,5.0,1966
1950,In the Heat of the Night (1967),Drama|Mystery,"['Drama', 'Mystery']",2,1967.0,11,4.181818181818182,0.5600324665913252,3.5,5.0,1967
1951,Oliver! (1968),Drama|Musical,"['Drama', 'Musical']",2,1968.0,7,3.571428571428572,0.9759000729485332,2.0,5.0,1968
1952,Midnight Cowboy (1969),Drama,['Drama'],1,1969.0,22,3.954545454545455,1.0568269096134508,1.5,5.0,1969
1953,"French Connection, The (1971)",Action|Crime|Thriller,"['Action', 'Crime', 'Thriller']",3,1971.0,39,3.871794871794872,0.784034343349803,1.5,5.0,1971
1954,Rocky (1976),Drama,['Drama'],1,1976.0,64,3.828125,1.0166032376778775,0.5,5.0,1976
1955,Kramer vs. Kramer (1979),Drama,['Drama'],1,1979.0,14,3.892857142857143,0.6844023622158192,2.5,5.0,1979
1956,Ordinary People (1980),Drama,['Drama'],1,1980.0,12,4.0,0.8790490729915326,2.5,5.0,1980
1957,Chariots of Fire (1981),Drama,['Drama'],1,1981.0,13,4.038461538461538,0.7205766921228923,3.0,5.0,1981
1958,Terms of Endearment (1983),Comedy|Drama,"['Comedy', 'Drama']",2,1983.0,22,3.7954545454545454,0.9342566552267624,2.0,5.0,1983
1959,Out of Africa (1985),Drama|Romance,"['Drama', 'Romance']",2,1985.0,15,3.6666666666666665,0.6172133998483676,3.0,5.0,1985
1960,"Last Emperor, The (1987)",Drama,['Drama'],1,1987.0,26,3.692307692307693,0.8375789285425352,1.0,5.0,1987
1961,Rain Man (1988),Drama,['Drama'],1,1988.0,96,3.8072916666666665,0.7826062788652403,1.5,5.0,1988
1962,Driving Miss Daisy (1989),Drama,['Drama'],1,1989.0,23,3.739130434782609,0.927724062832744,1.0,5.0,1989
1963,Take the Money and Run (1969),Comedy|Crime,"['Comedy', 'Crime']",2,1969.0,11,3.363636363636364,0.9770084209183943,1.0,4.5,1969
1964,Klute (1971),Drama|Mystery,"['Drama', 'Mystery']",2,1971.0,6,4.083333333333333,0.8010409893798611,3.0,5.0,1971
1965,Repo Man (1984),Comedy|Sci-Fi,"['Comedy', 'Sci-Fi']",2,1984.0,21,3.380952380952381,0.9862145038575776,2.0,5.0,1984
1966,Metropolitan (1990),Comedy,['Comedy'],1,1990.0,8,3.625,1.0606601717798212,2.0,5.0,1990
1967,Labyrinth (1986),Adventure|Fantasy|Musical,"['Adventure', 'Fantasy', 'Musical']",3,1986.0,42,3.821428571428572,0.9488210179174004,1.0,5.0,1986
1968,"Breakfast Club, The (1985)",Comedy|Drama,"['Comedy', 'Drama']",2,1985.0,113,3.7787610619469034,0.8887643235166479,1.5,5.0,1985
1969,"Nightmare on Elm Street 2: Freddy's Revenge, A (1985)",Horror,['Horror'],1,1985.0,10,2.35,0.944281031614353,1.0,4.0,1985
1970,"Nightmare on Elm Street 3: Dream Warriors, A (1987)",Horror|Thriller,"['Horror', 'Thriller']",2,1987.0,12,2.9166666666666665,0.9731236802019037,1.0,4.0,1987
1971,"Nightmare on Elm Street 4: The Dream Master, A (1988)",Horror|Thriller,"['Horror', 'Thriller']",2,1988.0,7,2.4285714285714284,1.0177004891982149,1.0,4.0,1988
1972,"Nightmare on Elm Street 5: The Dream Child, A (1989)",Horror,['Horror'],1,1989.0,7,2.142857142857143,1.3758114488755877,0.5,4.0,1989
1973,"Freddy's Dead: The Final Nightmare (Nightmare on Elm Street Part 6: Freddy's Dead, A) (1991)",Horror,['Horror'],1,1991.0,5,2.2,0.4472135954999579,2.0,3.0,1991
1974,Friday the 13th (1980),Horror|Mystery|Thriller,"['Horror', 'Mystery', 'Thriller']",3,1980.0,16,2.875,1.27148207485071,1.0,5.0,1980
1975,Friday the 13th Part 2 (1981),Horror,['Horror'],1,1981.0,7,2.5,1.118033988749895,1.0,4.0,1981
1976,Friday the 13th Part 3: 3D (1982),Horror,['Horror'],1,1982.0,7,2.2142857142857144,1.2198750911856666,0.5,4.0,1982
1977,Friday the 13th Part IV: The Final Chapter (1984),Horror,['Horror'],1,1984.0,6,2.583333333333333,0.9174239296348592,1.5,4.0,1984
1978,Friday the 13th Part V: A New Beginning (1985),Horror,['Horror'],1,1985.0,2,2.5,0.7071067811865476,2.0,3.0,1985
1979,Friday the 13th Part VI: Jason Lives (1986),Horror,['Horror'],1,1986.0,4,3.25,1.2583057392117916,2.0,5.0,1986
1980,Friday the 13th Part VII: The New Blood (1988),Horror,['Horror'],1,1988.0,1,2.0,0.0,2.0,2.0,1988
1981,Friday the 13th Part VIII: Jason Takes Manhattan (1989),Horror,['Horror'],1,1989.0,3,2.0,1.0,1.0,3.0,1989
1982,Halloween (1978),Horror,['Horror'],1,1978.0,27,3.7222222222222223,0.99356906512808,1.5,5.0,1978
1983,Halloween II (1981),Horror,['Horror'],1,1981.0,5,2.4,0.5477225575051661,2.0,3.0,1981
1984,Halloween III: Season of the Witch (1982),Horror,['Horror'],1,1982.0,3,2.1666666666666665,0.2886751345948129,2.0,2.5,1982
1985,Halloween 4: The Return of Michael Myers (1988),Horror,['Horror'],1,1988.0,1,2.0,0.0,2.0,2.0,1988
1986,Halloween 5: The Revenge of Michael Myers (1989),Horror,['Horror'],1,1989.0,2,1.5,0.7071067811865476,1.0,2.0,1989
1987,Prom Night (1980),Horror,['Horror'],1,1980.0,2,2.5,0.7071067811865476,2.0,3.0,1980
1990,Prom Night IV: Deliver Us From Evil (1992),Horror,['Horror'],1,1992.0,1,4.0,0.0,4.0,4.0,1992
1991,Child's Play (1988),Horror|Thriller,"['Horror', 'Thriller']",2,1988.0,12,2.708333333333333,0.8106768589869638,1.5,4.0,1988
1992,Child's Play 2 (1990),Horror|Thriller,"['Horror', 'Thriller']",2,1990.0,4,2.375,0.7499999999999999,1.5,3.0,1990
1993,Child's Play 3 (1991),Comedy|Horror|Thriller,"['Comedy', 'Horror', 'Thriller']",3,1991.0,5,1.8,1.0368220676663862,0.5,3.0,1991
1994,Poltergeist (1982),Horror|Thriller,"['Horror', 'Thriller']",2,1982.0,47,3.425531914893617,0.8141327968555365,0.5,5.0,1982
1995,Poltergeist II: The Other Side (1986),Horror|Thriller,"['Horror', 'Thriller']",2,1986.0,6,1.6666666666666667,0.5163977794943223,1.0,2.0,1986
1996,Poltergeist III (1988),Horror|Thriller,"['Horror', 'Thriller']",2,1988.0,4,1.875,1.030776406404415,1.0,3.0,1988
1997,"Exorcist, The (1973)",Horror|Mystery,"['Horror', 'Mystery']",2,1973.0,53,3.80188679245283,1.0064198860006648,1.0,5.0,1973
1998,Exorcist II: The Heretic (1977),Horror,['Horror'],1,1977.0,4,1.5,0.408248290463863,1.0,2.0,1977
1999,"Exorcist III, The (1990)",Horror,['Horror'],1,1990.0,4,2.0,2.041241452319315,0.5,5.0,1990
2000,Lethal Weapon (1987),Action|Comedy|Crime|Drama,"['Action', 'Comedy', 'Crime', 'Drama']",4,1987.0,75,3.673333333333333,0.7644700219200323,1.5,5.0,1987
2001,Lethal Weapon 2 (1989),Action|Comedy|Crime|Drama,"['Action', 'Comedy', 'Crime', 'Drama']",4,1989.0,47,3.1808510638297878,0.8686917444646389,0.5,5.0,1989
2002,Lethal Weapon 3 (1992),Action|Comedy|Crime|Drama,"['Action', 'Comedy', 'Crime', 'Drama']",4,1992.0,46,2.9347826086956523,0.9809785117828578,0.5,5.0,1992
2003,Gremlins (1984),Comedy|Horror,"['Comedy', 'Horror']",2,1984.0,41,3.3780487804878048,0.920465152822732,1.0,5.0,1984
2004,Gremlins 2: The New Batch (1990),Comedy|Horror,"['Comedy', 'Horror']",2,1990.0,15,3.333333333333333,0.7480132415430957,2.0,4.5,1990
2005,"Goonies, The (1985)",Action|Adventure|Children|Comedy|Fantasy,"['Action', 'Adventure', 'Children', 'Comedy', 'Fantasy']",5,1985.0,57,3.5701754385964914,0.9084847888263304,1.5,5.0,1985
2006,"Mask of Zorro, The (1998)",Action|Comedy|Romance,"['Action', 'Comedy', 'Romance']",3,1998.0,60,3.1,1.032522006988352,0.5,5.0,1998
2007,Polish Wedding (1998),Comedy,['Comedy'],1,1998.0,2,3.5,2.1213203435596424,2.0,5.0,1998
2008,"This World, Then the Fireworks (1997)",Crime|Drama|Film-Noir,"['Crime', 'Drama', 'Film-Noir']",3,1997.0,1,3.0,0.0,3.0,3.0,1997
2009,Soylent Green (1973),Drama|Mystery|Sci-Fi|Thriller,"['Drama', 'Mystery', 'Sci-Fi', 'Thriller']",4,1973.0,19,3.473684210526316,0.5393845312155511,2.5,4.0,1973
2010,Metropolis (1927),Drama|Sci-Fi,"['Drama', 'Sci-Fi']",2,1927.0,21,3.857142857142857,0.7270291799999697,2.5,5.0,1927
2011,Back to the Future Part II (1989),Adventure|Comedy|Sci-Fi,"['Adventure', 'Comedy', 'Sci-Fi']",3,1989.0,87,3.505747126436781,1.0272288667155631,1.0,5.0,1989
2012,Back to the Future Part III (1990),Adventure|Comedy|Sci-Fi|Western,"['Adventure', 'Comedy', 'Sci-Fi', 'Western']",4,1990.0,88,3.3693181818181817,0.9206891415118382,1.0,5.0,1990
2013,"Poseidon Adventure, The (1972)",Action|Adventure|Drama,"['Action', 'Adventure', 'Drama']",3,1972.0,21,3.095238095238096,1.056161062753305,0.5,5.0,1972
2014,Freaky Friday (1977),Children|Comedy|Fantasy,"['Children', 'Comedy', 'Fantasy']",3,1977.0,8,2.625,0.7440238091428449,2.0,4.0,1977
2015,"Absent-Minded Professor, The (1961)",Children|Comedy|Fantasy,"['Children', 'Comedy', 'Fantasy']",3,1961.0,9,3.388888888888889,0.4166666666666667,3.0,4.0,1961
2016,"Apple Dumpling Gang Rides Again, The (1979)",Children|Comedy|Western,"['Children', 'Comedy', 'Western']",3,1979.0,4,2.875,0.2499999999999999,2.5,3.0,1979
2017,Babes in Toyland (1961),Children|Fantasy|Musical,"['Children', 'Fantasy', 'Musical']",3,1961.0,5,3.1,1.51657508881031,0.5,4.0,1961
2018,Bambi (1942),Animation|Children|Drama,"['Animation', 'Children', 'Drama']",3,1942.0,38,3.3684210526315788,0.9634132068392958,0.5,5.0,1942
2019,Seven Samurai (Shichinin no samurai) (1954),Action|Adventure|Drama,"['Action', 'Adventure', 'Drama']",3,1954.0,48,4.1875,0.7553004193062884,2.0,5.0,1954
2020,Dangerous Liaisons (1988),Drama|Romance,"['Drama', 'Romance']",2,1988.0,25,4.0,0.9464847243000456,1.0,5.0,1988
2021,Dune (1984),Adventure|Sci-Fi,"['Adventure', 'Sci-Fi']",2,1984.0,37,3.4324324324324325,1.0217235041433268,1.0,5.0,1984
2022,"Last Temptation of Christ, The (1988)",Drama,['Drama'],1,1988.0,8,3.6875,0.6512350903146595,3.0,5.0,1988
2023,"Godfather: Part III, The (1990)",Crime|Drama|Mystery|Thriller,"['Crime', 'Drama', 'Mystery', 'Thriller']",4,1990.0,45,3.355555555555556,0.9978512267402744,1.0,5.0,1990
2024,"Rapture, The (1991)",Drama|Mystery,"['Drama', 'Mystery']",2,1991.0,3,3.333333333333333,0.5773502691896258,3.0,4.0,1991
2025,Lolita (1997),Drama|Romance,"['Drama', 'Romance']",2,1997.0,7,3.928571428571429,0.6725927091345493,3.0,5.0,1997
2026,Disturbing Behavior (1998),Horror|Thriller,"['Horror', 'Thriller']",2,1998.0,3,2.0,0.0,2.0,2.0,1998
2027,Jane Austen's Mafia! (1998),Comedy|Crime,"['Comedy', 'Crime']",2,1998.0,9,1.8333333333333333,0.7905694150420949,1.0,3.0,1998
2028,Saving Private Ryan (1998),Action|Drama|War,"['Action', 'Drama', 'War']",3,1998.0,188,4.1462765957446805,0.8117696836802665,0.5,5.0,1998
2032,"Barefoot Executive, The (1971)",Children|Comedy,"['Children', 'Comedy']",2,1971.0,1,2.0,0.0,2.0,2.0,1971
2033,"Black Cauldron, The (1985)",Adventure|Animation|Children|Fantasy,"['Adventure', 'Animation', 'Children', 'Fantasy']",4,1985.0,8,3.75,0.7559289460184544,3.0,5.0,1985
2034,"Black Hole, The (1979)",Children|Sci-Fi,"['Children', 'Sci-Fi']",2,1979.0,9,2.611111111111111,1.1666666666666667,1.0,4.0,1979
2035,Blackbeard's Ghost (1968),Children|Comedy,"['Children', 'Comedy']",2,1968.0,3,3.6666666666666665,1.1547005383792517,3.0,5.0,1968
2036,Blank Check (1994),Children|Comedy,"['Children', 'Comedy']",2,1994.0,6,2.25,1.036822067666386,0.5,3.5,1994
2037,Candleshoe (1977),Adventure|Children|Comedy,"['Adventure', 'Children', 'Comedy']",3,1977.0,1,4.0,0.0,4.0,4.0,1977
2038,"Cat from Outer Space, The (1978)",Children|Comedy|Sci-Fi,"['Children', 'Comedy', 'Sci-Fi']",3,1978.0,3,2.333333333333333,1.1547005383792517,1.0,3.0,1978
2040,"Computer Wore Tennis Shoes, The (1969)",Children|Comedy,"['Children', 'Comedy']",2,1969.0,7,2.857142857142857,0.6900655593423541,2.0,4.0,1969
2041,Condorman (1981),Action|Adventure|Children|Comedy,"['Action', 'Adventure', 'Children', 'Comedy']",4,1981.0,3,3.333333333333333,1.1547005383792517,2.0,4.0,1981
2042,D2: The Mighty Ducks (1994),Children|Comedy,"['Children', 'Comedy']",2,1994.0,6,2.583333333333333,0.7359800721939872,1.5,3.5,1994
2043,Darby O'Gill and the Little People (1959),Adventure|Children|Fantasy,"['Adventure', 'Children', 'Fantasy']",3,1959.0,4,2.75,0.5,2.0,3.0,1959
2044,"Devil and Max Devlin, The (1981)",Comedy|Fantasy,"['Comedy', 'Fantasy']",2,1981.0,2,2.5,0.7071067811865476,2.0,3.0,1981
2046,Flight of the Navigator (1986),Adventure|Children|Sci-Fi,"['Adventure', 'Children', 'Sci-Fi']",3,1986.0,24,3.208333333333333,0.832970935693524,0.5,4.0,1986
2048,"Great Mouse Detective, The (1986)",Action|Animation|Children|Crime,"['Action', 'Animation', 'Children', 'Crime']",4,1986.0,8,3.5625,0.6781013409302689,3.0,5.0,1986
2050,Herbie Goes Bananas (1980),Adventure|Children|Comedy,"['Adventure', 'Children', 'Comedy']",3,1980.0,4,2.875,1.547847968417226,1.5,5.0,1980
2051,Herbie Goes to Monte Carlo (1977),Adventure|Children|Comedy,"['Adventure', 'Children', 'Comedy']",3,1977.0,3,2.333333333333333,1.5275252316519463,1.0,4.0,1977
2052,Hocus Pocus (1993),Children|Comedy|Fantasy|Horror,"['Children', 'Comedy', 'Fantasy', 'Horror']",4,1993.0,23,2.760869565217391,1.0752332222422438,0.5,5.0,1993
2053,"Honey, I Blew Up the Kid (1992)",Children|Comedy|Sci-Fi,"['Children', 'Comedy', 'Sci-Fi']",3,1992.0,20,2.05,0.8870412083230169,0.5,3.5,1992
2054,"Honey, I Shrunk the Kids (1989)",Adventure|Children|Comedy|Fantasy|Sci-Fi,"['Adventure', 'Children', 'Comedy', 'Fantasy', 'Sci-Fi']",5,1989.0,68,2.7573529411764706,0.8914713942172446,0.5,4.0,1989
2055,Hot Lead and Cold Feet (1978),Action|Comedy|Western,"['Action', 'Comedy', 'Western']",3,1978.0,1,3.0,0.0,3.0,3.0,1978
2056,In Search of the Castaways (1962),Adventure|Children,"['Adventure', 'Children']",2,1962.0,1,3.0,0.0,3.0,3.0,1962
2057,"Incredible Journey, The (1963)",Adventure|Children,"['Adventure', 'Children']",2,1963.0,4,3.375,0.75,2.5,4.0,1963
2058,"Negotiator, The (1998)",Action|Crime|Drama|Mystery|Thriller,"['Action', 'Crime', 'Drama', 'Mystery', 'Thriller']",5,1998.0,30,3.35,1.08397416943394,0.5,5.0,1998
2059,"Parent Trap, The (1998)",Children|Comedy|Romance,"['Children', 'Comedy', 'Romance']",3,1998.0,15,3.0,0.7559289460184544,1.5,4.5,1998
2060,BASEketball (1998),Comedy,['Comedy'],1,1998.0,14,3.071428571428572,0.8516306272526403,1.5,4.0,1998
2064,Roger & Me (1989),Documentary,['Documentary'],1,1989.0,31,3.838709677419355,1.051880037315675,1.0,5.0,1989
2065,"Purple Rose of Cairo, The (1985)",Comedy|Drama|Fantasy|Romance,"['Comedy', 'Drama', 'Fantasy', 'Romance']",4,1985.0,13,3.730769230769231,0.9919548170024476,2.0,5.0,1985
2066,Out of the Past (1947),Film-Noir,['Film-Noir'],1,1947.0,4,4.125,0.6291528696058958,3.5,5.0,1947
2067,Doctor Zhivago (1965),Drama|Romance|War,"['Drama', 'Romance', 'War']",3,1965.0,21,4.142857142857143,0.7096276689725596,3.0,5.0,1965
2068,Fanny and Alexander (Fanny och Alexander) (1982),Drama|Fantasy|Mystery,"['Drama', 'Fantasy', 'Mystery']",3,1982.0,2,2.75,3.181980515339464,0.5,5.0,1982
2069,"Trip to Bountiful, The (1985)",Drama,['Drama'],1,1985.0,2,4.25,1.0606601717798212,3.5,5.0,1985
2070,Tender Mercies (1983),Drama|Romance|Western,"['Drama', 'Romance', 'Western']",3,1983.0,5,3.4,1.3416407864998738,1.0,4.0,1983
2071,And the Band Played On (1993),Drama,['Drama'],1,1993.0,2,3.25,0.3535533905932738,3.0,3.5,1993
2072,"'burbs, The (1989)",Comedy,['Comedy'],1,1989.0,17,3.176470588235294,1.2366938848016849,1.0,5.0,1989
2073,Fandango (1985),Comedy,['Comedy'],1,1985.0,5,3.6,0.8944271909999159,3.0,5.0,1985
2074,"Night Porter, The (Portiere di notte, Il) (1974)",Crime|Drama|Romance,"['Crime', 'Drama', 'Romance']",3,1974.0,3,3.6666666666666665,0.5773502691896258,3.0,4.0,1974
2075,Mephisto (1981),Drama|War,"['Drama', 'War']",2,1981.0,1,5.0,0.0,5.0,5.0,1981
2076,Blue Velvet (1986),Drama|Mystery|Thriller,"['Drama', 'Mystery', 'Thriller']",3,1986.0,46,3.945652173913044,0.889620773573182,1.0,5.0,1986
2077,"Journey of Natty Gann, The (1985)",Adventure|Children,"['Adventure', 'Children']",2,1985.0,5,3.4,0.6519202405202649,2.5,4.0,1985
2078,"Jungle Book, The (1967)",Animation|Children|Comedy|Musical,"['Animation', 'Children', 'Comedy', 'Musical']",4,1967.0,53,3.830188679245283,0.854532014447399,2.0,5.0,1967
2080,Lady and the Tramp (1955),Animation|Children|Comedy|Romance,"['Animation', 'Children', 'Comedy', 'Romance']",4,1955.0,55,3.4,0.9784719757905218,0.5,5.0,1955
2081,"Little Mermaid, The (1989)",Animation|Children|Comedy|Musical|Romance,"['Animation', 'Children', 'Comedy', 'Musical', 'Romance']",5,1989.0,67,3.425373134328358,1.0739820103992617,0.5,5.0,1989
2082,"Mighty Ducks, The (1992)",Children|Comedy,"['Children', 'Comedy']",2,1992.0,26,2.6538461538461537,0.93561990967733,1.0,4.0,1992
2083,"Muppet Christmas Carol, The (1992)",Children|Comedy|Musical,"['Children', 'Comedy', 'Musical']",3,1992.0,19,3.736842105263158,0.8558365149670101,2.5,5.0,1992
2084,Newsies (1992),Children|Musical,"['Children', 'Musical']",2,1992.0,5,2.7,1.2549900398011131,1.5,4.5,1992
2085,101 Dalmatians (One Hundred and One Dalmatians) (1961),Adventure|Animation|Children,"['Adventure', 'Animation', 'Children']",3,1961.0,44,3.4318181818181817,0.751671850493634,1.5,5.0,1961
2087,Peter Pan (1953),Animation|Children|Fantasy|Musical,"['Animation', 'Children', 'Fantasy', 'Musical']",4,1953.0,41,3.573170731707317,0.7463324963593312,2.0,5.0,1953
2088,Popeye (1980),Adventure|Comedy|Musical,"['Adventure', 'Comedy', 'Musical']",3,1980.0,18,2.5,0.9548637106322309,1.0,4.0,1980
2089,"Rescuers Down Under, The (1990)",Adventure|Animation|Children,"['Adventure', 'Animation', 'Children']",3,1990.0,10,3.5,0.5773502691896258,3.0,4.5,1990
2090,"Rescuers, The (1977)",Adventure|Animation|Children|Crime|Drama,"['Adventure', 'Animation', 'Children', 'Crime', 'Drama']",5,1977.0,13,3.1923076923076925,1.1094003924504583,0.5,5.0,1977
2091,Return from Witch Mountain (1978),Children|Sci-Fi,"['Children', 'Sci-Fi']",2,1978.0,4,2.25,0.957427107756338,1.0,3.0,1978
2092,"Return of Jafar, The (1994)",Adventure|Animation|Children|Fantasy|Musical|Romance,"['Adventure', 'Animation', 'Children', 'Fantasy', 'Musical', 'Romance']",6,1994.0,6,2.4166666666666665,1.0206207261596576,1.0,4.0,1994
2093,Return to Oz (1985),Adventure|Children|Fantasy,"['Adventure', 'Children', 'Fantasy']",3,1985.0,6,3.0,0.7071067811865476,2.0,4.0,1985
2094,"Rocketeer, The (1991)",Action|Adventure|Sci-Fi,"['Action', 'Adventure', 'Sci-Fi']",3,1991.0,39,3.2564102564102564,0.8100665573028298,1.5,5.0,1991
2095,"Shaggy D.A., The (1976)",Children|Comedy,"['Children', 'Comedy']",2,1976.0,3,2.833333333333333,0.7637626158259733,2.0,3.5,1976
2096,Sleeping Beauty (1959),Animation|Children|Musical,"['Animation', 'Children', 'Musical']",3,1959.0,22,3.409090909090909,0.6480072684109491,2.0,4.0,1959
2097,Something Wicked This Way Comes (1983),Children|Drama|Fantasy|Mystery|Thriller,"['Children', 'Drama', 'Fantasy', 'Mystery', 'Thriller']",5,1983.0,10,2.9,0.9067647005823628,2.0,5.0,1983
2098,Son of Flubber (1963),Children|Comedy,"['Children', 'Comedy']",2,1963.0,2,2.5,0.7071067811865476,2.0,3.0,1963
2099,Song of the South (1946),Adventure|Animation|Children|Musical,"['Adventure', 'Animation', 'Children', 'Musical']",4,1946.0,6,3.4166666666666665,0.664580067912563,2.5,4.0,1946
2100,Splash (1984),Comedy|Fantasy|Romance,"['Comedy', 'Fantasy', 'Romance']",3,1984.0,51,3.117647058823529,0.972564832256018,0.5,5.0,1984
2102,Steamboat Willie (1928),Animation|Children|Comedy|Musical,"['Animation', 'Children', 'Comedy', 'Musical']",4,1928.0,3,2.333333333333333,1.5275252316519468,1.0,4.0,1928
2103,Tall Tale (1995),Adventure|Children|Fantasy|Western,"['Adventure', 'Children', 'Fantasy', 'Western']",4,1995.0,3,2.5,1.3228756555322954,1.5,4.0,1995
2104,Tex (1982),Drama,['Drama'],1,1982.0,1,4.0,0.0,4.0,4.0,1982
2105,Tron (1982),Action|Adventure|Sci-Fi,"['Action', 'Adventure', 'Sci-Fi']",3,1982.0,50,3.34,0.6809357307321704,2.0,5.0,1982
2106,Swing Kids (1993),Drama|War,"['Drama', 'War']",2,1993.0,5,3.7,0.9746794344808964,3.0,5.0,1993
2107,Halloween H20: 20 Years Later (Halloween 7: The Revenge of Laurie Strode) (1998),Horror|Thriller,"['Horror', 'Thriller']",2,1998.0,3,3.0,0.5,2.5,3.5,1998
2108,L.A. Story (1991),Comedy|Romance,"['Comedy', 'Romance']",2,1991.0,24,3.4791666666666665,0.8782290315652618,2.0,5.0,1991
2109,"Jerk, The (1979)",Comedy,['Comedy'],1,1979.0,27,3.3703703703703702,0.8273287946596166,1.5,5.0,1979
2110,Dead Men Don't Wear Plaid (1982),Comedy|Crime|Thriller,"['Comedy', 'Crime', 'Thriller']",3,1982.0,18,3.305555555555556,1.016610413101373,2.0,5.0,1982
2111,"Man with Two Brains, The (1983)",Comedy,['Comedy'],1,1983.0,10,3.25,0.6346477588219923,2.0,4.0,1983
2112,Grand Canyon (1991),Crime|Drama,"['Crime', 'Drama']",2,1991.0,8,3.1875,0.8425090080061035,2.0,4.0,1991
2114,"Outsiders, The (1983)",Drama,['Drama'],1,1983.0,16,3.71875,0.682367203197809,3.0,5.0,1983
2115,Indiana Jones and the Temple of Doom (1984),Action|Adventure|Fantasy,"['Action', 'Adventure', 'Fantasy']",3,1984.0,108,3.638888888888889,0.8505999348819535,1.0,5.0,1984
2116,"Lord of the Rings, The (1978)",Adventure|Animation|Children|Fantasy,"['Adventure', 'Animation', 'Children', 'Fantasy']",4,1978.0,15,3.1333333333333333,1.1567606658662104,1.5,5.0,1978
2117,1984 (Nineteen Eighty-Four) (1984),Drama|Sci-Fi,"['Drama', 'Sci-Fi']",2,1984.0,14,3.7142857142857135,0.8483986208028745,2.0,5.0,1984
2118,"Dead Zone, The (1983)",Thriller,['Thriller'],1,1983.0,15,3.733333333333333,0.8837151016885368,2.0,5.0,1983
2119,Maximum Overdrive (1986),Horror,['Horror'],1,1986.0,3,1.3333333333333333,0.5773502691896258,1.0,2.0,1986
2120,Needful Things (1993),Drama|Horror,"['Drama', 'Horror']",2,1993.0,4,2.0,0.0,2.0,2.0,1993
2121,Cujo (1983),Horror|Thriller,"['Horror', 'Thriller']",2,1983.0,7,2.2142857142857144,0.3933978962347215,2.0,3.0,1983
2122,Children of the Corn (1984),Horror|Thriller,"['Horror', 'Thriller']",2,1984.0,11,2.4545454545454546,1.1716344450071756,1.0,4.0,1984
2123,All Dogs Go to Heaven (1989),Animation|Children|Comedy|Drama|Fantasy,"['Animation', 'Children', 'Comedy', 'Drama', 'Fantasy']",5,1989.0,15,2.7,0.9219544457292886,0.5,4.5,1989
2124,"Addams Family, The (1991)",Children|Comedy|Fantasy,"['Children', 'Comedy', 'Fantasy']",3,1991.0,38,3.289473684210526,0.8976815403791097,1.0,5.0,1991
2125,Ever After: A Cinderella Story (1998),Comedy|Drama|Romance,"['Comedy', 'Drama', 'Romance']",3,1998.0,21,3.619047619047619,0.8500700251267819,2.0,5.0,1998
2126,Snake Eyes (1998),Action|Crime|Mystery|Thriller,"['Action', 'Crime', 'Mystery', 'Thriller']",4,1998.0,15,2.7666666666666666,0.9795528620364546,1.0,5.0,1998
2130,Atlantic City (1980),Crime|Drama|Romance,"['Crime', 'Drama', 'Romance']",3,1980.0,8,3.6875,0.7039429765866794,3.0,5.0,1980
2131,Autumn Sonata (Höstsonaten) (1978),Drama,['Drama'],1,1978.0,4,4.625,0.4787135538781689,4.0,5.0,1978
2132,Who's Afraid of Virginia Woolf? (1966),Drama,['Drama'],1,1966.0,7,4.142857142857143,0.7480132415430957,3.0,5.0,1966
2133,Adventures in Babysitting (1987),Adventure|Comedy,"['Adventure', 'Comedy']",2,1987.0,20,3.325,0.9904145862372884,1.0,5.0,1987
2134,Weird Science (1985),Comedy|Fantasy|Sci-Fi,"['Comedy', 'Fantasy', 'Sci-Fi']",3,1985.0,22,3.113636363636364,0.8581793876992511,1.0,5.0,1985
2135,Doctor Dolittle (1967),Adventure|Children|Musical,"['Adventure', 'Children', 'Musical']",3,1967.0,11,3.772727272727273,1.0808246010254476,1.5,5.0,1967
2136,"Nutty Professor, The (1963)",Comedy|Sci-Fi,"['Comedy', 'Sci-Fi']",2,1963.0,14,2.4642857142857144,1.1513250846522238,0.5,5.0,1963
2137,Charlotte's Web (1973),Animation|Children,"['Animation', 'Children']",2,1973.0,21,3.5476190476190474,0.9862145038575776,1.0,5.0,1973
2138,Watership Down (1978),Adventure|Animation|Children|Drama|Fantasy,"['Adventure', 'Animation', 'Children', 'Drama', 'Fantasy']",5,1978.0,10,4.05,0.5502524673073059,3.0,5.0,1978
2139,"Secret of NIMH, The (1982)",Adventure|Animation|Children|Drama,"['Adventure', 'Animation', 'Children', 'Drama']",4,1982.0,21,3.4761904761904763,0.7327378534679111,1.5,5.0,1982
2140,"Dark Crystal, The (1982)",Adventure|Fantasy,"['Adventure', 'Fantasy']",2,1982.0,34,3.544117647058824,0.8199006504747034,1.5,5.0,1982
2141,"American Tail, An (1986)",Adventure|Animation|Children|Comedy,"['Adventure', 'Animation', 'Children', 'Comedy']",4,1986.0,18,3.1666666666666665,1.2602520756252087,1.5,5.0,1986
2142,"American Tail: Fievel Goes West, An (1991)",Adventure|Animation|Children|Musical|Western,"['Adventure', 'Animation', 'Children', 'Musical', 'Western']",5,1991.0,10,2.7,0.7888106377466155,1.0,3.5,1991
2143,Legend (1985),Adventure|Fantasy|Romance,"['Adventure', 'Fantasy', 'Romance']",3,1985.0,13,3.076923076923077,0.75955452531275,2.0,4.0,1985
2144,Sixteen Candles (1984),Comedy|Romance,"['Comedy', 'Romance']",2,1984.0,49,3.6020408163265305,0.8476658628056143,1.5,5.0,1984
2145,Pretty in Pink (1986),Comedy|Drama|Romance,"['Comedy', 'Drama', 'Romance']",3,1986.0,33,3.242424242424242,0.801572791076356,2.0,5.0,1986
2146,St. Elmo's Fire (1985),Drama|Romance,"['Drama', 'Romance']",2,1985.0,16,3.21875,1.0160175523418218,0.5,4.5,1985
2147,"Clan of the Cave Bear, The (1986)",Adventure|Drama|Fantasy,"['Adventure', 'Drama', 'Fantasy']",3,1986.0,3,2.6666666666666665,0.5773502691896258,2.0,3.0,1986
2148,House (1986),Comedy|Fantasy|Horror,"['Comedy', 'Fantasy', 'Horror']",3,1986.0,9,3.055555555555556,1.1843892002959913,2.0,5.0,1986
2149,House II: The Second Story (1987),Comedy|Fantasy|Horror,"['Comedy', 'Fantasy', 'Horror']",3,1987.0,4,1.75,1.5,1.0,4.0,1987
2150,"Gods Must Be Crazy, The (1980)",Adventure|Comedy,"['Adventure', 'Comedy']",2,1980.0,28,3.892857142857143,0.9463100155354192,2.0,5.0,1980
2151,"Gods Must Be Crazy II, The (1989)",Comedy,['Comedy'],1,1989.0,6,3.75,0.9874208829065748,3.0,5.0,1989
2152,Air Bud: Golden Receiver (1998),Children|Comedy,"['Children', 'Comedy']",2,1998.0,3,2.0,0.0,2.0,2.0,1998
2153,"Avengers, The (1998)",Action|Adventure,"['Action', 'Adventure']",2,1998.0,11,2.3181818181818183,0.8447700063546075,1.0,4.0,1998
2154,How Stella Got Her Groove Back (1998),Drama|Romance,"['Drama', 'Romance']",2,1998.0,2,1.75,0.3535533905932738,1.5,2.0,1998
2155,"Slums of Beverly Hills, The (1998)",Comedy|Drama,"['Comedy', 'Drama']",2,1998.0,8,3.625,0.7440238091428449,3.0,5.0,1998
2156,"Best Man, The (Testimone dello sposo, Il) (1998)",Comedy|Drama|Romance,"['Comedy', 'Drama', 'Romance']",3,1998.0,1,4.0,0.0,4.0,4.0,1998
2159,Henry: Portrait of a Serial Killer (1986),Crime|Horror|Thriller,"['Crime', 'Horror', 'Thriller']",3,1986.0,7,3.928571428571429,0.8864052604279183,2.5,5.0,1986
2160,Rosemary's Baby (1968),Drama|Horror|Thriller,"['Drama', 'Horror', 'Thriller']",3,1968.0,32,4.171875,0.7252293852915245,2.0,5.0,1968
2161,"NeverEnding Story, The (1984)",Adventure|Children|Fantasy,"['Adventure', 'Children', 'Fantasy']",3,1984.0,43,3.581395348837209,0.9444715866944275,1.5,5.0,1984
2162,"NeverEnding Story II: The Next Chapter, The (1990)",Adventure|Children|Fantasy,"['Adventure', 'Children', 'Fantasy']",3,1990.0,8,2.5,0.9258200997725514,1.0,3.5,1990
2163,Attack of the Killer Tomatoes! (1978),Comedy|Horror,"['Comedy', 'Horror']",2,1978.0,5,2.2,0.758287544405155,1.0,3.0,1978
2164,Surf Nazis Must Die (1987),Action|Comedy|Drama|Horror,"['Action', 'Comedy', 'Drama', 'Horror']",4,1987.0,1,1.0,0.0,1.0,1.0,1987
2165,Your Friends and Neighbors (1998),Comedy|Drama,"['Comedy', 'Drama']",2,1998.0,2,3.5,0.7071067811865476,3.0,4.0,1998
2166,Return to Paradise (1998),Crime|Drama|Romance|Thriller,"['Crime', 'Drama', 'Romance', 'Thriller']",4,1998.0,4,2.5,1.0,1.0,3.0,1998
2167,Blade (1998),Action|Horror|Thriller,"['Action', 'Horror', 'Thriller']",3,1998.0,58,3.362068965517241,0.935616428042749,1.0,5.0,1998
2169,Dead Man on Campus (1998),Comedy,['Comedy'],1,1998.0,7,2.2857142857142856,0.9063269671749656,1.5,4.0,1998
2170,Wrongfully Accused (1998),Action|Comedy,"['Action', 'Comedy']",2,1998.0,5,2.4,1.08397416943394,1.0,3.5,1998
2171,Next Stop Wonderland (1998),Comedy|Drama|Romance,"['Comedy', 'Drama', 'Romance']",3,1998.0,8,3.3125,0.9613049166924836,2.0,5.0,1998
2172,"Strike! (a.k.a. All I Wanna Do, The Hairy Bird) (1998)",Comedy|Drama,"['Comedy', 'Drama']",2,1998.0,1,3.0,0.0,3.0,3.0,1998
2174,Beetlejuice (1988),Comedy|Fantasy,"['Comedy', 'Fantasy']",2,1988.0,91,3.4725274725274726,0.9078749221323792,0.5,5.0,1988
2175,Déjà Vu (1997),Drama|Romance,"['Drama', 'Romance']",2,1997.0,1,4.5,0.0,4.5,4.5,1997
2176,Rope (1948),Crime|Drama|Thriller,"['Crime', 'Drama', 'Thriller']",3,1948.0,10,3.9,0.5163977794943223,3.5,5.0,1948
2177,Family Plot (1976),Comedy|Thriller,"['Comedy', 'Thriller']",2,1976.0,3,3.1666666666666665,0.2886751345948129,3.0,3.5,1976
2178,Frenzy (1972),Thriller,['Thriller'],1,1972.0,2,3.5,0.7071067811865476,3.0,4.0,1972
2179,Topaz (1969),Thriller,['Thriller'],1,1969.0,1,3.0,0.0,3.0,3.0,1969
2180,Torn Curtain (1966),Thriller,['Thriller'],1,1966.0,1,3.5,0.0,3.5,3.5,1966
2181,Marnie (1964),Drama|Mystery|Romance|Thriller,"['Drama', 'Mystery', 'Romance', 'Thriller']",4,1964.0,4,3.625,0.6291528696058958,3.0,4.5,1964
2182,"Wrong Man, The (1956)",Drama|Film-Noir|Thriller,"['Drama', 'Film-Noir', 'Thriller']",3,1956.0,4,2.875,1.0307764064044151,2.0,4.0,1956
2183,"Man Who Knew Too Much, The (1956)",Adventure|Drama|Mystery|Thriller,"['Adventure', 'Drama', 'Mystery', 'Thriller']",4,1956.0,9,3.555555555555556,0.8819171036881968,2.0,5.0,1956
2184,"Trouble with Harry, The (1955)",Comedy|Mystery,"['Comedy', 'Mystery']",2,1955.0,6,3.4166666666666665,1.0206207261596576,2.0,5.0,1955
2185,I Confess (1953),Thriller,['Thriller'],1,1953.0,2,4.0,0.0,4.0,4.0,1953
2186,Strangers on a Train (1951),Crime|Drama|Film-Noir|Thriller,"['Crime', 'Drama', 'Film-Noir', 'Thriller']",4,1951.0,25,3.98,0.9733961166965892,0.5,5.0,1951
2187,Stage Fright (1950),Mystery|Romance|Thriller,"['Mystery', 'Romance', 'Thriller']",3,1950.0,2,3.5,0.0,3.5,3.5,1950
2188,54 (1998),Drama,['Drama'],1,1998.0,5,2.0,0.7071067811865476,1.0,3.0,1998
2190,Why Do Fools Fall In Love? (1998),Drama,['Drama'],1,1998.0,1,2.0,0.0,2.0,2.0,1998
2193,Willow (1988),Action|Adventure|Fantasy,"['Action', 'Adventure', 'Fantasy']",3,1988.0,40,3.3375,1.0277402395547233,0.5,5.0,1988
2194,"Untouchables, The (1987)",Action|Crime|Drama,"['Action', 'Crime', 'Drama']",3,1987.0,65,3.9384615384615382,0.7262257542622998,2.0,5.0,1987
2195,Dirty Work (1998),Comedy,['Comedy'],1,1998.0,7,3.2142857142857144,1.07459848537112,1.5,5.0,1998
2196,Knock Off (1998),Action,['Action'],1,1998.0,1,5.0,0.0,5.0,5.0,1998
2201,"Paradine Case, The (1947)",Drama,['Drama'],1,1947.0,2,3.5,0.7071067811865476,3.0,4.0,1947
2202,Lifeboat (1944),Drama|War,"['Drama', 'War']",2,1944.0,7,4.357142857142857,0.7480132415430958,3.0,5.0,1944
2203,Shadow of a Doubt (1943),Crime|Drama|Thriller,"['Crime', 'Drama', 'Thriller']",3,1943.0,7,4.142857142857143,0.6900655593423543,3.0,5.0,1943
2204,Saboteur (1942),Mystery|Thriller,"['Mystery', 'Thriller']",2,1942.0,4,3.875,0.8539125638299665,3.0,5.0,1942
2205,Mr. & Mrs. Smith (1941),Comedy|Romance,"['Comedy', 'Romance']",2,1941.0,4,2.875,0.478713553878169,2.5,3.5,1941
2206,Suspicion (1941),Film-Noir|Mystery|Thriller,"['Film-Noir', 'Mystery', 'Thriller']",3,1941.0,5,4.0,0.7905694150420948,3.0,5.0,1941
2207,Jamaica Inn (1939),Drama,['Drama'],1,1939.0,1,3.0,0.0,3.0,3.0,1939
2208,"Lady Vanishes, The (1938)",Drama|Mystery|Thriller,"['Drama', 'Mystery', 'Thriller']",3,1938.0,6,3.9166666666666665,0.8010409893798611,2.5,5.0,1938
2210,Sabotage (1936),Thriller,['Thriller'],1,1936.0,2,3.25,0.3535533905932738,3.0,3.5,1936
2211,Secret Agent (1936),Thriller,['Thriller'],1,1936.0,1,3.0,0.0,3.0,3.0,1936
2212,"Man Who Knew Too Much, The (1934)",Drama|Thriller,"['Drama', 'Thriller']",2,1934.0,3,3.6666666666666665,0.5773502691896258,3.0,4.0,1934
2226,"Ring, The (1927)",Drama,['Drama'],1,1927.0,1,1.0,0.0,1.0,1.0,1927
2227,"Lodger: A Story of the London Fog, The (1927)",Crime|Drama|Thriller,"['Crime', 'Drama', 'Thriller']",3,1927.0,3,3.5,0.5,3.0,4.0,1927
2231,Rounders (1998),Drama,['Drama'],1,1998.0,36,3.861111111111111,0.7330085861035922,2.0,5.0,1998
2232,Cube (1997),Horror|Mystery|Sci-Fi|Thriller,"['Horror', 'Mystery', 'Sci-Fi', 'Thriller']",4,1997.0,27,3.425925925925926,1.115482852536064,1.0,5.0,1997
2236,Simon Birch (1998),Drama,['Drama'],1,1998.0,9,3.0,1.0,0.5,4.0,1998
2239,Swept Away (Travolti da un insolito destino nell'azzurro mare d'Agosto) (1975),Comedy|Drama,"['Comedy', 'Drama']",2,1975.0,6,4.666666666666667,0.5163977794943222,4.0,5.0,1975
2240,My Bodyguard (1980),Drama,['Drama'],1,1980.0,7,3.857142857142857,0.8997354108424372,3.0,5.0,1980
2241,Class (1983),Comedy,['Comedy'],1,1983.0,4,3.5,1.2909944487358056,2.0,5.0,1983
2243,Broadcast News (1987),Comedy|Drama|Romance,"['Comedy', 'Drama', 'Romance']",3,1987.0,28,3.4285714285714284,0.9880235200593536,2.0,5.0,1987
2244,"Allnighter, The (1987)",Comedy|Romance,"['Comedy', 'Romance']",2,1987.0,2,1.5,0.7071067811865476,1.0,2.0,1987
2245,Working Girl (1988),Comedy|Drama|Romance,"['Comedy', 'Drama', 'Romance']",3,1988.0,22,3.2045454545454546,0.7967058803223809,2.0,5.0,1988
2247,Married to the Mob (1988),Comedy,['Comedy'],1,1988.0,12,3.0,0.8528028654224418,1.0,4.0,1988
2248,Say Anything... (1989),Comedy|Drama|Romance,"['Comedy', 'Drama', 'Romance']",3,1989.0,39,3.923076923076923,0.8154629096930284,2.5,5.0,1989
2249,My Blue Heaven (1990),Comedy,['Comedy'],1,1990.0,11,3.1818181818181817,1.0787197799411874,2.0,5.0,1990
2252,Hero (1992),Comedy|Drama,"['Comedy', 'Drama']",2,1992.0,5,2.5,1.118033988749895,0.5,3.0,1992
2253,Toys (1992),Comedy|Fantasy,"['Comedy', 'Fantasy']",2,1992.0,20,2.375,0.930124496477417,1.0,4.0,1992
2255,Young Doctors in Love (1982),Comedy,['Comedy'],1,1982.0,2,1.5,0.7071067811865476,1.0,2.0,1982
2256,Parasite (1982),Horror|Sci-Fi,"['Horror', 'Sci-Fi']",2,1982.0,2,2.5,0.7071067811865476,2.0,3.0,1982
2257,No Small Affair (1984),Comedy|Romance,"['Comedy', 'Romance']",2,1984.0,1,4.0,0.0,4.0,4.0,1984
2259,Blame It on Rio (1984),Comedy|Romance,"['Comedy', 'Romance']",2,1984.0,8,3.1875,1.0669549461635468,2.0,5.0,1984
2260,Wisdom (1986),Crime|Drama,"['Crime', 'Drama']",2,1986.0,2,2.5,0.7071067811865476,2.0,3.0,1986
2261,One Crazy Summer (1986),Comedy,['Comedy'],1,1986.0,6,3.0,1.449137674618944,1.5,5.0,1986
2262,About Last Night... (1986),Comedy|Drama|Romance,"['Comedy', 'Drama', 'Romance']",3,1986.0,9,3.0,0.5,2.0,4.0,1986
2263,"Seventh Sign, The (1988)",Drama|Fantasy|Thriller,"['Drama', 'Fantasy', 'Thriller']",3,1988.0,5,2.8,0.8366600265340756,2.0,4.0,1988
2264,We're No Angels (1989),Comedy|Crime,"['Comedy', 'Crime']",2,1989.0,4,2.75,0.5,2.0,3.0,1989
2265,Nothing But Trouble (1991),Adventure|Comedy,"['Adventure', 'Comedy']",2,1991.0,4,2.375,0.6291528696058958,1.5,3.0,1991
2266,"Butcher's Wife, The (1991)",Comedy|Romance,"['Comedy', 'Romance']",2,1991.0,5,3.1,0.7416198487095663,2.0,4.0,1991
2267,Mortal Thoughts (1991),Mystery|Thriller,"['Mystery', 'Thriller']",2,1991.0,2,2.5,0.7071067811865476,2.0,3.0,1991
2268,"Few Good Men, A (1992)",Crime|Drama|Thriller,"['Crime', 'Drama', 'Thriller']",3,1992.0,57,3.789473684210526,0.7437079425146665,1.0,5.0,1992
2269,Indecent Proposal (1993),Drama|Romance,"['Drama', 'Romance']",2,1993.0,8,3.0,1.035098339013531,1.5,5.0,1993
2271,Permanent Midnight (1998),Drama,['Drama'],1,1998.0,2,3.0,0.0,3.0,3.0,1998
2272,One True Thing (1998),Drama,['Drama'],1,1998.0,2,2.75,0.3535533905932738,2.5,3.0,1998
2273,Rush Hour (1998),Action|Comedy|Crime|Thriller,"['Action', 'Comedy', 'Crime', 'Thriller']",4,1998.0,42,3.261904761904762,0.8987667379498777,1.0,5.0,1998
2275,Six-String Samurai (1998),Action|Adventure|Sci-Fi,"['Action', 'Adventure', 'Sci-Fi']",3,1998.0,5,3.6,1.2942179105544784,1.5,5.0,1998
2278,Ronin (1998),Action|Crime|Thriller,"['Action', 'Crime', 'Thriller']",3,1998.0,43,3.5232558139534884,0.9816985303185896,1.0,5.0,1998
2279,Urban Legend (1998),Horror|Thriller,"['Horror', 'Thriller']",2,1998.0,10,2.4,0.6146362971528592,1.5,3.5,1998
2280,Clay Pigeons (1998),Crime,['Crime'],1,1998.0,2,3.0,0.0,3.0,3.0,1998
2281,Monument Ave. (1998),Action|Crime|Drama,"['Action', 'Crime', 'Drama']",3,1998.0,1,2.5,0.0,2.5,2.5,1998
2282,Pecker (1998),Comedy|Drama,"['Comedy', 'Drama']",2,1998.0,6,3.4166666666666665,1.4288690166235207,1.0,5.0,1998
2283,"Sheltering Sky, The (1990)",Drama,['Drama'],1,1990.0,2,3.5,0.7071067811865476,3.0,4.0,1990
2286,"Fiendish Plot of Dr. Fu Manchu, The (1980)",Comedy,['Comedy'],1,1980.0,1,2.0,0.0,2.0,2.0,1980
2287,Them! (1954),Horror|Sci-Fi|Thriller,"['Horror', 'Sci-Fi', 'Thriller']",3,1954.0,5,3.8,0.758287544405155,3.0,5.0,1954
2288,"Thing, The (1982)",Action|Horror|Sci-Fi|Thriller,"['Action', 'Horror', 'Sci-Fi', 'Thriller']",4,1982.0,45,3.933333333333333,1.047724807727331,0.5,5.0,1982
2289,"Player, The (1992)",Comedy|Crime|Drama,"['Comedy', 'Crime', 'Drama']",3,1992.0,38,3.947368421052632,0.8446130865685452,2.0,5.0,1992
2290,Stardust Memories (1980),Comedy|Drama,"['Comedy', 'Drama']",2,1980.0,5,3.6,1.5572411502397436,1.0,5.0,1980
2291,Edward Scissorhands (1990),Drama|Fantasy|Romance,"['Drama', 'Fantasy', 'Romance']",3,1990.0,80,3.7,0.6344538167350089,2.0,5.0,1990
2292,Overnight Delivery (1998),Comedy|Romance,"['Comedy', 'Romance']",2,1998.0,1,2.5,0.0,2.5,2.5,1998
2294,Antz (1998),Adventure|Animation|Children|Comedy|Fantasy,"['Adventure', 'Animation', 'Children', 'Comedy', 'Fantasy']",5,1998.0,45,3.2444444444444445,0.7659087162424526,1.5,5.0,1998
2295,"Impostors, The (1998)",Comedy,['Comedy'],1,1998.0,2,4.5,0.7071067811865476,4.0,5.0,1998
2296,"Night at the Roxbury, A (1998)",Comedy,['Comedy'],1,1998.0,10,2.1,1.07496769977314,1.0,4.0,1998
2297,What Dreams May Come (1998),Adventure|Drama|Fantasy|Romance,"['Adventure', 'Drama', 'Fantasy', 'Romance']",4,1998.0,14,3.642857142857143,0.928782731664065,2.0,5.0,1998
2298,Strangeland (1998),Thriller,['Thriller'],1,1998.0,1,4.0,0.0,4.0,4.0,1998
2300,"Producers, The (1968)",Comedy,['Comedy'],1,1968.0,33,3.9696969696969697,1.052819087166941,1.0,5.0,1968
2301,History of the World: Part I (1981),Comedy|Musical,"['Comedy', 'Musical']",2,1981.0,16,3.625,0.8465616732800195,2.0,5.0,1981
2302,My Cousin Vinny (1992),Comedy,['Comedy'],1,1992.0,59,3.26271186440678,1.0312192825242903,1.0,5.0,1992
2303,Nashville (1975),Drama|Musical,"['Drama', 'Musical']",2,1975.0,5,3.6,0.8944271909999159,3.0,5.0,1975
2304,Love Is the Devil (1998),Drama,['Drama'],1,1998.0,1,4.0,0.0,4.0,4.0,1998
2306,Holy Man (1998),Comedy,['Comedy'],1,1998.0,6,2.583333333333333,0.6645800679125629,1.5,3.0,1998
2307,One Tough Cop (1998),Action|Crime,"['Action', 'Crime']",2,1998.0,1,3.0,0.0,3.0,3.0,1998
2310,"Mighty, The (1998)",Drama,['Drama'],1,1998.0,3,3.6666666666666665,0.5773502691896258,3.0,4.0,1998
2311,2010: The Year We Make Contact (1984),Sci-Fi,['Sci-Fi'],1,1984.0,17,3.588235294117647,0.6669729688499156,2.0,4.5,1984
2312,Children of a Lesser God (1986),Drama,['Drama'],1,1986.0,12,3.8333333333333335,0.8071648849616486,2.5,5.0,1986
2313,"Elephant Man, The (1980)",Drama,['Drama'],1,1980.0,17,4.029411764705882,0.544018273914527,3.0,5.0,1980
2314,Beloved (1998),Drama,['Drama'],1,1998.0,2,4.5,0.7071067811865476,4.0,5.0,1998
2315,Bride of Chucky (Child's Play 4) (1998),Comedy|Horror|Thriller,"['Comedy', 'Horror', 'Thriller']",3,1998.0,6,2.1666666666666665,1.2110601416389966,0.5,3.5,1998
2316,Practical Magic (1998),Drama|Fantasy|Mystery|Romance,"['Drama', 'Fantasy', 'Mystery', 'Romance']",4,1998.0,7,3.2142857142857144,1.185226520443204,2.0,4.5,1998
2318,Happiness (1998),Comedy|Drama,"['Comedy', 'Drama']",2,1998.0,16,4.125,1.0082988974836116,1.5,5.0,1998
2320,Apt Pupil (1998),Drama|Thriller,"['Drama', 'Thriller']",2,1998.0,9,3.0,0.7905694150420949,2.0,4.5,1998
2321,Pleasantville (1998),Comedy|Drama|Fantasy,"['Comedy', 'Drama', 'Fantasy']",3,1998.0,61,3.4836065573770494,1.0081634007555278,0.5,5.0,1998
2322,Soldier (1998),Action|Sci-Fi|War,"['Action', 'Sci-Fi', 'War']",3,1998.0,8,3.0625,0.8634441002668988,2.0,4.0,1998
2323,"Cruise, The (1998)",Documentary,['Documentary'],1,1998.0,2,4.25,1.0606601717798212,3.5,5.0,1998
2324,Life Is Beautiful (La Vita è bella) (1997),Comedy|Drama|Romance|War,"['Comedy', 'Drama', 'Romance', 'War']",4,1997.0,88,4.1477272727272725,1.037124370192721,0.5,5.0,1997
2325,Orgazmo (1997),Comedy,['Comedy'],1,1997.0,13,3.1153846153846154,1.210265916955274,0.5,5.0,1997
2327,Tales from the Darkside: The Movie (1990),Fantasy|Horror|Thriller,"['Fantasy', 'Horror', 'Thriller']",3,1990.0,3,3.6666666666666665,1.5275252316519463,2.0,5.0,1990
2328,Vampires (1998),Horror|Western,"['Horror', 'Western']",2,1998.0,7,2.4285714285714284,1.2392393980641052,0.5,4.5,1998
2329,American History X (1998),Crime|Drama,"['Crime', 'Drama']",2,1998.0,129,4.217054263565892,0.643006127377462,2.5,5.0,1998
2330,Hands on a Hard Body (1996),Comedy|Documentary,"['Comedy', 'Documentary']",2,1996.0,2,4.5,0.7071067811865476,4.0,5.0,1996
2331,Living Out Loud (1998),Comedy|Drama|Romance,"['Comedy', 'Drama', 'Romance']",3,1998.0,3,3.0,1.0,2.0,4.0,1998
2332,Belly (1998),Crime|Drama,"['Crime', 'Drama']",2,1998.0,2,1.25,0.3535533905932738,1.0,1.5,1998
2333,Gods and Monsters (1998),Drama,['Drama'],1,1998.0,4,4.125,0.6291528696058957,3.5,5.0,1998
2334,"Siege, The (1998)",Action|Thriller,"['Action', 'Thriller']",2,1998.0,13,2.8076923076923075,0.9250779592927456,1.0,4.0,1998
2335,"Waterboy, The (1998)",Comedy,['Comedy'],1,1998.0,28,3.1785714285714284,0.7959886202690862,1.5,4.0,1998
2336,Elizabeth (1998),Drama,['Drama'],1,1998.0,23,3.6739130434782608,0.948787451676348,1.5,5.0,1998
2337,Velvet Goldmine (1998),Drama,['Drama'],1,1998.0,4,3.375,0.478713553878169,3.0,4.0,1998
2338,I Still Know What You Did Last Summer (1998),Horror|Mystery|Thriller,"['Horror', 'Mystery', 'Thriller']",3,1998.0,18,2.055555555555556,1.0966377611066325,1.0,5.0,1998
2339,I'll Be Home For Christmas (1998),Comedy|Romance,"['Comedy', 'Romance']",2,1998.0,1,1.5,0.0,1.5,1.5,1998
2340,Meet Joe Black (1998),Romance,['Romance'],1,1998.0,20,3.05,1.1909748329127612,1.0,4.5,1998
2342,Hard Core Logo (1996),Comedy|Drama,"['Comedy', 'Drama']",2,1996.0,2,4.0,1.4142135623730951,3.0,5.0,1996
2344,Runaway Train (1985),Action|Adventure|Drama|Thriller,"['Action', 'Adventure', 'Drama', 'Thriller']",4,1985.0,8,3.25,0.7071067811865475,2.0,4.0,1985
2346,"Stepford Wives, The (1975)",Mystery|Sci-Fi|Thriller,"['Mystery', 'Sci-Fi', 'Thriller']",3,1975.0,11,3.1818181818181817,0.7166842844909911,2.0,4.0,1975
2347,"Pope of Greenwich Village, The (1984)",Drama,['Drama'],1,1984.0,3,2.333333333333333,1.1547005383792517,1.0,3.0,1984
2348,Sid and Nancy (1986),Drama,['Drama'],1,1986.0,8,3.4375,0.7288689868556626,2.0,4.0,1986
2349,Mona Lisa (1986),Comedy|Thriller,"['Comedy', 'Thriller']",2,1986.0,7,3.5,1.118033988749895,2.0,5.0,1986
2350,Heart Condition (1990),Comedy,['Comedy'],1,1990.0,2,3.5,0.7071067811865476,3.0,4.0,1990
2351,"Nights of Cabiria (Notti di Cabiria, Le) (1957)",Drama,['Drama'],1,1957.0,7,4.285714285714286,0.4879500364742667,4.0,5.0,1957
2352,"Big Chill, The (1983)",Comedy|Drama,"['Comedy', 'Drama']",2,1983.0,25,3.84,0.8129165598838132,2.0,5.0,1983
2353,Enemy of the State (1998),Action|Thriller,"['Action', 'Thriller']",2,1998.0,67,3.492537313432836,0.8897247502246803,1.0,5.0,1998
2354,"Rugrats Movie, The (1998)",Animation|Children|Comedy,"['Animation', 'Children', 'Comedy']",3,1998.0,7,2.5,0.957427107756338,1.0,4.0,1998
2355,"Bug's Life, A (1998)",Adventure|Animation|Children|Comedy,"['Adventure', 'Animation', 'Children', 'Comedy']",4,1998.0,92,3.516304347826087,0.887802222049142,0.5,5.0,1998
2356,Celebrity (1998),Comedy,['Comedy'],1,1998.0,5,2.6,0.9617692030835672,1.0,3.5,1998
2357,Central Station (Central do Brasil) (1998),Drama,['Drama'],1,1998.0,6,4.416666666666667,0.4915960401250876,4.0,5.0,1998
2358,Savior (1998),Drama|War,"['Drama', 'War']",2,1998.0,1,4.0,0.0,4.0,4.0,1998
2359,Waking Ned Devine (a.k.a. Waking Ned) (1998),Comedy,['Comedy'],1,1998.0,26,3.673076923076923,0.8595616056142537,1.0,5.0,1998
2360,"Celebration, The (Festen) (1998)",Drama,['Drama'],1,1998.0,12,4.458333333333333,0.5822500764406575,3.0,5.0,1998
2361,Pink Flamingos (1972),Comedy,['Comedy'],1,1972.0,10,2.75,1.2304019216861166,0.5,4.0,1972
2362,Glen or Glenda (1953),Drama,['Drama'],1,1953.0,1,4.0,0.0,4.0,4.0,1953
2363,Godzilla (Gojira) (1954),Drama|Horror|Sci-Fi,"['Drama', 'Horror', 'Sci-Fi']",3,1954.0,3,2.1666666666666665,1.0408329997330663,1.0,3.0,1954
2364,"Godzilla 1985: The Legend Is Reborn (Gojira) (Godzilla) (Return of Godzilla, The) (1984)",Action|Horror|Sci-Fi|Thriller,"['Action', 'Horror', 'Sci-Fi', 'Thriller']",4,1984.0,2,1.5,0.7071067811865476,1.0,2.0,1984
2365,King Kong vs. Godzilla (Kingukongu tai Gojira) (1962),Action|Sci-Fi,"['Action', 'Sci-Fi']",2,1962.0,2,2.5,0.7071067811865476,2.0,3.0,1962
2366,King Kong (1933),Action|Adventure|Fantasy|Horror,"['Action', 'Adventure', 'Fantasy', 'Horror']",4,1933.0,25,3.64,0.99498743710662,1.5,5.0,1933
2367,King Kong (1976),Adventure|Fantasy|Romance|Sci-Fi|Thriller,"['Adventure', 'Fantasy', 'Romance', 'Sci-Fi', 'Thriller']",5,1976.0,14,2.7142857142857144,0.9346798241250172,1.0,5.0,1976
2368,King Kong Lives (1986),Adventure|Sci-Fi,"['Adventure', 'Sci-Fi']",2,1986.0,1,2.0,0.0,2.0,2.0,1986
2369,Desperately Seeking Susan (1985),Comedy|Drama|Romance,"['Comedy', 'Drama', 'Romance']",3,1985.0,24,2.6666666666666665,0.8030738049717997,1.0,4.0,1985
2370,"Emerald Forest, The (1985)",Action|Adventure|Drama,"['Action', 'Adventure', 'Drama']",3,1985.0,1,3.0,0.0,3.0,3.0,1985
2371,Fletch (1985),Comedy|Crime|Mystery,"['Comedy', 'Crime', 'Mystery']",3,1985.0,24,3.083333333333333,1.0700128673207083,1.0,5.0,1985
2372,Fletch Lives (1989),Comedy,['Comedy'],1,1989.0,9,2.2222222222222223,1.2774758097296577,1.0,5.0,1989
2373,Red Sonja (1985),Action|Adventure|Fantasy,"['Action', 'Adventure', 'Fantasy']",3,1985.0,9,2.2777777777777777,0.97182531580755,1.0,4.0,1985
2374,Gung Ho (1986),Comedy|Drama,"['Comedy', 'Drama']",2,1986.0,9,3.1666666666666665,0.8660254037844386,2.0,4.0,1986
2375,"Money Pit, The (1986)",Comedy,['Comedy'],1,1986.0,21,2.9285714285714284,1.1100193048514324,0.5,5.0,1986
2376,"View to a Kill, A (1985)",Action|Adventure|Thriller,"['Action', 'Adventure', 'Thriller']",3,1985.0,21,3.2142857142857144,0.8598172563316661,1.5,5.0,1985
2377,Lifeforce (1985),Horror|Sci-Fi,"['Horror', 'Sci-Fi']",2,1985.0,5,2.5,1.118033988749895,1.0,4.0,1985
2378,Police Academy (1984),Comedy|Crime,"['Comedy', 'Crime']",2,1984.0,22,3.022727272727273,1.0743466755292628,0.5,5.0,1984
2379,Police Academy 2: Their First Assignment (1985),Comedy|Crime,"['Comedy', 'Crime']",2,1985.0,12,2.458333333333333,1.2873216263610932,1.0,5.0,1985
2380,Police Academy 3: Back in Training (1986),Comedy|Crime,"['Comedy', 'Crime']",2,1986.0,10,2.3,1.3581032524975576,0.5,5.0,1986
2381,Police Academy 4: Citizens on Patrol (1987),Comedy|Crime,"['Comedy', 'Crime']",2,1987.0,7,2.142857142857143,1.546886273407694,0.5,5.0,1987
2382,Police Academy 5: Assignment: Miami Beach (1988),Comedy|Crime,"['Comedy', 'Crime']",2,1988.0,5,2.5,1.5811388300841898,1.0,5.0,1988
2383,Police Academy 6: City Under Siege (1989),Comedy|Crime,"['Comedy', 'Crime']",2,1989.0,4,1.5,0.9128709291752768,0.5,2.5,1989
2384,Babe: Pig in the City (1998),Adventure|Children|Drama,"['Adventure', 'Children', 'Drama']",3,1998.0,29,2.7758620689655173,1.2996304893572614,0.5,5.0,1998
2385,Home Fries (1998),Comedy|Romance,"['Comedy', 'Romance']",2,1998.0,3,2.333333333333333,0.5773502691896258,2.0,3.0,1998
2387,Very Bad Things (1998),Comedy|Crime,"['Comedy', 'Crime']",2,1998.0,16,3.4375,1.1672617529928753,1.0,5.0,1998
2388,Steam: The Turkish Bath (Hamam) (1997),Drama|Romance,"['Drama', 'Romance']",2,1997.0,1,4.0,0.0,4.0,4.0,1997
2389,Psycho (1998),Crime|Horror|Thriller,"['Crime', 'Horror', 'Thriller']",3,1998.0,9,1.8888888888888888,0.8579691784155834,0.5,3.5,1998
2390,Little Voice (1998),Comedy,['Comedy'],1,1998.0,7,3.928571428571429,0.8380817098475258,3.0,5.0,1998
2391,"Simple Plan, A (1998)",Crime|Drama|Thriller,"['Crime', 'Drama', 'Thriller']",3,1998.0,22,3.7954545454545454,0.8403385217689542,2.0,5.0,1998
2392,Jack Frost (1998),Children|Comedy|Drama,"['Children', 'Comedy', 'Drama']",3,1998.0,8,1.9375,0.7288689868556626,0.5,3.0,1998
2393,Star Trek: Insurrection (1998),Action|Drama|Romance|Sci-Fi,"['Action', 'Drama', 'Romance', 'Sci-Fi']",4,1998.0,33,3.1515151515151514,1.100318480066457,0.5,5.0,1998
2394,"Prince of Egypt, The (1998)",Animation|Musical,"['Animation', 'Musical']",2,1998.0,25,3.5,0.9464847243000456,1.5,5.0,1998
2395,Rushmore (1998),Comedy|Drama,"['Comedy', 'Drama']",2,1998.0,56,3.544642857142857,1.1570997667141198,1.0,5.0,1998
2396,Shakespeare in Love (1998),Comedy|Drama|Romance,"['Comedy', 'Drama', 'Romance']",3,1998.0,92,3.777173913043478,1.0360643262380964,0.5,5.0,1998
2398,Miracle on 34th Street (1947),Comedy|Drama,"['Comedy', 'Drama']",2,1947.0,17,4.0588235294117645,0.7882407813680823,2.5,5.0,1947
2399,Santa Claus: The Movie (1985),Adventure|Children|Fantasy,"['Adventure', 'Children', 'Fantasy']",3,1985.0,4,2.25,0.5,2.0,3.0,1985
2400,Prancer (1989),Children|Drama|Fantasy,"['Children', 'Drama', 'Fantasy']",3,1989.0,2,3.0,0.0,3.0,3.0,1989
2401,Pale Rider (1985),Western,['Western'],1,1985.0,8,3.8125,0.7529703086538577,3.0,5.0,1985
2402,Rambo: First Blood Part II (1985),Action|Adventure|Thriller,"['Action', 'Adventure', 'Thriller']",3,1985.0,19,2.6578947368421053,1.067872125861979,1.0,4.5,1985
2403,First Blood (Rambo: First Blood) (1982),Action|Adventure|Drama|Thriller,"['Action', 'Adventure', 'Drama', 'Thriller']",4,1982.0,30,3.55,0.9130283071488924,2.0,5.0,1982
2404,Rambo III (1988),Action|Adventure|Thriller|War,"['Action', 'Adventure', 'Thriller', 'War']",4,1988.0,12,1.9166666666666667,0.6685579234215215,1.0,3.0,1988
2405,"Jewel of the Nile, The (1985)",Action|Adventure|Comedy|Romance,"['Action', 'Adventure', 'Comedy', 'Romance']",4,1985.0,21,2.8095238095238093,0.8135752957807667,1.0,4.0,1985
2406,Romancing the Stone (1984),Action|Adventure|Comedy|Romance,"['Action', 'Adventure', 'Comedy', 'Romance']",4,1984.0,54,3.453703703703704,0.6954604726673023,2.0,5.0,1984
2407,Cocoon (1985),Comedy|Sci-Fi,"['Comedy', 'Sci-Fi']",2,1985.0,43,3.2674418604651163,0.7586708082883097,1.5,4.5,1985
2408,Cocoon: The Return (1988),Comedy|Sci-Fi,"['Comedy', 'Sci-Fi']",2,1988.0,9,2.333333333333333,0.8660254037844387,1.0,3.0,1988
2409,Rocky II (1979),Action|Drama,"['Action', 'Drama']",2,1979.0,26,3.1923076923076925,1.0961470984947512,0.5,5.0,1979
2410,Rocky III (1982),Action|Drama,"['Action', 'Drama']",2,1982.0,24,2.7291666666666665,0.9666073195175624,1.0,4.5,1982
2411,Rocky IV (1985),Action|Drama,"['Action', 'Drama']",2,1985.0,29,2.706896551724138,1.1379590233906738,1.0,5.0,1985
2412,Rocky V (1990),Action|Drama,"['Action', 'Drama']",2,1990.0,17,1.9411764705882355,0.747545001596402,1.0,3.0,1990
2413,Clue (1985),Comedy|Crime|Mystery|Thriller,"['Comedy', 'Crime', 'Mystery', 'Thriller']",4,1985.0,18,3.388888888888889,0.5829830881301374,2.5,4.5,1985
2414,Young Sherlock Holmes (1985),Action|Adventure|Children|Fantasy|Mystery|Thriller,"['Action', 'Adventure', 'Children', 'Fantasy', 'Mystery', 'Thriller']",6,1985.0,11,3.363636363636364,0.5045249791095129,3.0,4.0,1985
2415,Violets Are Blue... (1986),Drama|Romance,"['Drama', 'Romance']",2,1986.0,1,3.0,0.0,3.0,3.0,1986
2416,Back to School (1986),Comedy,['Comedy'],1,1986.0,16,2.90625,0.8797490172391973,1.0,4.0,1986
2417,Heartburn (1986),Comedy|Drama,"['Comedy', 'Drama']",2,1986.0,1,1.0,0.0,1.0,1.0,1986
2418,Nothing in Common (1986),Comedy,['Comedy'],1,1986.0,6,2.75,0.987420882906575,2.0,4.0,1986
2419,Extremities (1986),Drama|Thriller,"['Drama', 'Thriller']",2,1986.0,2,3.75,0.3535533905932738,3.5,4.0,1986
2420,"Karate Kid, The (1984)",Drama,['Drama'],1,1984.0,38,3.5657894736842106,0.7812935620856428,2.0,5.0,1984
2421,"Karate Kid, Part II, The (1986)",Action|Adventure|Drama,"['Action', 'Adventure', 'Drama']",3,1986.0,29,2.7758620689655173,0.9690404578071006,0.5,5.0,1986
2422,"Karate Kid, Part III, The (1989)",Action|Adventure|Children|Drama,"['Action', 'Adventure', 'Children', 'Drama']",4,1989.0,14,1.75,0.672252242036482,0.5,3.0,1989
2423,Christmas Vacation (National Lampoon's Christmas Vacation) (1989),Comedy,['Comedy'],1,1989.0,30,3.566666666666667,1.142692927446732,1.5,5.0,1989
2424,You've Got Mail (1998),Comedy|Romance,"['Comedy', 'Romance']",2,1998.0,50,3.12,1.1045361017187263,0.5,5.0,1998
2425,"General, The (1998)",Crime,['Crime'],1,1998.0,2,4.0,0.0,4.0,4.0,1998
2427,"Thin Red Line, The (1998)",Action|Drama|War,"['Action', 'Drama', 'War']",3,1998.0,35,3.3,1.4152530432649095,0.5,5.0,1998
2428,"Faculty, The (1998)",Horror|Sci-Fi,"['Horror', 'Sci-Fi']",2,1998.0,23,2.4782608695652173,0.9472239447886796,1.0,4.0,1998
2429,Mighty Joe Young (1998),Action|Adventure|Drama|Fantasy|Thriller,"['Action', 'Adventure', 'Drama', 'Fantasy', 'Thriller']",5,1998.0,5,2.8,1.095445115010332,1.0,4.0,1998
2430,Mighty Joe Young (1949),Adventure|Children|Drama,"['Adventure', 'Children', 'Drama']",3,1949.0,6,2.833333333333333,0.752772652709081,2.0,4.0,1949
2431,Patch Adams (1998),Comedy|Drama,"['Comedy', 'Drama']",2,1998.0,27,3.3703703703703702,1.1651394154992172,1.0,5.0,1998
2432,Stepmom (1998),Drama,['Drama'],1,1998.0,6,3.083333333333333,1.241638702145945,2.0,4.5,1998
2433,"Civil Action, A (1998)",Drama,['Drama'],1,1998.0,11,3.0454545454545454,0.650174801670499,2.0,4.0,1998
2435,Hurlyburly (1998),Drama,['Drama'],1,1998.0,1,4.0,0.0,4.0,4.0,1998
2436,Tea with Mussolini (1999),Comedy|Drama|War,"['Comedy', 'Drama', 'War']",3,1999.0,6,4.25,0.8803408430829507,3.0,5.0,1999
2439,Affliction (1997),Drama,['Drama'],1,1997.0,3,3.1666666666666665,0.7637626158259733,2.5,4.0,1997
2442,Hilary and Jackie (1998),Drama,['Drama'],1,1998.0,3,3.8333333333333335,0.2886751345948129,3.5,4.0,1998
2443,Playing by Heart (1998),Drama|Romance,"['Drama', 'Romance']",2,1998.0,8,3.375,0.8762745818846642,2.0,4.5,1998
2445,At First Sight (1999),Drama,['Drama'],1,1999.0,8,2.6875,0.7039429765866794,2.0,4.0,1999
2446,In Dreams (1999),Horror|Thriller,"['Horror', 'Thriller']",2,1999.0,2,2.0,0.0,2.0,2.0,1999
2447,Varsity Blues (1999),Comedy|Drama,"['Comedy', 'Drama']",2,1999.0,15,3.2666666666666666,1.0327955589886444,1.5,5.0,1999
2448,Virus (1999),Horror|Sci-Fi,"['Horror', 'Sci-Fi']",2,1999.0,3,2.6666666666666665,1.0408329997330663,1.5,3.5,1999
2450,Howard the Duck (1986),Adventure|Comedy|Sci-Fi,"['Adventure', 'Comedy', 'Sci-Fi']",3,1986.0,16,2.15625,1.2479149276559949,0.5,5.0,1986
2451,"Gate, The (1987)",Horror,['Horror'],1,1987.0,1,3.0,0.0,3.0,3.0,1987
2453,"Boy Who Could Fly, The (1986)",Drama|Fantasy,"['Drama', 'Fantasy']",2,1986.0,3,2.1666666666666665,0.7637626158259734,1.5,3.0,1986
2454,"Fly, The (1958)",Horror|Mystery|Sci-Fi,"['Horror', 'Mystery', 'Sci-Fi']",3,1958.0,13,3.3846153846153846,0.6504436355879907,2.0,4.0,1958
2455,"Fly, The (1986)",Drama|Horror|Sci-Fi|Thriller,"['Drama', 'Horror', 'Sci-Fi', 'Thriller']",4,1986.0,43,3.383720930232558,0.8986577908345785,1.0,5.0,1986
2456,"Fly II, The (1989)",Horror|Sci-Fi,"['Horror', 'Sci-Fi']",2,1989.0,9,2.2777777777777777,0.97182531580755,1.0,4.0,1989
2457,Running Scared (1986),Action|Comedy,"['Action', 'Comedy']",2,1986.0,8,3.5625,0.9797047660246574,2.0,5.0,1986
2458,Armed and Dangerous (1986),Comedy|Crime,"['Comedy', 'Crime']",2,1986.0,8,2.75,0.8864052604279183,2.0,4.0,1986
2459,"Texas Chainsaw Massacre, The (1974)",Horror,['Horror'],1,1974.0,13,3.269230769230769,1.284772752529032,1.0,5.0,1974
2460,"Texas Chainsaw Massacre 2, The (1986)",Horror,['Horror'],1,1986.0,3,2.0,1.0,1.0,3.0,1986
2462,Texas Chainsaw Massacre: The Next Generation (a.k.a. The Return of the Texas Chainsaw Massacre) (1994),Horror,['Horror'],1,1994.0,1,3.0,0.0,3.0,3.0,1994
2463,Ruthless People (1986),Comedy,['Comedy'],1,1986.0,14,3.321428571428572,0.9528730413685932,2.0,5.0,1986
2465,Deadly Friend (1986),Horror,['Horror'],1,1986.0,3,1.5,0.5,1.0,2.0,1986
2467,"Name of the Rose, The (Name der Rose, Der) (1986)",Crime|Drama|Mystery|Thriller,"['Crime', 'Drama', 'Mystery', 'Thriller']",4,1986.0,18,3.75,0.7524469885568253,2.0,5.0,1986
2468,Jumpin' Jack Flash (1986),Action|Comedy|Romance|Thriller,"['Action', 'Comedy', 'Romance', 'Thriller']",4,1986.0,15,2.5,0.7559289460184544,1.0,3.5,1986
2469,Peggy Sue Got Married (1986),Comedy|Drama,"['Comedy', 'Drama']",2,1986.0,7,3.2142857142857144,1.14953406710222,1.0,4.5,1986
2470,Crocodile Dundee (1986),Adventure|Comedy,"['Adventure', 'Comedy']",2,1986.0,57,3.175438596491228,0.9087433831070528,1.0,5.0,1986
2471,Crocodile Dundee II (1988),Action|Adventure|Comedy,"['Action', 'Adventure', 'Comedy']",3,1988.0,24,2.4791666666666665,1.2809572394406312,0.5,5.0,1988
2472,Tough Guys (1986),Comedy,['Comedy'],1,1986.0,3,3.0,1.0,2.0,4.0,1986
2473,Soul Man (1986),Comedy,['Comedy'],1,1986.0,8,2.5625,0.4955156044825575,2.0,3.0,1986
2474,"Color of Money, The (1986)",Drama,['Drama'],1,1986.0,13,3.5,0.7071067811865475,2.0,4.5,1986
2475,52 Pick-Up (1986),Action|Mystery|Thriller,"['Action', 'Mystery', 'Thriller']",3,1986.0,3,3.6666666666666665,1.5275252316519468,2.0,5.0,1986
2476,Heartbreak Ridge (1986),Action|War,"['Action', 'War']",2,1986.0,12,3.75,0.7537783614444091,3.0,5.0,1986
2477,Firewalker (1986),Adventure,['Adventure'],1,1986.0,3,3.333333333333333,1.5275252316519463,2.0,5.0,1986
2478,¡Three Amigos! (1986),Comedy|Western,"['Comedy', 'Western']",2,1986.0,26,3.1346153846153846,0.9440094523646708,1.0,5.0,1986
2481,My Name Is Joe (1998),Drama|Romance,"['Drama', 'Romance']",2,1998.0,1,4.0,0.0,4.0,4.0,1998
2482,Still Crazy (1998),Comedy|Romance,"['Comedy', 'Romance']",2,1998.0,2,3.0,0.0,3.0,3.0,1998
2483,"Day of the Beast, The (Día de la Bestia, El) (1995)",Adventure|Comedy|Thriller,"['Adventure', 'Comedy', 'Thriller']",3,1995.0,1,3.5,0.0,3.5,3.5,1995
2485,She's All That (1999),Comedy|Romance,"['Comedy', 'Romance']",2,1999.0,29,2.8448275862068964,1.0445731209092584,0.5,5.0,1999
2488,Peeping Tom (1960),Drama|Horror|Thriller,"['Drama', 'Horror', 'Thriller']",3,1960.0,3,3.0,2.29128784747792,0.5,5.0,1960
2490,Payback (1999),Action|Thriller,"['Action', 'Thriller']",2,1999.0,45,3.422222222222222,0.9883155754958418,1.0,5.0,1999
2491,Simply Irresistible (1999),Comedy|Romance,"['Comedy', 'Romance']",2,1999.0,5,3.6,1.08397416943394,2.0,4.5,1999
2492,20 Dates (1998),Comedy|Romance,"['Comedy', 'Romance']",2,1998.0,7,3.0,1.4142135623730951,1.0,4.0,1998
2493,"Harmonists, The (1997)",Drama,['Drama'],1,1997.0,1,4.0,0.0,4.0,4.0,1997
2494,"Last Days, The (1998)",Documentary,['Documentary'],1,1998.0,2,4.0,0.0,4.0,4.0,1998
2495,"Fantastic Planet, The (Planète sauvage, La) (1973)",Animation|Sci-Fi,"['Animation', 'Sci-Fi']",2,1973.0,3,4.0,1.3228756555322954,2.5,5.0,1973
2496,Blast from the Past (1999),Comedy|Romance,"['Comedy', 'Romance']",2,1999.0,23,3.108695652173913,0.878486841355511,1.0,4.5,1999
2497,Message in a Bottle (1999),Romance,['Romance'],1,1999.0,6,2.9166666666666665,1.0206207261596576,1.5,4.0,1999
2498,My Favorite Martian (1999),Comedy|Sci-Fi,"['Comedy', 'Sci-Fi']",2,1999.0,5,2.1,0.7416198487095663,1.0,3.0,1999
2500,Jawbreaker (1999),Comedy,['Comedy'],1,1999.0,7,2.0,1.118033988749895,1.0,4.0,1999
2501,October Sky (1999),Drama,['Drama'],1,1999.0,30,3.75,0.7960029457578485,2.0,5.0,1999
2502,Office Space (1999),Comedy|Crime,"['Comedy', 'Crime']",2,1999.0,94,4.090425531914893,0.8097615670493039,1.5,5.0,1999
2503,"Apple, The (Sib) (1998)",Drama,['Drama'],1,1998.0,1,4.0,0.0,4.0,4.0,1998
2504,200 Cigarettes (1999),Comedy|Drama,"['Comedy', 'Drama']",2,1999.0,6,3.1666666666666665,0.752772652709081,2.0,4.0,1999
2505,8MM (1999),Drama|Mystery|Thriller,"['Drama', 'Mystery', 'Thriller']",3,1999.0,18,2.9444444444444446,0.8555852638929973,1.0,4.0,1999
2506,"Other Sister, The (1999)",Comedy|Drama|Romance,"['Comedy', 'Drama', 'Romance']",3,1999.0,6,3.333333333333333,1.0801234497346432,2.0,5.0,1999
2511,"Long Goodbye, The (1973)",Crime|Film-Noir,"['Crime', 'Film-Noir']",2,1973.0,3,4.666666666666667,0.5773502691896258,4.0,5.0,1973
2512,"Ballad of Narayama, The (Narayama bushiko) (1983)",Drama,['Drama'],1,1983.0,1,5.0,0.0,5.0,5.0,1983
2513,Pet Sematary (1989),Horror,['Horror'],1,1989.0,10,2.85,1.1559027256266468,1.0,5.0,1989
2514,Pet Sematary II (1992),Comedy|Horror,"['Comedy', 'Horror']",2,1992.0,3,1.8333333333333333,1.1547005383792517,0.5,2.5,1992
2515,Children of the Corn II: The Final Sacrifice (1993),Horror,['Horror'],1,1993.0,2,1.75,0.3535533905932738,1.5,2.0,1993
2516,Children of the Corn III (1994),Horror,['Horror'],1,1994.0,1,1.0,0.0,1.0,1.0,1994
2517,Christine (1983),Horror,['Horror'],1,1983.0,10,2.95,1.1167910378500636,1.0,4.0,1983
2518,Night Shift (1982),Comedy,['Comedy'],1,1982.0,10,3.05,1.0124228365658292,2.0,5.0,1982
2520,Airport (1970),Drama,['Drama'],1,1970.0,3,2.1666666666666665,1.0408329997330663,1.0,3.0,1970
2521,Airport 1975 (1974),Action|Drama|Thriller,"['Action', 'Drama', 'Thriller']",3,1974.0,2,3.5,0.7071067811865476,3.0,4.0,1974
2522,Airport '77 (1977),Drama,['Drama'],1,1977.0,4,3.25,1.2583057392117918,2.0,5.0,1977
2523,Rollercoaster (1977),Drama|Thriller,"['Drama', 'Thriller']",2,1977.0,2,2.5,0.7071067811865476,2.0,3.0,1977
2524,"Towering Inferno, The (1974)",Action|Adventure|Drama|Thriller,"['Action', 'Adventure', 'Drama', 'Thriller']",4,1974.0,9,3.2222222222222223,1.3254978100489054,0.5,5.0,1974
2525,Alligator (1980),Action|Horror|Sci-Fi,"['Action', 'Horror', 'Sci-Fi']",3,1980.0,3,2.0,1.0,1.0,3.0,1980
2526,Meteor (1979),Sci-Fi,['Sci-Fi'],1,1979.0,3,1.8333333333333333,1.2583057392117916,0.5,3.0,1979
2527,Westworld (1973),Action|Sci-Fi|Thriller|Western,"['Action', 'Sci-Fi', 'Thriller', 'Western']",4,1973.0,18,3.4166666666666665,0.5490633736057198,2.5,4.0,1973
2528,Logan's Run (1976),Action|Adventure|Sci-Fi,"['Action', 'Adventure', 'Sci-Fi']",3,1976.0,24,3.2291666666666665,0.7369025460119137,2.0,4.0,1976
2529,Planet of the Apes (1968),Action|Drama|Sci-Fi,"['Action', 'Drama', 'Sci-Fi']",3,1968.0,56,3.803571428571429,0.8617032363479135,1.5,5.0,1968
2530,Beneath the Planet of the Apes (1970),Action|Sci-Fi,"['Action', 'Sci-Fi']",2,1970.0,18,2.7777777777777777,1.2032092163462902,1.0,5.0,1970
2531,Battle for the Planet of the Apes (1973),Action|Sci-Fi,"['Action', 'Sci-Fi']",2,1973.0,9,2.7777777777777777,1.3017082793177757,1.0,5.0,1973
2532,Conquest of the Planet of the Apes (1972),Action|Sci-Fi,"['Action', 'Sci-Fi']",2,1972.0,12,2.7916666666666665,1.1171866722289792,1.0,5.0,1972
2533,Escape from the Planet of the Apes (1971),Action|Sci-Fi,"['Action', 'Sci-Fi']",2,1971.0,15,3.0,1.0856202966836188,1.0,5.0,1971
2534,Avalanche (1978),Action,['Action'],1,1978.0,3,2.5,1.8027756377319943,0.5,4.0,1978
2535,Earthquake (1974),Action|Drama|Thriller,"['Action', 'Drama', 'Thriller']",3,1974.0,3,2.6666666666666665,0.5773502691896258,2.0,3.0,1974
2537,Beyond the Poseidon Adventure (1979),Adventure,['Adventure'],1,1979.0,3,2.0,1.0,1.0,3.0,1979
2538,Dancemaker (1998),Documentary,['Documentary'],1,1998.0,1,1.0,0.0,1.0,1.0,1998
2539,Analyze This (1999),Comedy,['Comedy'],1,1999.0,47,3.095744680851064,0.8316974384036412,1.0,5.0,1999
2540,"Corruptor, The (1999)",Action|Crime|Drama|Thriller,"['Action', 'Crime', 'Drama', 'Thriller']",4,1999.0,3,2.5,0.5,2.0,3.0,1999
2541,Cruel Intentions (1999),Drama,['Drama'],1,1999.0,40,3.225,0.9537375868735511,1.0,5.0,1999
2542,"Lock, Stock & Two Smoking Barrels (1998)",Comedy|Crime|Thriller,"['Comedy', 'Crime', 'Thriller']",3,1998.0,67,4.052238805970149,0.8796277120490309,1.0,5.0,1998
2544,"School of Flesh, The (École de la chair, L') (1998)",Drama|Romance,"['Drama', 'Romance']",2,1998.0,1,3.0,0.0,3.0,3.0,1998
2546,"Deep End of the Ocean, The (1999)",Drama,['Drama'],1,1999.0,2,3.25,1.0606601717798212,2.5,4.0,1999
2548,"Rage: Carrie 2, The (1999)",Horror,['Horror'],1,1999.0,6,1.8333333333333333,0.408248290463863,1.0,2.0,1999
2549,Wing Commander (1999),Action|Sci-Fi,"['Action', 'Sci-Fi']",2,1999.0,6,2.9166666666666665,0.6645800679125629,2.0,4.0,1999
2550,"Haunting, The (1963)",Horror|Thriller,"['Horror', 'Thriller']",2,1963.0,7,4.0,0.816496580927726,3.0,5.0,1963
2551,Dead Ringers (1988),Drama|Horror|Thriller,"['Drama', 'Horror', 'Thriller']",3,1988.0,8,3.6875,0.9613049166924836,2.0,5.0,1988
2552,My Boyfriend's Back (1993),Comedy,['Comedy'],1,1993.0,2,1.5,0.7071067811865476,1.0,2.0,1993
2553,Village of the Damned (1960),Horror|Sci-Fi|Thriller,"['Horror', 'Sci-Fi', 'Thriller']",3,1960.0,6,3.083333333333333,0.917423929634859,2.0,4.0,1960
2554,Children of the Damned (1963),Horror|Sci-Fi|Thriller,"['Horror', 'Sci-Fi', 'Thriller']",3,1963.0,3,3.1666666666666665,1.0408329997330663,2.0,4.0,1963
2555,Baby Geniuses (1999),Comedy,['Comedy'],1,1999.0,3,1.6666666666666667,0.5773502691896258,1.0,2.0,1999
2557,I Stand Alone (Seul contre tous) (1998),Drama|Thriller,"['Drama', 'Thriller']",2,1998.0,1,4.5,0.0,4.5,4.5,1998
2558,Forces of Nature (1999),Comedy|Romance,"['Comedy', 'Romance']",2,1999.0,9,2.333333333333333,1.0,1.0,4.0,1999
2559,"King and I, The (1999)",Animation|Children,"['Animation', 'Children']",2,1999.0,1,3.0,0.0,3.0,3.0,1999
2560,Ravenous (1999),Horror|Thriller,"['Horror', 'Thriller']",2,1999.0,8,3.0,0.9636241116594316,1.0,4.0,1999
2561,True Crime (1999),Crime|Thriller,"['Crime', 'Thriller']",2,1999.0,4,2.75,0.5,2.0,3.0,1999
2563,Dangerous Beauty (1998),Drama,['Drama'],1,1998.0,3,4.166666666666667,1.0408329997330663,3.0,5.0,1998
2565,"King and I, The (1956)",Drama|Musical|Romance,"['Drama', 'Musical', 'Romance']",3,1956.0,12,4.166666666666667,0.6513389472789296,3.0,5.0,1956
2566,Doug's 1st Movie (1999),Animation|Children,"['Animation', 'Children']",2,1999.0,2,2.0,1.4142135623730951,1.0,3.0,1999
2567,EDtv (1999),Comedy,['Comedy'],1,1999.0,19,2.973684210526316,0.7541309238404149,2.0,4.0,1999
2568,"Mod Squad, The (1999)",Action|Crime,"['Action', 'Crime']",2,1999.0,8,3.1875,1.412634317254722,1.0,5.0,1999
2570,"Walk on the Moon, A (1999)",Drama|Romance,"['Drama', 'Romance']",2,1999.0,5,3.2,0.4472135954999579,3.0,4.0,1999
2571,"Matrix, The (1999)",Action|Sci-Fi|Thriller,"['Action', 'Sci-Fi', 'Thriller']",3,1999.0,278,4.192446043165468,0.9752425167066034,0.5,5.0,1999
2572,10 Things I Hate About You (1999),Comedy|Romance,"['Comedy', 'Romance']",2,1999.0,54,3.5277777777777777,1.047983988547331,0.5,5.0,1999
2573,Tango (1998),Drama|Musical,"['Drama', 'Musical']",2,1998.0,1,1.0,0.0,1.0,1.0,1998
2574,"Out-of-Towners, The (1999)",Comedy,['Comedy'],1,1999.0,6,2.0,0.8944271909999159,1.0,3.0,1999
2575,"Dreamlife of Angels, The (Vie rêvée des anges, La) (1998)",Drama,['Drama'],1,1998.0,4,3.75,0.9574271077563382,3.0,5.0,1998
2577,Metroland (1997),Comedy|Drama,"['Comedy', 'Drama']",2,1997.0,1,3.0,0.0,3.0,3.0,1997
2579,Following (1998),Crime|Mystery|Thriller,"['Crime', 'Mystery', 'Thriller']",3,1998.0,6,3.8333333333333335,0.2581988897471611,3.5,4.0,1998
2580,Go (1999),Comedy|Crime,"['Comedy', 'Crime']",2,1999.0,39,3.9615384615384617,0.806100223824682,2.5,5.0,1999
2581,Never Been Kissed (1999),Comedy|Romance,"['Comedy', 'Romance']",2,1999.0,36,2.958333333333333,1.0781929326423911,1.0,5.0,1999
2582,Twin Dragons (Shuang long hui) (1992),Action|Comedy,"['Action', 'Comedy']",2,1992.0,3,3.0,1.8027756377319943,1.5,5.0,1992
2583,Cookie's Fortune (1999),Comedy|Drama,"['Comedy', 'Drama']",2,1999.0,12,3.875,0.956437518750037,2.0,5.0,1999
2585,"Lovers of the Arctic Circle, The (Los Amantes del Círculo Polar) (1998)",Drama|Romance,"['Drama', 'Romance']",2,1998.0,2,4.25,0.3535533905932738,4.0,4.5,1998
2586,Goodbye Lover (1999),Comedy|Crime|Thriller,"['Comedy', 'Crime', 'Thriller']",3,1999.0,2,1.75,1.7677669529663689,0.5,3.0,1999
2587,Life (1999),Comedy|Crime|Drama,"['Comedy', 'Crime', 'Drama']",3,1999.0,4,3.25,0.957427107756338,2.0,4.0,1999
2589,Friends & Lovers (1999),Comedy|Drama|Romance,"['Comedy', 'Drama', 'Romance']",3,1999.0,1,3.5,0.0,3.5,3.5,1999
2590,Hideous Kinky (1998),Drama,['Drama'],1,1998.0,1,2.5,0.0,2.5,2.5,1998
2593,"Monster, The (Mostro, Il) (1994)",Comedy,['Comedy'],1,1994.0,4,3.375,0.478713553878169,3.0,4.0,1994
2594,Open Your Eyes (Abre los ojos) (1997),Drama|Romance|Sci-Fi|Thriller,"['Drama', 'Romance', 'Sci-Fi', 'Thriller']",4,1997.0,10,3.75,0.754615428178118,2.5,5.0,1997
2596,SLC Punk! (1998),Comedy|Drama,"['Comedy', 'Drama']",2,1998.0,12,3.7916666666666665,0.8649312461728161,2.0,5.0,1998
2597,Lost & Found (1999),Comedy|Romance,"['Comedy', 'Romance']",2,1999.0,2,2.75,0.3535533905932738,2.5,3.0,1999
2598,Pushing Tin (1999),Comedy,['Comedy'],1,1999.0,25,2.84,1.0380269746013346,1.0,4.0,1999
2599,Election (1999),Comedy,['Comedy'],1,1999.0,56,3.6607142857142856,1.0664603425996029,0.5,5.0,1999
2600,eXistenZ (1999),Action|Sci-Fi|Thriller,"['Action', 'Sci-Fi', 'Thriller']",3,1999.0,22,3.863636363636364,0.8044788046842173,2.0,5.0,1999
2605,Entrapment (1999),Crime|Thriller,"['Crime', 'Thriller']",2,1999.0,43,2.988372093023256,0.935340351174903,1.0,5.0,1999
2606,Idle Hands (1999),Comedy|Horror,"['Comedy', 'Horror']",2,1999.0,15,2.566666666666667,0.9232447954800246,0.5,4.0,1999
2607,Get Real (1998),Drama|Romance,"['Drama', 'Romance']",2,1998.0,2,4.0,0.7071067811865476,3.5,4.5,1998
2609,"King of Masks, The (Bian Lian) (1996)",Drama,['Drama'],1,1996.0,1,4.0,0.0,4.0,4.0,1996
2611,"Winslow Boy, The (1999)",Drama,['Drama'],1,1999.0,1,3.0,0.0,3.0,3.0,1999
2612,Mildred Pierce (1945),Drama|Film-Noir,"['Drama', 'Film-Noir']",2,1945.0,1,4.0,0.0,4.0,4.0,1945
2613,Night of the Comet (1984),Comedy|Horror|Sci-Fi,"['Comedy', 'Horror', 'Sci-Fi']",3,1984.0,8,2.875,1.3562026818605375,1.0,5.0,1984
2614,Chopping Mall (a.k.a. Killbots) (1986),Action|Horror|Sci-Fi,"['Action', 'Horror', 'Sci-Fi']",3,1986.0,2,1.0,0.0,1.0,1.0,1986
2615,My Science Project (1985),Adventure|Sci-Fi,"['Adventure', 'Sci-Fi']",2,1985.0,4,2.875,1.181453906563152,2.0,4.5,1985
2616,Dick Tracy (1990),Action|Crime,"['Action', 'Crime']",2,1990.0,26,2.8846153846153846,1.061203960675725,1.0,5.0,1990
2617,"Mummy, The (1999)",Action|Adventure|Comedy|Fantasy|Horror|Thriller,"['Action', 'Adventure', 'Comedy', 'Fantasy', 'Horror', 'Thriller']",6,1999.0,87,3.1206896551724137,1.1436516312798006,0.5,5.0,1999
2618,"Castle, The (1997)",Comedy,['Comedy'],1,1997.0,5,3.4,0.4183300132670378,3.0,4.0,1997
2620,This Is My Father (1998),Drama|Romance,"['Drama', 'Romance']",2,1998.0,1,3.0,0.0,3.0,3.0,1998
2622,William Shakespeare's A Midsummer Night's Dream (1999),Comedy|Fantasy,"['Comedy', 'Fantasy']",2,1999.0,11,3.136363636363636,0.7103136311133658,2.0,5.0,1999
2623,Trippin' (1999),Comedy,['Comedy'],1,1999.0,1,1.0,0.0,1.0,1.0,1999
2624,After Life (Wandafuru raifu) (1998),Drama|Fantasy,"['Drama', 'Fantasy']",2,1998.0,2,4.25,1.0606601717798212,3.5,5.0,1998
2625,Black Mask (Hak hap) (1996),Action|Adventure|Crime|Sci-Fi|Thriller,"['Action', 'Adventure', 'Crime', 'Sci-Fi', 'Thriller']",5,1996.0,2,2.5,1.4142135623730951,1.5,3.5,1996
2628,Star Wars: Episode I - The Phantom Menace (1999),Action|Adventure|Sci-Fi,"['Action', 'Adventure', 'Sci-Fi']",3,1999.0,140,3.107142857142857,1.1217049495448896,0.5,5.0,1999
2629,"Love Letter, The (1999)",Comedy|Romance,"['Comedy', 'Romance']",2,1999.0,2,2.5,0.7071067811865476,2.0,3.0,1999
2630,Besieged (a.k.a. L' Assedio) (1998),Drama,['Drama'],1,1998.0,2,3.5,0.7071067811865476,3.0,4.0,1998
2632,"Saragossa Manuscript, The (Rekopis znaleziony w Saragossie) (1965)",Adventure|Drama|Mystery,"['Adventure', 'Drama', 'Mystery']",3,1965.0,1,4.0,0.0,4.0,4.0,1965
2633,"Mummy, The (1932)",Horror|Romance,"['Horror', 'Romance']",2,1932.0,3,3.333333333333333,1.1547005383792517,2.0,4.0,1932
2634,"Mummy, The (1959)",Horror,['Horror'],1,1959.0,3,3.333333333333333,0.5773502691896258,3.0,4.0,1959
2639,Mommie Dearest (1981),Drama,['Drama'],1,1981.0,4,3.125,0.6291528696058958,2.5,4.0,1981
2640,Superman (1978),Action|Adventure|Sci-Fi,"['Action', 'Adventure', 'Sci-Fi']",3,1978.0,61,3.60655737704918,0.8221656062819737,1.0,5.0,1978
2641,Superman II (1980),Action|Sci-Fi,"['Action', 'Sci-Fi']",2,1980.0,49,3.020408163265306,0.8895175639629829,0.5,5.0,1980
2642,Superman III (1983),Action|Adventure|Sci-Fi,"['Action', 'Adventure', 'Sci-Fi']",3,1983.0,22,2.25,0.8830412814596521,1.0,3.5,1983
2643,Superman IV: The Quest for Peace (1987),Action|Adventure|Sci-Fi,"['Action', 'Adventure', 'Sci-Fi']",3,1987.0,16,1.6875,0.6291528696058959,0.5,3.0,1987
2644,Dracula (1931),Horror,['Horror'],1,1931.0,9,3.333333333333333,0.5590169943749475,2.5,4.0,1931
2648,Frankenstein (1931),Drama|Horror|Sci-Fi,"['Drama', 'Horror', 'Sci-Fi']",3,1931.0,11,3.909090909090909,0.9438798074485388,2.0,5.0,1931
2651,Frankenstein Meets the Wolf Man (1943),Horror,['Horror'],1,1943.0,1,1.0,0.0,1.0,1.0,1943
2652,"Curse of Frankenstein, The (1957)",Horror,['Horror'],1,1957.0,1,3.0,0.0,3.0,3.0,1957
2654,"Wolf Man, The (1941)",Drama|Fantasy|Horror,"['Drama', 'Fantasy', 'Horror']",3,1941.0,5,3.6,1.1937336386313322,2.0,5.0,1941
2655,Howling II: Your Sister Is a Werewolf (1985),Horror,['Horror'],1,1985.0,1,2.0,0.0,2.0,2.0,1985
2656,Tarantula (1955),Horror|Sci-Fi,"['Horror', 'Sci-Fi']",2,1955.0,1,3.0,0.0,3.0,3.0,1955
2657,"Rocky Horror Picture Show, The (1975)",Comedy|Horror|Musical|Sci-Fi,"['Comedy', 'Horror', 'Musical', 'Sci-Fi']",4,1975.0,63,3.3412698412698414,1.1137896541776635,1.0,5.0,1975
2659,It Came from Hollywood (1982),Comedy|Documentary,"['Comedy', 'Documentary']",2,1982.0,1,2.0,0.0,2.0,2.0,1982
2660,"Thing from Another World, The (1951)",Horror|Sci-Fi,"['Horror', 'Sci-Fi']",2,1951.0,4,3.5,0.408248290463863,3.0,4.0,1951
2661,It Came from Outer Space (1953),Sci-Fi,['Sci-Fi'],1,1953.0,1,3.0,0.0,3.0,3.0,1953
2662,"War of the Worlds, The (1953)",Action|Drama|Sci-Fi,"['Action', 'Drama', 'Sci-Fi']",3,1953.0,12,3.1666666666666665,0.8616404368553291,2.0,4.5,1953
2664,Invasion of the Body Snatchers (1956),Horror|Sci-Fi|Thriller,"['Horror', 'Sci-Fi', 'Thriller']",3,1956.0,13,3.769230769230769,0.6956826568014751,3.0,5.0,1956
2665,Earth vs. the Flying Saucers (1956),Sci-Fi,['Sci-Fi'],1,1956.0,1,1.0,0.0,1.0,1.0,1956
2668,Swamp Thing (1982),Horror|Sci-Fi,"['Horror', 'Sci-Fi']",2,1982.0,8,2.9375,0.7288689868556625,2.0,4.0,1982
2669,Pork Chop Hill (1959),War,['War'],1,1959.0,2,3.5,0.7071067811865476,3.0,4.0,1959
2670,Run Silent Run Deep (1958),War,['War'],1,1958.0,5,3.6,0.8944271909999159,3.0,5.0,1958
2671,Notting Hill (1999),Comedy|Romance,"['Comedy', 'Romance']",2,1999.0,56,3.455357142857143,1.054327815651822,0.5,5.0,1999
2672,"Thirteenth Floor, The (1999)",Drama|Sci-Fi|Thriller,"['Drama', 'Sci-Fi', 'Thriller']",3,1999.0,12,2.958333333333333,1.1171866722289794,0.5,4.0,1999
2674,"Loss of Sexual Innocence, The (1999)",Drama|Fantasy,"['Drama', 'Fantasy']",2,1999.0,2,2.25,1.0606601717798212,1.5,3.0,1999
2676,Instinct (1999),Drama|Thriller,"['Drama', 'Thriller']",2,1999.0,6,3.1666666666666665,1.2110601416389966,1.5,4.5,1999
2677,Buena Vista Social Club (1999),Documentary|Musical,"['Documentary', 'Musical']",2,1999.0,4,4.375,0.478713553878169,4.0,5.0,1999
2681,Free Enterprise (1998),Comedy|Romance|Sci-Fi,"['Comedy', 'Romance', 'Sci-Fi']",3,1998.0,3,3.0,0.5,2.5,3.5,1998
2682,Limbo (1999),Drama,['Drama'],1,1999.0,3,4.0,0.0,4.0,4.0,1999
2683,Austin Powers: The Spy Who Shagged Me (1999),Action|Adventure|Comedy,"['Action', 'Adventure', 'Comedy']",3,1999.0,121,3.1983471074380163,1.215317754819316,0.5,5.0,1999
2686,"Red Violin, The (Violon rouge, Le) (1998)",Drama|Mystery,"['Drama', 'Mystery']",2,1998.0,19,4.026315789473684,0.6966922684794659,3.0,5.0,1998
2687,Tarzan (1999),Adventure|Animation|Children|Drama,"['Adventure', 'Animation', 'Children', 'Drama']",4,1999.0,24,3.458333333333333,0.98815447950324,1.5,5.0,1999
2688,"General's Daughter, The (1999)",Crime|Drama|Mystery|Thriller,"['Crime', 'Drama', 'Mystery', 'Thriller']",4,1999.0,15,2.933333333333333,0.9976162063830436,0.5,4.0,1999
2690,"Ideal Husband, An (1999)",Comedy|Romance,"['Comedy', 'Romance']",2,1999.0,10,3.7,0.8232726023485646,2.0,5.0,1999
2691,"Legend of 1900, The (a.k.a. The Legend of the Pianist on the Ocean) (Leggenda del pianista sull'oceano) (1998)",Drama,['Drama'],1,1998.0,3,3.6666666666666665,1.0408329997330663,2.5,4.5,1998
2692,Run Lola Run (Lola rennt) (1998),Action|Crime,"['Action', 'Crime']",2,1998.0,75,4.0,0.65243825430126,2.0,5.0,1998
2693,Trekkies (1997),Documentary,['Documentary'],1,1997.0,4,3.375,1.6007810593582124,1.0,4.5,1997
2694,Big Daddy (1999),Comedy,['Comedy'],1,1999.0,48,3.1979166666666665,0.932507391638797,0.5,5.0,1999
2695,"Boys, The (1998)",Drama,['Drama'],1,1998.0,1,2.0,0.0,2.0,2.0,1998
2696,"Dinner Game, The (Dîner de cons, Le) (1998)",Comedy,['Comedy'],1,1998.0,3,4.333333333333333,0.5773502691896258,4.0,5.0,1998
2697,My Son the Fanatic (1997),Comedy|Drama|Romance,"['Comedy', 'Drama', 'Romance']",3,1997.0,1,3.5,0.0,3.5,3.5,1997
2698,Zone 39 (1997),Sci-Fi,['Sci-Fi'],1,1997.0,1,2.0,0.0,2.0,2.0,1997
2699,Arachnophobia (1990),Comedy|Horror,"['Comedy', 'Horror']",2,1990.0,53,2.811320754716981,0.9518525211717191,0.5,5.0,1990
2700,"South Park: Bigger, Longer and Uncut (1999)",Animation|Comedy|Musical,"['Animation', 'Comedy', 'Musical']",3,1999.0,76,3.861842105263158,1.0086250846590663,0.5,5.0,1999
2701,Wild Wild West (1999),Action|Comedy|Sci-Fi|Western,"['Action', 'Comedy', 'Sci-Fi', 'Western']",4,1999.0,53,2.207547169811321,0.9827060474103312,0.5,4.5,1999
2702,Summer of Sam (1999),Drama,['Drama'],1,1999.0,15,3.4,1.0555973258234952,1.0,5.0,1999
2706,American Pie (1999),Comedy|Romance,"['Comedy', 'Romance']",2,1999.0,103,3.378640776699029,1.0442795138404477,0.5,5.0,1999
2707,Arlington Road (1999),Thriller,['Thriller'],1,1999.0,22,3.272727272727273,0.9602488854864254,0.5,5.0,1999
2708,"Autumn Tale, An (Conte d'automne) (1998)",Romance,['Romance'],1,1998.0,3,4.0,0.0,4.0,4.0,1998
2709,Muppets From Space (1999),Children|Comedy,"['Children', 'Comedy']",2,1999.0,9,3.1666666666666665,1.224744871391589,1.0,5.0,1999
2710,"Blair Witch Project, The (1999)",Drama|Horror|Thriller,"['Drama', 'Horror', 'Thriller']",3,1999.0,64,2.796875,1.373556240578356,0.5,5.0,1999
2712,Eyes Wide Shut (1999),Drama|Mystery|Thriller,"['Drama', 'Mystery', 'Thriller']",3,1999.0,53,3.462264150943396,1.1130737785855644,1.0,5.0,1999
2713,Lake Placid (1999),Horror|Thriller,"['Horror', 'Thriller']",2,1999.0,12,2.6666666666666665,0.9128709291752768,0.5,4.0,1999
2716,Ghostbusters (a.k.a. Ghost Busters) (1984),Action|Comedy|Sci-Fi,"['Action', 'Comedy', 'Sci-Fi']",3,1984.0,120,3.775,0.862013472569168,1.5,5.0,1984
2717,Ghostbusters II (1989),Comedy|Fantasy|Sci-Fi,"['Comedy', 'Fantasy', 'Sci-Fi']",3,1989.0,47,3.0,0.8784868413555107,0.5,5.0,1989
2718,Drop Dead Gorgeous (1999),Comedy,['Comedy'],1,1999.0,10,3.2,0.8232726023485646,1.5,4.0,1999
2719,"Haunting, The (1999)",Horror|Thriller,"['Horror', 'Thriller']",2,1999.0,13,2.1153846153846154,0.8454250941056752,0.5,3.0,1999
2720,Inspector Gadget (1999),Action|Adventure|Children|Comedy,"['Action', 'Adventure', 'Children', 'Comedy']",4,1999.0,21,2.095238095238096,1.168535917495132,0.5,5.0,1999
2722,Deep Blue Sea (1999),Action|Horror|Sci-Fi|Thriller,"['Action', 'Horror', 'Sci-Fi', 'Thriller']",4,1999.0,29,2.7758620689655173,0.9782108932761574,0.5,4.5,1999
2723,Mystery Men (1999),Action|Comedy|Fantasy,"['Action', 'Comedy', 'Fantasy']",3,1999.0,39,3.08974358974359,1.069135132957297,1.0,5.0,1999
2724,Runaway Bride (1999),Comedy|Romance,"['Comedy', 'Romance']",2,1999.0,42,2.833333333333333,1.0515184529577066,0.5,5.0,1999
2725,Twin Falls Idaho (1999),Drama,['Drama'],1,1999.0,1,2.0,0.0,2.0,2.0,1999
2726,"Killing, The (1956)",Crime|Film-Noir,"['Crime', 'Film-Noir']",2,1956.0,9,4.055555555555555,0.5270462766947298,3.0,5.0,1956
2727,Killer's Kiss (1955),Crime|Film-Noir,"['Crime', 'Film-Noir']",2,1955.0,1,3.0,0.0,3.0,3.0,1955
2728,Spartacus (1960),Action|Drama|Romance|War,"['Action', 'Drama', 'Romance', 'War']",4,1960.0,13,3.576923076923077,0.7595545253127498,2.5,5.0,1960
2729,Lolita (1962),Drama|Romance,"['Drama', 'Romance']",2,1962.0,7,3.5,0.5,3.0,4.0,1962
2730,Barry Lyndon (1975),Drama|Romance|War,"['Drama', 'Romance', 'War']",3,1975.0,7,3.7142857142857135,0.9940297973880048,2.0,5.0,1975
2731,"400 Blows, The (Les quatre cents coups) (1959)",Crime|Drama,"['Crime', 'Drama']",2,1959.0,12,4.0,0.7687061147858073,2.0,5.0,1959
2732,Jules and Jim (Jules et Jim) (1961),Drama|Romance,"['Drama', 'Romance']",2,1961.0,5,4.5,0.5000000000000001,4.0,5.0,1961
2733,Vibes (1988),Adventure|Comedy|Romance,"['Adventure', 'Comedy', 'Romance']",3,1988.0,2,2.0,0.0,2.0,2.0,1988
2734,"Mosquito Coast, The (1986)",Adventure|Drama|Thriller,"['Adventure', 'Drama', 'Thriller']",3,1986.0,10,3.25,0.5892556509887896,2.5,4.0,1986
2735,"Golden Child, The (1986)",Action|Adventure|Comedy|Fantasy|Mystery,"['Action', 'Adventure', 'Comedy', 'Fantasy', 'Mystery']",5,1986.0,16,2.71875,1.0483121354507603,1.0,4.0,1986
2736,Brighton Beach Memoirs (1986),Comedy,['Comedy'],1,1986.0,5,3.6,0.5477225575051661,3.0,4.0,1986
2737,Assassination (1987),Action|Drama|Thriller,"['Action', 'Drama', 'Thriller']",3,1987.0,1,4.0,0.0,4.0,4.0,1987
2738,Crimes of the Heart (1986),Comedy|Drama,"['Comedy', 'Drama']",2,1986.0,1,4.0,0.0,4.0,4.0,1986
2739,"Color Purple, The (1985)",Drama,['Drama'],1,1985.0,12,3.9166666666666665,0.7637626158259734,2.5,5.0,1985
2740,"Kindred, The (1986)",Horror|Sci-Fi,"['Horror', 'Sci-Fi']",2,1986.0,1,1.0,0.0,1.0,1.0,1986
2741,No Mercy (1986),Action|Crime|Thriller,"['Action', 'Crime', 'Thriller']",3,1986.0,2,2.0,0.0,2.0,2.0,1986
2742,Ménage (Tenue de soirée) (1986),Comedy|Drama,"['Comedy', 'Drama']",2,1986.0,1,1.0,0.0,1.0,1.0,1986
2743,Native Son (1986),Drama,['Drama'],1,1986.0,1,3.0,0.0,3.0,3.0,1986
2744,Otello (1986),Drama,['Drama'],1,1986.0,1,4.0,0.0,4.0,4.0,1986
2745,"Mission, The (1986)",Drama,['Drama'],1,1986.0,9,3.5,0.8660254037844386,2.0,5.0,1986
2746,Little Shop of Horrors (1986),Comedy|Horror|Musical,"['Comedy', 'Horror', 'Musical']",3,1986.0,39,3.333333333333333,0.7194052124144799,1.5,5.0,1986
2747,"Little Shop of Horrors, The (1960)",Comedy|Horror,"['Comedy', 'Horror']",2,1960.0,9,3.0,0.7071067811865475,2.0,4.0,1960
2748,Allan Quatermain and the Lost City of Gold (1987),Action|Adventure|Comedy,"['Action', 'Adventure', 'Comedy']",3,1987.0,6,1.8333333333333333,0.9309493362512627,0.5,3.0,1987
2749,"Morning After, The (1986)",Drama|Mystery,"['Drama', 'Mystery']",2,1986.0,2,4.0,0.0,4.0,4.0,1986
2750,Radio Days (1987),Comedy|Drama,"['Comedy', 'Drama']",2,1987.0,7,3.142857142857143,0.6267831705280087,2.0,4.0,1987
2751,From the Hip (1987),Comedy|Drama,"['Comedy', 'Drama']",2,1987.0,1,4.0,0.0,4.0,4.0,1987
2752,Outrageous Fortune (1987),Comedy|Mystery,"['Comedy', 'Mystery']",2,1987.0,8,2.8125,0.6512350903146596,2.0,4.0,1987
2754,Deadtime Stories (1987),Horror,['Horror'],1,1987.0,1,1.0,0.0,1.0,1.0,1987
2757,Frances (1982),Drama,['Drama'],1,1982.0,1,3.5,0.0,3.5,3.5,1982
2759,Dick (1999),Comedy,['Comedy'],1,1999.0,8,3.5,0.8451542547285166,2.5,5.0,1999
2761,"Iron Giant, The (1999)",Adventure|Animation|Children|Drama|Sci-Fi,"['Adventure', 'Animation', 'Children', 'Drama', 'Sci-Fi']",5,1999.0,39,4.051282051282051,0.8012726045327074,2.0,5.0,1999
2762,"Sixth Sense, The (1999)",Drama|Horror|Mystery,"['Drama', 'Horror', 'Mystery']",3,1999.0,179,3.893854748603352,0.9554199036374794,0.5,5.0,1999
2763,"Thomas Crown Affair, The (1999)",Action|Mystery,"['Action', 'Mystery']",2,1999.0,48,3.6458333333333335,0.8626920589946812,1.0,5.0,1999
2764,"Thomas Crown Affair, The (1968)",Crime|Drama|Romance|Thriller,"['Crime', 'Drama', 'Romance', 'Thriller']",4,1968.0,7,4.0,0.6454972243679028,3.0,5.0,1968
2765,"Acid House, The (1998)",Comedy|Drama,"['Comedy', 'Drama']",2,1998.0,1,3.5,0.0,3.5,3.5,1998
2766,"Adventures of Sebastian Cole, The (1998)",Comedy|Drama,"['Comedy', 'Drama']",2,1998.0,2,3.25,0.3535533905932738,3.0,3.5,1998
2770,Bowfinger (1999),Comedy,['Comedy'],1,1999.0,38,2.960526315789474,1.0422272081186597,0.5,5.0,1999
2771,Brokedown Palace (1999),Drama,['Drama'],1,1999.0,4,3.25,1.707825127659933,1.0,5.0,1999
2772,Detroit Rock City (1999),Comedy,['Comedy'],1,1999.0,10,2.85,1.395429045928965,1.0,5.0,1999
2774,Better Than Chocolate (1999),Comedy|Romance,"['Comedy', 'Romance']",2,1999.0,1,3.0,0.0,3.0,3.0,1999
2775,Head On (1998),Drama,['Drama'],1,1998.0,1,1.0,0.0,1.0,1.0,1998
2779,Heaven Can Wait (1978),Comedy,['Comedy'],1,1978.0,13,3.269230769230769,0.6650621717611762,2.0,4.0,1978
2782,Pit and the Pendulum (1961),Horror,['Horror'],1,1961.0,3,3.333333333333333,1.2583057392117916,2.0,4.5,1961
2784,"Masque of the Red Death, The (1964)",Horror,['Horror'],1,1964.0,2,3.25,0.3535533905932738,3.0,3.5,1964
2786,Haunted Honeymoon (1986),Comedy,['Comedy'],1,1986.0,4,1.75,0.5,1.0,2.0,1986
2787,Cat's Eye (1985),Horror,['Horror'],1,1985.0,6,2.4166666666666665,0.4915960401250875,2.0,3.0,1985
2788,Monty Python's And Now for Something Completely Different (1971),Comedy,['Comedy'],1,1971.0,28,4.053571428571429,0.7115357115303973,2.0,5.0,1971
2789,Damien: Omen II (1978),Horror,['Horror'],1,1978.0,4,2.875,1.3149778198382918,1.0,4.0,1978
2790,"Final Conflict, The (a.k.a. Omen III: The Final Conflict) (1981)",Horror|Thriller,"['Horror', 'Thriller']",2,1981.0,2,2.0,1.4142135623730951,1.0,3.0,1981
2791,Airplane! (1980),Comedy,['Comedy'],1,1980.0,87,3.85632183908046,0.9642084534616004,1.0,5.0,1980
2792,Airplane II: The Sequel (1982),Comedy,['Comedy'],1,1982.0,19,3.1842105263157894,1.204280863279334,1.0,5.0,1982
2793,"American Werewolf in Paris, An (1997)",Comedy|Horror|Romance|Thriller,"['Comedy', 'Horror', 'Romance', 'Thriller']",4,1997.0,10,2.3,0.9189365834726816,1.0,3.5,1997
2794,European Vacation (aka National Lampoon's European Vacation) (1985),Adventure|Comedy|Romance,"['Adventure', 'Comedy', 'Romance']",3,1985.0,15,2.6333333333333333,0.5163977794943221,1.5,3.0,1985
2795,National Lampoon's Vacation (1983),Comedy,['Comedy'],1,1983.0,26,3.6538461538461537,0.8218178723930353,2.0,5.0,1983
2796,Funny Farm (1988),Comedy,['Comedy'],1,1988.0,11,2.590909090909091,1.0444659357341872,0.5,4.0,1988
2797,Big (1988),Comedy|Drama|Fantasy|Romance,"['Comedy', 'Drama', 'Fantasy', 'Romance']",4,1988.0,91,3.71978021978022,0.8794214992722051,0.5,5.0,1988
2798,Problem Child (1990),Children|Comedy,"['Children', 'Comedy']",2,1990.0,12,1.5833333333333333,0.7929614610987591,0.5,3.0,1990
2799,Problem Child 2 (1991),Comedy,['Comedy'],1,1991.0,8,1.3125,0.8425090080061035,0.5,3.0,1991
2800,Little Nemo: Adventures in Slumberland (1992),Adventure|Animation|Children|Drama|Fantasy,"['Adventure', 'Animation', 'Children', 'Drama', 'Fantasy']",5,1992.0,1,2.5,0.0,2.5,2.5,1992
2801,Oscar and Lucinda (a.k.a. Oscar & Lucinda) (1997),Drama|Romance,"['Drama', 'Romance']",2,1997.0,1,4.5,0.0,4.5,4.5,1997
2802,Tequila Sunrise (1988),Action|Drama|Romance|Thriller,"['Action', 'Drama', 'Romance', 'Thriller']",4,1988.0,13,3.0384615384615383,0.4311582492512881,2.0,4.0,1988
2803,"Pelican Brief, The (1993)",Crime|Drama|Mystery|Romance|Thriller,"['Crime', 'Drama', 'Mystery', 'Romance', 'Thriller']",5,1993.0,13,2.923076923076923,0.6722522420364822,2.0,4.0,1993
2804,"Christmas Story, A (1983)",Children|Comedy,"['Children', 'Comedy']",2,1983.0,55,3.9727272727272727,0.949747441175917,1.0,5.0,1983
2805,Mickey Blue Eyes (1999),Comedy|Romance,"['Comedy', 'Romance']",2,1999.0,23,3.0,0.8660254037844387,1.0,4.0,1999
2806,Teaching Mrs. Tingle (1999),Comedy|Thriller,"['Comedy', 'Thriller']",2,1999.0,9,2.333333333333333,1.414213562373095,0.5,5.0,1999
2807,Universal Soldier: The Return (1999),Action|Sci-Fi,"['Action', 'Sci-Fi']",2,1999.0,4,2.625,1.8874586088176877,0.5,5.0,1999
2808,Universal Soldier (1992),Action|Sci-Fi,"['Action', 'Sci-Fi']",2,1992.0,17,2.2058823529411766,1.173387504319915,0.5,5.0,1992
2810,Perfect Blue (1997),Animation|Horror|Mystery|Thriller,"['Animation', 'Horror', 'Mystery', 'Thriller']",4,1997.0,5,4.2,1.036822067666386,2.5,5.0,1997
2812,In Too Deep (1999),Action|Thriller,"['Action', 'Thriller']",2,1999.0,1,3.0,0.0,3.0,3.0,1999
2813,"Source, The (1999)",Documentary,['Documentary'],1,1999.0,1,1.0,0.0,1.0,1.0,1999
2815,Iron Eagle (1986),Action|War,"['Action', 'War']",2,1986.0,7,2.2857142857142856,0.7559289460184544,1.0,3.0,1986
2816,Iron Eagle II (1988),Action|War,"['Action', 'War']",2,1988.0,3,1.6666666666666667,1.1547005383792517,1.0,3.0,1988
2817,Aces: Iron Eagle III (1992),Action,['Action'],1,1992.0,3,2.0,1.0,1.0,3.0,1992
2818,Iron Eagle IV (1995),Action|War,"['Action', 'War']",2,1995.0,3,1.0,0.0,1.0,1.0,1995
2819,Three Days of the Condor (3 Days of the Condor) (1975),Drama|Mystery|Romance|Thriller,"['Drama', 'Mystery', 'Romance', 'Thriller']",4,1975.0,16,3.75,1.0165300454651272,1.0,5.0,1975
2820,Hamlet (1964),Drama,['Drama'],1,1964.0,1,4.0,0.0,4.0,4.0,1964
2822,Medicine Man (1992),Adventure|Romance,"['Adventure', 'Romance']",2,1992.0,11,3.136363636363636,1.1638494123147782,2.0,5.0,1992
2824,On the Ropes (1999),Documentary|Drama,"['Documentary', 'Drama']",2,1999.0,1,5.0,0.0,5.0,5.0,1999
2826,"13th Warrior, The (1999)",Action|Adventure|Fantasy,"['Action', 'Adventure', 'Fantasy']",3,1999.0,26,2.9038461538461537,1.0001922892047386,1.0,4.5,1999
2827,"Astronaut's Wife, The (1999)",Horror|Sci-Fi|Thriller,"['Horror', 'Sci-Fi', 'Thriller']",3,1999.0,11,2.272727272727273,0.8764598212022148,1.0,3.5,1999
2828,Dudley Do-Right (1999),Children|Comedy,"['Children', 'Comedy']",2,1999.0,2,1.5,0.7071067811865476,1.0,2.0,1999
2829,"Muse, The (1999)",Comedy,['Comedy'],1,1999.0,7,3.071428571428572,1.096531327587567,1.0,4.0,1999
2835,Chill Factor (1999),Action|Adventure|Comedy|Thriller,"['Action', 'Adventure', 'Comedy', 'Thriller']",4,1999.0,1,1.0,0.0,1.0,1.0,1999
2836,Outside Providence (1999),Comedy,['Comedy'],1,1999.0,4,3.5,1.2909944487358056,2.0,5.0,1999
2837,Bedrooms & Hallways (1998),Comedy|Romance,"['Comedy', 'Romance']",2,1998.0,1,3.0,0.0,3.0,3.0,1998
2839,West Beirut (West Beyrouth) (1998),Drama,['Drama'],1,1998.0,1,4.0,0.0,4.0,4.0,1998
2840,Stigmata (1999),Drama|Thriller,"['Drama', 'Thriller']",2,1999.0,23,2.869565217391304,1.0468284493514404,1.0,5.0,1999
2841,Stir of Echoes (1999),Horror|Mystery|Thriller,"['Horror', 'Mystery', 'Thriller']",3,1999.0,18,3.5277777777777777,0.8655535838617663,1.5,5.0,1999
2843,"Black Cat, White Cat (Crna macka, beli macor) (1998)",Comedy|Romance,"['Comedy', 'Romance']",2,1998.0,9,3.9444444444444446,1.1843892002959913,2.0,5.0,1998
2844,"Minus Man, The (1999)",Drama|Mystery,"['Drama', 'Mystery']",2,1999.0,3,2.6666666666666665,1.5275252316519468,1.0,4.0,1999
2846,"Adventures of Milo and Otis, The (Koneko monogatari) (1986)",Adventure|Children|Comedy|Drama,"['Adventure', 'Children', 'Comedy', 'Drama']",4,1986.0,7,3.857142857142857,0.8017837257372731,3.0,5.0,1986
2847,Only Angels Have Wings (1939),Adventure|Drama|Romance,"['Adventure', 'Drama', 'Romance']",3,1939.0,2,3.0,0.0,3.0,3.0,1939
2848,"Othello (Tragedy of Othello: The Moor of Venice, The) (1952)",Drama,['Drama'],1,1952.0,1,4.0,0.0,4.0,4.0,1952
2851,Saturn 3 (1980),Adventure|Sci-Fi|Thriller,"['Adventure', 'Sci-Fi', 'Thriller']",3,1980.0,4,3.25,1.2583057392117916,2.0,5.0,1980
2852,"Soldier's Story, A (1984)",Drama,['Drama'],1,1984.0,1,4.0,0.0,4.0,4.0,1984
2856,I Saw What You Did (1965),Thriller,['Thriller'],1,1965.0,1,3.0,0.0,3.0,3.0,1965
2857,Yellow Submarine (1968),Adventure|Animation|Comedy|Fantasy|Musical,"['Adventure', 'Animation', 'Comedy', 'Fantasy', 'Musical']",5,1968.0,14,3.2857142857142856,0.8017837257372732,2.0,4.5,1968
2858,American Beauty (1999),Drama|Romance,"['Drama', 'Romance']",2,1999.0,204,4.056372549019608,0.9702513911360044,0.5,5.0,1999
2859,Stop Making Sense (1984),Documentary|Musical,"['Documentary', 'Musical']",2,1984.0,7,3.857142857142857,0.8521681032463467,3.0,5.0,1984
2860,Blue Streak (1999),Comedy,['Comedy'],1,1999.0,9,2.611111111111111,0.6009252125773316,2.0,3.5,1999
2861,For Love of the Game (1999),Comedy|Drama,"['Comedy', 'Drama']",2,1999.0,8,3.375,0.7440238091428449,2.0,4.0,1999
2862,Caligula (1979),Drama,['Drama'],1,1979.0,1,1.0,0.0,1.0,1.0,1979
2863,"Hard Day's Night, A (1964)",Adventure|Comedy|Musical,"['Adventure', 'Comedy', 'Musical']",3,1964.0,19,3.473684210526316,0.8575430700315083,2.0,5.0,1964
2865,Sugar Town (1999),Comedy,['Comedy'],1,1999.0,1,4.0,0.0,4.0,4.0,1999
2866,"Buddy Holly Story, The (1978)",Drama,['Drama'],1,1978.0,5,3.6,0.4183300132670378,3.0,4.0,1978
2867,Fright Night (1985),Comedy|Horror|Thriller,"['Comedy', 'Horror', 'Thriller']",3,1985.0,12,3.583333333333333,1.0836246694508316,1.0,5.0,1985
2868,Fright Night Part II (1988),Horror,['Horror'],1,1988.0,2,2.0,1.4142135623730951,1.0,3.0,1988
2870,Barefoot in the Park (1967),Comedy,['Comedy'],1,1967.0,8,3.3125,0.4580626906564521,3.0,4.0,1967
2871,Deliverance (1972),Adventure|Drama|Thriller,"['Adventure', 'Drama', 'Thriller']",3,1972.0,30,3.9,0.6351757834348449,3.0,5.0,1972
2872,Excalibur (1981),Adventure|Fantasy,"['Adventure', 'Fantasy']",2,1981.0,25,3.64,1.015709932346173,1.5,5.0,1981
2874,"Pajama Game, The (1957)",Comedy|Musical|Romance,"['Comedy', 'Musical', 'Romance']",3,1957.0,3,3.6666666666666665,0.5773502691896258,3.0,4.0,1957
2875,Sommersby (1993),Drama|Mystery|Romance,"['Drama', 'Mystery', 'Romance']",3,1993.0,10,2.95,0.6851601597031488,2.0,4.0,1993
2876,Thumbelina (1994),Animation|Children|Fantasy,"['Animation', 'Children', 'Fantasy']",3,1994.0,1,2.0,0.0,2.0,2.0,1994
2877,Tommy (1975),Musical,['Musical'],1,1975.0,7,3.0,1.1547005383792517,1.0,4.0,1975
2878,Hell Night (1981),Horror,['Horror'],1,1981.0,2,2.0,0.0,2.0,2.0,1981
2879,Armour of God II: Operation Condor (Operation Condor) (Fei ying gai wak) (1991),Action|Adventure|Comedy,"['Action', 'Adventure', 'Comedy']",3,1991.0,7,3.2142857142857144,1.409998311380279,1.0,5.0,1991
2880,Armour of God (Long xiong hu di) (1987),Action|Adventure|Comedy,"['Action', 'Adventure', 'Comedy']",3,1987.0,6,3.083333333333333,1.2006942436218584,1.0,4.0,1987
2881,Double Jeopardy (1999),Action|Crime|Drama|Thriller,"['Action', 'Crime', 'Drama', 'Thriller']",4,1999.0,19,3.026315789473684,1.1483524939200496,0.5,5.0,1999
2882,Jakob the Liar (1999),Drama,['Drama'],1,1999.0,4,2.0,0.7071067811865476,1.0,2.5,1999
2883,Mumford (1999),Comedy|Drama,"['Comedy', 'Drama']",2,1999.0,5,3.2,0.447213595499958,3.0,4.0,1999
2884,Dog Park (1998),Comedy|Romance,"['Comedy', 'Romance']",2,1998.0,1,2.0,0.0,2.0,2.0,1998
2885,Guinevere (1999),Drama|Romance,"['Drama', 'Romance']",2,1999.0,1,2.0,0.0,2.0,2.0,1999
2886,"Adventures of Elmo in Grouchland, The (1999)",Children|Comedy,"['Children', 'Comedy']",2,1999.0,2,1.5,0.7071067811865476,1.0,2.0,1999
2887,Simon Sez (1999),Action|Comedy,"['Action', 'Comedy']",2,1999.0,1,1.0,0.0,1.0,1.0,1999
2888,Drive Me Crazy (1999),Comedy|Romance,"['Comedy', 'Romance']",2,1999.0,5,2.1,1.08397416943394,1.0,3.5,1999
2889,"Mystery, Alaska (1999)",Comedy|Drama,"['Comedy', 'Drama']",2,1999.0,8,3.75,0.6546536707079771,3.0,5.0,1999
2890,Three Kings (1999),Action|Adventure|Comedy|Drama|War,"['Action', 'Adventure', 'Comedy', 'Drama', 'War']",5,1999.0,45,3.7111111111111112,0.7723112367851749,1.0,5.0,1999
2891,"Happy, Texas (1999)",Comedy,['Comedy'],1,1999.0,3,4.0,1.0,3.0,5.0,1999
2892,New Rose Hotel (1998),Action|Drama,"['Action', 'Drama']",2,1998.0,1,1.0,0.0,1.0,1.0,1998
2893,Plunkett & MaCleane (1999),Action|Adventure|Drama,"['Action', 'Adventure', 'Drama']",3,1999.0,1,3.0,0.0,3.0,3.0,1999
2894,Romance (1999),Drama|Romance,"['Drama', 'Romance']",2,1999.0,1,4.0,0.0,4.0,4.0,1999
2896,Alvarez Kelly (1966),Western,['Western'],1,1966.0,1,3.0,0.0,3.0,3.0,1966
2897,And the Ship Sails On (E la nave va) (1983),Comedy|War,"['Comedy', 'War']",2,1983.0,1,4.0,0.0,4.0,4.0,1983
2898,"Dark Half, The (1993)",Horror|Mystery,"['Horror', 'Mystery']",2,1993.0,1,2.0,0.0,2.0,2.0,1993
2899,Gulliver's Travels (1939),Adventure|Animation|Children,"['Adventure', 'Animation', 'Children']",3,1939.0,3,3.0,2.0,1.0,5.0,1939
2900,Monkey Shines (1988),Horror|Sci-Fi,"['Horror', 'Sci-Fi']",2,1988.0,2,2.5,0.7071067811865476,2.0,3.0,1988
2901,Phantasm (1979),Horror|Sci-Fi,"['Horror', 'Sci-Fi']",2,1979.0,14,2.892857142857143,1.3327036058700004,1.0,5.0,1979
2902,Psycho II (1983),Horror|Mystery|Thriller,"['Horror', 'Mystery', 'Thriller']",3,1983.0,4,2.5,0.5773502691896257,2.0,3.0,1983
2903,Psycho III (1986),Horror|Thriller,"['Horror', 'Thriller']",2,1986.0,2,2.5,0.7071067811865476,2.0,3.0,1986
2905,Sanjuro (Tsubaki Sanjûrô) (1962),Action|Adventure|Drama,"['Action', 'Adventure', 'Drama']",3,1962.0,4,4.25,0.4999999999999999,3.5,4.5,1962
2906,Random Hearts (1999),Drama|Romance,"['Drama', 'Romance']",2,1999.0,7,2.571428571428572,1.511857892036909,1.0,5.0,1999
2907,Superstar (1999),Comedy,['Comedy'],1,1999.0,7,3.571428571428572,1.1338934190276817,2.0,5.0,1999
2908,Boys Don't Cry (1999),Drama,['Drama'],1,1999.0,39,3.551282051282051,1.0809040550614624,1.0,5.0,1999
2912,"Limey, The (1999)",Crime|Drama|Thriller,"['Crime', 'Drama', 'Thriller']",3,1999.0,14,3.892857142857143,0.7384644001776053,2.5,5.0,1999
2915,Risky Business (1983),Comedy,['Comedy'],1,1983.0,42,3.4404761904761907,0.9186574307265116,1.0,5.0,1983
2916,Total Recall (1990),Action|Adventure|Sci-Fi|Thriller,"['Action', 'Adventure', 'Sci-Fi', 'Thriller']",4,1990.0,88,3.653409090909091,0.8035766117495506,1.5,5.0,1990
2917,Body Heat (1981),Crime|Thriller,"['Crime', 'Thriller']",2,1981.0,10,4.0,0.6666666666666666,3.0,5.0,1981
2918,Ferris Bueller's Day Off (1986),Comedy,['Comedy'],1,1986.0,109,3.839449541284404,0.8330019728561242,1.0,5.0,1986
2919,"Year of Living Dangerously, The (1982)",Drama|Romance|War,"['Drama', 'Romance', 'War']",3,1982.0,8,3.8125,0.7529703086538576,3.0,5.0,1982
2921,High Plains Drifter (1973),Western,['Western'],1,1973.0,11,4.181818181818182,0.6030226891555275,3.0,5.0,1973
2922,Hang 'Em High (1968),Crime|Drama|Western,"['Crime', 'Drama', 'Western']",3,1968.0,5,3.6,0.5477225575051661,3.0,4.0,1968
2924,Drunken Master (Jui kuen) (1978),Action|Comedy,"['Action', 'Comedy']",2,1978.0,10,4.05,0.8959786703810407,3.0,5.0,1978
2925,"Conformist, The (Conformista, Il) (1970)",Drama,['Drama'],1,1970.0,5,4.1,0.8215838362577492,3.5,5.0,1970
2926,Hairspray (1988),Comedy|Drama,"['Comedy', 'Drama']",2,1988.0,11,3.3181818181818183,0.9020179397530648,2.0,5.0,1988
2927,Brief Encounter (1946),Drama|Romance,"['Drama', 'Romance']",2,1946.0,2,3.5,0.7071067811865476,3.0,4.0,1946
2928,"Razor's Edge, The (1984)",Drama,['Drama'],1,1984.0,2,3.5,0.7071067811865476,3.0,4.0,1984
2929,Reds (1981),Drama|Romance,"['Drama', 'Romance']",2,1981.0,2,3.25,0.3535533905932738,3.0,3.5,1981
2930,Return with Honor (1998),Documentary,['Documentary'],1,1998.0,1,3.5,0.0,3.5,3.5,1998
2931,Time of the Gypsies (Dom za vesanje) (1989),Comedy|Crime|Drama|Fantasy,"['Comedy', 'Crime', 'Drama', 'Fantasy']",4,1989.0,3,4.166666666666667,0.2886751345948129,4.0,4.5,1989
2932,Days of Heaven (1978),Drama,['Drama'],1,1978.0,3,3.6666666666666665,0.5773502691896258,3.0,4.0,1978
2935,"Lady Eve, The (1941)",Comedy|Romance,"['Comedy', 'Romance']",2,1941.0,8,4.0,1.3093073414159544,1.0,5.0,1941
2936,Sullivan's Travels (1941),Adventure|Comedy|Romance,"['Adventure', 'Comedy', 'Romance']",3,1941.0,7,4.0,0.7637626158259733,3.0,5.0,1941
2937,"Palm Beach Story, The (1942)",Comedy,['Comedy'],1,1942.0,5,4.1,0.9617692030835672,2.5,5.0,1942
2939,Niagara (1953),Drama|Thriller,"['Drama', 'Thriller']",2,1953.0,0,0.0,0.0,0.0,0.0,1953
2940,Gilda (1946),Drama|Film-Noir|Mystery|Romance,"['Drama', 'Film-Noir', 'Mystery', 'Romance']",4,1946.0,6,4.0,0.0,4.0,4.0,1946
2941,South Pacific (1958),Musical|Romance|War,"['Musical', 'Romance', 'War']",3,1958.0,9,3.7777777777777777,0.6666666666666666,3.0,5.0,1958
2942,Flashdance (1983),Drama|Romance,"['Drama', 'Romance']",2,1983.0,16,2.875,0.957427107756338,1.0,5.0,1983
2943,Indochine (1992),Drama|Romance,"['Drama', 'Romance']",2,1992.0,3,4.166666666666667,0.7637626158259734,3.5,5.0,1992
2944,"Dirty Dozen, The (1967)",Action|Drama|War,"['Action', 'Drama', 'War']",3,1967.0,32,3.96875,0.5670736994828462,3.0,5.0,1967
2946,Help! (1965),Comedy|Musical,"['Comedy', 'Musical']",2,1965.0,7,3.357142857142857,0.3779644730092272,3.0,4.0,1965
2947,Goldfinger (1964),Action|Adventure|Thriller,"['Action', 'Adventure', 'Thriller']",3,1964.0,53,3.839622641509434,0.6706310525976804,2.0,5.0,1964
2948,From Russia with Love (1963),Action|Adventure|Thriller,"['Action', 'Adventure', 'Thriller']",3,1963.0,36,3.75,0.7416198487095663,3.0,5.0,1963
2949,Dr. No (1962),Action|Adventure|Thriller,"['Action', 'Adventure', 'Thriller']",3,1962.0,33,3.712121212121212,0.6617956518809147,2.5,5.0,1962
2950,"Blue Lagoon, The (1980)",Adventure|Drama|Romance,"['Adventure', 'Drama', 'Romance']",3,1980.0,14,2.4642857142857144,0.97001755960089,1.0,4.0,1980
2951,"Fistful of Dollars, A (Per un pugno di dollari) (1964)",Action|Western,"['Action', 'Western']",2,1964.0,39,3.935897435897436,0.844326944497082,1.5,5.0,1964
2952,Sydney (Hard Eight) (1996),Crime|Drama|Thriller,"['Crime', 'Drama', 'Thriller']",3,1996.0,12,3.5416666666666665,0.5822500764406575,2.5,4.0,1996
2953,Home Alone 2: Lost in New York (1992),Children|Comedy,"['Children', 'Comedy']",2,1992.0,31,2.5161290322580645,1.3631084021929556,0.5,5.0,1992
2956,Someone to Watch Over Me (1987),Action|Crime|Thriller,"['Action', 'Crime', 'Thriller']",3,1987.0,6,3.1666666666666665,0.752772652709081,2.0,4.0,1987
2959,Fight Club (1999),Action|Crime|Drama|Thriller,"['Action', 'Crime', 'Drama', 'Thriller']",4,1999.0,218,4.272935779816514,0.8613843779335714,0.5,5.0,1999
2961,"Story of Us, The (1999)",Comedy|Drama,"['Comedy', 'Drama']",2,1999.0,5,2.4,0.8944271909999159,1.0,3.0,1999
2962,Fever Pitch (1997),Comedy|Romance,"['Comedy', 'Romance']",2,1997.0,2,3.0,0.0,3.0,3.0,1997
2964,Julien Donkey-Boy (1999),Drama,['Drama'],1,1999.0,1,1.0,0.0,1.0,1.0,1999
2965,"Omega Code, The (1999)",Action,['Action'],1,1999.0,1,2.0,0.0,2.0,2.0,1999
2966,"Straight Story, The (1999)",Adventure|Drama,"['Adventure', 'Drama']",2,1999.0,14,3.928571428571429,0.4746311465493233,3.0,5.0,1999
2967,"Bad Seed, The (1956)",Drama|Thriller,"['Drama', 'Thriller']",2,1956.0,4,4.0,0.0,4.0,4.0,1956
2968,Time Bandits (1981),Adventure|Comedy|Fantasy|Sci-Fi,"['Adventure', 'Comedy', 'Fantasy', 'Sci-Fi']",4,1981.0,41,3.731707317073171,0.975304830396693,0.5,5.0,1981
2969,"Man and a Woman, A (Un homme et une femme) (1966)",Drama|Romance,"['Drama', 'Romance']",2,1966.0,1,5.0,0.0,5.0,5.0,1966
2970,Fitzcarraldo (1982),Adventure|Drama,"['Adventure', 'Drama']",2,1982.0,4,3.375,0.75,3.0,4.5,1982
2971,All That Jazz (1979),Drama|Fantasy|Musical,"['Drama', 'Fantasy', 'Musical']",3,1979.0,6,4.083333333333333,0.6645800679125629,3.0,5.0,1979
2972,Red Sorghum (Hong gao liang) (1987),Drama|War,"['Drama', 'War']",2,1987.0,1,5.0,0.0,5.0,5.0,1987
2973,Crimes and Misdemeanors (1989),Comedy|Crime|Drama,"['Comedy', 'Crime', 'Drama']",3,1989.0,18,3.9166666666666665,0.691332898443715,2.0,5.0,1989
2974,Bats (1999),Horror|Thriller,"['Horror', 'Thriller']",2,1999.0,1,2.5,0.0,2.5,2.5,1999
2975,"Best Man, The (1999)",Comedy|Drama,"['Comedy', 'Drama']",2,1999.0,1,3.0,0.0,3.0,3.0,1999
2976,Bringing Out the Dead (1999),Drama,['Drama'],1,1999.0,6,3.4166666666666665,0.8010409893798611,2.0,4.0,1999
2977,Crazy in Alabama (1999),Comedy|Drama,"['Comedy', 'Drama']",2,1999.0,2,3.0,1.4142135623730951,2.0,4.0,1999
2978,Three to Tango (1999),Comedy|Romance,"['Comedy', 'Romance']",2,1999.0,4,3.0,0.816496580927726,2.0,4.0,1999
2979,Body Shots (1999),Drama,['Drama'],1,1999.0,1,3.0,0.0,3.0,3.0,1999
2982,"Guardian, The (1990)",Horror|Thriller,"['Horror', 'Thriller']",2,1990.0,1,2.0,0.0,2.0,2.0,1990
2983,"Ipcress File, The (1965)",Thriller,['Thriller'],1,1965.0,1,4.0,0.0,4.0,4.0,1965
2984,On Any Sunday (1971),Documentary,['Documentary'],1,1971.0,1,4.5,0.0,4.5,4.5,1971
2985,RoboCop (1987),Action|Crime|Drama|Sci-Fi|Thriller,"['Action', 'Crime', 'Drama', 'Sci-Fi', 'Thriller']",5,1987.0,70,3.3714285714285714,0.9768542912933432,0.5,5.0,1987
2986,RoboCop 2 (1990),Action|Crime|Sci-Fi|Thriller,"['Action', 'Crime', 'Sci-Fi', 'Thriller']",4,1990.0,25,2.64,1.186029791643813,0.5,5.0,1990
2987,Who Framed Roger Rabbit? (1988),Adventure|Animation|Children|Comedy|Crime|Fantasy|Mystery,"['Adventure', 'Animation', 'Children', 'Comedy', 'Crime', 'Fantasy', 'Mystery']",7,1988.0,97,3.5721649484536084,0.9213602114131356,0.5,5.0,1988
2988,Melvin and Howard (1980),Drama,['Drama'],1,1980.0,3,4.0,0.0,4.0,4.0,1980
2989,For Your Eyes Only (1981),Action|Adventure|Thriller,"['Action', 'Adventure', 'Thriller']",3,1981.0,21,3.5476190476190474,0.9474275949216636,1.0,5.0,1981
2990,Licence to Kill (1989),Action|Adventure|Thriller,"['Action', 'Adventure', 'Thriller']",3,1989.0,20,3.325,0.9634778013448004,2.0,5.0,1989
2991,Live and Let Die (1973),Action|Adventure|Thriller,"['Action', 'Adventure', 'Thriller']",3,1973.0,23,3.695652173913044,0.7498352915319987,2.5,5.0,1973
2992,Rawhead Rex (1986),Horror|Thriller,"['Horror', 'Thriller']",2,1986.0,1,3.5,0.0,3.5,3.5,1986
2993,Thunderball (1965),Action|Adventure|Thriller,"['Action', 'Adventure', 'Thriller']",3,1965.0,24,3.4791666666666665,0.6990547448032122,2.0,5.0,1965
2995,House on Haunted Hill (1999),Horror|Thriller,"['Horror', 'Thriller']",2,1999.0,14,2.4285714285714284,0.91687476825319,1.0,3.5,1999
2996,Music of the Heart (1999),Drama,['Drama'],1,1999.0,4,3.125,0.8539125638299665,2.0,4.0,1999
2997,Being John Malkovich (1999),Comedy|Drama|Fantasy,"['Comedy', 'Drama', 'Fantasy']",3,1999.0,99,3.954545454545455,0.8981014813883702,0.5,5.0,1999
3000,Princess Mononoke (Mononoke-hime) (1997),Action|Adventure|Animation|Drama|Fantasy,"['Action', 'Adventure', 'Animation', 'Drama', 'Fantasy']",5,1997.0,48,3.9583333333333335,0.9555734233306652,0.5,5.0,1997
3002,My Best Fiend (Mein liebster Feind) (1999),Documentary,['Documentary'],1,1999.0,1,4.0,0.0,4.0,4.0,1999
3003,Train of Life (Train de vie) (1998),Comedy|Drama|Romance|War,"['Comedy', 'Drama', 'Romance', 'War']",4,1998.0,2,4.5,0.0,4.5,4.5,1998
3004,"Bachelor, The (1999)",Comedy|Romance,"['Comedy', 'Romance']",2,1999.0,11,2.5454545454545454,1.2738631295108878,1.0,4.5,1999
3005,"Bone Collector, The (1999)",Thriller,['Thriller'],1,1999.0,25,2.84,1.1521718621802912,0.5,4.0,1999
3006,"Insider, The (1999)",Drama|Thriller,"['Drama', 'Thriller']",2,1999.0,31,3.741935483870968,0.6936734070864505,2.0,5.0,1999
3007,American Movie (1999),Documentary,['Documentary'],1,1999.0,6,3.75,0.5244044240850758,3.0,4.5,1999
3008,Last Night (1998),Drama|Sci-Fi,"['Drama', 'Sci-Fi']",2,1998.0,1,4.0,0.0,4.0,4.0,1998
3010,Rosetta (1999),Drama,['Drama'],1,1999.0,1,4.0,0.0,4.0,4.0,1999
3011,"They Shoot Horses, Don't They? (1969)",Drama,['Drama'],1,1969.0,4,3.25,0.9574271077563382,2.0,4.0,1969
3013,Bride of Re-Animator (1990),Comedy|Horror,"['Comedy', 'Horror']",2,1990.0,1,4.0,0.0,4.0,4.0,1990
3014,Bustin' Loose (1981),Comedy,['Comedy'],1,1981.0,1,2.0,0.0,2.0,2.0,1981
3015,Coma (1978),Thriller,['Thriller'],1,1978.0,3,3.6666666666666665,0.5773502691896258,3.0,4.0,1978
3016,Creepshow (1982),Horror,['Horror'],1,1982.0,14,3.071428571428572,0.85163062725264,2.0,4.5,1982
3017,Creepshow 2 (1987),Horror,['Horror'],1,1987.0,4,3.0,0.816496580927726,2.0,4.0,1987
3018,Re-Animator (1985),Comedy|Horror|Sci-Fi,"['Comedy', 'Horror', 'Sci-Fi']",3,1985.0,10,3.45,1.0658851303546322,1.0,4.5,1985
3019,Drugstore Cowboy (1989),Crime|Drama,"['Crime', 'Drama']",2,1989.0,10,4.15,0.9442810316143532,2.0,5.0,1989
3020,Falling Down (1993),Action|Drama,"['Action', 'Drama']",2,1993.0,17,3.5294117647058822,1.0528323144513283,2.0,5.0,1993
3021,"Funhouse, The (1981)",Horror,['Horror'],1,1981.0,1,2.0,0.0,2.0,2.0,1981
3022,"General, The (1926)",Comedy|War,"['Comedy', 'War']",2,1926.0,9,4.0,1.0897247358851685,2.0,5.0,1926
3024,Piranha (1978),Horror|Sci-Fi,"['Horror', 'Sci-Fi']",2,1978.0,7,2.642857142857143,1.1073348527841411,1.0,4.5,1978
3028,"Taming of the Shrew, The (1967)",Comedy,['Comedy'],1,1967.0,2,2.5,0.7071067811865476,2.0,3.0,1967
3029,Nighthawks (1981),Action|Drama,"['Action', 'Drama']",2,1981.0,6,3.25,0.758287544405155,2.0,4.0,1981
3030,Yojimbo (1961),Action|Adventure,"['Action', 'Adventure']",2,1961.0,13,4.230769230769231,1.1477402547212905,1.0,5.0,1961
3031,Repossessed (1990),Comedy,['Comedy'],1,1990.0,4,2.375,1.1086778913041726,1.0,3.5,1990
3032,"Omega Man, The (1971)",Action|Drama|Sci-Fi|Thriller,"['Action', 'Drama', 'Sci-Fi', 'Thriller']",4,1971.0,6,3.6666666666666665,0.752772652709081,3.0,5.0,1971
3033,Spaceballs (1987),Comedy|Sci-Fi,"['Comedy', 'Sci-Fi']",2,1987.0,59,3.483050847457627,0.8558425053254152,1.0,5.0,1987
3034,Robin Hood (1973),Adventure|Animation|Children|Comedy|Musical,"['Adventure', 'Animation', 'Children', 'Comedy', 'Musical']",5,1973.0,36,3.513888888888889,0.8983008652141244,1.0,5.0,1973
3035,Mister Roberts (1955),Comedy|Drama|War,"['Comedy', 'Drama', 'War']",3,1955.0,11,3.8181818181818175,0.7507571935295484,3.0,5.0,1955
3036,"Quest for Fire (Guerre du feu, La) (1981)",Adventure|Drama,"['Adventure', 'Drama']",2,1981.0,7,3.7857142857142856,1.0745984853711197,2.0,5.0,1981
3037,Little Big Man (1970),Western,['Western'],1,1970.0,24,4.145833333333333,1.0371277924976336,1.0,5.0,1970
3038,"Face in the Crowd, A (1957)",Drama,['Drama'],1,1957.0,5,4.2,0.570087712549569,3.5,5.0,1957
3039,Trading Places (1983),Comedy,['Comedy'],1,1983.0,39,3.730769230769231,0.768167281039696,2.0,5.0,1983
3040,Meatballs (1979),Comedy,['Comedy'],1,1979.0,9,3.2222222222222223,1.3944333775567923,1.0,5.0,1979
3041,Meatballs Part II (1984),Comedy,['Comedy'],1,1984.0,6,2.083333333333333,1.3570801990548187,1.0,4.0,1984
3042,Meatballs III (1987),Comedy,['Comedy'],1,1987.0,2,2.5,0.7071067811865476,2.0,3.0,1987
3043,Meatballs 4 (1992),Comedy,['Comedy'],1,1992.0,1,1.0,0.0,1.0,1.0,1992
3044,Dead Again (1991),Mystery|Romance|Thriller,"['Mystery', 'Romance', 'Thriller']",3,1991.0,13,3.769230769230769,0.9040507133494736,2.5,5.0,1991
3045,Peter's Friends (1992),Comedy|Drama,"['Comedy', 'Drama']",2,1992.0,5,3.6,0.8944271909999159,3.0,5.0,1992
3046,"Incredibly True Adventure of Two Girls in Love, The (1995)",Comedy|Romance,"['Comedy', 'Romance']",2,1995.0,2,4.5,0.7071067811865476,4.0,5.0,1995
3048,Under the Rainbow (1981),Comedy,['Comedy'],1,1981.0,3,2.0,1.0,1.0,3.0,1981
3051,Anywhere But Here (1999),Comedy|Drama,"['Comedy', 'Drama']",2,1999.0,3,2.5,0.8660254037844386,1.5,3.0,1999
3052,Dogma (1999),Adventure|Comedy|Fantasy,"['Adventure', 'Comedy', 'Fantasy']",3,1999.0,79,3.645569620253165,0.9810770466038488,1.0,5.0,1999
3053,"Messenger: The Story of Joan of Arc, The (1999)",Drama|War,"['Drama', 'War']",2,1999.0,11,3.909090909090909,0.8005679801922451,3.0,5.0,1999
3054,Pokémon: The First Movie (1998),Adventure|Animation|Children|Fantasy|Sci-Fi,"['Adventure', 'Animation', 'Children', 'Fantasy', 'Sci-Fi']",5,1998.0,8,2.3125,1.131923142267177,0.5,3.5,1998
3055,Felicia's Journey (1999),Thriller,['Thriller'],1,1999.0,3,3.333333333333333,0.5773502691896258,3.0,4.0,1999
3056,Oxygen (1999),Crime|Drama|Thriller,"['Crime', 'Drama', 'Thriller']",3,1999.0,1,4.0,0.0,4.0,4.0,1999
3057,Where's Marlowe? (1998),Comedy,['Comedy'],1,1998.0,1,4.0,0.0,4.0,4.0,1998
3060,"Commitments, The (1991)",Comedy|Drama|Musical,"['Comedy', 'Drama', 'Musical']",3,1991.0,15,3.8666666666666663,0.8121107126025424,2.0,5.0,1991
3061,Holiday Inn (1942),Comedy|Musical,"['Comedy', 'Musical']",2,1942.0,8,3.625,1.1877349391654208,2.0,5.0,1942
3062,"Longest Day, The (1962)",Action|Drama|War,"['Action', 'Drama', 'War']",3,1962.0,11,4.0,0.3872983346207416,3.0,4.5,1962
3063,Poison Ivy (1992),Drama|Thriller,"['Drama', 'Thriller']",2,1992.0,6,2.1666666666666665,0.983192080250175,1.0,4.0,1992
3064,Poison Ivy: New Seduction (1997),Drama|Thriller,"['Drama', 'Thriller']",2,1997.0,3,2.333333333333333,0.5773502691896258,2.0,3.0,1997
3066,Tora! Tora! Tora! (1970),Action|Drama|War,"['Action', 'Drama', 'War']",3,1970.0,7,3.928571428571429,0.6074928962939559,3.0,5.0,1970
3067,Women on the Verge of a Nervous Breakdown (Mujeres al borde de un ataque de nervios) (1988),Comedy|Drama,"['Comedy', 'Drama']",2,1988.0,10,3.55,1.1890705987824646,1.0,5.0,1988
3068,"Verdict, The (1982)",Drama|Mystery,"['Drama', 'Mystery']",2,1982.0,7,4.357142857142857,0.7480132415430955,3.0,5.0,1982
3070,"Adventures of Buckaroo Banzai Across the 8th Dimension, The (1984)",Adventure|Comedy|Sci-Fi,"['Adventure', 'Comedy', 'Sci-Fi']",3,1984.0,21,3.5476190476190474,0.9862145038575776,2.0,5.0,1984
3071,Stand and Deliver (1988),Comedy|Drama,"['Comedy', 'Drama']",2,1988.0,9,3.5,0.82915619758885,2.5,5.0,1988
3072,Moonstruck (1987),Comedy|Romance,"['Comedy', 'Romance']",2,1987.0,27,3.555555555555556,1.0771519903228188,1.0,5.0,1987
3073,"Sandpiper, The (1965)",Drama|Romance,"['Drama', 'Romance']",2,1965.0,1,5.0,0.0,5.0,5.0,1965
3074,Jeremiah Johnson (1972),Western,['Western'],1,1972.0,4,4.25,0.957427107756338,3.0,5.0,1972
3075,Repulsion (1965),Drama|Horror,"['Drama', 'Horror']",2,1965.0,3,4.166666666666667,1.0408329997330663,3.0,5.0,1965
3076,Irma la Douce (1963),Comedy,['Comedy'],1,1963.0,4,3.625,0.75,3.0,4.5,1963
3077,42 Up (1998),Documentary,['Documentary'],1,1998.0,2,4.0,0.0,4.0,4.0,1998
3078,Liberty Heights (1999),Drama,['Drama'],1,1999.0,2,4.0,0.0,4.0,4.0,1999
3079,Mansfield Park (1999),Comedy|Drama|Romance,"['Comedy', 'Drama', 'Romance']",3,1999.0,6,3.083333333333333,0.6645800679125629,2.0,4.0,1999
3081,Sleepy Hollow (1999),Fantasy|Horror|Mystery|Romance,"['Fantasy', 'Horror', 'Mystery', 'Romance']",4,1999.0,62,3.475806451612903,0.9072902338735296,0.5,5.0,1999
3082,"World Is Not Enough, The (1999)",Action|Adventure|Thriller,"['Action', 'Adventure', 'Thriller']",3,1999.0,39,3.333333333333333,1.090227724481482,1.0,5.0,1999
3083,All About My Mother (Todo sobre mi madre) (1999),Drama,['Drama'],1,1999.0,19,4.157894736842105,0.9867543820659304,1.0,5.0,1999
3086,Babes in Toyland (1934),Children|Comedy|Fantasy|Musical,"['Children', 'Comedy', 'Fantasy', 'Musical']",4,1934.0,1,5.0,0.0,5.0,5.0,1934
3087,Scrooged (1988),Comedy|Fantasy|Romance,"['Comedy', 'Fantasy', 'Romance']",3,1988.0,24,3.1666666666666665,1.0598058340078629,1.0,5.0,1988
3088,Harvey (1950),Comedy|Fantasy,"['Comedy', 'Fantasy']",2,1950.0,12,3.8333333333333335,1.2492421945347751,0.5,5.0,1950
3089,Bicycle Thieves (a.k.a. The Bicycle Thief) (a.k.a. The Bicycle Thieves) (Ladri di biciclette) (1948),Drama,['Drama'],1,1948.0,16,4.125,1.161895003862225,0.5,5.0,1948
3090,Matewan (1987),Drama,['Drama'],1,1987.0,6,4.166666666666667,0.6831300510639733,3.5,5.0,1987
3091,Kagemusha (1980),Drama|War,"['Drama', 'War']",2,1980.0,4,4.125,0.4787135538781691,3.5,4.5,1980
3093,McCabe & Mrs. Miller (1971),Drama|Western,"['Drama', 'Western']",2,1971.0,4,3.75,0.8660254037844386,3.0,5.0,1971
3094,Maurice (1987),Drama|Romance,"['Drama', 'Romance']",2,1987.0,2,4.0,0.0,4.0,4.0,1987
3095,"Grapes of Wrath, The (1940)",Drama,['Drama'],1,1940.0,9,4.111111111111111,0.485912657903775,3.5,5.0,1940
3096,My Man Godfrey (1957),Comedy,['Comedy'],1,1957.0,1,5.0,0.0,5.0,5.0,1957
3097,"Shop Around the Corner, The (1940)",Comedy|Drama|Romance,"['Comedy', 'Drama', 'Romance']",3,1940.0,3,3.6666666666666665,1.5275252316519468,2.0,5.0,1940
3098,"Natural, The (1984)",Drama,['Drama'],1,1984.0,24,3.6458333333333335,0.699054744803212,2.0,5.0,1984
3099,Shampoo (1975),Comedy|Drama|Romance,"['Comedy', 'Drama', 'Romance']",3,1975.0,7,3.071428571428572,1.592392629257711,1.0,5.0,1975
3100,"River Runs Through It, A (1992)",Drama,['Drama'],1,1992.0,22,3.9318181818181817,0.8351711336671198,2.5,5.0,1992
3101,Fatal Attraction (1987),Drama|Thriller,"['Drama', 'Thriller']",2,1987.0,36,3.0972222222222223,1.188152494087501,1.0,5.0,1987
3102,Jagged Edge (1985),Crime|Romance|Thriller,"['Crime', 'Romance', 'Thriller']",3,1985.0,7,3.571428571428572,0.607492896293956,3.0,4.5,1985
3103,Stanley & Iris (1990),Drama|Romance,"['Drama', 'Romance']",2,1990.0,2,2.75,1.0606601717798212,2.0,3.5,1990
3104,Midnight Run (1988),Action|Comedy|Crime|Thriller,"['Action', 'Comedy', 'Crime', 'Thriller']",4,1988.0,22,3.636363636363636,0.8191432542575633,2.0,5.0,1988
3105,Awakenings (1990),Drama|Mystery,"['Drama', 'Mystery']",2,1990.0,22,3.6818181818181817,0.6463349888014092,2.0,4.5,1990
3106,Come See the Paradise (1990),Drama|Romance,"['Drama', 'Romance']",2,1990.0,1,1.0,0.0,1.0,1.0,1990
3107,Backdraft (1991),Action|Drama,"['Action', 'Drama']",2,1991.0,23,3.3043478260869565,1.0843843082889209,0.5,5.0,1991
3108,"Fisher King, The (1991)",Comedy|Drama|Fantasy|Romance,"['Comedy', 'Drama', 'Fantasy', 'Romance']",4,1991.0,36,3.8055555555555554,0.9045739153070732,2.0,5.0,1991
3109,"River, The (1984)",Drama,['Drama'],1,1984.0,4,3.5,0.5773502691896257,3.0,4.0,1984
3111,Places in the Heart (1984),Drama,['Drama'],1,1984.0,4,4.25,0.4999999999999999,4.0,5.0,1984
3112,'night Mother (1986),Drama,['Drama'],1,1986.0,1,3.0,0.0,3.0,3.0,1986
3113,End of Days (1999),Action|Fantasy|Horror|Mystery|Thriller,"['Action', 'Fantasy', 'Horror', 'Mystery', 'Thriller']",5,1999.0,15,2.7,1.2363540870525032,1.0,4.0,1999
3114,Toy Story 2 (1999),Adventure|Animation|Children|Comedy|Fantasy,"['Adventure', 'Animation', 'Children', 'Comedy', 'Fantasy']",5,1999.0,97,3.860824742268041,0.8314842027251289,2.0,5.0,1999
3115,Flawless (1999),Drama,['Drama'],1,1999.0,5,4.0,0.7071067811865476,3.0,5.0,1999
3117,Ride with the Devil (1999),Drama|Romance|War,"['Drama', 'Romance', 'War']",3,1999.0,4,3.875,0.6291528696058958,3.0,4.5,1999
3120,"Distinguished Gentleman, The (1992)",Comedy,['Comedy'],1,1992.0,2,3.5,0.7071067811865476,3.0,4.0,1992
3125,"End of the Affair, The (1999)",Drama,['Drama'],1,1999.0,1,4.0,0.0,4.0,4.0,1999
3127,Holy Smoke (1999),Comedy|Drama,"['Comedy', 'Drama']",2,1999.0,3,2.833333333333333,0.7637626158259734,2.0,3.5,1999
3129,Sweet and Lowdown (1999),Comedy|Drama,"['Comedy', 'Drama']",2,1999.0,3,3.6666666666666665,0.5773502691896258,3.0,4.0,1999
3130,Bonfire of the Vanities (1990),Comedy|Crime|Drama,"['Comedy', 'Crime', 'Drama']",3,1990.0,5,2.4,1.140175425099138,1.0,4.0,1990
3132,Daddy Long Legs (1919),Comedy|Drama,"['Comedy', 'Drama']",2,1919.0,1,2.0,0.0,2.0,2.0,1919
3134,Grand Illusion (La grande illusion) (1937),Drama|War,"['Drama', 'War']",2,1937.0,7,3.7142857142857135,1.1126972805283737,2.0,5.0,1937
3135,"Great Santini, The (1979)",Drama,['Drama'],1,1979.0,3,3.6666666666666665,0.5773502691896258,3.0,4.0,1979
3138,Stealing Home (1988),Drama,['Drama'],1,1988.0,2,3.0,0.0,3.0,3.0,1988
3141,"Two Jakes, The (1990)",Drama,['Drama'],1,1990.0,2,1.25,0.3535533905932738,1.0,1.5,1990
3142,U2: Rattle and Hum (1988),Documentary|Musical,"['Documentary', 'Musical']",2,1988.0,4,3.25,1.5,1.0,4.0,1988
3143,Hell in the Pacific (1968),Drama|War,"['Drama', 'War']",2,1968.0,1,3.0,0.0,3.0,3.0,1968
3145,Cradle Will Rock (1999),Drama,['Drama'],1,1999.0,3,3.1666666666666665,0.7637626158259734,2.5,4.0,1999
3146,Deuce Bigalow: Male Gigolo (1999),Comedy,['Comedy'],1,1999.0,17,2.323529411764706,1.22399418491506,0.5,4.0,1999
3147,"Green Mile, The (1999)",Crime|Drama,"['Crime', 'Drama']",2,1999.0,111,4.148648648648648,0.7342113721990002,0.5,5.0,1999
3148,"Cider House Rules, The (1999)",Drama,['Drama'],1,1999.0,26,3.75,0.85146931829632,1.0,5.0,1999
3150,"War Zone, The (1999)",Drama|Thriller,"['Drama', 'Thriller']",2,1999.0,2,3.25,1.0606601717798212,2.5,4.0,1999
3152,"Last Picture Show, The (1971)",Drama,['Drama'],1,1971.0,8,4.5,0.5345224838248487,4.0,5.0,1971
3153,"7th Voyage of Sinbad, The (1958)",Action|Adventure|Fantasy,"['Action', 'Adventure', 'Fantasy']",3,1958.0,5,4.4,0.6519202405202649,3.5,5.0,1958
3155,Anna and the King (1999),Drama|Romance,"['Drama', 'Romance']",2,1999.0,9,3.6666666666666665,1.0606601717798212,2.0,5.0,1999
3156,Bicentennial Man (1999),Drama|Romance|Sci-Fi,"['Drama', 'Romance', 'Sci-Fi']",3,1999.0,15,2.8,1.1307393283031366,1.0,5.0,1999
3157,Stuart Little (1999),Children|Comedy|Fantasy,"['Children', 'Comedy', 'Fantasy']",3,1999.0,19,2.8421052631578947,1.0007307271709476,0.5,5.0,1999
3158,"Emperor and the Assassin, The (Jing ke ci qin wang) (1999)",Drama,['Drama'],1,1999.0,3,3.6666666666666665,0.5773502691896258,3.0,4.0,1999
3159,Fantasia 2000 (1999),Animation|Children|Musical|IMAX,"['Animation', 'Children', 'Musical', 'IMAX']",4,1999.0,15,3.8333333333333335,0.723746864455746,2.5,5.0,1999
3160,Magnolia (1999),Drama,['Drama'],1,1999.0,52,3.7115384615384617,0.9918597794149716,1.0,5.0,1999
3161,Onegin (1999),Drama|Romance,"['Drama', 'Romance']",2,1999.0,2,3.0,1.4142135623730951,2.0,4.0,1999
3162,Simpatico (1999),Comedy|Drama,"['Comedy', 'Drama']",2,1999.0,1,3.0,0.0,3.0,3.0,1999
3163,Topsy-Turvy (1999),Comedy|Drama|Musical,"['Comedy', 'Drama', 'Musical']",3,1999.0,4,3.875,0.8539125638299665,3.0,5.0,1999
3165,Boiling Point (1993),Action|Drama,"['Action', 'Drama']",2,1993.0,2,3.0,1.4142135623730951,2.0,4.0,1993
3167,Carnal Knowledge (1971),Comedy|Drama,"['Comedy', 'Drama']",2,1971.0,4,3.5,0.5773502691896257,3.0,4.0,1971
3168,Easy Rider (1969),Adventure|Drama,"['Adventure', 'Drama']",2,1969.0,29,3.603448275862069,0.8801309799523713,1.0,5.0,1969
3169,The Falcon and the Snowman (1985),Crime|Drama|Thriller,"['Crime', 'Drama', 'Thriller']",3,1985.0,5,3.3,0.6708203932499369,2.5,4.0,1985
3171,Room at the Top (1959),Drama,['Drama'],1,1959.0,1,4.0,0.0,4.0,4.0,1959
3173,Any Given Sunday (1999),Drama,['Drama'],1,1999.0,18,3.0,0.90748521297303,1.0,4.0,1999
3174,Man on the Moon (1999),Comedy|Drama,"['Comedy', 'Drama']",2,1999.0,39,3.4871794871794872,0.8310359695741489,1.0,5.0,1999
3175,Galaxy Quest (1999),Adventure|Comedy|Sci-Fi,"['Adventure', 'Comedy', 'Sci-Fi']",3,1999.0,75,3.58,1.0398804505092647,1.0,5.0,1999
3176,"Talented Mr. Ripley, The (1999)",Drama|Mystery|Thriller,"['Drama', 'Mystery', 'Thriller']",3,1999.0,49,3.336734693877551,1.1244802276220447,0.5,5.0,1999
3178,"Hurricane, The (1999)",Drama,['Drama'],1,1999.0,16,3.53125,0.8055795015597984,2.0,5.0,1999
3179,Angela's Ashes (1999),Drama,['Drama'],1,1999.0,3,3.333333333333333,0.5773502691896258,3.0,4.0,1999
3181,Titus (1999),Drama,['Drama'],1,1999.0,6,3.9166666666666665,0.8612007121842542,2.5,5.0,1999
3182,"Mr. Death: The Rise and Fall of Fred A. Leuchter, Jr. (1999)",Documentary,['Documentary'],1,1999.0,5,4.0,0.6123724356957945,3.0,4.5,1999
3183,"Third Miracle, The (1999)",Drama,['Drama'],1,1999.0,1,3.0,0.0,3.0,3.0,1999
3185,Snow Falling on Cedars (1999),Drama,['Drama'],1,1999.0,3,3.333333333333333,0.5773502691896258,3.0,4.0,1999
3186,"Girl, Interrupted (1999)",Drama,['Drama'],1,1999.0,28,3.4642857142857144,0.7689407267597685,1.5,5.0,1999
3189,My Dog Skip (1999),Children|Drama,"['Children', 'Drama']",2,1999.0,11,3.5454545454545454,0.5680909018170179,2.5,4.5,1999
3192,"Terrorist, The (a.k.a. Malli) (Theeviravaathi) (1998)",Drama,['Drama'],1,1998.0,1,3.0,0.0,3.0,3.0,1998
3194,"Way We Were, The (1973)",Drama|Romance,"['Drama', 'Romance']",2,1973.0,4,3.625,0.478713553878169,3.0,4.0,1973
3196,Stalag 17 (1953),Drama|War,"['Drama', 'War']",2,1953.0,9,3.7222222222222223,0.5068968775248516,3.0,4.5,1953
3197,"Presidio, The (1988)",Action|Crime|Romance|Thriller,"['Action', 'Crime', 'Romance', 'Thriller']",4,1988.0,7,2.857142857142857,0.6900655593423543,2.0,4.0,1988
3198,Papillon (1973),Crime|Drama,"['Crime', 'Drama']",2,1973.0,14,3.928571428571429,0.5497252060782752,3.0,5.0,1973
3200,"Last Detail, The (1973)",Comedy|Drama,"['Comedy', 'Drama']",2,1973.0,8,4.25,0.4629100498862759,4.0,5.0,1973
3201,Five Easy Pieces (1970),Drama,['Drama'],1,1970.0,8,4.5,0.5976143046671969,3.5,5.0,1970
3203,Dead Calm (1989),Thriller,['Thriller'],1,1989.0,12,3.1666666666666665,0.9374368665610922,1.0,4.0,1989
3204,"Boys from Brazil, The (1978)",Action|Mystery|Thriller,"['Action', 'Mystery', 'Thriller']",3,1978.0,8,3.6875,0.7039429765866794,3.0,5.0,1978
3206,Against All Odds (1984),Romance,['Romance'],1,1984.0,3,2.333333333333333,0.5773502691896258,2.0,3.0,1984
3208,Loaded Weapon 1 (National Lampoon's Loaded Weapon 1) (1993),Action|Comedy,"['Action', 'Comedy']",2,1993.0,8,2.1875,1.0669549461635468,1.0,4.0,1993
3210,Fast Times at Ridgemont High (1982),Comedy|Drama|Romance,"['Comedy', 'Drama', 'Romance']",3,1982.0,42,3.4761904761904763,0.8621610748180845,0.5,5.0,1982
3211,"Cry in the Dark, A (1988)",Drama,['Drama'],1,1988.0,2,3.75,0.3535533905932738,3.5,4.0,1988
3213,Batman: Mask of the Phantasm (1993),Animation|Children,"['Animation', 'Children']",2,1993.0,13,4.115384615384615,0.820412654142367,2.5,5.0,1993
3214,American Flyers (1985),Drama,['Drama'],1,1985.0,2,3.5,2.1213203435596424,2.0,5.0,1985
3217,"Star Is Born, A (1937)",Drama,['Drama'],1,1937.0,3,3.5,0.5,3.0,4.0,1937
3219,Pacific Heights (1990),Mystery|Thriller,"['Mystery', 'Thriller']",2,1990.0,13,3.1923076923076925,0.947330933431342,2.0,5.0,1990
3221,"Draughtsman's Contract, The (1982)",Drama,['Drama'],1,1982.0,5,3.7,0.8366600265340756,3.0,5.0,1982
3223,"Zed & Two Noughts, A (1985)",Drama,['Drama'],1,1985.0,2,3.0,2.8284271247461903,1.0,5.0,1985
3224,Woman in the Dunes (Suna no onna) (1964),Drama,['Drama'],1,1964.0,4,4.75,0.4999999999999999,4.0,5.0,1964
3230,"Odessa File, The (1974)",Thriller,['Thriller'],1,1974.0,4,3.875,0.8539125638299665,3.0,5.0,1974
3235,Where the Buffalo Roam (1980),Comedy,['Comedy'],1,1980.0,3,3.6666666666666665,1.2583057392117916,2.5,5.0,1980
3238,Eye of the Beholder (1999),Thriller,['Thriller'],1,1999.0,6,1.5833333333333333,0.8010409893798611,1.0,3.0,1999
3240,"Big Tease, The (1999)",Comedy,['Comedy'],1,1999.0,2,3.25,1.0606601717798212,2.5,4.0,1999
3241,"Cup, The (Phörpa) (1999)",Comedy,['Comedy'],1,1999.0,2,4.5,0.7071067811865476,4.0,5.0,1999
3243,Encino Man (1992),Comedy,['Comedy'],1,1992.0,15,2.4,0.870139561876632,1.0,4.0,1992
3244,"Goodbye Girl, The (1977)",Comedy|Romance,"['Comedy', 'Romance']",2,1977.0,12,3.7083333333333335,0.7821396449755148,2.5,5.0,1977
3246,Malcolm X (1992),Drama,['Drama'],1,1992.0,15,4.166666666666667,0.6454972243679029,2.5,5.0,1992
3247,Sister Act (1992),Comedy|Crime,"['Comedy', 'Crime']",2,1992.0,36,3.0277777777777777,0.9996030958367172,1.0,5.0,1992
3248,Sister Act 2: Back in the Habit (1993),Comedy,['Comedy'],1,1993.0,14,1.8928571428571428,0.902530021417814,0.5,4.0,1993
3249,"Hand That Rocks the Cradle, The (1992)",Drama|Thriller,"['Drama', 'Thriller']",2,1992.0,9,3.111111111111111,0.6009252125773316,2.0,4.0,1992
3250,Alive (1993),Drama,['Drama'],1,1993.0,9,3.1666666666666665,1.0,2.0,5.0,1993
3251,Agnes of God (1985),Drama|Mystery,"['Drama', 'Mystery']",2,1985.0,5,3.7,0.4472135954999579,3.0,4.0,1985
3252,Scent of a Woman (1992),Drama,['Drama'],1,1992.0,27,3.592592592592593,0.940918506209563,1.0,5.0,1992
3253,Wayne's World (1992),Comedy,['Comedy'],1,1992.0,61,3.4754098360655736,1.0182756237392898,0.5,5.0,1992
3254,Wayne's World 2 (1993),Comedy,['Comedy'],1,1993.0,27,3.2962962962962963,0.8464775345655763,2.0,5.0,1993
3255,"League of Their Own, A (1992)",Comedy|Drama,"['Comedy', 'Drama']",2,1992.0,45,3.466666666666667,0.6775624761532395,2.0,5.0,1992
3256,Patriot Games (1992),Action|Crime|Drama|Thriller,"['Action', 'Crime', 'Drama', 'Thriller']",4,1992.0,31,3.5161290322580645,0.8513114487634352,1.0,5.0,1992
3257,"Bodyguard, The (1992)",Drama|Romance|Thriller,"['Drama', 'Romance', 'Thriller']",3,1992.0,32,2.859375,0.8728371887497209,1.0,5.0,1992
3258,Death Becomes Her (1992),Comedy|Fantasy,"['Comedy', 'Fantasy']",2,1992.0,15,2.8666666666666667,0.8755950357709131,1.5,5.0,1992
3259,Far and Away (1992),Adventure|Drama|Romance,"['Adventure', 'Drama', 'Romance']",3,1992.0,11,3.136363636363636,0.777525211517578,2.0,4.5,1992
3260,Howards End (1992),Drama,['Drama'],1,1992.0,12,4.0,0.7071067811865476,3.0,5.0,1992
3261,Singles (1992),Comedy|Drama|Romance,"['Comedy', 'Drama', 'Romance']",3,1992.0,11,3.1818181818181817,1.0067950951590714,2.0,4.5,1992
3262,Twin Peaks: Fire Walk with Me (1992),Crime|Drama|Mystery|Thriller,"['Crime', 'Drama', 'Mystery', 'Thriller']",4,1992.0,11,3.409090909090909,0.7006490497453707,2.5,5.0,1992
3263,White Men Can't Jump (1992),Comedy|Drama,"['Comedy', 'Drama']",2,1992.0,22,3.0454545454545454,0.9625003513801572,1.0,4.5,1992
3264,Buffy the Vampire Slayer (1992),Action|Comedy|Horror,"['Action', 'Comedy', 'Horror']",3,1992.0,26,2.423076923076923,0.9454343731037887,0.5,4.0,1992
3265,Hard-Boiled (Lat sau san taam) (1992),Action|Crime|Drama|Thriller,"['Action', 'Crime', 'Drama', 'Thriller']",4,1992.0,9,4.0,1.0307764064044151,2.0,5.0,1992
3266,Man Bites Dog (C'est arrivé près de chez vous) (1992),Comedy|Crime|Drama|Thriller,"['Comedy', 'Crime', 'Drama', 'Thriller']",4,1992.0,6,4.5,0.7745966692414834,3.5,5.0,1992
3267,"Mariachi, El (1992)",Action|Crime|Thriller|Western,"['Action', 'Crime', 'Thriller', 'Western']",4,1992.0,18,3.555555555555556,0.7838233761296739,2.0,5.0,1992
3268,Stop! Or My Mom Will Shoot (1992),Action|Comedy,"['Action', 'Comedy']",2,1992.0,11,1.7727272727272727,0.8764598212022147,1.0,3.0,1992
3269,Forever Young (1992),Drama|Romance|Sci-Fi,"['Drama', 'Romance', 'Sci-Fi']",3,1992.0,27,2.851851851851852,0.7943891559268235,1.0,4.5,1992
3270,"Cutting Edge, The (1992)",Comedy|Drama|Romance,"['Comedy', 'Drama', 'Romance']",3,1992.0,12,2.7916666666666665,1.195794398056891,1.0,4.0,1992
3271,Of Mice and Men (1992),Drama,['Drama'],1,1992.0,17,3.676470588235294,0.7693580211487252,2.0,5.0,1992
3272,Bad Lieutenant (1992),Crime|Drama,"['Crime', 'Drama']",2,1992.0,8,3.4375,1.1783008347374015,1.0,5.0,1992
3274,Single White Female (1992),Drama|Thriller,"['Drama', 'Thriller']",2,1992.0,12,3.375,0.8012773892638271,2.0,5.0,1992
3280,"Baby, The (1973)",Horror,['Horror'],1,1973.0,1,1.5,0.0,1.5,1.5,1973
3281,"Brandon Teena Story, The (1998)",Documentary,['Documentary'],1,1998.0,1,2.0,0.0,2.0,2.0,1998
3283,Minnie and Moskowitz (1971),Action,['Action'],1,1971.0,2,3.25,1.7677669529663689,2.0,4.5,1971
3284,They Might Be Giants (1971),Comedy|Mystery|Romance,"['Comedy', 'Mystery', 'Romance']",3,1971.0,1,3.0,0.0,3.0,3.0,1971
3289,Not One Less (Yi ge dou bu neng shao) (1999),Drama,['Drama'],1,1999.0,1,4.5,0.0,4.5,4.5,1999
3294,Eaten Alive (1977),Horror,['Horror'],1,1977.0,1,1.5,0.0,1.5,1.5,1977
3295,Raining Stones (1993),Drama,['Drama'],1,1993.0,1,4.0,0.0,4.0,4.0,1993
3296,To Sir with Love (1967),Drama,['Drama'],1,1967.0,7,4.071428571428571,0.7319250547113999,3.0,5.0,1967
3302,Beautiful People (1999),Comedy,['Comedy'],1,1999.0,2,4.75,0.3535533905932738,4.5,5.0,1999
3306,"Circus, The (1928)",Comedy,['Comedy'],1,1928.0,4,4.125,0.4787135538781691,3.5,4.5,1928
3307,City Lights (1931),Comedy|Drama|Romance,"['Comedy', 'Drama', 'Romance']",3,1931.0,13,3.8461538461538463,1.0681880176381129,2.0,5.0,1931
3308,"Flamingo Kid, The (1984)",Comedy|Drama,"['Comedy', 'Drama']",2,1984.0,7,2.857142857142857,1.3451854182690983,1.0,5.0,1984
3310,"Kid, The (1921)",Comedy|Drama,"['Comedy', 'Drama']",2,1921.0,5,4.1,0.7416198487095663,3.0,5.0,1921
3313,Class Reunion (1982),Comedy,['Comedy'],1,1982.0,2,1.5,0.7071067811865476,1.0,2.0,1982
3315,Happy Go Lovely (1951),Musical,['Musical'],1,1951.0,1,4.5,0.0,4.5,4.5,1951
3327,Beyond the Mat (1999),Documentary,['Documentary'],1,1999.0,5,3.7,0.447213595499958,3.0,4.0,1999
3328,Ghost Dog: The Way of the Samurai (1999),Crime|Drama,"['Crime', 'Drama']",2,1999.0,19,4.052631578947368,0.8802578038106735,2.0,5.0,1999
3329,The Year My Voice Broke (1987),Drama|Romance,"['Drama', 'Romance']",2,1987.0,1,4.0,0.0,4.0,4.0,1987
3330,Splendor in the Grass (1961),Drama|Romance,"['Drama', 'Romance']",2,1961.0,2,4.25,0.3535533905932738,4.0,4.5,1961
3331,My Tutor (1983),Drama,['Drama'],1,1983.0,1,2.0,0.0,2.0,2.0,1983
3334,Key Largo (1948),Crime|Drama|Film-Noir|Thriller,"['Crime', 'Drama', 'Film-Noir', 'Thriller']",4,1948.0,10,4.2,0.6324555320336759,3.0,5.0,1948
3338,For All Mankind (1989),Documentary,['Documentary'],1,1989.0,0,0.0,0.0,0.0,0.0,1989
3341,Born Yesterday (1950),Comedy,['Comedy'],1,1950.0,7,4.285714285714286,0.4879500364742665,4.0,5.0,1950
3342,Birdy (1984),Drama|War,"['Drama', 'War']",2,1984.0,5,3.5,1.0,2.5,5.0,1984
3344,Blood Feast (1963),Horror,['Horror'],1,1963.0,1,4.0,0.0,4.0,4.0,1963
3345,"Charlie, the Lonesome Cougar (1967)",Adventure|Children,"['Adventure', 'Children']",2,1967.0,1,3.0,0.0,3.0,3.0,1967
3347,Never Cry Wolf (1983),Adventure|Drama,"['Adventure', 'Drama']",2,1983.0,9,4.166666666666667,0.6123724356957945,3.0,5.0,1983
3350,"Raisin in the Sun, A (1961)",Drama,['Drama'],1,1961.0,3,3.8333333333333335,0.2886751345948129,3.5,4.0,1961
3355,"Ninth Gate, The (1999)",Fantasy|Horror|Mystery|Thriller,"['Fantasy', 'Horror', 'Mystery', 'Thriller']",4,1999.0,15,3.2,1.082325538564332,1.5,5.0,1999
3357,East-West (Est-ouest) (1999),Drama|Romance,"['Drama', 'Romance']",2,1999.0,1,4.0,0.0,4.0,4.0,1999
3358,Defending Your Life (1991),Comedy|Drama|Fantasy|Romance,"['Comedy', 'Drama', 'Fantasy', 'Romance']",4,1991.0,10,3.85,0.8834905520465717,3.0,5.0,1991
3359,Breaking Away (1979),Comedy|Drama,"['Comedy', 'Drama']",2,1979.0,11,4.090909090909091,0.5838742081211422,3.0,5.0,1979
3360,Hoosiers (a.k.a. Best Shot) (1986),Drama|Romance,"['Drama', 'Romance']",2,1986.0,22,3.704545454545455,0.8115108031010947,1.0,5.0,1986
3361,Bull Durham (1988),Comedy|Drama|Romance,"['Comedy', 'Drama', 'Romance']",3,1988.0,35,3.6714285714285713,0.9388890270111886,2.0,5.0,1988
3362,Dog Day Afternoon (1975),Crime|Drama,"['Crime', 'Drama']",2,1975.0,38,3.934210526315789,0.798402565867307,2.0,5.0,1975
3363,American Graffiti (1973),Comedy|Drama,"['Comedy', 'Drama']",2,1973.0,43,3.8488372093023258,0.7522575841214345,1.5,5.0,1973
3364,"Asphalt Jungle, The (1950)",Crime|Film-Noir,"['Crime', 'Film-Noir']",2,1950.0,3,3.6666666666666665,0.2886751345948129,3.5,4.0,1950
3365,"Searchers, The (1956)",Drama|Western,"['Drama', 'Western']",2,1956.0,7,4.071428571428571,0.7319250547113998,3.0,5.0,1956
3368,"Big Country, The (1958)",Romance|Western,"['Romance', 'Western']",2,1958.0,2,3.25,0.3535533905932738,3.0,3.5,1958
3370,Betrayed (1988),Drama|Thriller,"['Drama', 'Thriller']",2,1988.0,2,2.5,0.7071067811865476,2.0,3.0,1988
3372,"Bridge at Remagen, The (1969)",Action|War,"['Action', 'War']",2,1969.0,2,4.0,0.0,4.0,4.0,1969
3374,Daughters of the Dust (1991),Drama,['Drama'],1,1991.0,1,4.0,0.0,4.0,4.0,1991
3378,"Ogre, The (Unhold, Der) (1996)",Drama,['Drama'],1,1996.0,1,4.0,0.0,4.0,4.0,1996
3379,On the Beach (1959),Drama,['Drama'],1,1959.0,1,4.5,0.0,4.5,4.5,1959
3384,"Taking of Pelham One Two Three, The (1974)",Action|Crime,"['Action', 'Crime']",2,1974.0,4,4.5,0.5773502691896258,4.0,5.0,1974
3385,Volunteers (1985),Comedy,['Comedy'],1,1985.0,8,2.8125,1.19335960332883,1.5,5.0,1985
3386,JFK (1991),Drama|Mystery|Thriller,"['Drama', 'Mystery', 'Thriller']",3,1991.0,31,3.5,0.8660254037844385,0.5,5.0,1991
3387,Who's Harry Crumb? (1989),Comedy|Mystery,"['Comedy', 'Mystery']",2,1989.0,7,2.857142857142857,1.0690449676496976,2.0,4.0,1989
3388,Harry and the Hendersons (1987),Children|Comedy,"['Children', 'Comedy']",2,1987.0,11,2.5454545454545454,1.105769990878425,1.0,5.0,1987
3389,Let's Get Harry (1986),Action|Adventure,"['Action', 'Adventure']",2,1986.0,1,2.0,0.0,2.0,2.0,1986
3390,Shanghai Surprise (1986),Adventure|Crime|Drama|Romance,"['Adventure', 'Crime', 'Drama', 'Romance']",4,1986.0,1,2.0,0.0,2.0,2.0,1986
3391,Who's That Girl? (1987),Comedy,['Comedy'],1,1987.0,2,2.5,0.7071067811865476,2.0,3.0,1987
3392,She-Devil (1989),Comedy,['Comedy'],1,1989.0,6,2.333333333333333,1.2110601416389966,1.0,4.0,1989
3393,Date with an Angel (1987),Comedy|Fantasy|Romance,"['Comedy', 'Fantasy', 'Romance']",3,1987.0,3,1.3333333333333333,0.5773502691896258,1.0,2.0,1987
3394,Blind Date (1987),Comedy|Romance,"['Comedy', 'Romance']",2,1987.0,7,2.357142857142857,0.8521681032463467,1.0,3.0,1987
3395,Nadine (1987),Comedy,['Comedy'],1,1987.0,3,3.0,0.0,3.0,3.0,1987
3396,"Muppet Movie, The (1979)",Adventure|Children|Comedy|Musical,"['Adventure', 'Children', 'Comedy', 'Musical']",4,1979.0,33,3.590909090909091,0.939202998678812,1.0,5.0,1979
3397,"Great Muppet Caper, The (1981)",Children|Comedy,"['Children', 'Comedy']",2,1981.0,11,3.4545454545454546,0.8201995322647244,2.0,5.0,1981
3398,"Muppets Take Manhattan, The (1984)",Children|Comedy|Musical,"['Children', 'Comedy', 'Musical']",3,1984.0,15,3.333333333333333,1.0293317295817754,1.0,5.0,1984
3400,We're Back! A Dinosaur's Story (1993),Adventure|Animation|Children|Fantasy,"['Adventure', 'Animation', 'Children', 'Fantasy']",4,1993.0,1,3.0,0.0,3.0,3.0,1993
3401,Baby... Secret of the Lost Legend (1985),Adventure|Sci-Fi,"['Adventure', 'Sci-Fi']",2,1985.0,5,2.2,1.095445115010332,1.0,4.0,1985
3402,Turtle Diary (1985),Comedy|Drama|Romance,"['Comedy', 'Drama', 'Romance']",3,1985.0,2,4.0,0.0,4.0,4.0,1985
3403,Raise the Titanic (1980),Drama|Thriller,"['Drama', 'Thriller']",2,1980.0,1,4.0,0.0,4.0,4.0,1980
3404,Titanic (1953),Action|Drama,"['Action', 'Drama']",2,1953.0,6,3.583333333333333,1.9083151381956456,0.5,5.0,1953
3405,"Night to Remember, A (1958)",Action|Drama,"['Action', 'Drama']",2,1958.0,1,3.0,0.0,3.0,3.0,1958
3406,Captain Horatio Hornblower R.N. (1951),Action|Adventure|Drama|War,"['Action', 'Adventure', 'Drama', 'War']",4,1951.0,3,3.0,1.0,2.0,4.0,1951
3410,Soft Fruit (1999),Comedy|Drama,"['Comedy', 'Drama']",2,1999.0,1,4.0,0.0,4.0,4.0,1999
3412,"Bear, The (Ours, L') (1988)",Adventure|Children|Drama,"['Adventure', 'Children', 'Drama']",3,1988.0,6,3.4166666666666665,0.8010409893798611,2.0,4.0,1988
3414,Love Is a Many-Splendored Thing (1955),Drama|Romance|War,"['Drama', 'Romance', 'War']",3,1955.0,1,4.0,0.0,4.0,4.0,1955
3415,"Mirror, The (Zerkalo) (1975)",Drama,['Drama'],1,1975.0,3,4.166666666666667,0.2886751345948129,4.0,4.5,1975
3417,"Crimson Pirate, The (1952)",Adventure|Comedy,"['Adventure', 'Comedy']",2,1952.0,1,3.0,0.0,3.0,3.0,1952
3418,Thelma & Louise (1991),Adventure|Crime|Drama,"['Adventure', 'Crime', 'Drama']",3,1991.0,41,3.463414634146341,1.0331398979714643,1.0,5.0,1991
3420,...And Justice for All (1979),Drama|Thriller,"['Drama', 'Thriller']",2,1979.0,3,3.1666666666666665,0.7637626158259734,2.5,4.0,1979
3421,Animal House (1978),Comedy,['Comedy'],1,1978.0,62,3.693548387096774,1.1027344504059489,1.0,5.0,1978
3422,She's Gotta Have It (1986),Comedy|Romance,"['Comedy', 'Romance']",2,1986.0,6,3.333333333333333,0.816496580927726,2.0,4.0,1986
3423,School Daze (1988),Drama,['Drama'],1,1988.0,3,2.1666666666666665,0.7637626158259733,1.5,3.0,1988
3424,Do the Right Thing (1989),Drama,['Drama'],1,1989.0,27,4.037037037037037,0.8077262236808042,2.0,5.0,1989
3425,Mo' Better Blues (1990),Drama|Musical,"['Drama', 'Musical']",2,1990.0,5,3.4,0.8215838362577492,2.5,4.5,1990
3426,Jungle Fever (1991),Drama|Romance,"['Drama', 'Romance']",2,1991.0,7,3.071428571428572,0.7319250547113999,2.0,4.0,1991
3428,"Champ, The (1979)",Drama,['Drama'],1,1979.0,1,3.0,0.0,3.0,3.0,1979
3429,Creature Comforts (1989),Animation|Comedy,"['Animation', 'Comedy']",2,1989.0,12,4.25,0.6571287406727709,3.5,5.0,1989
3430,Death Wish (1974),Action|Crime|Drama,"['Action', 'Crime', 'Drama']",3,1974.0,4,3.0,0.816496580927726,2.0,4.0,1974
3431,Death Wish 2 (1982),Action|Drama,"['Action', 'Drama']",2,1982.0,3,1.6666666666666667,0.5773502691896258,1.0,2.0,1982
3432,Death Wish 3 (1985),Action|Drama,"['Action', 'Drama']",2,1985.0,2,1.5,0.7071067811865476,1.0,2.0,1985
3433,Death Wish 4: The Crackdown (1987),Action|Drama,"['Action', 'Drama']",2,1987.0,1,1.0,0.0,1.0,1.0,1987
3434,Death Wish 5: The Face of Death (1994),Action|Drama,"['Action', 'Drama']",2,1994.0,1,1.0,0.0,1.0,1.0,1994
3435,Double Indemnity (1944),Crime|Drama|Film-Noir,"['Crime', 'Drama', 'Film-Noir']",3,1944.0,17,4.323529411764706,0.705805755648027,2.5,5.0,1944
3436,Dying Young (1991),Drama|Romance,"['Drama', 'Romance']",2,1991.0,4,3.75,1.2583057392117916,2.0,5.0,1991
3438,Teenage Mutant Ninja Turtles (1990),Action|Children|Comedy|Fantasy|Sci-Fi,"['Action', 'Children', 'Comedy', 'Fantasy', 'Sci-Fi']",5,1990.0,25,3.0,1.0897247358851685,0.5,4.5,1990
3439,Teenage Mutant Ninja Turtles II: The Secret of the Ooze (1991),Action|Children|Fantasy,"['Action', 'Children', 'Fantasy']",3,1991.0,13,2.6923076923076925,0.8548504142651104,1.0,4.0,1991
3440,Teenage Mutant Ninja Turtles III (1993),Action|Adventure|Children|Comedy|Fantasy,"['Action', 'Adventure', 'Children', 'Comedy', 'Fantasy']",5,1993.0,14,2.071428571428572,1.0894095588038444,0.5,4.0,1993
3441,Red Dawn (1984),Action|Drama|War,"['Action', 'Drama', 'War']",3,1984.0,14,3.4285714285714284,1.174359774141161,1.0,5.0,1984
3442,Band of the Hand (1986),Action|Crime|Drama,"['Action', 'Crime', 'Drama']",3,1986.0,1,1.0,0.0,1.0,1.0,1986
3444,Bloodsport (1988),Action,['Action'],1,1988.0,9,2.9444444444444446,0.982485510212633,2.0,4.5,1988
3445,Eyes of Laura Mars (1978),Mystery|Thriller,"['Mystery', 'Thriller']",2,1978.0,4,3.5,0.5773502691896257,3.0,4.0,1978
3446,Funny Bones (1995),Comedy|Drama,"['Comedy', 'Drama']",2,1995.0,2,2.75,1.7677669529663689,1.5,4.0,1995
3447,"Good Earth, The (1937)",Drama,['Drama'],1,1937.0,2,4.0,0.0,4.0,4.0,1937
3448,"Good Morning, Vietnam (1987)",Comedy|Drama|War,"['Comedy', 'Drama', 'War']",3,1987.0,43,3.802325581395349,0.8175131780190292,2.0,5.0,1987
3449,"Good Mother, The (1988)",Drama,['Drama'],1,1988.0,1,4.0,0.0,4.0,4.0,1988
3450,Grumpy Old Men (1993),Comedy,['Comedy'],1,1993.0,29,3.293103448275862,1.1061293629081927,1.0,5.0,1993
3451,Guess Who's Coming to Dinner (1967),Drama,['Drama'],1,1967.0,11,4.545454545454546,0.650174801670499,3.0,5.0,1967
3455,Buddy Boy (1999),Drama|Thriller,"['Drama', 'Thriller']",2,1999.0,1,2.5,0.0,2.5,2.5,1999
3456,"Color of Paradise, The (Rang-e khoda) (1999)",Drama,['Drama'],1,1999.0,0,0.0,0.0,0.0,0.0,1999
3459,Gothic (1986),Drama|Horror,"['Drama', 'Horror']",2,1986.0,1,4.0,0.0,4.0,4.0,1986
3461,Lord of the Flies (1963),Adventure|Drama|Thriller,"['Adventure', 'Drama', 'Thriller']",3,1963.0,13,3.0384615384615383,0.92334397846312,2.0,4.0,1963
3462,Modern Times (1936),Comedy|Drama|Romance,"['Comedy', 'Drama', 'Romance']",3,1936.0,25,3.72,0.8175165645620481,1.0,5.0,1936
3466,Heart and Souls (1993),Comedy|Fantasy,"['Comedy', 'Fantasy']",2,1993.0,8,3.0,1.224744871391589,1.0,5.0,1993
3467,Hud (1963),Drama|Western,"['Drama', 'Western']",2,1963.0,4,3.75,0.2886751345948129,3.5,4.0,1963
3468,"Hustler, The (1961)",Drama,['Drama'],1,1961.0,18,4.333333333333333,0.7071067811865475,3.0,5.0,1961
3469,Inherit the Wind (1960),Drama,['Drama'],1,1960.0,6,4.083333333333333,0.917423929634859,2.5,5.0,1960
3470,Dersu Uzala (1975),Adventure|Drama,"['Adventure', 'Drama']",2,1975.0,5,4.3,0.670820393249937,3.5,5.0,1975
3471,Close Encounters of the Third Kind (1977),Adventure|Drama|Sci-Fi,"['Adventure', 'Drama', 'Sci-Fi']",3,1977.0,60,3.7416666666666663,0.8901136218972305,1.0,5.0,1977
3473,Jonah Who Will Be 25 in the Year 2000 (Jonas qui aura 25 ans en l'an 2000) (1976),Comedy,['Comedy'],1,1976.0,2,5.0,0.0,5.0,5.0,1976
3474,Retroactive (1997),Sci-Fi|Thriller,"['Sci-Fi', 'Thriller']",2,1997.0,1,4.0,0.0,4.0,4.0,1997
3475,"Place in the Sun, A (1951)",Drama|Romance,"['Drama', 'Romance']",2,1951.0,2,4.5,0.7071067811865476,4.0,5.0,1951
3476,Jacob's Ladder (1990),Horror|Mystery,"['Horror', 'Mystery']",2,1990.0,26,3.5576923076923075,1.1164848684771602,0.5,5.0,1990
3477,Empire Records (1995),Comedy|Drama,"['Comedy', 'Drama']",2,1995.0,13,3.3846153846153846,1.12089707663561,1.5,5.0,1995
3478,"Bamba, La (1987)",Drama,['Drama'],1,1987.0,7,2.7857142857142856,0.4879500364742666,2.0,3.5,1987
3479,Ladyhawke (1985),Adventure|Fantasy|Romance,"['Adventure', 'Fantasy', 'Romance']",3,1985.0,18,3.333333333333333,0.8224783208299743,1.5,4.0,1985
3480,Lucas (1986),Drama|Romance,"['Drama', 'Romance']",2,1986.0,3,3.333333333333333,1.1547005383792517,2.0,4.0,1986
3489,Hook (1991),Adventure|Comedy|Fantasy,"['Adventure', 'Comedy', 'Fantasy']",3,1991.0,53,3.358490566037736,0.8899943738508754,1.0,5.0,1991
3492,"Son of the Sheik, The (1926)",Adventure|Comedy|Romance,"['Adventure', 'Comedy', 'Romance']",3,1926.0,1,4.0,0.0,4.0,4.0,1926
3494,True Grit (1969),Adventure|Drama|Western,"['Adventure', 'Drama', 'Western']",3,1969.0,6,4.0,0.8944271909999159,3.0,5.0,1969
3496,Madame Sousatzka (1988),Drama,['Drama'],1,1988.0,1,5.0,0.0,5.0,5.0,1988
3497,Max Dugan Returns (1983),Comedy,['Comedy'],1,1983.0,4,2.5,0.5773502691896257,2.0,3.0,1983
3498,Midnight Express (1978),Drama,['Drama'],1,1978.0,8,4.0,0.9258200997725514,2.0,5.0,1978
3499,Misery (1990),Drama|Horror|Thriller,"['Drama', 'Horror', 'Thriller']",3,1990.0,44,3.840909090909091,0.7607579396274027,2.0,5.0,1990
3500,Mr. Saturday Night (1992),Comedy|Drama,"['Comedy', 'Drama']",2,1992.0,4,3.0,0.816496580927726,2.0,4.0,1992
3501,Murphy's Romance (1985),Comedy|Romance,"['Comedy', 'Romance']",2,1985.0,5,2.3,1.095445115010332,1.0,4.0,1985
3502,My Life (1993),Drama,['Drama'],1,1993.0,3,3.5,1.3228756555322954,2.5,5.0,1993
3503,Solaris (Solyaris) (1972),Drama|Mystery|Sci-Fi,"['Drama', 'Mystery', 'Sci-Fi']",3,1972.0,11,4.090909090909091,1.044465935734187,2.0,5.0,1972
3504,Network (1976),Comedy|Drama,"['Comedy', 'Drama']",2,1976.0,22,4.0227272727272725,0.9571444724416168,1.0,5.0,1976
3505,No Way Out (1987),Drama|Mystery|Thriller,"['Drama', 'Mystery', 'Thriller']",3,1987.0,9,3.7222222222222223,0.905231707600018,2.5,5.0,1987
3506,North Dallas Forty (1979),Comedy|Drama,"['Comedy', 'Drama']",2,1979.0,5,3.0,1.0,2.0,4.0,1979
3507,"Odd Couple, The (1968)",Comedy,['Comedy'],1,1968.0,15,4.066666666666666,0.5627314338711378,3.0,5.0,1968
3508,"Outlaw Josey Wales, The (1976)",Action|Adventure|Drama|Thriller|Western,"['Action', 'Adventure', 'Drama', 'Thriller', 'Western']",5,1976.0,18,4.25,0.6473929618545631,3.0,5.0,1976
3516,"Bell, Book and Candle (1958)",Comedy|Fantasy|Romance,"['Comedy', 'Fantasy', 'Romance']",3,1958.0,4,3.375,0.478713553878169,3.0,4.0,1958
3519,Force 10 from Navarone (1978),Action|Drama|War,"['Action', 'Drama', 'War']",3,1978.0,6,2.9166666666666665,0.4915960401250875,2.0,3.5,1978
3521,Mystery Train (1989),Comedy|Drama,"['Comedy', 'Drama']",2,1989.0,7,3.4285714285714284,1.2051476890327395,2.0,4.5,1989
3524,Arthur (1981),Comedy|Romance,"['Comedy', 'Romance']",2,1981.0,10,2.8,1.0327955589886444,2.0,5.0,1981
3525,Bachelor Party (1984),Comedy,['Comedy'],1,1984.0,5,2.9,1.6733200530681511,1.0,5.0,1984
3526,Parenthood (1989),Comedy|Drama,"['Comedy', 'Drama']",2,1989.0,15,3.7,0.8409178658720822,2.0,5.0,1989
3527,Predator (1987),Action|Sci-Fi|Thriller,"['Action', 'Sci-Fi', 'Thriller']",3,1987.0,61,3.581967213114754,1.0294833974250244,1.0,5.0,1987
3528,"Prince of Tides, The (1991)",Drama|Romance,"['Drama', 'Romance']",2,1991.0,5,3.4,0.8944271909999159,2.0,4.0,1991
3529,"Postman Always Rings Twice, The (1981)",Crime|Thriller,"['Crime', 'Thriller']",2,1981.0,5,3.5,0.7071067811865476,3.0,4.5,1981
3531,All the Vermeers in New York (1990),Comedy|Drama|Romance,"['Comedy', 'Drama', 'Romance']",3,1990.0,1,5.0,0.0,5.0,5.0,1990
3538,East is East (1999),Comedy,['Comedy'],1,1999.0,5,3.2,1.3038404810405295,2.0,5.0,1999
3543,Diner (1982),Comedy|Drama,"['Comedy', 'Drama']",2,1982.0,14,3.75,0.9146247654303166,2.5,5.0,1982
3544,Shakes the Clown (1992),Comedy,['Comedy'],1,1992.0,3,2.333333333333333,1.1547005383792517,1.0,3.0,1992
3545,Cabaret (1972),Drama|Musical,"['Drama', 'Musical']",2,1972.0,5,3.0,0.6123724356957945,2.0,3.5,1972
3546,What Ever Happened to Baby Jane? (1962),Drama|Horror|Thriller,"['Drama', 'Horror', 'Thriller']",3,1962.0,2,4.5,0.7071067811865476,4.0,5.0,1962
3548,Auntie Mame (1958),Comedy|Drama,"['Comedy', 'Drama']",2,1958.0,5,3.7,0.9746794344808964,2.0,4.5,1958
3549,Guys and Dolls (1955),Comedy|Musical|Romance,"['Comedy', 'Musical', 'Romance']",3,1955.0,8,3.9375,0.8210402808980465,3.0,5.0,1955
3550,The Hunger (1983),Horror,['Horror'],1,1983.0,6,3.6666666666666665,1.0327955589886446,2.0,5.0,1983
3551,Marathon Man (1976),Crime|Drama|Thriller,"['Crime', 'Drama', 'Thriller']",3,1976.0,13,3.4615384615384617,0.7762500258061847,2.0,5.0,1976
3552,Caddyshack (1980),Comedy,['Comedy'],1,1980.0,52,3.826923076923077,0.9945173988985389,1.0,5.0,1980
3556,"Virgin Suicides, The (1999)",Drama|Romance,"['Drama', 'Romance']",2,1999.0,26,3.769230769230769,0.8970035588643919,1.5,5.0,1999
3557,Jennifer 8 (1992),Mystery|Thriller,"['Mystery', 'Thriller']",2,1992.0,5,2.9,0.7416198487095662,2.0,4.0,1992
3559,Limelight (1952),Comedy|Drama|Romance,"['Comedy', 'Drama', 'Romance']",3,1952.0,3,3.6666666666666665,0.5773502691896258,3.0,4.0,1952
3568,Smiling Fish and Goat on Fire (1999),Comedy|Romance,"['Comedy', 'Romance']",2,1999.0,1,4.0,0.0,4.0,4.0,1999
3569,"Idiots, The (Idioterne) (1998)",Comedy|Drama,"['Comedy', 'Drama']",2,1998.0,2,4.0,0.7071067811865476,3.5,4.5,1998
3572,Carnosaur (1993),Horror|Sci-Fi,"['Horror', 'Sci-Fi']",2,1993.0,4,2.0,0.816496580927726,1.0,3.0,1993
3573,Carnosaur 2 (1995),Horror|Sci-Fi,"['Horror', 'Sci-Fi']",2,1995.0,2,1.5,0.7071067811865476,1.0,2.0,1995
3574,Carnosaur 3: Primal Species (1996),Horror|Sci-Fi,"['Horror', 'Sci-Fi']",2,1996.0,1,1.0,0.0,1.0,1.0,1996
3576,"Hidden, The (1987)",Action|Horror|Sci-Fi,"['Action', 'Horror', 'Sci-Fi']",3,1987.0,4,3.5,0.5773502691896257,3.0,4.0,1987
3577,Two Moon Junction (1988),Drama|Romance,"['Drama', 'Romance']",2,1988.0,2,2.0,1.4142135623730951,1.0,3.0,1988
3581,Human Traffic (1999),Comedy,['Comedy'],1,1999.0,2,3.5,0.7071067811865476,3.0,4.0,1999
3584,Breathless (1983),Action|Drama|Romance|Thriller,"['Action', 'Drama', 'Romance', 'Thriller']",4,1983.0,4,2.0,0.816496580927726,1.0,3.0,1983
3586,The Idolmaker (1980),Drama|Romance,"['Drama', 'Romance']",2,1980.0,1,4.0,0.0,4.0,4.0,1980
3587,Inferno (1980),Horror,['Horror'],1,1980.0,2,2.5,1.4142135623730951,1.5,3.5,1980
3590,"Lords of Flatbush, The (1974)",Comedy|Drama,"['Comedy', 'Drama']",2,1974.0,1,2.0,0.0,2.0,2.0,1974
3591,Mr. Mom (1983),Comedy|Drama,"['Comedy', 'Drama']",2,1983.0,15,2.7333333333333334,0.942388050696335,1.0,5.0,1983
3592,"Time Masters (Maîtres du temps, Les) (1982)",Animation|Sci-Fi,"['Animation', 'Sci-Fi']",2,1982.0,1,4.5,0.0,4.5,4.5,1982
3599,Anchors Aweigh (1945),Comedy|Musical,"['Comedy', 'Musical']",2,1945.0,5,3.2,1.2549900398011131,1.0,4.0,1945
3604,Gypsy (1962),Musical,['Musical'],1,1962.0,1,0.5,0.0,0.5,0.5,1962
3606,On the Town (1949),Comedy|Musical|Romance,"['Comedy', 'Musical', 'Romance']",3,1949.0,4,3.75,0.8660254037844386,3.0,5.0,1949
3608,Pee-wee's Big Adventure (1985),Adventure|Comedy,"['Adventure', 'Comedy']",2,1985.0,25,2.94,1.2274635093014643,1.0,5.0,1985
3609,Regret to Inform (1998),Documentary,['Documentary'],1,1998.0,1,3.5,0.0,3.5,3.5,1998
3614,Honeymoon in Vegas (1992),Comedy|Romance,"['Comedy', 'Romance']",2,1992.0,8,2.9375,0.8634441002668988,2.0,4.0,1992
3619,"Hollywood Knights, The (1980)",Comedy,['Comedy'],1,1980.0,1,2.0,0.0,2.0,2.0,1980
3622,"Twelve Chairs, The (1970)",Comedy,['Comedy'],1,1970.0,1,3.0,0.0,3.0,3.0,1970
3625,Better Living Through Circuitry (1999),Documentary,['Documentary'],1,1999.0,1,2.0,0.0,2.0,2.0,1999
3626,8 ½ Women (a.k.a. 8 1/2 Women) (a.k.a. Eight and a Half Women) (1999),Comedy,['Comedy'],1,1999.0,3,3.333333333333333,0.5773502691896258,3.0,4.0,1999
3627,Carnival of Souls (1962),Horror|Thriller,"['Horror', 'Thriller']",2,1962.0,4,3.875,0.8539125638299667,3.0,5.0,1962
3628,Flying Tigers (1942),Action|Drama|Romance|War,"['Action', 'Drama', 'Romance', 'War']",4,1942.0,2,3.0,1.4142135623730951,2.0,4.0,1942
3629,"Gold Rush, The (1925)",Adventure|Comedy|Romance,"['Adventure', 'Comedy', 'Romance']",3,1925.0,7,4.071428571428571,0.5345224838248488,3.0,4.5,1925
3632,Monsieur Verdoux (1947),Comedy|Crime,"['Comedy', 'Crime']",2,1947.0,5,4.0,0.7071067811865476,3.0,5.0,1947
3633,On Her Majesty's Secret Service (1969),Action|Adventure|Romance|Thriller,"['Action', 'Adventure', 'Romance', 'Thriller']",4,1969.0,17,3.264705882352941,0.9205576954152496,1.5,5.0,1969
3634,Seven Days in May (1964),Thriller,['Thriller'],1,1964.0,1,4.0,0.0,4.0,4.0,1964
3635,"Spy Who Loved Me, The (1977)",Action|Adventure|Thriller,"['Action', 'Adventure', 'Thriller']",3,1977.0,18,3.4444444444444446,0.9217771979249536,1.0,5.0,1977
3637,Vagabond (Sans toit ni loi) (1985),Drama,['Drama'],1,1985.0,1,5.0,0.0,5.0,5.0,1985
3638,Moonraker (1979),Action|Adventure|Sci-Fi|Thriller,"['Action', 'Adventure', 'Sci-Fi', 'Thriller']",4,1979.0,26,3.1346153846153846,1.0252579412781184,1.0,5.0,1979
3639,"Man with the Golden Gun, The (1974)",Action|Adventure|Thriller,"['Action', 'Adventure', 'Thriller']",3,1974.0,18,3.583333333333333,0.7717436331412896,2.0,5.0,1974
3640,"King in New York, A (1957)",Comedy|Drama,"['Comedy', 'Drama']",2,1957.0,1,4.0,0.0,4.0,4.0,1957
3641,"Woman of Paris, A (1923)",Drama,['Drama'],1,1923.0,2,4.0,0.7071067811865476,3.5,4.5,1923
3643,"Fighting Seabees, The (1944)",Action|Drama|War,"['Action', 'Drama', 'War']",3,1944.0,2,3.5,0.7071067811865476,3.0,4.0,1944
3648,"Abominable Snowman, The (Abominable Snowman of the Himalayas, The) (1957)",Horror|Sci-Fi,"['Horror', 'Sci-Fi']",2,1957.0,1,4.0,0.0,4.0,4.0,1957
3649,American Gigolo (1980),Drama,['Drama'],1,1980.0,8,2.6875,1.032939633141398,1.0,4.0,1980
3652,"City of the Living Dead (a.k.a. Gates of Hell, The) (Paura nella città dei morti viventi) (1980)",Horror,['Horror'],1,1980.0,1,3.0,0.0,3.0,3.0,1980
3653,"Endless Summer, The (1966)",Documentary,['Documentary'],1,1966.0,3,4.166666666666667,1.0408329997330663,3.0,5.0,1966
3654,"Guns of Navarone, The (1961)",Action|Adventure|Drama|War,"['Action', 'Adventure', 'Drama', 'War']",4,1961.0,13,3.769230769230769,0.599144689515278,3.0,5.0,1961
3655,Blow-Out (La grande bouffe) (1973),Drama,['Drama'],1,1973.0,2,4.25,1.0606601717798212,3.5,5.0,1973
3658,Quatermass and the Pit (1967),Horror|Sci-Fi,"['Horror', 'Sci-Fi']",2,1967.0,1,3.0,0.0,3.0,3.0,1967
3660,Puppet Master (1989),Horror|Sci-Fi|Thriller,"['Horror', 'Sci-Fi', 'Thriller']",3,1989.0,2,2.0,1.4142135623730951,1.0,3.0,1989
3661,Puppet Master II (1991),Horror|Sci-Fi|Thriller,"['Horror', 'Sci-Fi', 'Thriller']",3,1991.0,1,3.0,0.0,3.0,3.0,1991
3662,Puppet Master III: Toulon's Revenge (1991),Horror|Sci-Fi|Thriller,"['Horror', 'Sci-Fi', 'Thriller']",3,1991.0,2,3.0,0.0,3.0,3.0,1991
3663,Puppet Master 4 (1993),Horror|Sci-Fi|Thriller,"['Horror', 'Sci-Fi', 'Thriller']",3,1993.0,1,2.0,0.0,2.0,2.0,1993
3664,Puppet Master 5: The Final Chapter (1994),Horror|Sci-Fi|Thriller,"['Horror', 'Sci-Fi', 'Thriller']",3,1994.0,1,2.0,0.0,2.0,2.0,1994
3667,Rent-A-Cop (1988),Action|Comedy|Crime,"['Action', 'Comedy', 'Crime']",3,1988.0,1,1.0,0.0,1.0,1.0,1988
3668,Romeo and Juliet (1968),Drama|Romance,"['Drama', 'Romance']",2,1968.0,15,3.6666666666666665,0.7943251103624893,2.5,5.0,1968
3669,Stay Tuned (1992),Comedy,['Comedy'],1,1992.0,1,2.5,0.0,2.5,2.5,1992
3671,Blazing Saddles (1974),Comedy|Western,"['Comedy', 'Western']",2,1974.0,62,3.935483870967742,0.9209931870297748,0.5,5.0,1974
3672,Benji (1974),Adventure|Children,"['Adventure', 'Children']",2,1974.0,5,3.8,1.3038404810405295,2.0,5.0,1974
3673,Benji the Hunted (1987),Adventure|Children,"['Adventure', 'Children']",2,1987.0,2,4.5,0.7071067811865476,4.0,5.0,1987
3674,For the Love of Benji (1977),Adventure|Children|Comedy|Drama,"['Adventure', 'Children', 'Comedy', 'Drama']",4,1977.0,1,4.0,0.0,4.0,4.0,1977
3675,White Christmas (1954),Comedy|Musical|Romance,"['Comedy', 'Musical', 'Romance']",3,1954.0,8,4.1875,0.4580626906564522,3.5,5.0,1954
3676,Eraserhead (1977),Drama|Horror,"['Drama', 'Horror']",2,1977.0,10,3.75,0.8249579113843054,2.5,5.0,1977
3677,Baraka (1992),Documentary,['Documentary'],1,1992.0,4,4.125,0.8539125638299665,3.0,5.0,1992
3678,"Man with the Golden Arm, The (1955)",Drama,['Drama'],1,1955.0,1,5.0,0.0,5.0,5.0,1955
3679,"Decline of Western Civilization, The (1981)",Documentary|Musical,"['Documentary', 'Musical']",2,1981.0,2,3.75,0.3535533905932738,3.5,4.0,1981
3680,"Decline of Western Civilization Part II: The Metal Years, The (1988)",Documentary,['Documentary'],1,1988.0,1,3.0,0.0,3.0,3.0,1988
3681,For a Few Dollars More (Per qualche dollaro in più) (1965),Action|Drama|Thriller|Western,"['Action', 'Drama', 'Thriller', 'Western']",4,1965.0,33,4.151515151515151,0.6310315028394047,3.0,5.0,1965
3682,Magnum Force (1973),Action|Crime|Drama|Thriller,"['Action', 'Crime', 'Drama', 'Thriller']",4,1973.0,5,3.7,1.2041594578792296,2.0,5.0,1973
3683,Blood Simple (1984),Crime|Drama|Film-Noir,"['Crime', 'Drama', 'Film-Noir']",3,1984.0,19,4.0,0.8660254037844386,2.5,5.0,1984
3684,"Fabulous Baker Boys, The (1989)",Drama|Romance,"['Drama', 'Romance']",2,1989.0,7,3.071428571428572,0.4498677054212187,2.5,4.0,1989
3685,Prizzi's Honor (1985),Comedy|Drama|Romance,"['Comedy', 'Drama', 'Romance']",3,1985.0,9,3.7777777777777777,0.8333333333333334,3.0,5.0,1985
3686,Flatliners (1990),Horror|Sci-Fi|Thriller,"['Horror', 'Sci-Fi', 'Thriller']",3,1990.0,15,2.933333333333333,0.7988086367179803,1.5,4.0,1990
3687,Light Years (Gandahar) (1988),Adventure|Animation|Fantasy|Sci-Fi,"['Adventure', 'Animation', 'Fantasy', 'Sci-Fi']",4,1988.0,1,5.0,0.0,5.0,5.0,1988
3688,Porky's (1982),Comedy,['Comedy'],1,1982.0,11,2.136363636363636,1.2468141218904505,1.0,5.0,1982
3689,Porky's II: The Next Day (1983),Comedy,['Comedy'],1,1983.0,4,1.75,0.957427107756338,1.0,3.0,1983
3690,Porky's Revenge (1985),Comedy,['Comedy'],1,1985.0,5,2.0,1.0,1.0,3.0,1985
3691,Private School (1983),Comedy,['Comedy'],1,1983.0,1,3.0,0.0,3.0,3.0,1983
3692,Class of Nuke 'Em High (1986),Comedy|Horror,"['Comedy', 'Horror']",2,1986.0,1,3.0,0.0,3.0,3.0,1986
3693,"Toxic Avenger, The (1985)",Comedy|Horror,"['Comedy', 'Horror']",2,1985.0,8,2.125,0.9543135154205278,1.0,3.5,1985
3694,"Toxic Avenger, Part II, The (1989)",Comedy|Horror,"['Comedy', 'Horror']",2,1989.0,2,2.0,1.4142135623730951,1.0,3.0,1989
3695,"Toxic Avenger Part III: The Last Temptation of Toxie, The (1989)",Comedy|Horror,"['Comedy', 'Horror']",2,1989.0,2,2.0,1.4142135623730951,1.0,3.0,1989
3696,Night of the Creeps (1986),Comedy|Horror|Sci-Fi|Thriller,"['Comedy', 'Horror', 'Sci-Fi', 'Thriller']",4,1986.0,3,3.1666666666666665,1.0408329997330663,2.0,4.0,1986
3697,Predator 2 (1990),Action|Sci-Fi|Thriller,"['Action', 'Sci-Fi', 'Thriller']",3,1990.0,21,2.9047619047619047,1.079572225687652,1.0,5.0,1990
3698,"Running Man, The (1987)",Action|Sci-Fi,"['Action', 'Sci-Fi']",2,1987.0,34,3.2205882352941178,0.9784896870872912,1.5,5.0,1987
3699,Starman (1984),Adventure|Drama|Romance|Sci-Fi,"['Adventure', 'Drama', 'Romance', 'Sci-Fi']",4,1984.0,13,3.1538461538461537,0.9216067351961869,1.0,4.0,1984
3700,"Brother from Another Planet, The (1984)",Drama|Sci-Fi,"['Drama', 'Sci-Fi']",2,1984.0,1,2.5,0.0,2.5,2.5,1984
3701,Alien Nation (1988),Crime|Drama|Sci-Fi|Thriller,"['Crime', 'Drama', 'Sci-Fi', 'Thriller']",4,1988.0,13,3.1153846153846154,1.1574729326181192,1.0,5.0,1988
3702,Mad Max (1979),Action|Adventure|Sci-Fi,"['Action', 'Adventure', 'Sci-Fi']",3,1979.0,38,3.486842105263158,0.9040961000796496,1.5,5.0,1979
3703,"Road Warrior, The (Mad Max 2) (1981)",Action|Adventure|Sci-Fi|Thriller,"['Action', 'Adventure', 'Sci-Fi', 'Thriller']",4,1981.0,40,4.0375,0.8725698855267726,1.5,5.0,1981
3704,Mad Max Beyond Thunderdome (1985),Action|Adventure|Sci-Fi,"['Action', 'Adventure', 'Sci-Fi']",3,1985.0,24,3.270833333333333,0.8966018779459655,2.0,5.0,1985
3705,Bird on a Wire (1990),Action|Comedy|Romance,"['Action', 'Comedy', 'Romance']",3,1990.0,8,2.3125,0.4580626906564521,2.0,3.0,1990
3706,Angel Heart (1987),Film-Noir|Horror|Mystery|Thriller,"['Film-Noir', 'Horror', 'Mystery', 'Thriller']",4,1987.0,8,3.0,1.3093073414159544,1.0,4.0,1987
3707,9 1/2 Weeks (Nine 1/2 Weeks) (1986),Drama|Romance,"['Drama', 'Romance']",2,1986.0,10,2.7,0.8232726023485646,1.0,4.0,1986
3708,Firestarter (1984),Horror|Thriller,"['Horror', 'Thriller']",2,1984.0,10,3.05,0.8316649966583098,2.0,4.0,1984
3709,Sleepwalkers (1992),Horror,['Horror'],1,1992.0,1,2.0,0.0,2.0,2.0,1992
3710,Action Jackson (1988),Action|Comedy|Crime|Thriller,"['Action', 'Comedy', 'Crime', 'Thriller']",4,1988.0,3,1.6666666666666667,0.5773502691896258,1.0,2.0,1988
3711,Sarafina! (1992),Drama,['Drama'],1,1992.0,1,4.0,0.0,4.0,4.0,1992
3712,Soapdish (1991),Comedy,['Comedy'],1,1991.0,3,2.833333333333333,0.2886751345948129,2.5,3.0,1991
3713,"Long Walk Home, The (1990)",Drama,['Drama'],1,1990.0,1,4.0,0.0,4.0,4.0,1990
3714,Clara's Heart (1988),Drama,['Drama'],1,1988.0,1,2.5,0.0,2.5,2.5,1988
3715,Burglar (1987),Comedy|Crime,"['Comedy', 'Crime']",2,1987.0,2,2.75,1.7677669529663689,1.5,4.0,1987
3716,Fatal Beauty (1987),Action|Comedy|Crime|Drama,"['Action', 'Comedy', 'Crime', 'Drama']",4,1987.0,1,1.0,0.0,1.0,1.0,1987
3720,Sunshine (1999),Drama,['Drama'],1,1999.0,1,4.0,0.0,4.0,4.0,1999
3723,Hamlet (1990),Drama,['Drama'],1,1990.0,5,3.8,0.7582875444051552,3.0,5.0,1990
3724,Coming Home (1978),Drama|War,"['Drama', 'War']",2,1978.0,5,3.3,0.8366600265340756,2.0,4.0,1978
3725,American Pop (1981),Animation|Musical,"['Animation', 'Musical']",2,1981.0,2,3.5,0.7071067811865476,3.0,4.0,1981
3726,Assault on Precinct 13 (1976),Action|Thriller,"['Action', 'Thriller']",2,1976.0,5,3.6,0.6519202405202649,3.0,4.5,1976
3727,Near Dark (1987),Horror|Western,"['Horror', 'Western']",2,1987.0,8,4.3125,0.7039429765866795,3.0,5.0,1987
3728,One False Move (1992),Crime|Drama|Film-Noir|Thriller,"['Crime', 'Drama', 'Film-Noir', 'Thriller']",4,1992.0,4,3.75,0.5,3.0,4.0,1992
3729,Shaft (1971),Action|Crime|Drama|Thriller,"['Action', 'Crime', 'Drama', 'Thriller']",4,1971.0,3,4.0,1.0,3.0,5.0,1971
3730,"Conversation, The (1974)",Drama|Mystery,"['Drama', 'Mystery']",2,1974.0,17,4.205882352941177,0.662825946455114,3.0,5.0,1974
3731,Cutter's Way (1981),Drama|Thriller,"['Drama', 'Thriller']",2,1981.0,1,3.0,0.0,3.0,3.0,1981
3732,"Fury, The (1978)",Horror,['Horror'],1,1978.0,4,3.0,1.4142135623730951,1.0,4.0,1978
3733,"Paper Chase, The (1973)",Drama,['Drama'],1,1973.0,3,3.8333333333333335,0.2886751345948129,3.5,4.0,1973
3735,Serpico (1973),Crime|Drama,"['Crime', 'Drama']",2,1973.0,17,3.794117647058824,0.7084054173240897,2.0,5.0,1973
3736,"Ace in the Hole (Big Carnival, The) (1951)",Drama,['Drama'],1,1951.0,1,3.0,0.0,3.0,3.0,1951
3737,Lonely Are the Brave (1962),Drama|Western,"['Drama', 'Western']",2,1962.0,1,4.0,0.0,4.0,4.0,1962
3738,"Sugarland Express, The (1974)",Drama,['Drama'],1,1974.0,2,3.0,1.4142135623730951,2.0,4.0,1974
3739,Trouble in Paradise (1932),Comedy|Romance,"['Comedy', 'Romance']",2,1932.0,1,3.5,0.0,3.5,3.5,1932
3740,Big Trouble in Little China (1986),Action|Adventure|Comedy|Fantasy,"['Action', 'Adventure', 'Comedy', 'Fantasy']",4,1986.0,28,3.857142857142857,0.8698354767504924,2.0,5.0,1986
3741,Badlands (1973),Crime|Drama|Thriller,"['Crime', 'Drama', 'Thriller']",3,1973.0,11,4.090909090909091,0.7006490497453707,3.0,5.0,1973
3742,Battleship Potemkin (1925),Drama|War,"['Drama', 'War']",2,1925.0,10,3.65,1.2258783698955529,0.5,5.0,1925
3746,Butterfly (La lengua de las mariposas) (1999),Drama,['Drama'],1,1999.0,2,4.0,1.4142135623730951,3.0,5.0,1999
3747,Jesus' Son (1999),Drama,['Drama'],1,1999.0,2,3.5,0.7071067811865476,3.0,4.0,1999
3758,Communion (1989),Drama|Sci-Fi|Thriller,"['Drama', 'Sci-Fi', 'Thriller']",3,1989.0,2,3.5,0.7071067811865476,3.0,4.0,1989
3760,"Kentucky Fried Movie, The (1977)",Comedy,['Comedy'],1,1977.0,3,3.5,1.3228756555322954,2.5,5.0,1977
3761,"Blood In, Blood Out (1993)",Action|Crime|Drama|Thriller,"['Action', 'Crime', 'Drama', 'Thriller']",4,1993.0,1,4.0,0.0,4.0,4.0,1993
3763,F/X (1986),Action|Crime|Thriller,"['Action', 'Crime', 'Thriller']",3,1986.0,16,3.21875,0.6046693311223913,2.0,4.5,1986
3764,F/X2 (a.k.a. F/X 2 - The Deadly Art of Illusion) (1991),Action|Crime|Thriller,"['Action', 'Crime', 'Thriller']",3,1991.0,5,2.3,0.4472135954999579,2.0,3.0,1991
3765,"Hot Spot, The (1990)",Crime|Drama|Romance,"['Crime', 'Drama', 'Romance']",3,1990.0,2,3.0,0.0,3.0,3.0,1990
3766,Missing in Action (1984),Action|War,"['Action', 'War']",2,1984.0,6,2.083333333333333,0.6645800679125629,1.0,3.0,1984
3767,Missing in Action 2: The Beginning (1985),Action|War,"['Action', 'War']",2,1985.0,3,1.6666666666666667,0.5773502691896258,1.0,2.0,1985
3768,Braddock: Missing in Action III (1988),Action|War,"['Action', 'War']",2,1988.0,2,1.25,0.3535533905932738,1.0,1.5,1988
3769,Thunderbolt and Lightfoot (1974),Action,['Action'],1,1974.0,3,3.333333333333333,0.5773502691896258,3.0,4.0,1974
3770,Dreamscape (1984),Horror|Sci-Fi|Thriller,"['Horror', 'Sci-Fi', 'Thriller']",3,1984.0,6,2.6666666666666665,0.816496580927726,2.0,4.0,1984
3771,The Golden Voyage of Sinbad (1973),Action|Adventure|Fantasy,"['Action', 'Adventure', 'Fantasy']",3,1973.0,3,4.0,1.0,3.0,5.0,1973
3773,House Party (1990),Comedy,['Comedy'],1,1990.0,2,2.0,1.4142135623730951,1.0,3.0,1990
3774,House Party 2 (1991),Comedy|Drama|Romance,"['Comedy', 'Drama', 'Romance']",3,1991.0,4,0.75,0.2886751345948128,0.5,1.0,1991
3783,Croupier (1998),Crime|Drama,"['Crime', 'Drama']",2,1998.0,11,3.954545454545455,0.5680909018170179,3.0,5.0,1998
3786,But I'm a Cheerleader (1999),Comedy,['Comedy'],1,1999.0,4,2.625,1.3768926368215255,1.0,4.0,1999
3787,Shower (Xizao) (1999),Comedy,['Comedy'],1,1999.0,2,4.0,1.4142135623730951,3.0,5.0,1999
3788,Blow-Up (Blowup) (1966),Drama|Mystery,"['Drama', 'Mystery']",2,1966.0,6,3.6666666666666665,0.6055300708194984,3.0,4.5,1966
3789,"Pawnbroker, The (1964)",Drama,['Drama'],1,1964.0,1,3.5,0.0,3.5,3.5,1964
3791,Footloose (1984),Drama,['Drama'],1,1984.0,16,3.1875,0.963932916061417,1.0,5.0,1984
3792,Duel in the Sun (1946),Drama|Romance|Western,"['Drama', 'Romance', 'Western']",3,1946.0,1,5.0,0.0,5.0,5.0,1946
3795,"Five Senses, The (1999)",Drama,['Drama'],1,1999.0,1,5.0,0.0,5.0,5.0,1999
3801,Anatomy of a Murder (1959),Drama|Mystery,"['Drama', 'Mystery']",2,1959.0,4,4.0,0.0,4.0,4.0,1959
3802,Freejack (1992),Action|Sci-Fi,"['Action', 'Sci-Fi']",2,1992.0,4,2.0,0.0,2.0,2.0,1992
3806,Mackenna's Gold (1969),Western,['Western'],1,1969.0,1,3.0,0.0,3.0,3.0,1969
3807,Sinbad and the Eye of the Tiger (1977),Adventure|Fantasy,"['Adventure', 'Fantasy']",2,1977.0,1,3.0,0.0,3.0,3.0,1977
3808,"Two Women (Ciociara, La) (1960)",Drama|War,"['Drama', 'War']",2,1960.0,1,4.0,0.0,4.0,4.0,1960
3809,What About Bob? (1991),Comedy,['Comedy'],1,1991.0,35,3.271428571428572,0.9102589898327996,1.0,5.0,1991
3810,White Sands (1992),Drama|Thriller,"['Drama', 'Thriller']",2,1992.0,3,3.0,0.0,3.0,3.0,1992
3811,Breaker Morant (1980),Drama|War,"['Drama', 'War']",2,1980.0,7,3.928571428571429,0.6074928962939561,3.0,5.0,1980
3812,Everything You Always Wanted to Know About Sex * But Were Afraid to Ask (1972),Comedy,['Comedy'],1,1972.0,12,3.458333333333333,0.9876126709792598,1.0,5.0,1972
3813,Interiors (1978),Drama,['Drama'],1,1978.0,3,4.166666666666667,0.7637626158259733,3.5,5.0,1978
3814,Love and Death (1975),Comedy,['Comedy'],1,1975.0,9,4.222222222222222,0.8700255424092125,3.0,5.0,1975
3816,"Official Story, The (La historia oficial) (1985)",Drama,['Drama'],1,1985.0,1,4.0,0.0,4.0,4.0,1985
3819,Tampopo (1985),Comedy,['Comedy'],1,1985.0,3,4.0,1.0,3.0,5.0,1985
3822,"Girl on the Bridge, The (Fille sur le pont, La) (1999)",Drama|Romance,"['Drama', 'Romance']",2,1999.0,4,4.125,0.6291528696058959,3.5,5.0,1999
3823,Wonderland (1999),Drama,['Drama'],1,1999.0,2,4.0,0.0,4.0,4.0,1999
3832,"Black Sabbath (Tre volti della paura, I) (1963)",Horror,['Horror'],1,1963.0,1,4.0,0.0,4.0,4.0,1963
3833,"Brain That Wouldn't Die, The (1962)",Horror|Sci-Fi,"['Horror', 'Sci-Fi']",2,1962.0,2,1.5,0.7071067811865476,1.0,2.0,1962
3834,Bronco Billy (1980),Adventure|Drama|Romance,"['Adventure', 'Drama', 'Romance']",3,1980.0,2,3.0,0.0,3.0,3.0,1980
3835,"Crush, The (1993)",Thriller,['Thriller'],1,1993.0,6,2.1666666666666665,0.9309493362512627,1.5,4.0,1993
3836,Kelly's Heroes (1970),Action|Comedy|War,"['Action', 'Comedy', 'War']",3,1970.0,15,4.133333333333334,0.7432233529572063,2.5,5.0,1970
3837,Phantasm II (1988),Action|Fantasy|Horror|Sci-Fi|Thriller,"['Action', 'Fantasy', 'Horror', 'Sci-Fi', 'Thriller']",5,1988.0,3,2.5,2.179449471770337,1.0,5.0,1988
3838,Phantasm III: Lord of the Dead (1994),Horror,['Horror'],1,1994.0,1,2.0,0.0,2.0,2.0,1994
3839,Phantasm IV: Oblivion (1998),Horror,['Horror'],1,1998.0,3,1.6666666666666667,0.5773502691896258,1.0,2.0,1998
3840,Pumpkinhead (1988),Horror,['Horror'],1,1988.0,5,2.4,1.1401754250991378,1.0,4.0,1988
3841,Air America (1990),Action|Comedy,"['Action', 'Comedy']",2,1990.0,6,2.833333333333333,1.2110601416389966,1.5,5.0,1990
3843,Sleepaway Camp (1983),Horror,['Horror'],1,1983.0,4,2.375,1.25,1.0,4.0,1983
3844,Steel Magnolias (1989),Drama,['Drama'],1,1989.0,9,3.333333333333333,0.9013878188659972,2.0,5.0,1989
3845,And God Created Woman (Et Dieu... créa la femme) (1956),Drama,['Drama'],1,1956.0,1,4.0,0.0,4.0,4.0,1956
3846,Easy Money (1983),Comedy,['Comedy'],1,1983.0,4,3.625,1.25,2.0,5.0,1983
3847,"Ilsa, She Wolf of the SS (1974)",Horror,['Horror'],1,1974.0,1,2.0,0.0,2.0,2.0,1974
3849,The Spiral Staircase (1945),Horror|Mystery|Thriller,"['Horror', 'Mystery', 'Thriller']",3,1945.0,2,4.0,0.0,4.0,4.0,1945
3855,"Affair of Love, An (Liaison pornographique, Une) (1999)",Drama|Romance,"['Drama', 'Romance']",2,1999.0,2,4.75,0.3535533905932738,4.5,5.0,1999
3864,Godzilla 2000 (Gojira ni-sen mireniamu) (1999),Action|Adventure|Sci-Fi,"['Action', 'Adventure', 'Sci-Fi']",3,1999.0,5,2.1,1.140175425099138,1.0,4.0,1999
3868,"Naked Gun: From the Files of Police Squad!, The (1988)",Action|Comedy|Crime|Romance,"['Action', 'Comedy', 'Crime', 'Romance']",4,1988.0,42,3.4047619047619047,0.9578819065031136,1.0,5.0,1988
3869,"Naked Gun 2 1/2: The Smell of Fear, The (1991)",Comedy,['Comedy'],1,1991.0,26,3.423076923076923,0.96635715646243,1.5,5.0,1991
3870,Our Town (1940),Drama,['Drama'],1,1940.0,1,3.0,0.0,3.0,3.0,1940
3871,Shane (1953),Drama|Western,"['Drama', 'Western']",2,1953.0,5,3.9,0.4183300132670378,3.5,4.5,1953
3872,"Suddenly, Last Summer (1959)",Drama,['Drama'],1,1959.0,1,3.5,0.0,3.5,3.5,1959
3873,Cat Ballou (1965),Comedy|Western,"['Comedy', 'Western']",2,1965.0,7,3.142857142857143,0.6900655593423541,2.0,4.0,1965
3877,Supergirl (1984),Action|Adventure|Fantasy,"['Action', 'Adventure', 'Fantasy']",3,1984.0,9,2.2222222222222223,1.2018504251546631,1.0,5.0,1984
3894,Solas (1999),Drama,['Drama'],1,1999.0,1,4.0,0.0,4.0,4.0,1999
3917,Hellraiser (1987),Horror,['Horror'],1,1987.0,15,3.3666666666666667,0.990430401872025,1.0,5.0,1987
3918,Hellbound: Hellraiser II (1988),Horror,['Horror'],1,1988.0,9,3.2777777777777777,1.3017082793177757,1.0,5.0,1988
3919,Hellraiser III: Hell on Earth (1992),Horror,['Horror'],1,1992.0,1,2.5,0.0,2.5,2.5,1992
3920,"Faraway, So Close (In weiter Ferne, so nah!) (1993)",Drama|Fantasy|Mystery|Romance,"['Drama', 'Fantasy', 'Mystery', 'Romance']",4,1993.0,1,4.0,0.0,4.0,4.0,1993
3922,Bikini Beach (1964),Comedy,['Comedy'],1,1964.0,1,1.0,0.0,1.0,1.0,1964
3925,Stranger Than Paradise (1984),Comedy|Drama,"['Comedy', 'Drama']",2,1984.0,6,3.9166666666666665,1.4288690166235207,1.5,5.0,1984
3926,Voyage to the Bottom of the Sea (1961),Adventure|Sci-Fi,"['Adventure', 'Sci-Fi']",2,1961.0,1,3.0,0.0,3.0,3.0,1961
3927,Fantastic Voyage (1966),Adventure|Sci-Fi,"['Adventure', 'Sci-Fi']",2,1966.0,6,2.6666666666666665,0.816496580927726,2.0,4.0,1966
3928,Abbott and Costello Meet Frankenstein (1948),Comedy|Horror,"['Comedy', 'Horror']",2,1948.0,4,3.75,0.8660254037844386,3.0,5.0,1948
3929,"Bank Dick, The (1940)",Comedy,['Comedy'],1,1940.0,2,2.5,0.7071067811865476,2.0,3.0,1940
3930,"Creature from the Black Lagoon, The (1954)",Adventure|Horror|Sci-Fi,"['Adventure', 'Horror', 'Sci-Fi']",3,1954.0,4,2.125,0.8539125638299665,1.0,3.0,1954
3932,"Invisible Man, The (1933)",Horror|Sci-Fi,"['Horror', 'Sci-Fi']",2,1933.0,2,3.5,0.7071067811865476,3.0,4.0,1933
3933,"Killer Shrews, The (1959)",Horror|Sci-Fi,"['Horror', 'Sci-Fi']",2,1959.0,1,0.5,0.0,0.5,0.5,1959
3937,Runaway (1984),Sci-Fi|Thriller,"['Sci-Fi', 'Thriller']",2,1984.0,4,2.625,1.1086778913041726,1.5,4.0,1984
3938,"Slumber Party Massacre, The (1982)",Horror,['Horror'],1,1982.0,2,2.75,1.0606601717798212,2.0,3.5,1982
3939,Slumber Party Massacre II (1987),Horror,['Horror'],1,1987.0,1,5.0,0.0,5.0,5.0,1987
3940,Slumber Party Massacre III (1990),Horror,['Horror'],1,1990.0,1,5.0,0.0,5.0,5.0,1990
3941,Sorority House Massacre (1986),Horror,['Horror'],1,1986.0,1,5.0,0.0,5.0,5.0,1986
3942,Sorority House Massacre II (1990),Horror,['Horror'],1,1990.0,1,5.0,0.0,5.0,5.0,1990
3947,Get Carter (1971),Action|Crime|Drama|Thriller,"['Action', 'Crime', 'Drama', 'Thriller']",4,1971.0,3,3.333333333333333,0.7637626158259734,2.5,4.0,1971
3957,Billy Jack (1971),Action|Drama,"['Action', 'Drama']",2,1971.0,3,2.6666666666666665,0.5773502691896258,2.0,3.0,1971
3958,Billy Jack Goes to Washington (1977),Drama,['Drama'],1,1977.0,1,2.0,0.0,2.0,2.0,1977
3959,"Time Machine, The (1960)",Action|Adventure|Sci-Fi,"['Action', 'Adventure', 'Sci-Fi']",3,1960.0,8,3.625,0.8762745818846642,2.5,5.0,1960
3962,Ghoulies II (1987),Comedy|Horror,"['Comedy', 'Horror']",2,1987.0,1,1.5,0.0,1.5,1.5,1987
3963,"Unsinkable Molly Brown, The (1964)",Musical,['Musical'],1,1964.0,2,3.75,0.3535533905932738,3.5,4.0,1964
3964,"Adventures of Ichabod and Mr. Toad, The (1949)",Animation|Children,"['Animation', 'Children']",2,1949.0,3,3.0,0.5,2.5,3.5,1949
3965,"Strange Love of Martha Ivers, The (1946)",Drama|Film-Noir,"['Drama', 'Film-Noir']",2,1946.0,1,3.5,0.0,3.5,3.5,1946
3966,Detour (1945),Crime|Film-Noir,"['Crime', 'Film-Noir']",2,1945.0,2,3.5,0.0,3.5,3.5,1945
3971,"Private Eyes, The (1981)",Comedy|Mystery,"['Comedy', 'Mystery']",2,1981.0,2,2.75,0.3535533905932738,2.5,3.0,1981
3972,"Legend of Drunken Master, The (Jui kuen II) (1994)",Action|Comedy,"['Action', 'Comedy']",2,1994.0,16,4.125,0.903696114115064,3.0,5.0,1994
3984,Diamonds Are Forever (1971),Action|Adventure|Thriller,"['Action', 'Adventure', 'Thriller']",3,1971.0,21,3.5,0.6708203932499369,2.5,5.0,1971
3985,"Eagle Has Landed, The (1976)",Drama|War,"['Drama', 'War']",2,1976.0,6,3.25,0.4183300132670378,3.0,4.0,1976
3989,One Day in September (1999),Documentary,['Documentary'],1,1999.0,2,4.0,0.7071067811865476,3.5,4.5,1999
4000,"Bounty, The (1984)",Adventure|Drama,"['Adventure', 'Drama']",2,1984.0,3,3.0,0.0,3.0,3.0,1984
4002,"Planes, Trains & Automobiles (1987)",Comedy,['Comedy'],1,1987.0,27,3.851851851851852,1.0078043042523264,0.5,5.0,1987
4003,She's Having a Baby (1988),Comedy,['Comedy'],1,1988.0,3,3.333333333333333,0.5773502691896258,3.0,4.0,1988
4005,"Living Daylights, The (1987)",Action|Adventure|Thriller,"['Action', 'Adventure', 'Thriller']",3,1987.0,12,3.2916666666666665,0.721687836487032,2.0,4.5,1987
4006,Transformers: The Movie (1986),Adventure|Animation|Children|Sci-Fi,"['Adventure', 'Animation', 'Children', 'Sci-Fi']",4,1986.0,7,3.357142857142857,1.2817398889233116,1.0,5.0,1986
4007,Wall Street (1987),Drama,['Drama'],1,1987.0,20,3.75,0.6977407149243606,2.0,5.0,1987
4008,Born on the Fourth of July (1989),Drama|War,"['Drama', 'War']",2,1989.0,13,3.5384615384615383,0.5937710859953544,2.0,4.0,1989
4009,Talk Radio (1988),Drama,['Drama'],1,1988.0,2,3.0,0.0,3.0,3.0,1988
4010,Brewster's Millions (1985),Comedy,['Comedy'],1,1985.0,8,2.9375,0.6781013409302689,2.0,4.0,1985
4012,Punchline (1988),Comedy|Drama,"['Comedy', 'Drama']",2,1988.0,4,2.5,0.5773502691896257,2.0,3.0,1988
4037,House of Games (1987),Crime|Film-Noir|Mystery|Thriller,"['Crime', 'Film-Noir', 'Mystery', 'Thriller']",4,1987.0,8,3.8125,0.7989949043284676,2.5,5.0,1987
4039,Annie (1982),Children|Musical,"['Children', 'Musical']",2,1982.0,16,3.125,1.2041594578792296,0.5,5.0,1982
4040,Don't Tell Mom the Babysitter's Dead (1991),Comedy,['Comedy'],1,1991.0,13,2.3461538461538463,1.0284416890093029,0.5,3.5,1991
4041,"Officer and a Gentleman, An (1982)",Drama|Romance,"['Drama', 'Romance']",2,1982.0,14,3.642857142857143,1.1168047041684357,1.0,5.0,1982
4042,"Alamo, The (1960)",Action|Drama|War|Western,"['Action', 'Drama', 'War', 'Western']",4,1960.0,4,3.375,0.478713553878169,3.0,4.0,1960
4043,At Close Range (1986),Crime|Drama,"['Crime', 'Drama']",2,1986.0,3,3.333333333333333,0.5773502691896258,3.0,4.0,1986
4046,Friendly Persuasion (1956),Drama,['Drama'],1,1956.0,1,4.0,0.0,4.0,4.0,1956
4047,Gettysburg (1993),Drama|War,"['Drama', 'War']",2,1993.0,9,3.6666666666666665,0.75,3.0,5.0,1993
4051,Horrors of Spider Island (Ein Toter Hing im Netz) (1960),Horror|Sci-Fi,"['Horror', 'Sci-Fi']",2,1960.0,1,0.5,0.0,0.5,0.5,1960
4061,The Man in the Moon (1991),Drama|Romance,"['Drama', 'Romance']",2,1991.0,2,4.0,1.4142135623730951,3.0,5.0,1991
4062,Mystic Pizza (1988),Comedy|Drama|Romance,"['Comedy', 'Drama', 'Romance']",3,1988.0,8,3.375,1.1572751247156894,1.5,5.0,1988
4063,Prelude to a Kiss (1992),Comedy|Drama|Romance,"['Comedy', 'Drama', 'Romance']",3,1992.0,4,2.5,1.0,2.0,4.0,1992
4064,Coffy (1973),Action|Crime|Thriller,"['Action', 'Crime', 'Thriller']",3,1973.0,1,3.5,0.0,3.5,3.5,1973
4065,Foxy Brown (1974),Action|Crime|Drama,"['Action', 'Crime', 'Drama']",3,1974.0,1,2.5,0.0,2.5,2.5,1974
4066,I'm Gonna Git You Sucka (1988),Action|Comedy,"['Action', 'Comedy']",2,1988.0,4,2.875,0.8539125638299665,2.0,4.0,1988
4067,Untamed Heart (1993),Drama|Romance,"['Drama', 'Romance']",2,1993.0,4,3.375,0.9464847243000456,2.0,4.0,1993
4074,"Legend of Rita, The (Stille nach dem Schuß, Die) (1999)",Drama,['Drama'],1,1999.0,1,3.0,0.0,3.0,3.0,1999
4078,Amazing Grace and Chuck (1987),Drama,['Drama'],1,1987.0,1,4.0,0.0,4.0,4.0,1987
4079,Amazon Women on the Moon (1987),Comedy|Sci-Fi,"['Comedy', 'Sci-Fi']",2,1987.0,2,4.25,0.3535533905932738,4.0,4.5,1987
4080,Baby Boom (1987),Comedy,['Comedy'],1,1987.0,2,3.25,0.3535533905932738,3.0,3.5,1987
4081,Back to the Beach (1987),Comedy,['Comedy'],1,1987.0,3,1.8333333333333333,0.2886751345948129,1.5,2.0,1987
4082,Barfly (1987),Comedy|Drama|Romance,"['Comedy', 'Drama', 'Romance']",3,1987.0,2,3.5,2.1213203435596424,2.0,5.0,1987
4083,Best Seller (1987),Thriller,['Thriller'],1,1987.0,1,4.0,0.0,4.0,4.0,1987
4084,Beverly Hills Cop II (1987),Action|Comedy|Crime|Thriller,"['Action', 'Comedy', 'Crime', 'Thriller']",4,1987.0,19,2.8684210526315788,0.8138063048136124,1.0,4.0,1987
4085,Beverly Hills Cop (1984),Action|Comedy|Crime|Drama,"['Action', 'Comedy', 'Crime', 'Drama']",4,1984.0,46,3.402173913043478,0.7573313176131573,2.0,5.0,1984
4086,"Big Easy, The (1987)",Action|Crime|Mystery|Romance|Thriller,"['Action', 'Crime', 'Mystery', 'Romance', 'Thriller']",5,1987.0,5,3.5,0.5,3.0,4.0,1987
4089,Born in East L.A. (1987),Comedy,['Comedy'],1,1987.0,1,2.0,0.0,2.0,2.0,1987
4090,"Brave Little Toaster, The (1987)",Animation|Children,"['Animation', 'Children']",2,1987.0,8,3.5625,0.8634441002668988,2.5,5.0,1987
4091,Can't Buy Me Love (1987),Comedy|Romance,"['Comedy', 'Romance']",2,1987.0,4,3.25,0.2886751345948129,3.0,3.5,1987
4092,Cherry 2000 (1987),Romance|Sci-Fi,"['Romance', 'Sci-Fi']",2,1987.0,2,2.25,0.3535533905932738,2.0,2.5,1987
4093,Cop (1988),Thriller,['Thriller'],1,1988.0,1,1.5,0.0,1.5,1.5,1988
4102,Eddie Murphy Raw (1987),Comedy|Documentary,"['Comedy', 'Documentary']",2,1987.0,6,3.5,1.378404875209022,2.0,5.0,1987
4103,Empire of the Sun (1987),Action|Adventure|Drama|War,"['Action', 'Adventure', 'Drama', 'War']",4,1987.0,10,3.95,0.9264628073124864,2.0,5.0,1987
4104,Ernest Goes to Camp (1987),Comedy,['Comedy'],1,1987.0,5,1.4,0.4183300132670378,1.0,2.0,1987
4105,"Evil Dead, The (1981)",Fantasy|Horror|Thriller,"['Fantasy', 'Horror', 'Thriller']",3,1981.0,22,3.8181818181818175,0.8528028654224418,2.0,5.0,1981
4109,Flowers in the Attic (1987),Drama|Thriller,"['Drama', 'Thriller']",2,1987.0,7,2.571428571428572,1.0578504710249077,1.0,4.0,1987
4110,"Fourth Protocol, The (1987)",Thriller,['Thriller'],1,1987.0,1,3.0,0.0,3.0,3.0,1987
4111,Gardens of Stone (1987),Drama|War,"['Drama', 'War']",2,1987.0,1,3.0,0.0,3.0,3.0,1987
4113,"Glass Menagerie, The (1987)",Drama,['Drama'],1,1987.0,2,3.0,1.4142135623730951,2.0,4.0,1987
4115,Hiding Out (1987),Comedy,['Comedy'],1,1987.0,1,2.0,0.0,2.0,2.0,1987
4116,Hollywood Shuffle (1987),Comedy,['Comedy'],1,1987.0,1,5.0,0.0,5.0,5.0,1987
4117,Hope and Glory (1987),Drama,['Drama'],1,1987.0,3,4.333333333333333,0.5773502691896258,4.0,5.0,1987
4121,Innerspace (1987),Action|Adventure|Comedy|Sci-Fi,"['Action', 'Adventure', 'Comedy', 'Sci-Fi']",4,1987.0,12,3.125,0.8561276455380621,1.0,4.0,1987
4123,Ishtar (1987),Comedy,['Comedy'],1,1987.0,1,2.0,0.0,2.0,2.0,1987
4124,Jaws: The Revenge (1987),Horror|Thriller,"['Horror', 'Thriller']",2,1987.0,4,1.25,0.5,1.0,2.0,1987
4125,Leonard Part 6 (1987),Comedy|Sci-Fi,"['Comedy', 'Sci-Fi']",2,1987.0,2,0.75,0.3535533905932738,0.5,1.0,1987
4126,Less Than Zero (1987),Drama,['Drama'],1,1987.0,4,3.5,0.5773502691896257,3.0,4.0,1987
4127,"Like Father, Like Son (1987)",Comedy,['Comedy'],1,1987.0,3,1.6666666666666667,0.2886751345948129,1.5,2.0,1987
4128,"Lost Boys, The (1987)",Comedy|Horror|Thriller,"['Comedy', 'Horror', 'Thriller']",3,1987.0,26,3.7115384615384617,1.0017292740364228,0.5,5.0,1987
4129,Made in Heaven (1987),Fantasy|Romance,"['Fantasy', 'Romance']",2,1987.0,1,1.0,0.0,1.0,1.0,1987
4130,Maid to Order (1987),Comedy|Fantasy,"['Comedy', 'Fantasy']",2,1987.0,3,1.8333333333333333,0.2886751345948129,1.5,2.0,1987
4131,Making Mr. Right (1987),Comedy|Romance|Sci-Fi,"['Comedy', 'Romance', 'Sci-Fi']",3,1987.0,3,1.8333333333333333,0.7637626158259734,1.0,2.5,1987
4132,Mannequin (1987),Comedy|Romance,"['Comedy', 'Romance']",2,1987.0,8,2.625,1.093813773650968,1.0,4.0,1987
4133,Masters of the Universe (1987),Action|Adventure|Fantasy|Sci-Fi,"['Action', 'Adventure', 'Fantasy', 'Sci-Fi']",4,1987.0,8,2.5625,0.9425459443140464,1.0,3.5,1987
4135,"Monster Squad, The (1987)",Adventure|Comedy|Horror,"['Adventure', 'Comedy', 'Horror']",3,1987.0,1,5.0,0.0,5.0,5.0,1987
4138,My Demon Lover (1987),Comedy|Horror,"['Comedy', 'Horror']",2,1987.0,2,1.0,0.0,1.0,1.0,1987
4139,No Man's Land (1987),Crime|Drama,"['Crime', 'Drama']",2,1987.0,1,3.0,0.0,3.0,3.0,1987
4174,Avalon (1990),Drama,['Drama'],1,1990.0,1,3.0,0.0,3.0,3.0,1990
4175,Gray's Anatomy (1996),Comedy|Drama,"['Comedy', 'Drama']",2,1996.0,4,3.625,0.75,2.5,4.0,1996
4178,Of Mice and Men (1939),Drama,['Drama'],1,1939.0,6,3.5,0.6324555320336759,2.5,4.0,1939
4180,Reform School Girls (1986),Action|Drama,"['Action', 'Drama']",2,1986.0,1,5.0,0.0,5.0,5.0,1986
4181,Tapeheads (1988),Comedy,['Comedy'],1,1988.0,1,2.0,0.0,2.0,2.0,1988
4184,"Bishop's Wife, The (1947)",Comedy|Drama|Romance,"['Comedy', 'Drama', 'Romance']",3,1947.0,1,4.0,0.0,4.0,4.0,1947
4187,Lilies of the Field (1963),Drama,['Drama'],1,1963.0,3,3.8333333333333335,0.2886751345948129,3.5,4.0,1963
4189,"Greatest Story Ever Told, The (1965)",Drama,['Drama'],1,1965.0,1,2.5,0.0,2.5,2.5,1965
4190,Elmer Gantry (1960),Drama,['Drama'],1,1960.0,2,4.0,0.0,4.0,4.0,1960
4191,Alfie (1966),Comedy|Drama|Romance,"['Comedy', 'Drama', 'Romance']",3,1966.0,4,3.25,0.8660254037844386,2.5,4.0,1966
4193,"Fantasticks, The (1995)",Musical,['Musical'],1,1995.0,2,4.0,0.0,4.0,4.0,1995
4194,I Know Where I'm Going! (1945),Drama|Romance|War,"['Drama', 'Romance', 'War']",3,1945.0,0,0.0,0.0,0.0,0.0,1945
4195,"Abominable Dr. Phibes, The (1971)",Horror|Mystery,"['Horror', 'Mystery']",2,1971.0,3,3.8333333333333335,1.0408329997330663,3.0,5.0,1971
4197,Real Life (1979),Comedy,['Comedy'],1,1979.0,1,3.0,0.0,3.0,3.0,1979
4198,Battle Beyond the Stars (1980),Sci-Fi,['Sci-Fi'],1,1980.0,1,3.0,0.0,3.0,3.0,1980
4200,Double Impact (1991),Action,['Action'],1,1991.0,2,3.25,1.7677669529663689,2.0,4.5,1991
4202,Fuzz (1972),Drama,['Drama'],1,1972.0,1,3.0,0.0,3.0,3.0,1972
4203,Harley Davidson and the Marlboro Man (1991),Action|Crime|Drama,"['Action', 'Crime', 'Drama']",3,1991.0,6,3.1666666666666665,0.983192080250175,2.0,4.0,1991
4204,Losin' It (1983),Comedy,['Comedy'],1,1983.0,1,1.0,0.0,1.0,1.0,1983
4205,Mermaids (1990),Comedy|Drama|Romance,"['Comedy', 'Drama', 'Romance']",3,1990.0,6,3.1666666666666665,0.6831300510639732,2.0,4.0,1990
4207,Navy Seals (1990),Action|Adventure|War,"['Action', 'Adventure', 'War']",3,1990.0,3,2.0,1.0,1.0,3.0,1990
4210,Manhunter (1986),Action|Crime|Drama|Horror|Thriller,"['Action', 'Crime', 'Drama', 'Horror', 'Thriller']",5,1986.0,6,3.9166666666666665,0.7359800721939873,3.0,5.0,1986
4211,Reversal of Fortune (1990),Drama,['Drama'],1,1990.0,6,3.75,0.8803408430829504,2.0,4.5,1990
4212,Death on the Nile (1978),Crime|Mystery,"['Crime', 'Mystery']",2,1978.0,1,3.0,0.0,3.0,3.0,1978
4214,Revenge of the Nerds (1984),Comedy,['Comedy'],1,1984.0,13,2.8846153846153846,0.8454250941056752,1.5,4.0,1984
4215,Revenge of the Nerds II: Nerds in Paradise (1987),Comedy,['Comedy'],1,1987.0,6,2.083333333333333,0.8612007121842542,1.0,3.5,1987
4217,4 Little Girls (1997),Documentary,['Documentary'],1,1997.0,2,4.25,0.3535533905932738,4.0,4.5,1997
4218,River's Edge (1986),Crime|Drama,"['Crime', 'Drama']",2,1986.0,1,3.5,0.0,3.5,3.5,1986
4219,Girls Just Want to Have Fun (1985),Comedy,['Comedy'],1,1985.0,3,3.333333333333333,0.5773502691896258,3.0,4.0,1985
4220,"Longest Yard, The (1974)",Comedy,['Comedy'],1,1974.0,5,3.4,0.8944271909999159,2.0,4.0,1974
4221,Necessary Roughness (1991),Comedy,['Comedy'],1,1991.0,4,2.625,0.478713553878169,2.0,3.0,1991
4262,Scarface (1983),Action|Crime|Drama,"['Action', 'Crime', 'Drama']",3,1983.0,67,3.9328358208955225,0.8655683121162917,0.5,5.0,1983
4263,Days of Wine and Roses (1962),Drama,['Drama'],1,1962.0,2,4.0,0.0,4.0,4.0,1962
4275,Krull (1983),Action|Adventure|Fantasy|Sci-Fi,"['Action', 'Adventure', 'Fantasy', 'Sci-Fi']",4,1983.0,5,2.9,0.7416198487095663,2.0,4.0,1983
4276,Lost in America (1985),Comedy,['Comedy'],1,1985.0,2,2.5,2.1213203435596424,1.0,4.0,1985
4278,Triumph of the Will (Triumph des Willens) (1934),Documentary,['Documentary'],1,1934.0,3,4.166666666666667,0.7637626158259734,3.5,5.0,1934
4280,"World According to Garp, The (1982)",Comedy|Drama|Romance,"['Comedy', 'Drama', 'Romance']",3,1982.0,9,3.555555555555556,0.726483157256779,2.0,4.0,1982
4282,Fellini Satyricon (1969),Drama|Fantasy,"['Drama', 'Fantasy']",2,1969.0,1,3.5,0.0,3.5,3.5,1969
4284,Frankie and Johnny (1966),Comedy,['Comedy'],1,1966.0,1,3.0,0.0,3.0,3.0,1966
4285,Frankie and Johnny (1991),Comedy|Romance,"['Comedy', 'Romance']",2,1991.0,3,2.833333333333333,1.0408329997330663,2.0,4.0,1991
4289,"City of Women, The (Città delle donne, La) (1980)",Comedy|Drama,"['Comedy', 'Drama']",2,1980.0,3,2.833333333333333,1.607275126832159,1.0,4.0,1980
4290,For the Boys (1991),Comedy|Drama|Musical,"['Comedy', 'Drama', 'Musical']",3,1991.0,1,2.0,0.0,2.0,2.0,1991
4291,Nine to Five (a.k.a. 9 to 5) (1980),Comedy|Crime,"['Comedy', 'Crime']",2,1980.0,11,2.727272727272727,0.9839623052646976,1.5,5.0,1980
4292,Norma Rae (1979),Drama,['Drama'],1,1979.0,2,3.5,0.7071067811865476,3.0,4.0,1979
4293,Summer Rental (1985),Comedy,['Comedy'],1,1985.0,4,2.5,1.2909944487358054,1.0,4.0,1985
4294,"5,000 Fingers of Dr. T, The (1953)",Children|Fantasy|Musical,"['Children', 'Fantasy', 'Musical']",3,1953.0,2,4.0,1.4142135623730951,3.0,5.0,1953
4296,Love Story (1970),Drama|Romance,"['Drama', 'Romance']",2,1970.0,2,3.0,1.4142135623730951,2.0,4.0,1970
4297,Pelle the Conqueror (Pelle erobreren) (1987),Drama,['Drama'],1,1987.0,2,3.75,0.3535533905932738,3.5,4.0,1987
4298,Rififi (Du rififi chez les hommes) (1955),Crime|Film-Noir|Thriller,"['Crime', 'Film-Noir', 'Thriller']",3,1955.0,2,4.75,0.3535533905932738,4.5,5.0,1955
4312,Himalaya (Himalaya - l'enfance d'un chef) (1999),Adventure|Drama,"['Adventure', 'Drama']",2,1999.0,2,3.5,0.7071067811865476,3.0,4.0,1999
4316,Ice Castles (1978),Drama,['Drama'],1,1978.0,2,2.0,0.7071067811865476,1.5,2.5,1978
4317,Love Potion #9 (1992),Comedy|Romance,"['Comedy', 'Romance']",2,1992.0,3,2.5,1.3228756555322954,1.0,3.5,1992
4321,City Slickers (1991),Comedy|Western,"['Comedy', 'Western']",2,1991.0,31,3.370967741935484,0.9306605354575128,1.0,5.0,1991
4322,Eight Men Out (1988),Drama,['Drama'],1,1988.0,10,3.75,0.5400617248673216,3.0,4.5,1988
4323,"Horse Soldiers, The (1959)",Adventure|War|Western,"['Adventure', 'War', 'Western']",3,1959.0,1,4.0,0.0,4.0,4.0,1959
4325,"Night, The (Notte, La) (1960)",Drama,['Drama'],1,1960.0,1,4.0,0.0,4.0,4.0,1960
4326,Mississippi Burning (1988),Crime|Drama|Thriller,"['Crime', 'Drama', 'Thriller']",3,1988.0,11,3.590909090909091,0.4908249086070214,2.5,4.0,1988
4327,"Magnificent Seven, The (1960)",Adventure|Western,"['Adventure', 'Western']",2,1960.0,16,3.59375,0.9698582370635408,1.0,5.0,1960
4329,Rio Bravo (1959),Western,['Western'],1,1959.0,3,3.6666666666666665,0.5773502691896258,3.0,4.0,1959
4333,Throw Momma from the Train (1987),Comedy|Crime,"['Comedy', 'Crime']",2,1987.0,10,3.2,1.1105554165971787,1.0,4.0,1987
4337,"Sand Pebbles, The (1966)",Drama|Romance|War,"['Drama', 'Romance', 'War']",3,1966.0,2,3.5,0.7071067811865476,3.0,4.0,1966
4338,Twelve O'Clock High (1949),Drama|War,"['Drama', 'War']",2,1949.0,1,4.5,0.0,4.5,4.5,1949
4339,Von Ryan's Express (1965),Action|Adventure|Drama|War,"['Action', 'Adventure', 'Drama', 'War']",4,1965.0,4,3.75,0.2886751345948129,3.5,4.0,1965
4349,Catch-22 (1970),Comedy|War,"['Comedy', 'War']",2,1970.0,8,3.75,0.7071067811865475,3.0,5.0,1970
4350,Forgotten Silver (1996),Comedy|Documentary,"['Comedy', 'Documentary']",2,1996.0,2,4.25,0.3535533905932738,4.0,4.5,1996
4351,Point Break (1991),Action|Crime|Thriller,"['Action', 'Crime', 'Thriller']",3,1991.0,16,3.25,0.8563488385776752,1.0,5.0,1991
4353,Uncommon Valor (1983),Action|War,"['Action', 'War']",2,1983.0,1,3.0,0.0,3.0,3.0,1983
4354,Unlawful Entry (1992),Crime|Thriller,"['Crime', 'Thriller']",2,1992.0,1,2.5,0.0,2.5,2.5,1992
4355,Youngblood (1986),Action|Drama,"['Action', 'Drama']",2,1986.0,2,2.0,0.0,2.0,2.0,1986
4356,Gentlemen Prefer Blondes (1953),Comedy|Musical|Romance,"['Comedy', 'Musical', 'Romance']",3,1953.0,5,3.8,0.758287544405155,3.0,5.0,1953
4357,How to Marry a Millionaire (1953),Comedy|Drama|Romance,"['Comedy', 'Drama', 'Romance']",3,1953.0,1,4.5,0.0,4.5,4.5,1953
4359,"Seven Year Itch, The (1955)",Comedy,['Comedy'],1,1955.0,8,3.375,0.8762745818846641,1.5,4.0,1955
4361,Tootsie (1982),Comedy|Romance,"['Comedy', 'Romance']",2,1982.0,32,3.421875,1.0784500152922576,1.0,5.0,1982
4374,Let It Snow (1999),Comedy|Romance,"['Comedy', 'Romance']",2,1999.0,1,4.5,0.0,4.5,4.5,1999
4392,Alice (1990),Comedy|Drama|Fantasy|Romance,"['Comedy', 'Drama', 'Fantasy', 'Romance']",4,1990.0,3,3.0,0.5,2.5,3.5,1990
4393,Another Woman (1988),Drama,['Drama'],1,1988.0,1,4.5,0.0,4.5,4.5,1988
4394,Beach Blanket Bingo (1965),Comedy|Musical,"['Comedy', 'Musical']",2,1965.0,1,1.5,0.0,1.5,1.5,1965
4395,Big Deal on Madonna Street (I Soliti Ignoti) (1958),Comedy|Crime,"['Comedy', 'Crime']",2,1958.0,1,4.0,0.0,4.0,4.0,1958
4396,"Cannonball Run, The (1981)",Action|Comedy,"['Action', 'Comedy']",2,1981.0,10,2.75,1.3176156917368247,1.0,5.0,1981
4397,Cannonball Run II (1984),Action|Comedy,"['Action', 'Comedy']",2,1984.0,2,2.5,0.7071067811865476,2.0,3.0,1984
4399,"Diary of a Chambermaid (Journal d'une femme de chambre, Le) (1964)",Comedy|Drama,"['Comedy', 'Drama']",2,1964.0,2,3.75,0.3535533905932738,3.5,4.0,1964
4402,Dr. Goldfoot and the Bikini Machine (1965),Comedy,['Comedy'],1,1965.0,1,5.0,0.0,5.0,5.0,1965
4403,"Fall of the House of Usher, The (House of Usher) (1960)",Horror,['Horror'],1,1960.0,2,3.0,0.0,3.0,3.0,1960
4404,Faust (1926),Drama|Fantasy|Horror,"['Drama', 'Fantasy', 'Horror']",3,1926.0,1,4.0,0.0,4.0,4.0,1926
4406,"Man Who Shot Liberty Valance, The (1962)",Crime|Drama|Western,"['Crime', 'Drama', 'Western']",3,1962.0,5,4.4,0.651920240520265,3.5,5.0,1962
4407,Salvador (1986),Drama|Thriller|War,"['Drama', 'Thriller', 'War']",3,1986.0,1,4.5,0.0,4.5,4.5,1986
4408,September (1987),Drama,['Drama'],1,1987.0,1,3.5,0.0,3.5,3.5,1987
4409,Shadows and Fog (1991),Comedy|Drama|Mystery|Thriller,"['Comedy', 'Drama', 'Mystery', 'Thriller']",4,1991.0,3,3.333333333333333,0.2886751345948129,3.0,3.5,1991
4410,Something Wild (1986),Comedy|Crime|Drama,"['Comedy', 'Crime', 'Drama']",3,1986.0,1,4.0,0.0,4.0,4.0,1986
4412,"Thing with Two Heads, The (1972)",Comedy|Horror|Sci-Fi,"['Comedy', 'Horror', 'Sci-Fi']",3,1972.0,2,0.75,0.3535533905932738,0.5,1.0,1972
4419,All That Heaven Allows (1955),Drama|Romance,"['Drama', 'Romance']",2,1955.0,4,4.25,0.6454972243679028,3.5,5.0,1955
4420,"Barefoot Contessa, The (1954)",Drama,['Drama'],1,1954.0,1,3.0,0.0,3.0,3.0,1954
4422,Cries and Whispers (Viskningar och rop) (1972),Drama,['Drama'],1,1972.0,2,4.0,0.0,4.0,4.0,1972
4424,"Garden of the Finzi-Continis, The (Giardino dei Finzi-Contini, Il) (1970)",Drama,['Drama'],1,1970.0,3,3.6666666666666665,0.5773502691896258,3.0,4.0,1970
4426,Kiss Me Deadly (1955),Film-Noir,['Film-Noir'],1,1955.0,2,4.0,1.4142135623730951,3.0,5.0,1955
4427,"Lion in Winter, The (1968)",Drama,['Drama'],1,1968.0,9,3.6666666666666665,0.75,2.5,5.0,1968
4428,"Misfits, The (1961)",Comedy|Drama|Romance|Western,"['Comedy', 'Drama', 'Romance', 'Western']",4,1961.0,2,3.25,1.0606601717798212,2.5,4.0,1961
4429,Moby Dick (1956),Drama,['Drama'],1,1956.0,2,4.5,0.7071067811865476,4.0,5.0,1956
4432,Sweet Smell of Success (1957),Drama|Film-Noir,"['Drama', 'Film-Noir']",2,1957.0,4,4.125,0.6291528696058958,3.5,5.0,1957
4433,Written on the Wind (1956),Drama,['Drama'],1,1956.0,2,4.25,1.0606601717798212,3.5,5.0,1956
4434,"10th Victim, The (La decima vittima) (1965)",Action|Comedy|Sci-Fi|Thriller,"['Action', 'Comedy', 'Sci-Fi', 'Thriller']",4,1965.0,1,4.0,0.0,4.0,4.0,1965
4436,Obsession (1976),Mystery|Thriller,"['Mystery', 'Thriller']",2,1976.0,1,3.0,0.0,3.0,3.0,1976
4437,Suspiria (1977),Horror,['Horror'],1,1977.0,8,3.9375,1.2938729237669142,1.5,5.0,1977
4438,"Fist of Fury (Chinese Connection, The) (Jing wu men) (1972)",Action|Drama|Romance|Thriller,"['Action', 'Drama', 'Romance', 'Thriller']",4,1972.0,3,3.8333333333333335,1.0408329997330663,3.0,5.0,1972
4439,Christiane F. (a.k.a. We Children from Bahnhof Zoo) (Christiane F. - Wir Kinder vom Bahnhof Zoo) (1981),Drama,['Drama'],1,1981.0,4,3.625,0.2499999999999999,3.5,4.0,1981
4440,"Big Boss, The (Fists of Fury) (Tang shan da xiong) (1971)",Action|Thriller,"['Action', 'Thriller']",2,1971.0,2,3.75,1.7677669529663689,2.5,5.0,1971
4441,Game of Death (1978),Action,['Action'],1,1978.0,3,4.166666666666667,0.7637626158259734,3.5,5.0,1978
4442,"Last Dragon, The (1985)",Action|Comedy|Drama,"['Action', 'Comedy', 'Drama']",3,1985.0,3,2.6666666666666665,1.7559422921421233,1.0,4.5,1985
4443,Outland (1981),Action|Sci-Fi|Thriller,"['Action', 'Sci-Fi', 'Thriller']",3,1981.0,2,2.75,0.3535533905932738,2.5,3.0,1981
4444,"Way of the Dragon, The (a.k.a. Return of the Dragon) (Meng long guo jiang) (1972)",Action|Crime,"['Action', 'Crime']",2,1972.0,3,4.166666666666667,0.7637626158259733,3.5,5.0,1972
4445,T-Rex: Back to the Cretaceous (1998),Adventure|Documentary|IMAX,"['Adventure', 'Documentary', 'IMAX']",3,1998.0,1,4.0,0.0,4.0,4.0,1998
4454,More (1998),Animation|Drama|Sci-Fi|IMAX,"['Animation', 'Drama', 'Sci-Fi', 'IMAX']",4,1998.0,1,5.0,0.0,5.0,5.0,1998
4458,Africa: The Serengeti (1994),Documentary|IMAX,"['Documentary', 'IMAX']",2,1994.0,1,4.0,0.0,4.0,4.0,1994
4459,Alaska: Spirit of the Wild (1997),Documentary|IMAX,"['Documentary', 'IMAX']",2,1997.0,1,4.0,0.0,4.0,4.0,1997
4462,18 Again! (1988),Comedy|Fantasy,"['Comedy', 'Fantasy']",2,1988.0,2,1.5,0.7071067811865476,1.0,2.0,1988
4463,1969 (1988),Drama|War,"['Drama', 'War']",2,1988.0,1,2.0,0.0,2.0,2.0,1988
4464,"Accidental Tourist, The (1988)",Comedy|Drama|Romance,"['Comedy', 'Drama', 'Romance']",3,1988.0,5,3.6,0.5477225575051661,3.0,4.0,1988
4465,"Accused, The (1988)",Drama,['Drama'],1,1988.0,5,3.7,0.2738612787525831,3.5,4.0,1988
4466,Above the Law (1988),Action|Crime|Drama,"['Action', 'Crime', 'Drama']",3,1988.0,2,2.5,0.7071067811865476,2.0,3.0,1988
4467,"Adventures of Baron Munchausen, The (1988)",Adventure|Comedy|Fantasy,"['Adventure', 'Comedy', 'Fantasy']",3,1988.0,13,3.769230769230769,0.9268086959962984,2.0,5.0,1988
4470,Ariel (1988),Drama,['Drama'],1,1988.0,2,3.0,1.4142135623730951,2.0,4.0,1988
4471,Arthur 2: On the Rocks (1988),Comedy|Romance,"['Comedy', 'Romance']",2,1988.0,3,1.5,1.3228756555322954,0.5,3.0,1988
4473,Bat*21 (1988),Drama|War,"['Drama', 'War']",2,1988.0,1,3.0,0.0,3.0,3.0,1988
4474,Beaches (1988),Comedy|Drama|Musical,"['Comedy', 'Drama', 'Musical']",3,1988.0,5,2.9,1.1937336386313322,1.5,4.5,1988
4475,"Beast of War, The (Beast, The) (1988)",Drama|War,"['Drama', 'War']",2,1988.0,1,4.0,0.0,4.0,4.0,1988
4476,Big Business (1988),Comedy,['Comedy'],1,1988.0,3,2.333333333333333,1.5275252316519468,1.0,4.0,1988
4477,Big Top Pee-Wee (1988),Adventure|Children|Comedy,"['Adventure', 'Children', 'Comedy']",3,1988.0,8,1.9375,1.050085030570654,1.0,4.0,1988
4478,Biloxi Blues (1988),Comedy|Drama,"['Comedy', 'Drama']",2,1988.0,2,3.5,0.7071067811865476,3.0,4.0,1988
4480,"Blob, The (1988)",Horror|Sci-Fi,"['Horror', 'Sci-Fi']",2,1988.0,3,2.833333333333333,0.7637626158259733,2.0,3.5,1988
4482,"Bright Lights, Big City (1988)",Drama,['Drama'],1,1988.0,3,3.1666666666666665,1.6072751268321592,2.0,5.0,1988
4483,Caddyshack II (1988),Comedy,['Comedy'],1,1988.0,3,1.5,0.5,1.0,2.0,1988
4484,Camille Claudel (1988),Drama,['Drama'],1,1988.0,2,3.75,0.3535533905932738,3.5,4.0,1988
4487,Cocktail (1988),Drama|Romance,"['Drama', 'Romance']",2,1988.0,11,2.9545454545454546,1.0357254813546264,1.0,4.0,1988
4488,Colors (1988),Action|Crime|Drama,"['Action', 'Crime', 'Drama']",3,1988.0,3,3.333333333333333,0.5773502691896258,3.0,4.0,1988
4489,Coming to America (1988),Comedy|Romance,"['Comedy', 'Romance']",2,1988.0,24,3.458333333333333,0.764947663266077,2.0,5.0,1988
4490,"Couch Trip, The (1988)",Comedy,['Comedy'],1,1988.0,1,2.0,0.0,2.0,2.0,1988
4492,Critters (1986),Comedy|Sci-Fi,"['Comedy', 'Sci-Fi']",2,1986.0,3,3.0,0.0,3.0,3.0,1986
4495,Crossing Delancey (1988),Comedy|Romance,"['Comedy', 'Romance']",2,1988.0,1,5.0,0.0,5.0,5.0,1988
4496,D.O.A. (1988),Film-Noir|Mystery|Thriller,"['Film-Noir', 'Mystery', 'Thriller']",3,1988.0,1,3.5,0.0,3.5,3.5,1988
4497,Dead Heat (1988),Action|Comedy|Horror|Sci-Fi,"['Action', 'Comedy', 'Horror', 'Sci-Fi']",4,1988.0,1,3.0,0.0,3.0,3.0,1988
4498,"Dead Pool, The (1988)",Action|Crime|Thriller,"['Action', 'Crime', 'Thriller']",3,1988.0,6,3.0,0.894427190999916,2.0,4.0,1988
4499,Dirty Rotten Scoundrels (1988),Comedy,['Comedy'],1,1988.0,16,4.125,0.5627314338711378,3.0,5.0,1988
4500,Drowning by Numbers (1988),Comedy|Drama,"['Comedy', 'Drama']",2,1988.0,1,4.0,0.0,4.0,4.0,1988
4502,Ernest Saves Christmas (1988),Children|Comedy,"['Children', 'Comedy']",2,1988.0,4,1.625,1.25,1.0,3.5,1988
4504,Feds (1988),Comedy,['Comedy'],1,1988.0,1,1.5,0.0,1.5,1.5,1988
4505,For Keeps (1988),Drama|Romance,"['Drama', 'Romance']",2,1988.0,1,3.0,0.0,3.0,3.0,1988
4506,Frantic (1988),Crime|Mystery|Thriller,"['Crime', 'Mystery', 'Thriller']",3,1988.0,3,3.1666666666666665,0.2886751345948129,3.0,3.5,1988
4508,Gorillas in the Mist (1988),Drama,['Drama'],1,1988.0,8,3.5,0.4629100498862757,3.0,4.5,1988
4509,"Great Outdoors, The (1988)",Comedy,['Comedy'],1,1988.0,5,2.9,1.4747881203752624,1.5,5.0,1988
4511,High Spirits (1988),Comedy,['Comedy'],1,1988.0,1,2.0,0.0,2.0,2.0,1988
4516,Johnny Be Good (1988),Comedy,['Comedy'],1,1988.0,2,3.0,1.4142135623730951,2.0,4.0,1988
4517,Lady in White (a.k.a. The Mystery of the Lady in White) (1988),Horror|Mystery|Thriller,"['Horror', 'Mystery', 'Thriller']",3,1988.0,2,1.75,1.7677669529663689,0.5,3.0,1988
4518,The Lair of the White Worm (1988),Comedy|Horror,"['Comedy', 'Horror']",2,1988.0,4,3.75,1.0408329997330663,2.5,5.0,1988
4519,"Land Before Time, The (1988)",Adventure|Animation|Children|Fantasy,"['Adventure', 'Animation', 'Children', 'Fantasy']",4,1988.0,9,3.333333333333333,0.7500000000000001,2.0,4.0,1988
4520,License to Drive (1988),Comedy,['Comedy'],1,1988.0,3,2.333333333333333,0.2886751345948129,2.0,2.5,1988
4521,Little Nikita (1988),Drama,['Drama'],1,1988.0,1,3.0,0.0,3.0,3.0,1988
4522,Masquerade (1988),Mystery|Romance|Thriller,"['Mystery', 'Romance', 'Thriller']",3,1988.0,1,1.0,0.0,1.0,1.0,1988
4523,Milagro Beanfield War (1988),Comedy|Drama|Fantasy,"['Comedy', 'Drama', 'Fantasy']",3,1988.0,2,3.5,0.7071067811865476,3.0,4.0,1988
4524,Moon Over Parador (1988),Comedy,['Comedy'],1,1988.0,1,3.0,0.0,3.0,3.0,1988
4526,My Stepmother Is an Alien (1988),Comedy|Romance|Sci-Fi,"['Comedy', 'Romance', 'Sci-Fi']",3,1988.0,5,3.1,1.4317821063276353,1.5,5.0,1988
4527,"Night in the Life of Jimmy Reardon, A (1988)",Comedy|Romance,"['Comedy', 'Romance']",2,1988.0,2,2.5,0.7071067811865476,2.0,3.0,1988
4529,Bagdad Cafe (Out of Rosenheim) (1987),Comedy|Drama,"['Comedy', 'Drama']",2,1987.0,4,3.875,0.6291528696058958,3.0,4.5,1987
4531,Red Heat (1988),Action,['Action'],1,1988.0,3,2.6666666666666665,0.5773502691896258,2.0,3.0,1988
4533,"Return of the Living Dead, The (1985)",Comedy|Horror|Sci-Fi,"['Comedy', 'Horror', 'Sci-Fi']",3,1985.0,4,3.75,0.6454972243679028,3.0,4.5,1985
4534,Return to Snowy River (a.k.a. The Man From Snowy River II) (1988),Adventure|Drama|Western,"['Adventure', 'Drama', 'Western']",3,1988.0,2,2.5,0.7071067811865476,2.0,3.0,1988
4535,"Man from Snowy River, The (1982)",Drama|Romance|Western,"['Drama', 'Romance', 'Western']",3,1982.0,4,3.375,1.3768926368215255,2.0,5.0,1982
4537,Running on Empty (1988),Drama,['Drama'],1,1988.0,3,4.333333333333333,0.2886751345948129,4.0,4.5,1988
4541,"Serpent and the Rainbow, The (1988)",Horror,['Horror'],1,1988.0,2,3.5,0.7071067811865476,3.0,4.0,1988
4544,Short Circuit 2 (1988),Comedy|Sci-Fi,"['Comedy', 'Sci-Fi']",2,1988.0,5,2.9,0.8944271909999159,2.0,4.0,1988
4545,Short Circuit (1986),Comedy|Sci-Fi,"['Comedy', 'Sci-Fi']",2,1986.0,20,3.275,1.006230589874905,0.5,5.0,1986
4546,"Vanishing, The (Spoorloos) (1988)",Drama|Thriller,"['Drama', 'Thriller']",2,1988.0,6,3.9166666666666665,0.3763863263545405,3.5,4.5,1988
4552,"Tetsuo, the Ironman (Tetsuo) (1988)",Action|Horror|Sci-Fi|Thriller,"['Action', 'Horror', 'Sci-Fi', 'Thriller']",4,1988.0,3,3.5,0.0,3.5,3.5,1988
4553,They Live (1988),Action|Sci-Fi|Thriller,"['Action', 'Sci-Fi', 'Thriller']",3,1988.0,9,3.7222222222222223,0.5068968775248516,3.0,4.5,1988
4557,Tucker: The Man and His Dream (1988),Drama,['Drama'],1,1988.0,1,3.0,0.0,3.0,3.0,1988
4558,Twins (1988),Comedy,['Comedy'],1,1988.0,14,2.4642857142857144,0.6344072252682244,1.0,3.5,1988
4562,Without a Clue (1988),Comedy|Mystery,"['Comedy', 'Mystery']",2,1988.0,1,4.0,0.0,4.0,4.0,1988
4563,Young Einstein (1988),Comedy,['Comedy'],1,1988.0,3,1.8333333333333333,0.2886751345948129,1.5,2.0,1988
4564,Always (1989),Drama|Fantasy|Romance,"['Drama', 'Fantasy', 'Romance']",3,1989.0,6,2.833333333333333,1.1690451944500122,2.0,5.0,1989
4565,American Ninja (1985),Action|Adventure,"['Action', 'Adventure']",2,1985.0,2,2.5,0.7071067811865476,2.0,3.0,1985
4568,Best of the Best (1989),Action,['Action'],1,1989.0,1,2.5,0.0,2.5,2.5,1989
4571,Bill & Ted's Excellent Adventure (1989),Adventure|Comedy|Sci-Fi,"['Adventure', 'Comedy', 'Sci-Fi']",3,1989.0,45,3.7,0.7642584046583386,2.5,5.0,1989
4572,Black Rain (1989),Action|Crime|Drama,"['Action', 'Crime', 'Drama']",3,1989.0,3,3.0,1.0,2.0,4.0,1989
4573,Blaze (1989),Comedy|Drama,"['Comedy', 'Drama']",2,1989.0,1,2.0,0.0,2.0,2.0,1989
4574,Blind Fury (1989),Action|Thriller,"['Action', 'Thriller']",2,1989.0,2,3.25,0.3535533905932738,3.0,3.5,1989
4577,Casualties of War (1989),Drama|War,"['Drama', 'War']",2,1989.0,3,3.8333333333333335,0.7637626158259733,3.0,4.5,1989
4578,Chances Are (1989),Comedy|Romance,"['Comedy', 'Romance']",2,1989.0,2,2.5,1.4142135623730951,1.5,3.5,1989
4580,Cyborg (1989),Action|Sci-Fi,"['Action', 'Sci-Fi']",2,1989.0,2,0.5,0.0,0.5,0.5,1989
4581,Dad (1989),Drama,['Drama'],1,1989.0,1,4.0,0.0,4.0,4.0,1989
4583,Disorganized Crime (1989),Action|Comedy,"['Action', 'Comedy']",2,1989.0,1,4.0,0.0,4.0,4.0,1989
4584,Dream a Little Dream (1989),Comedy|Drama|Romance,"['Comedy', 'Drama', 'Romance']",3,1989.0,1,2.0,0.0,2.0,2.0,1989
4585,"Dream Team, The (1989)",Comedy,['Comedy'],1,1989.0,4,3.375,0.7499999999999999,2.5,4.0,1989
4587,Earth Girls Are Easy (1988),Comedy|Musical|Sci-Fi,"['Comedy', 'Musical', 'Sci-Fi']",3,1988.0,8,2.25,0.7559289460184544,1.0,3.0,1988
4589,Eddie and the Cruisers (1983),Drama|Musical|Mystery,"['Drama', 'Musical', 'Mystery']",3,1983.0,2,2.0,1.4142135623730951,1.0,3.0,1983
4591,Erik the Viking (1989),Adventure|Comedy|Fantasy,"['Adventure', 'Comedy', 'Fantasy']",3,1989.0,5,3.0,0.3535533905932738,2.5,3.5,1989
4593,Family Business (1989),Comedy,['Comedy'],1,1989.0,2,2.25,0.3535533905932738,2.0,2.5,1989
4594,Farewell to the King (1989),Action|War,"['Action', 'War']",2,1989.0,1,3.0,0.0,3.0,3.0,1989
4595,Fat Man and Little Boy (1989),Drama,['Drama'],1,1989.0,1,3.5,0.0,3.5,3.5,1989
4597,Gleaming the Cube (1989),Action|Drama|Mystery,"['Action', 'Drama', 'Mystery']",3,1989.0,1,2.0,0.0,2.0,2.0,1989
4599,Great Balls of Fire! (1989),Drama,['Drama'],1,1989.0,2,2.5,0.7071067811865476,2.0,3.0,1989
4600,Gross Anatomy (a.k.a. A Cut Above) (1989),Comedy|Drama,"['Comedy', 'Drama']",2,1989.0,2,3.25,1.0606601717798212,2.5,4.0,1989
4602,Harlem Nights (1989),Comedy|Crime|Romance,"['Comedy', 'Crime', 'Romance']",3,1989.0,3,3.0,0.0,3.0,3.0,1989
4603,Her Alibi (1989),Comedy|Romance,"['Comedy', 'Romance']",2,1989.0,1,2.5,0.0,2.5,2.5,1989
4605,How to Get Ahead in Advertising (1989),Comedy|Fantasy,"['Comedy', 'Fantasy']",2,1989.0,4,3.625,1.1086778913041726,2.0,4.5,1989
4608,"Innocent Man, An (1989)",Crime|Drama,"['Crime', 'Drama']",2,1989.0,2,2.25,0.3535533905932738,2.0,2.5,1989
4610,"January Man, The (1989)",Comedy|Crime|Mystery|Thriller,"['Comedy', 'Crime', 'Mystery', 'Thriller']",4,1989.0,1,2.0,0.0,2.0,2.0,1989
4611,Johnny Handsome (1989),Crime|Drama,"['Crime', 'Drama']",2,1989.0,1,4.0,0.0,4.0,4.0,1989
4612,Jesus of Montreal (Jésus de Montréal) (1989),Drama,['Drama'],1,1989.0,1,4.5,0.0,4.5,4.5,1989
4613,K-9 (1989),Action|Comedy|Crime,"['Action', 'Comedy', 'Crime']",3,1989.0,1,2.0,0.0,2.0,2.0,1989
4614,Kickboxer (1989),Action,['Action'],1,1989.0,1,2.5,0.0,2.5,2.5,1989
4615,Last Exit to Brooklyn (1989),Drama,['Drama'],1,1989.0,1,4.0,0.0,4.0,4.0,1989
4616,Lean on Me (1989),Drama,['Drama'],1,1989.0,6,3.5,0.7071067811865476,2.5,4.5,1989
4617,Let It Ride (1989),Comedy,['Comedy'],1,1989.0,2,3.5,2.1213203435596424,2.0,5.0,1989
4619,Little Monsters (1989),Comedy,['Comedy'],1,1989.0,2,2.25,1.0606601717798212,1.5,3.0,1989
4621,Look Who's Talking (1989),Comedy|Romance,"['Comedy', 'Romance']",2,1989.0,18,2.388888888888889,1.1826634392157036,0.5,4.5,1989
4622,Loverboy (1989),Comedy,['Comedy'],1,1989.0,2,2.5,0.7071067811865476,2.0,3.0,1989
4623,Major League (1989),Comedy,['Comedy'],1,1989.0,20,3.575,0.7656266783010607,2.0,5.0,1989
4624,Meet the Feebles (1989),Animation|Comedy|Musical,"['Animation', 'Comedy', 'Musical']",3,1989.0,3,3.0,0.0,3.0,3.0,1989
4625,Millennium (1989),Drama|Sci-Fi|Thriller,"['Drama', 'Sci-Fi', 'Thriller']",3,1989.0,3,2.0,0.0,2.0,2.0,1989
4626,Miracle Mile (1989),Drama|Romance|Sci-Fi,"['Drama', 'Romance', 'Sci-Fi']",3,1989.0,2,3.5,0.7071067811865476,3.0,4.0,1989
4628,New York Stories (1989),Comedy|Drama,"['Comedy', 'Drama']",2,1989.0,4,3.125,1.0307764064044151,2.0,4.5,1989
4629,Next of Kin (1989),Action|Crime|Thriller,"['Action', 'Crime', 'Thriller']",3,1989.0,2,1.75,0.3535533905932738,1.5,2.0,1989
4630,No Holds Barred (1989),Action,['Action'],1,1989.0,1,1.0,0.0,1.0,1.0,1989
4632,"Package, The (1989)",Action|Thriller,"['Action', 'Thriller']",2,1989.0,2,3.0,0.7071067811865476,2.5,3.5,1989
4634,Penn & Teller Get Killed (1989),Adventure|Comedy,"['Adventure', 'Comedy']",2,1989.0,2,4.0,1.4142135623730951,3.0,5.0,1989
4635,Pink Cadillac (1989),Action|Comedy|Drama,"['Action', 'Comedy', 'Drama']",3,1989.0,1,1.0,0.0,1.0,1.0,1989
4636,"Punisher, The (1989)",Action,['Action'],1,1989.0,3,2.333333333333333,0.5773502691896258,2.0,3.0,1989
4645,Cure (1997),Crime|Horror|Thriller,"['Crime', 'Horror', 'Thriller']",3,1997.0,1,4.5,0.0,4.5,4.5,1997
4653,"Return of the Musketeers, The (1989)",Adventure|Comedy,"['Adventure', 'Comedy']",2,1989.0,1,3.0,0.0,3.0,3.0,1989
4654,Road House (1989),Action|Drama,"['Action', 'Drama']",2,1989.0,7,2.7857142857142856,0.8591246929842246,1.5,4.0,1989
4658,Santa Sangre (1989),Drama|Horror|Mystery|Thriller,"['Drama', 'Horror', 'Mystery', 'Thriller']",4,1989.0,1,3.5,0.0,3.5,3.5,1989
4660,Scenes from the Class Struggle in Beverly Hills (1989),Comedy,['Comedy'],1,1989.0,1,4.0,0.0,4.0,4.0,1989
4661,Sea of Love (1989),Crime|Drama|Thriller,"['Crime', 'Drama', 'Thriller']",3,1989.0,2,3.0,0.0,3.0,3.0,1989
4662,"See No Evil, Hear No Evil (1989)",Comedy|Crime,"['Comedy', 'Crime']",2,1989.0,3,3.1666666666666665,0.2886751345948129,3.0,3.5,1989
4663,She's Out of Control (1989),Comedy,['Comedy'],1,1989.0,3,2.833333333333333,1.6072751268321592,1.0,4.0,1989
4666,Skin Deep (1989),Comedy,['Comedy'],1,1989.0,1,3.0,0.0,3.0,3.0,1989
4670,"Stepfather, The (1987)",Horror|Thriller,"['Horror', 'Thriller']",2,1987.0,1,2.5,0.0,2.5,2.5,1987
4671,Sweetie (1989),Drama,['Drama'],1,1989.0,1,3.5,0.0,3.5,3.5,1989
4672,"Tall Guy, The (1989)",Comedy|Romance,"['Comedy', 'Romance']",2,1989.0,2,2.75,1.0606601717798212,2.0,3.5,1989
4673,Tango & Cash (1989),Action|Comedy|Crime|Thriller,"['Action', 'Comedy', 'Crime', 'Thriller']",4,1989.0,3,1.6666666666666667,0.5773502691896258,1.0,2.0,1989
4675,Three Fugitives (1989),Action|Comedy,"['Action', 'Comedy']",2,1989.0,1,1.0,0.0,1.0,1.0,1989
4676,Troop Beverly Hills (1989),Comedy,['Comedy'],1,1989.0,6,1.9166666666666667,1.1583033569262704,0.5,3.5,1989
4677,Turner & Hooch (1989),Comedy|Crime,"['Comedy', 'Crime']",2,1989.0,13,3.0384615384615383,0.8281892512568826,1.5,4.0,1989
4678,UHF (1989),Comedy,['Comedy'],1,1989.0,9,3.4444444444444446,1.2360330811826103,0.5,5.0,1989
4679,Uncle Buck (1989),Comedy,['Comedy'],1,1989.0,13,2.8846153846153846,1.139331787969125,0.5,4.0,1989
4681,"War of the Roses, The (1989)",Comedy|Drama,"['Comedy', 'Drama']",2,1989.0,7,3.642857142857143,0.4755948656056709,3.0,4.0,1989
4683,"Wizard, The (1989)",Adventure|Children|Comedy|Drama,"['Adventure', 'Children', 'Comedy', 'Drama']",4,1989.0,2,3.25,1.0606601717798212,2.5,4.0,1989
4686,Weekend at Bernie's II (1993),Adventure|Comedy,"['Adventure', 'Comedy']",2,1993.0,4,1.625,0.4787135538781691,1.0,2.0,1993
4687,Billy Liar (1963),Comedy,['Comedy'],1,1963.0,1,3.5,0.0,3.5,3.5,1963
4688,Black Robe (1991),Adventure|Drama,"['Adventure', 'Drama']",2,1991.0,3,3.333333333333333,0.7637626158259734,2.5,4.0,1991
4689,"Cat o' Nine Tails, The (Gatto a nove code, Il) (1971)",Mystery|Thriller,"['Mystery', 'Thriller']",2,1971.0,1,3.5,0.0,3.5,3.5,1971
4690,"Cotton Club, The (1984)",Crime|Musical,"['Crime', 'Musical']",2,1984.0,2,3.25,0.3535533905932738,3.0,3.5,1984
4695,Who'll Stop the Rain (1978),Crime|Drama,"['Crime', 'Drama']",2,1978.0,1,4.0,0.0,4.0,4.0,1978
4697,Basket Case (1982),Comedy|Horror,"['Comedy', 'Horror']",2,1982.0,4,2.625,1.1086778913041726,1.5,4.0,1982
4703,Chocolat (1988),Drama,['Drama'],1,1988.0,4,3.375,1.7017148213885114,1.0,5.0,1988
4704,Hatari! (1962),Adventure|Comedy,"['Adventure', 'Comedy']",2,1962.0,1,3.0,0.0,3.0,3.0,1962
4705,"Cage aux Folles, La (1978)",Comedy,['Comedy'],1,1978.0,1,3.0,0.0,3.0,3.0,1978
4708,Marat/Sade (1966),Drama|Musical,"['Drama', 'Musical']",2,1966.0,2,4.5,0.7071067811865476,4.0,5.0,1966
4709,Paint Your Wagon (1969),Comedy|Musical|Western,"['Comedy', 'Musical', 'Western']",3,1969.0,3,2.833333333333333,0.2886751345948129,2.5,3.0,1969
4710,"Shootist, The (1976)",Drama|Western,"['Drama', 'Western']",2,1976.0,1,3.5,0.0,3.5,3.5,1976
4711,Theremin: An Electronic Odyssey (1993),Documentary,['Documentary'],1,1993.0,2,4.0,0.0,4.0,4.0,1993
4713,Altered States (1980),Drama|Sci-Fi,"['Drama', 'Sci-Fi']",2,1980.0,7,3.571428571428572,1.096531327587567,2.0,5.0,1980
4714,Any Which Way You Can (1980),Comedy,['Comedy'],1,1980.0,2,2.0,0.0,2.0,2.0,1980
4715,"Awakening, The (1980)",Horror,['Horror'],1,1980.0,1,3.0,0.0,3.0,3.0,1980
4717,"Battle Creek Brawl (Big Brawl, The) (1980)",Action|Comedy,"['Action', 'Comedy']",2,1980.0,1,4.0,0.0,4.0,4.0,1980
4748,3 Ninjas (1992),Action|Children|Comedy,"['Action', 'Children', 'Comedy']",3,1992.0,6,2.083333333333333,1.3934369977385654,1.0,4.5,1992
4749,3 Ninjas Kick Back (1994),Action|Children|Comedy,"['Action', 'Children', 'Comedy']",3,1994.0,2,1.25,1.0606601717798212,0.5,2.0,1994
4750,3 Ninjas Knuckle Up (1995),Action|Children,"['Action', 'Children']",2,1995.0,1,0.5,0.0,0.5,0.5,1995
4754,"Wicker Man, The (1973)",Drama|Horror|Mystery|Thriller,"['Drama', 'Horror', 'Mystery', 'Thriller']",4,1973.0,6,3.9166666666666665,0.2041241452319315,3.5,4.0,1973
4784,"French Lieutenant's Woman, The (1981)",Drama,['Drama'],1,1981.0,2,3.0,0.0,3.0,3.0,1981
4785,"Great Silence, The (Grande silenzio, Il) (1969)",Drama|Western,"['Drama', 'Western']",2,1969.0,1,4.0,0.0,4.0,4.0,1969
4786,"Legend of Hell House, The (1973)",Horror|Thriller,"['Horror', 'Thriller']",2,1973.0,1,1.0,0.0,1.0,1.0,1973
4787,Little Man Tate (1991),Drama,['Drama'],1,1991.0,10,3.35,0.8834905520465715,2.0,5.0,1991
4788,Moscow Does Not Believe in Tears (Moskva slezam ne verit) (1979),Drama|Romance,"['Drama', 'Romance']",2,1979.0,1,5.0,0.0,5.0,5.0,1979
4789,Phantom of the Paradise (1974),Comedy|Fantasy|Horror|Musical|Thriller,"['Comedy', 'Fantasy', 'Horror', 'Musical', 'Thriller']",5,1974.0,3,4.333333333333333,1.1547005383792517,3.0,5.0,1974
4792,13 Ghosts (1960),Horror,['Horror'],1,1960.0,4,3.125,0.9464847243000456,2.5,4.5,1960
4794,Opera (1987),Crime|Horror|Mystery,"['Crime', 'Horror', 'Mystery']",3,1987.0,3,3.0,2.29128784747792,0.5,5.0,1987
4795,Father Goose (1964),Adventure|Comedy|Romance|War,"['Adventure', 'Comedy', 'Romance', 'War']",4,1964.0,3,3.6666666666666665,0.5773502691896258,3.0,4.0,1964
4796,"Grass Is Greener, The (1960)",Comedy|Romance,"['Comedy', 'Romance']",2,1960.0,2,3.25,0.3535533905932738,3.0,3.5,1960
4798,Indiscreet (1958),Comedy|Romance,"['Comedy', 'Romance']",2,1958.0,1,3.5,0.0,3.5,3.5,1958
4799,"It's a Mad, Mad, Mad, Mad World (1963)",Action|Adventure|Comedy|Crime,"['Action', 'Adventure', 'Comedy', 'Crime']",4,1963.0,10,3.25,0.950146187582615,1.5,5.0,1963
4800,King Solomon's Mines (1937),Action|Adventure|Drama|Romance|Thriller,"['Action', 'Adventure', 'Drama', 'Romance', 'Thriller']",5,1937.0,1,2.5,0.0,2.5,2.5,1937
4801,"Little Foxes, The (1941)",Drama,['Drama'],1,1941.0,2,4.0,0.0,4.0,4.0,1941
4802,Operation Petticoat (1959),Action|Comedy|Romance|War,"['Action', 'Comedy', 'Romance', 'War']",4,1959.0,4,3.0,1.4142135623730951,1.0,4.0,1959
4803,Play Misty for Me (1971),Drama|Thriller,"['Drama', 'Thriller']",2,1971.0,4,3.625,0.4787135538781691,3.0,4.0,1971
4804,Pocketful of Miracles (1961),Comedy|Drama,"['Comedy', 'Drama']",2,1961.0,1,3.5,0.0,3.5,3.5,1961
4808,"Vanishing, The (1993)",Mystery|Thriller,"['Mystery', 'Thriller']",2,1993.0,4,2.375,0.478713553878169,2.0,3.0,1993
4809,Silkwood (1983),Drama,['Drama'],1,1983.0,3,4.166666666666667,0.7637626158259734,3.5,5.0,1983
4810,I Never Promised You a Rose Garden (1977),Drama,['Drama'],1,1977.0,1,2.0,0.0,2.0,2.0,1977
4811,Quadrophenia (1979),Drama|Musical,"['Drama', 'Musical']",2,1979.0,2,3.0,1.4142135623730951,2.0,4.0,1979
4812,SpaceCamp (1986),Adventure|Sci-Fi,"['Adventure', 'Sci-Fi']",2,1986.0,6,2.1666666666666665,0.752772652709081,1.0,3.0,1986
4813,When Worlds Collide (1951),Sci-Fi,['Sci-Fi'],1,1951.0,1,5.0,0.0,5.0,5.0,1951
4826,"Big Red One, The (1980)",Action|Adventure|Drama|War,"['Action', 'Adventure', 'Drama', 'War']",4,1980.0,2,4.25,0.3535533905932738,4.0,4.5,1980
4827,"Boogeyman, The (1980)",Horror,['Horror'],1,1980.0,1,3.0,0.0,3.0,3.0,1980
4828,"Party, The (Boum, La) (1980)",Comedy|Romance,"['Comedy', 'Romance']",2,1980.0,1,3.5,0.0,3.5,3.5,1980
4830,Brubaker (1980),Crime|Drama,"['Crime', 'Drama']",2,1980.0,1,4.0,0.0,4.0,4.0,1980
4831,Can't Stop the Music (1980),Comedy|Musical,"['Comedy', 'Musical']",2,1980.0,1,3.0,0.0,3.0,3.0,1980
4833,"Changeling, The (1980)",Horror|Mystery|Thriller,"['Horror', 'Mystery', 'Thriller']",3,1980.0,3,3.333333333333333,0.7637626158259734,2.5,4.0,1980
4835,Coal Miner's Daughter (1980),Drama,['Drama'],1,1980.0,3,3.5,0.8660254037844386,2.5,4.0,1980
4836,"Competition, The (1980)",Drama|Romance,"['Drama', 'Romance']",2,1980.0,2,3.75,0.3535533905932738,3.5,4.0,1980
4840,"Last Metro, The (Dernier métro, Le) (1980)",Drama|Romance,"['Drama', 'Romance']",2,1980.0,1,4.0,0.0,4.0,4.0,1980
4846,Iron Monkey (Siu nin Wong Fei-hung ji: Tit Ma Lau) (1993),Action|Comedy,"['Action', 'Comedy']",2,1993.0,5,3.5,1.0606601717798212,2.5,5.0,1993
4850,Spriggan (Supurigan) (1998),Action|Animation|Sci-Fi,"['Action', 'Animation', 'Sci-Fi']",3,1998.0,4,3.375,0.8539125638299665,2.5,4.5,1998
4855,Dirty Harry (1971),Action|Crime|Thriller,"['Action', 'Crime', 'Thriller']",3,1971.0,20,3.775,0.6781359900879997,2.5,5.0,1971
4857,Fiddler on the Roof (1971),Drama|Musical,"['Drama', 'Musical']",2,1971.0,8,3.8125,1.2229209763045663,1.0,5.0,1971
4860,Making the Grade (1984),Comedy,['Comedy'],1,1984.0,1,2.0,0.0,2.0,2.0,1984
4862,Not Without My Daughter (1991),Drama,['Drama'],1,1991.0,3,1.6666666666666667,0.7637626158259733,1.0,2.5,1991
4863,Female Trouble (1975),Comedy|Crime,"['Comedy', 'Crime']",2,1975.0,2,3.25,1.7677669529663689,2.0,4.5,1975
4864,Titanica (1992),Documentary|IMAX,"['Documentary', 'IMAX']",2,1992.0,1,2.5,0.0,2.5,2.5,1992
4893,When a Stranger Calls (1979),Horror|Thriller,"['Horror', 'Thriller']",2,1979.0,2,2.5,0.7071067811865476,2.0,3.0,1979
4909,"Incredible Shrinking Woman, The (1981)",Comedy|Sci-Fi,"['Comedy', 'Sci-Fi']",2,1981.0,2,2.0,0.0,2.0,2.0,1981
4911,Jabberwocky (1977),Adventure|Comedy|Fantasy,"['Adventure', 'Comedy', 'Fantasy']",3,1977.0,2,3.5,0.0,3.5,3.5,1977
4912,Funny Girl (1968),Drama|Musical|Romance,"['Drama', 'Musical', 'Romance']",3,1968.0,4,3.75,0.9574271077563382,3.0,5.0,1968
4914,Breathless (À bout de souffle) (1960),Crime|Drama|Romance,"['Crime', 'Drama', 'Romance']",3,1960.0,8,3.9375,0.9425459443140464,2.0,5.0,1960
4915,"Beastmaster, The (1982)",Action|Adventure|Fantasy,"['Action', 'Adventure', 'Fantasy']",3,1982.0,5,2.8,1.3038404810405295,2.0,5.0,1982
4916,Midway (1976),Drama|War,"['Drama', 'War']",2,1976.0,3,3.333333333333333,0.5773502691896258,3.0,4.0,1976
4917,MacArthur (1977),Drama,['Drama'],1,1977.0,1,4.0,0.0,4.0,4.0,1977
4919,Subway (1985),Crime|Drama|Romance|Thriller,"['Crime', 'Drama', 'Romance', 'Thriller']",4,1985.0,2,3.5,0.0,3.5,3.5,1985
4920,"Now, Voyager (1942)",Drama|Romance,"['Drama', 'Romance']",2,1942.0,3,3.6666666666666665,1.0408329997330663,2.5,4.5,1942
4921,Little Women (1933),Drama|Romance,"['Drama', 'Romance']",2,1933.0,5,4.0,0.6123724356957946,3.5,5.0,1933
4925,"Cheap Detective, The (1978)",Comedy,['Comedy'],1,1978.0,1,3.0,0.0,3.0,3.0,1978
4927,"Last Wave, The (1977)",Fantasy|Mystery|Thriller,"['Fantasy', 'Mystery', 'Thriller']",3,1977.0,1,3.0,0.0,3.0,3.0,1977
4928,That Obscure Object of Desire (Cet obscur objet du désir) (1977),Drama,['Drama'],1,1977.0,4,3.125,1.0307764064044151,2.0,4.0,1977
4929,"Toy, The (1982)",Comedy,['Comedy'],1,1982.0,4,2.375,0.478713553878169,2.0,3.0,1982
4932,Dressed to Kill (1980),Mystery|Thriller,"['Mystery', 'Thriller']",2,1980.0,1,1.0,0.0,1.0,1.0,1980
4936,Fame (1980),Drama|Musical,"['Drama', 'Musical']",2,1980.0,9,3.333333333333333,1.0,2.0,5.0,1980
4939,"Final Countdown, The (1980)",Action|Sci-Fi,"['Action', 'Sci-Fi']",2,1980.0,1,3.0,0.0,3.0,3.0,1980
4941,Flash Gordon (1980),Action|Adventure|Sci-Fi,"['Action', 'Adventure', 'Sci-Fi']",3,1980.0,8,3.1875,1.3076014027873435,2.0,5.0,1980
4942,"Angry Red Planet, The (1959)",Sci-Fi,['Sci-Fi'],1,1959.0,1,4.5,0.0,4.5,4.5,1959
4945,"Enforcer, The (1976)",Crime,['Crime'],1,1976.0,1,4.0,0.0,4.0,4.0,1976
4946,"Eye for an Eye, An (1981)",Action|Crime|Thriller,"['Action', 'Crime', 'Thriller']",3,1981.0,1,4.0,0.0,4.0,4.0,1981
4947,"Gauntlet, The (1977)",Action,['Action'],1,1977.0,2,3.5,0.7071067811865476,3.0,4.0,1977
4951,Lord of the Flies (1990),Adventure|Drama|Thriller,"['Adventure', 'Drama', 'Thriller']",3,1990.0,7,3.4285714285714284,0.7867957924694432,2.5,4.5,1990
4952,Morons From Outer Space (1985),Comedy|Sci-Fi,"['Comedy', 'Sci-Fi']",2,1985.0,1,2.0,0.0,2.0,2.0,1985
4953,"People That Time Forgot, The (1977)",Adventure|Sci-Fi,"['Adventure', 'Sci-Fi']",2,1977.0,1,2.5,0.0,2.5,2.5,1977
4954,Ocean's Eleven (a.k.a. Ocean's 11) (1960),Comedy|Crime,"['Comedy', 'Crime']",2,1960.0,11,3.636363636363636,1.0744977685158097,1.5,5.0,1960
4956,"Stunt Man, The (1980)",Action|Adventure|Comedy|Drama|Romance|Thriller,"['Action', 'Adventure', 'Comedy', 'Drama', 'Romance', 'Thriller']",6,1980.0,3,4.5,0.8660254037844386,3.5,5.0,1980
4957,Sudden Impact (1983),Crime|Thriller,"['Crime', 'Thriller']",2,1983.0,2,3.5,2.1213203435596424,2.0,5.0,1983
4966,"Incredible Shrinking Man, The (1957)",Sci-Fi|Thriller,"['Sci-Fi', 'Thriller']",2,1957.0,1,3.0,0.0,3.0,3.0,1957
4969,And Then There Were None (1945),Crime|Mystery,"['Crime', 'Mystery']",2,1945.0,4,3.625,0.9464847243000456,3.0,5.0,1945
4970,"Blue Angel, The (Blaue Engel, Der) (1930)",Drama,['Drama'],1,1930.0,1,4.0,0.0,4.0,4.0,1930
4971,Moscow on the Hudson (1984),Comedy|Drama,"['Comedy', 'Drama']",2,1984.0,5,3.1,0.5477225575051662,2.5,4.0,1984
4980,Bill & Ted's Bogus Journey (1991),Adventure|Comedy|Fantasy|Sci-Fi,"['Adventure', 'Comedy', 'Fantasy', 'Sci-Fi']",4,1991.0,20,3.075,0.8155559937535671,2.0,5.0,1991
4981,Clockwise (1986),Comedy,['Comedy'],1,1986.0,1,4.0,0.0,4.0,4.0,1986
4985,Sheena (1984),Action|Adventure|Fantasy,"['Action', 'Adventure', 'Fantasy']",3,1984.0,2,1.5,0.7071067811865476,1.0,2.0,1984
4987,Spacehunter: Adventures in the Forbidden Zone (1983),Action|Adventure|Sci-Fi,"['Action', 'Adventure', 'Sci-Fi']",3,1983.0,2,2.0,1.4142135623730951,1.0,3.0,1983
4988,White Water Summer (1987),Adventure,['Adventure'],1,1987.0,1,2.0,0.0,2.0,2.0,1987
4998,"Defiant Ones, The (1958)",Adventure|Crime|Drama|Thriller,"['Adventure', 'Crime', 'Drama', 'Thriller']",4,1958.0,1,3.5,0.0,3.5,3.5,1958
5004,"Party, The (1968)",Comedy,['Comedy'],1,1968.0,7,3.5,0.5,3.0,4.0,1968
5007,Topkapi (1964),Adventure|Comedy|Thriller,"['Adventure', 'Comedy', 'Thriller']",3,1964.0,1,2.5,0.0,2.5,2.5,1964
5008,Witness for the Prosecution (1957),Drama|Mystery|Thriller,"['Drama', 'Mystery', 'Thriller']",3,1957.0,9,4.388888888888889,0.4166666666666667,4.0,5.0,1957
5012,Yentl (1983),Drama|Musical|Romance,"['Drama', 'Musical', 'Romance']",3,1983.0,1,4.0,0.0,4.0,4.0,1983
5021,Murder by Death (1976),Comedy|Crime|Mystery|Thriller,"['Comedy', 'Crime', 'Mystery', 'Thriller']",4,1976.0,3,2.833333333333333,0.2886751345948129,2.5,3.0,1976
5023,"Waterdance, The (1992)",Drama,['Drama'],1,1992.0,2,4.0,0.0,4.0,4.0,1992
5027,Another 48 Hrs. (1990),Action|Comedy|Crime|Drama|Thriller,"['Action', 'Comedy', 'Crime', 'Drama', 'Thriller']",5,1990.0,5,3.0,0.7905694150420949,2.0,4.0,1990
5033,"Russia House, The (1990)",Drama|Thriller,"['Drama', 'Thriller']",2,1990.0,2,2.5,0.7071067811865476,2.0,3.0,1990
5034,"Truly, Madly, Deeply (1991)",Drama|Romance,"['Drama', 'Romance']",2,1991.0,3,3.6666666666666665,1.5275252316519468,2.0,5.0,1991
5039,Dragonslayer (1981),Action|Adventure|Fantasy,"['Action', 'Adventure', 'Fantasy']",3,1981.0,6,4.083333333333333,0.4915960401250875,3.5,5.0,1981
5040,Conan the Destroyer (1984),Action|Adventure|Fantasy,"['Action', 'Adventure', 'Fantasy']",3,1984.0,8,3.125,0.6943650748294136,2.0,4.0,1984
5041,Fire and Ice (1983),Animation|Fantasy,"['Animation', 'Fantasy']",2,1983.0,1,1.5,0.0,1.5,1.5,1983
5049,48 Hrs. (1982),Action|Comedy|Crime|Drama,"['Action', 'Comedy', 'Crime', 'Drama']",4,1982.0,11,3.590909090909091,0.8312094145936335,2.0,5.0,1982
5053,Blankman (1994),Comedy,['Comedy'],1,1994.0,1,1.5,0.0,1.5,1.5,1994
5054,Brainstorm (1983),Sci-Fi|Thriller,"['Sci-Fi', 'Thriller']",2,1983.0,1,3.5,0.0,3.5,3.5,1983
5055,Dragon: The Bruce Lee Story (1993),Action|Drama,"['Action', 'Drama']",2,1993.0,8,2.8125,1.032939633141398,0.5,4.0,1993
5059,Little Dieter Needs to Fly (1997),Documentary,['Documentary'],1,1997.0,1,5.0,0.0,5.0,5.0,1997
5060,M*A*S*H (a.k.a. MASH) (1970),Comedy|Drama|War,"['Comedy', 'Drama', 'War']",3,1970.0,46,3.934782608695652,0.928611242975073,1.0,5.0,1970
5062,Seconds (1966),Mystery|Sci-Fi|Thriller,"['Mystery', 'Sci-Fi', 'Thriller']",3,1966.0,2,3.5,0.7071067811865476,3.0,4.0,1966
5063,One-Eyed Jacks (1961),Western,['Western'],1,1961.0,1,3.0,0.0,3.0,3.0,1961
5076,"Adventures of Huck Finn, The (1993)",Adventure|Children|Comedy|Drama,"['Adventure', 'Children', 'Comedy', 'Drama']",4,1993.0,3,2.5,0.5,2.0,3.0,1993
5077,Cousins (1989),Comedy|Romance,"['Comedy', 'Romance']",2,1989.0,1,3.0,0.0,3.0,3.0,1989
5088,"Going Places (Valseuses, Les) (1974)",Comedy|Crime|Drama,"['Comedy', 'Crime', 'Drama']",3,1974.0,1,5.0,0.0,5.0,5.0,1974
5096,Baby's Day Out (1994),Comedy,['Comedy'],1,1994.0,2,1.25,0.3535533905932738,1.0,1.5,1994
5099,Heidi (1937),Children|Drama,"['Children', 'Drama']",2,1937.0,4,2.5,1.0,1.0,3.0,1937
5102,Rookie of the Year (1993),Comedy|Fantasy,"['Comedy', 'Fantasy']",2,1993.0,4,2.5,1.0,1.0,3.0,1993
5103,"Sandlot, The (1993)",Children|Comedy|Drama,"['Children', 'Comedy', 'Drama']",3,1993.0,24,3.4375,1.1450507867984836,0.5,5.0,1993
5105,Don't Look Now (1973),Drama|Horror|Thriller,"['Drama', 'Horror', 'Thriller']",3,1973.0,1,0.5,0.0,0.5,0.5,1973
5111,"Good Son, The (1993)",Drama|Thriller,"['Drama', 'Thriller']",2,1993.0,1,1.5,0.0,1.5,1.5,1993
5113,After the Fox (Caccia alla volpe) (1966),Comedy|Crime,"['Comedy', 'Crime']",2,1966.0,2,2.75,0.3535533905932738,2.5,3.0,1966
5114,"Bad and the Beautiful, The (1952)",Drama,['Drama'],1,1952.0,1,4.0,0.0,4.0,4.0,1952
5116,Designing Woman (1957),Comedy,['Comedy'],1,1957.0,1,3.5,0.0,3.5,3.5,1957
5120,Sleuth (1972),Comedy|Mystery|Thriller,"['Comedy', 'Mystery', 'Thriller']",3,1972.0,3,4.166666666666667,0.2886751345948129,4.0,4.5,1972
5121,Stroszek (1977),Comedy|Drama,"['Comedy', 'Drama']",2,1977.0,1,4.0,0.0,4.0,4.0,1977
5139,"Bad News Bears, The (1976)",Comedy,['Comedy'],1,1976.0,9,3.2777777777777777,0.97182531580755,1.5,5.0,1976
5147,Wild Strawberries (Smultronstället) (1957),Drama,['Drama'],1,1957.0,4,3.75,0.8660254037844386,3.0,4.5,1957
5155,"Big Bird Cage, The (1972)",Action,['Action'],1,1972.0,1,4.5,0.0,4.5,4.5,1972
5156,"Big Doll House, The (1971)",Action,['Action'],1,1971.0,1,2.5,0.0,2.5,2.5,1971
5159,Ferngully: The Last Rainforest (1992),Animation|Children|Comedy|Musical,"['Animation', 'Children', 'Comedy', 'Musical']",4,1992.0,7,3.142857142857143,0.8997354108424375,1.5,4.0,1992
5165,Zombie (a.k.a. Zombie 2: The Dead Are Among Us) (Zombi 2) (1979),Horror,['Horror'],1,1979.0,2,4.0,0.0,4.0,4.0,1979
5168,Royal Wedding (1951),Comedy|Musical|Romance,"['Comedy', 'Musical', 'Romance']",3,1951.0,1,3.0,0.0,3.0,3.0,1951
5177,"Magnificent Ambersons, The (1942)",Drama|Romance,"['Drama', 'Romance']",2,1942.0,2,3.5,0.7071067811865476,3.0,4.0,1942
5178,Fun (1994),Crime|Drama,"['Crime', 'Drama']",2,1994.0,1,4.0,0.0,4.0,4.0,1994
5181,Hangar 18 (1980),Action|Sci-Fi|Thriller,"['Action', 'Sci-Fi', 'Thriller']",3,1980.0,2,4.5,0.7071067811865476,4.0,5.0,1980
5187,Hopscotch (1980),Comedy,['Comedy'],1,1980.0,3,4.0,0.0,4.0,4.0,1980
5189,Humanoids from the Deep (1980),Horror|Sci-Fi,"['Horror', 'Sci-Fi']",2,1980.0,1,1.5,0.0,1.5,1.5,1980
5197,Little Darlings (1980),Drama,['Drama'],1,1980.0,1,2.0,0.0,2.0,2.0,1980
5198,"Long Good Friday, The (1980)",Drama|Thriller,"['Drama', 'Thriller']",2,1980.0,1,3.5,0.0,3.5,3.5,1980
5202,Mon oncle d'Amérique (1980),Drama,['Drama'],1,1980.0,2,3.25,1.0606601717798212,2.5,4.0,1980
5205,Motel Hell (1980),Comedy|Horror,"['Comedy', 'Horror']",2,1980.0,2,2.75,1.0606601717798212,2.0,3.5,1980
5209,Ffolkes (1979),Action|Adventure|Thriller,"['Action', 'Adventure', 'Thriller']",3,1979.0,1,2.0,0.0,2.0,2.0,1979
5212,"Octagon, The (1980)",Action,['Action'],1,1980.0,1,3.0,0.0,3.0,3.0,1980
5213,"Oh, God! Book II (1980)",Comedy,['Comedy'],1,1980.0,1,1.5,0.0,1.5,1.5,1980
5214,"Oh, God! (1977)",Comedy|Fantasy,"['Comedy', 'Fantasy']",2,1977.0,4,2.5,1.2909944487358056,1.0,4.0,1977
5226,All the Right Moves (1983),Drama|Romance,"['Drama', 'Romance']",2,1983.0,2,2.25,0.3535533905932738,2.0,2.5,1983
5231,Road to Morocco (1942),Comedy,['Comedy'],1,1942.0,1,3.5,0.0,3.5,3.5,1942
5237,Taps (1981),Drama,['Drama'],1,1981.0,1,4.0,0.0,4.0,4.0,1981
5238,Return of the Secaucus 7 (1980),Drama,['Drama'],1,1980.0,2,3.5,0.0,3.5,3.5,1980
5239,Rude Boy (1980),Documentary|Drama,"['Documentary', 'Drama']",2,1980.0,1,4.0,0.0,4.0,4.0,1980
5240,Running Scared (1980),Action|Drama,"['Action', 'Drama']",2,1980.0,1,4.0,0.0,4.0,4.0,1980
5241,Seems Like Old Times (1980),Comedy|Romance,"['Comedy', 'Romance']",2,1980.0,1,5.0,0.0,5.0,5.0,1980
5244,Shogun Assassin (1980),Action|Adventure,"['Action', 'Adventure']",2,1980.0,1,5.0,0.0,5.0,5.0,1980
5246,Smokey and the Bandit II (1980),Action|Comedy,"['Action', 'Comedy']",2,1980.0,4,2.125,1.3149778198382918,1.0,4.0,1980
5247,Smokey and the Bandit (1977),Action|Comedy,"['Action', 'Comedy']",2,1977.0,9,2.7222222222222223,1.1755613316388236,0.5,4.0,1977
5248,Smokey and the Bandit III (1983),Action|Comedy,"['Action', 'Comedy']",2,1983.0,4,1.375,0.6291528696058958,0.5,2.0,1983
5250,Stir Crazy (1980),Comedy,['Comedy'],1,1980.0,3,4.0,1.0,3.0,5.0,1980
5275,Boxcar Bertha (1972),Drama,['Drama'],1,1972.0,1,1.5,0.0,1.5,1.5,1972
5278,Fraternity Vacation (1985),Comedy|Romance,"['Comedy', 'Romance']",2,1985.0,1,1.0,0.0,1.0,1.0,1985
5279,Impromptu (1991),Comedy|Romance,"['Comedy', 'Romance']",2,1991.0,2,4.25,1.0606601717798212,3.5,5.0,1991
5288,"Atomic Cafe, The (1982)",Documentary|War,"['Documentary', 'War']",2,1982.0,2,4.5,0.7071067811865476,4.0,5.0,1982
5291,Rashomon (Rashômon) (1950),Crime|Drama|Mystery,"['Crime', 'Drama', 'Mystery']",3,1950.0,18,3.9444444444444446,0.9684567603832532,1.0,5.0,1950
5292,Slap Shot (1977),Comedy,['Comedy'],1,1977.0,7,3.857142857142857,1.1073348527841411,2.0,5.0,1977
5300,3:10 to Yuma (1957),Action|Adventure|Drama|Thriller|Western,"['Action', 'Adventure', 'Drama', 'Thriller', 'Western']",5,1957.0,1,4.0,0.0,4.0,4.0,1957
5303,Joe Versus the Volcano (1990),Comedy|Romance,"['Comedy', 'Romance']",2,1990.0,7,3.4285714285714284,1.1338934190276817,2.0,5.0,1990
5304,"Rome, Open City (a.k.a. Open City) (Roma, città aperta) (1945)",Drama|War,"['Drama', 'War']",2,1945.0,2,4.0,0.0,4.0,4.0,1945
5307,Taking Care of Business (1990),Comedy,['Comedy'],1,1990.0,1,3.0,0.0,3.0,3.0,1990
5308,Three Men and a Baby (1987),Comedy,['Comedy'],1,1987.0,19,2.8157894736842106,0.974829419776003,1.0,5.0,1987
5309,Three Men and a Little Lady (1990),Comedy|Romance,"['Comedy', 'Romance']",2,1990.0,8,2.5625,0.942545944314046,1.5,4.5,1990
5311,"Watcher in the Woods, The (1980)",Children|Horror|Mystery|Thriller,"['Children', 'Horror', 'Mystery', 'Thriller']",4,1980.0,1,3.0,0.0,3.0,3.0,1980
5333,Bob le Flambeur (1955),Crime|Drama,"['Crime', 'Drama']",2,1955.0,3,3.333333333333333,0.5773502691896258,3.0,4.0,1955
5334,Cadillac Man (1990),Comedy|Crime,"['Comedy', 'Crime']",2,1990.0,2,1.5,0.7071067811865476,1.0,2.0,1990
5337,Delirious (1991),Comedy,['Comedy'],1,1991.0,3,2.833333333333333,0.2886751345948129,2.5,3.0,1991
5338,Full Moon in Blue Water (1988),Drama,['Drama'],1,1988.0,1,2.0,0.0,2.0,2.0,1988
5339,Husbands and Wives (1992),Comedy|Drama,"['Comedy', 'Drama']",2,1992.0,6,3.9166666666666665,0.5845225972250061,3.5,5.0,1992
5341,Lenny (1974),Drama,['Drama'],1,1974.0,2,3.75,0.3535533905932738,3.5,4.0,1974
5345,Triumph of the Spirit (1989),Drama,['Drama'],1,1989.0,1,3.0,0.0,3.0,3.0,1989
5346,Wild Orchid (1990),Drama|Romance,"['Drama', 'Romance']",2,1990.0,2,1.75,1.0606601717798212,1.0,2.5,1990
5353,Butterflies Are Free (1972),Comedy|Drama,"['Comedy', 'Drama']",2,1972.0,1,3.0,0.0,3.0,3.0,1972
5356,"Giant Spider Invasion, The (1975)",Horror|Sci-Fi,"['Horror', 'Sci-Fi']",2,1975.0,1,0.5,0.0,0.5,0.5,1975
5357,Iron Will (1994),Adventure,['Adventure'],1,1994.0,2,3.5,0.7071067811865476,3.0,4.0,1994
5358,Mountains of the Moon (1990),Adventure,['Adventure'],1,1990.0,1,3.0,0.0,3.0,3.0,1990
5361,White Fang (1991),Adventure,['Adventure'],1,1991.0,2,1.75,0.3535533905932738,1.5,2.0,1991
5372,Calamity Jane (1953),Musical|Western,"['Musical', 'Western']",2,1953.0,1,3.5,0.0,3.5,3.5,1953
5373,"Cranes Are Flying, The (Letyat zhuravli) (1957)",Drama|Romance|War,"['Drama', 'Romance', 'War']",3,1957.0,1,4.0,0.0,4.0,4.0,1957
5375,"Harvey Girls, The (1946)",Comedy|Musical|Western,"['Comedy', 'Musical', 'Western']",3,1946.0,1,3.0,0.0,3.0,3.0,1946
5382,Every Which Way But Loose (1978),Comedy,['Comedy'],1,1978.0,3,3.0,1.0,2.0,4.0,1978
5384,I Want to Live! (1958),Crime|Drama,"['Crime', 'Drama']",2,1958.0,1,3.0,0.0,3.0,3.0,1958
5385,"Last Waltz, The (1978)",Documentary,['Documentary'],1,1978.0,1,4.5,0.0,4.5,4.5,1978
5397,Monkey Business (1952),Comedy|Sci-Fi,"['Comedy', 'Sci-Fi']",2,1952.0,2,2.5,1.4142135623730951,1.5,3.5,1952
5398,Requiem for a Heavyweight (1962),Drama,['Drama'],1,1962.0,2,4.0,0.0,4.0,4.0,1962
5404,84 Charing Cross Road (1987),Drama|Romance,"['Drama', 'Romance']",2,1987.0,3,4.5,0.5,4.0,5.0,1987
5409,Rapid Fire (1992),Action,['Action'],1,1992.0,2,3.75,0.3535533905932738,3.5,4.0,1992
5410,Silent Running (1972),Drama|Sci-Fi,"['Drama', 'Sci-Fi']",2,1972.0,4,2.375,1.25,0.5,3.0,1972
5427,Caveman (1981),Comedy,['Comedy'],1,1981.0,3,2.5,1.3228756555322954,1.5,4.0,1981
5428,Cheech & Chong's The Corsican Brothers (1984),Comedy,['Comedy'],1,1984.0,4,1.125,0.6291528696058958,0.5,2.0,1984
5433,Silver Bullet (Stephen King's Silver Bullet) (1985),Adventure|Drama|Horror|Mystery|Thriller,"['Adventure', 'Drama', 'Horror', 'Mystery', 'Thriller']",5,1985.0,3,2.6666666666666665,0.5773502691896258,2.0,3.0,1985
5434,"Sorry, Wrong Number (1948)",Drama|Film-Noir|Thriller,"['Drama', 'Film-Noir', 'Thriller']",3,1948.0,5,3.8,0.4472135954999579,3.5,4.5,1948
5435,Hombre (1967),Western,['Western'],1,1967.0,1,3.0,0.0,3.0,3.0,1967
5437,"Manhattan Project, The (1986)",Comedy|Sci-Fi|Thriller,"['Comedy', 'Sci-Fi', 'Thriller']",3,1986.0,3,3.0,0.0,3.0,3.0,1986
5438,Men at Work (1990),Action|Comedy,"['Action', 'Comedy']",2,1990.0,4,2.75,0.5,2.0,3.0,1990
5440,She Wore a Yellow Ribbon (1949),Western,['Western'],1,1949.0,1,3.0,0.0,3.0,3.0,1949
5442,V. I. Warshawski (1991),Action|Comedy|Crime,"['Action', 'Comedy', 'Crime']",3,1991.0,1,2.0,0.0,2.0,2.0,1991
5452,Look Who's Talking Now (1993),Children|Comedy|Romance,"['Children', 'Comedy', 'Romance']",3,1993.0,6,1.5833333333333333,1.0206207261596574,1.0,3.5,1993
5454,Mo' Money (1992),Comedy|Romance,"['Comedy', 'Romance']",2,1992.0,2,2.25,1.0606601717798212,1.5,3.0,1992
5455,"Object of Beauty, The (1991)",Comedy|Drama,"['Comedy', 'Drama']",2,1991.0,1,1.5,0.0,1.5,1.5,1991
5456,Wagons East (1994),Comedy|Western,"['Comedy', 'Western']",2,1994.0,1,2.0,0.0,2.0,2.0,1994
5468,20 Million Miles to Earth (1957),Sci-Fi,['Sci-Fi'],1,1957.0,1,5.0,0.0,5.0,5.0,1957
5470,The Importance of Being Earnest (1952),Comedy|Romance,"['Comedy', 'Romance']",2,1952.0,3,4.333333333333333,0.2886751345948129,4.0,4.5,1952
5471,Perfect (1985),Drama|Romance,"['Drama', 'Romance']",2,1985.0,3,1.8333333333333333,0.2886751345948129,1.5,2.0,1985
5472,1776 (1972),Children|Drama|Musical,"['Children', 'Drama', 'Musical']",3,1972.0,2,3.5,0.7071067811865476,3.0,4.0,1972
5475,Z (1969),Drama|Mystery|Thriller,"['Drama', 'Mystery', 'Thriller']",3,1969.0,3,3.8333333333333335,0.2886751345948129,3.5,4.0,1969
5489,Nosferatu the Vampyre (Nosferatu: Phantom der Nacht) (1979),Horror,['Horror'],1,1979.0,1,4.0,0.0,4.0,4.0,1979
5490,The Big Bus (1976),Action|Comedy,"['Action', 'Comedy']",2,1976.0,1,5.0,0.0,5.0,5.0,1976
5493,In Like Flint (1967),Action|Adventure|Comedy,"['Action', 'Adventure', 'Comedy']",3,1967.0,1,4.0,0.0,4.0,4.0,1967
5497,Our Man Flint (1965),Adventure|Comedy|Sci-Fi,"['Adventure', 'Comedy', 'Sci-Fi']",3,1965.0,3,3.5,0.5,3.0,4.0,1965
5498,Red Beard (Akahige) (1965),Drama,['Drama'],1,1965.0,1,4.5,0.0,4.5,4.5,1965
5499,Robin and Marian (1976),Adventure|Drama|Romance,"['Adventure', 'Drama', 'Romance']",3,1976.0,2,3.25,0.3535533905932738,3.0,3.5,1976
5500,Top Secret! (1984),Comedy,['Comedy'],1,1984.0,10,4.2,0.483045891539648,3.5,5.0,1984
5521,"Principal, The (1987)",Action|Crime|Drama,"['Action', 'Crime', 'Drama']",3,1987.0,2,3.25,1.0606601717798212,2.5,4.0,1987
5522,Rollerball (1975),Action|Drama|Sci-Fi,"['Action', 'Drama', 'Sci-Fi']",3,1975.0,4,3.5,1.0801234497346437,2.5,5.0,1975
5538,"Care Bears Movie, The (1985)",Animation|Children|Fantasy,"['Animation', 'Children', 'Fantasy']",3,1985.0,2,1.5,0.7071067811865476,1.0,2.0,1985
5539,Care Bears Movie II: A New Generation (1986),Animation|Children,"['Animation', 'Children']",2,1986.0,2,1.5,0.7071067811865476,1.0,2.0,1986
5540,Clash of the Titans (1981),Action|Adventure|Fantasy|Romance,"['Action', 'Adventure', 'Fantasy', 'Romance']",4,1981.0,9,3.611111111111111,0.961046882889233,2.5,5.0,1981
5541,Hot Shots! (1991),Action|Comedy|Romance|War,"['Action', 'Comedy', 'Romance', 'War']",4,1991.0,15,3.1333333333333333,0.7187952884282607,2.0,4.5,1991
5543,"Swarm, The (1978)",Action|Horror|Sci-Fi,"['Action', 'Horror', 'Sci-Fi']",3,1978.0,2,2.25,0.3535533905932738,2.0,2.5,1978
5544,Time After Time (1979),Sci-Fi|Thriller,"['Sci-Fi', 'Thriller']",2,1979.0,4,3.75,0.2886751345948129,3.5,4.0,1979
5548,Down and Out in Beverly Hills (1986),Comedy,['Comedy'],1,1986.0,5,3.0,0.9354143466934852,2.0,4.5,1986
5550,Love Me Tender (1956),Musical|Western,"['Musical', 'Western']",2,1956.0,1,3.5,0.0,3.5,3.5,1956
5553,Stakeout (1987),Comedy|Crime|Romance|Thriller,"['Comedy', 'Crime', 'Romance', 'Thriller']",4,1987.0,8,3.0,0.7559289460184544,2.0,4.0,1987
5560,À nous la liberté (Freedom for Us) (1931),Comedy|Musical,"['Comedy', 'Musical']",2,1931.0,1,1.0,0.0,1.0,1.0,1931
5568,Johnny Dangerously (1984),Comedy,['Comedy'],1,1984.0,7,2.857142857142857,0.944911182523068,2.0,4.0,1984
5569,"Last House on the Left, The (1972)",Crime|Horror|Thriller,"['Crime', 'Horror', 'Thriller']",3,1972.0,2,3.25,0.3535533905932738,3.0,3.5,1972
5570,Thesis (Tesis) (1996),Drama|Horror|Thriller,"['Drama', 'Horror', 'Thriller']",3,1996.0,5,3.9,0.8944271909999159,3.0,5.0,1996
5580,Aspen Extreme (1993),Action,['Action'],1,1993.0,1,3.5,0.0,3.5,3.5,1993
5581,Betsy's Wedding (1990),Comedy,['Comedy'],1,1990.0,1,2.0,0.0,2.0,2.0,1990
5582,Captain Ron (1992),Adventure|Comedy,"['Adventure', 'Comedy']",2,1992.0,8,2.6875,0.5938674695827103,2.0,4.0,1992
5584,Ernest Goes to Jail (1990),Comedy,['Comedy'],1,1990.0,1,3.5,0.0,3.5,3.5,1990
5585,Ernest Scared Stupid (1991),Comedy,['Comedy'],1,1991.0,6,2.083333333333333,1.2006942436218584,1.0,3.5,1991
5588,"Hills Have Eyes, The (1977)",Horror,['Horror'],1,1977.0,2,3.5,0.0,3.5,3.5,1977
5589,Indian Summer (1993),Comedy|Drama,"['Comedy', 'Drama']",2,1993.0,3,3.0,1.0,2.0,4.0,1993
5590,"Mack, The (1973)",Crime,['Crime'],1,1973.0,1,2.5,0.0,2.5,2.5,1973
5591,Monkey Trouble (1994),Children|Comedy,"['Children', 'Comedy']",2,1994.0,1,1.0,0.0,1.0,1.0,1994
5596,Spaced Invaders (1990),Adventure|Comedy|Sci-Fi,"['Adventure', 'Comedy', 'Sci-Fi']",3,1990.0,1,1.5,0.0,1.5,1.5,1990
5597,Suburban Commando (1991),Comedy|Sci-Fi,"['Comedy', 'Sci-Fi']",2,1991.0,2,1.75,1.0606601717798212,1.0,2.5,1991
5601,"Yearling, The (1946)",Children|Drama,"['Children', 'Drama']",2,1946.0,1,4.0,0.0,4.0,4.0,1946
5602,"Ladykillers, The (1955)",Comedy|Crime,"['Comedy', 'Crime']",2,1955.0,1,3.5,0.0,3.5,3.5,1955
5603,"Lavender Hill Mob, The (1951)",Comedy|Crime,"['Comedy', 'Crime']",2,1951.0,2,4.5,0.7071067811865476,4.0,5.0,1951
5604,"Man in the White Suit, The (1951)",Comedy|Sci-Fi,"['Comedy', 'Sci-Fi']",2,1951.0,1,3.5,0.0,3.5,3.5,1951
5637,Flirting (1991),Drama,['Drama'],1,1991.0,2,4.5,0.7071067811865476,4.0,5.0,1991
5638,Godzilla vs. Mothra (Mosura tai Gojira) (1964),Action|Adventure|Fantasy|Sci-Fi,"['Action', 'Adventure', 'Fantasy', 'Sci-Fi']",4,1964.0,1,2.0,0.0,2.0,2.0,1964
5640,"Godzilla, King of the Monsters! (Kaijû-ô Gojira) (1956)",Horror|Sci-Fi,"['Horror', 'Sci-Fi']",2,1956.0,1,3.0,0.0,3.0,3.0,1956
5643,Powaqqatsi (1988),Documentary,['Documentary'],1,1988.0,3,3.5,0.8660254037844386,3.0,4.5,1988
5644,"Pride of the Yankees, The (1942)",Drama,['Drama'],1,1942.0,3,3.5,0.8660254037844386,2.5,4.0,1942
5646,Valmont (1989),Drama|Romance,"['Drama', 'Romance']",2,1989.0,4,4.0,0.8164965809277259,3.0,5.0,1989
5649,Horror of Dracula (Dracula) (1958),Horror,['Horror'],1,1958.0,1,3.0,0.0,3.0,3.0,1958
5650,Strange Brew (1983),Comedy,['Comedy'],1,1983.0,11,3.5454545454545454,1.0829253310950264,2.0,5.0,1983
5651,"Incredible Mr. Limpet, The (1964)",Animation|Comedy|War,"['Animation', 'Comedy', 'War']",3,1964.0,1,3.0,0.0,3.0,3.0,1964
5657,Flashback (1990),Action|Adventure|Comedy|Crime|Drama,"['Action', 'Adventure', 'Comedy', 'Crime', 'Drama']",5,1990.0,1,4.5,0.0,4.5,4.5,1990
5689,Billy Bathgate (1991),Crime|Drama,"['Crime', 'Drama']",2,1991.0,1,2.0,0.0,2.0,2.0,1991
5690,Grave of the Fireflies (Hotaru no haka) (1988),Animation|Drama|War,"['Animation', 'Drama', 'War']",3,1988.0,16,4.15625,0.7685213074469701,2.5,5.0,1988
5693,Saturday Night Fever (1977),Comedy|Drama|Romance,"['Comedy', 'Drama', 'Romance']",3,1977.0,11,3.3181818181818183,0.7507571935295484,2.0,4.5,1977
5694,Staying Alive (1983),Comedy|Drama|Musical,"['Comedy', 'Drama', 'Musical']",3,1983.0,2,2.25,1.0606601717798212,1.5,3.0,1983
5696,Urban Cowboy (1980),Drama,['Drama'],1,1980.0,3,2.333333333333333,0.5773502691896258,2.0,3.0,1980
5699,Tom Horn (1980),Western,['Western'],1,1980.0,1,4.0,0.0,4.0,4.0,1980
5700,The Pumaman (1980),Action|Adventure|Fantasy|Sci-Fi,"['Action', 'Adventure', 'Fantasy', 'Sci-Fi']",4,1980.0,1,0.5,0.0,0.5,0.5,1980
5704,Without Warning (a.k.a. Alien Warning) (a.k.a. It Came Without Warning) (1980),Horror|Sci-Fi,"['Horror', 'Sci-Fi']",2,1980.0,1,2.0,0.0,2.0,2.0,1980
5706,...All the Marbles (1981),Comedy|Drama,"['Comedy', 'Drama']",2,1981.0,1,2.0,0.0,2.0,2.0,1981
5707,Absence of Malice (1981),Drama|Romance,"['Drama', 'Romance']",2,1981.0,2,3.25,0.3535533905932738,3.0,3.5,1981
5710,Banana Joe (1981),Comedy,['Comedy'],1,1981.0,2,2.75,0.3535533905932738,2.5,3.0,1981
5712,Blow Out (1981),Mystery|Thriller,"['Mystery', 'Thriller']",2,1981.0,4,3.625,0.2499999999999999,3.5,4.0,1981
5720,"Friend Is a Treasure, A (Chi Trova Un Amico, Trova un Tesoro) (Who Finds a Friend Finds a Treasure) (1981)",Action|Adventure|Comedy,"['Action', 'Adventure', 'Comedy']",3,1981.0,1,2.5,0.0,2.5,2.5,1981
5721,"Chosen, The (1981)",Drama,['Drama'],1,1981.0,0,0.0,0.0,0.0,0.0,1981
5723,Continental Divide (1981),Comedy|Romance,"['Comedy', 'Romance']",2,1981.0,1,5.0,0.0,5.0,5.0,1981
5733,"Eyewitness (Janitor, The) (1981)",Thriller,['Thriller'],1,1981.0,1,4.0,0.0,4.0,4.0,1981
5735,Faces of Death (1978),Documentary|Horror,"['Documentary', 'Horror']",2,1978.0,2,1.75,0.3535533905932738,1.5,2.0,1978
5736,Faces of Death 3 (1985),Documentary|Horror,"['Documentary', 'Horror']",2,1985.0,1,1.5,0.0,1.5,1.5,1985
5741,"Woman Next Door, The (Femme d'à côté, La) (1981)",Drama|Romance,"['Drama', 'Romance']",2,1981.0,1,4.0,0.0,4.0,4.0,1981
5742,First Monday in October (1981),Comedy|Drama,"['Comedy', 'Drama']",2,1981.0,1,4.0,0.0,4.0,4.0,1981
5745,"Four Seasons, The (1981)",Comedy|Drama,"['Comedy', 'Drama']",2,1981.0,1,5.0,0.0,5.0,5.0,1981
5746,Galaxy of Terror (Quest) (1981),Action|Horror|Mystery|Sci-Fi,"['Action', 'Horror', 'Mystery', 'Sci-Fi']",4,1981.0,1,5.0,0.0,5.0,5.0,1981
5747,Gallipoli (1981),Drama|War,"['Drama', 'War']",2,1981.0,7,4.285714285714286,0.7559289460184546,3.0,5.0,1981
5749,Ghost Story (1981),Drama|Horror,"['Drama', 'Horror']",2,1981.0,1,3.0,0.0,3.0,3.0,1981
5752,Gregory's Girl (1981),Comedy|Romance,"['Comedy', 'Romance']",2,1981.0,1,3.0,0.0,3.0,3.0,1981
5755,Happy Birthday to Me (1981),Horror|Mystery,"['Horror', 'Mystery']",2,1981.0,2,2.0,0.0,2.0,2.0,1981
5764,Looker (1981),Drama|Horror|Sci-Fi|Thriller,"['Drama', 'Horror', 'Sci-Fi', 'Thriller']",4,1981.0,1,4.5,0.0,4.5,4.5,1981
5767,Teddy Bear (Mis) (1981),Comedy|Crime,"['Comedy', 'Crime']",2,1981.0,1,3.5,0.0,3.5,3.5,1981
5768,Modern Problems (1981),Comedy|Fantasy,"['Comedy', 'Fantasy']",2,1981.0,1,3.0,0.0,3.0,3.0,1981
5771,My Bloody Valentine (1981),Drama|Horror|Thriller,"['Drama', 'Horror', 'Thriller']",3,1981.0,1,0.5,0.0,0.5,0.5,1981
5772,My Dinner with André (1981),Drama,['Drama'],1,1981.0,2,4.75,0.3535533905932738,4.5,5.0,1981
5773,Neighbors (1981),Comedy,['Comedy'],1,1981.0,1,3.0,0.0,3.0,3.0,1981
5779,Piranha II: The Spawning (1981),Horror|Sci-Fi,"['Horror', 'Sci-Fi']",2,1981.0,1,2.0,0.0,2.0,2.0,1981
5780,Polyester (1981),Comedy,['Comedy'],1,1981.0,1,3.0,0.0,3.0,3.0,1981
5782,"Professional, The (Le professionnel) (1981)",Action|Drama|Thriller,"['Action', 'Drama', 'Thriller']",3,1981.0,19,3.8684210526315783,0.6839855680567696,2.0,5.0,1981
5796,Casino Royale (1967),Action|Adventure|Comedy,"['Action', 'Adventure', 'Comedy']",3,1967.0,5,2.5,0.7071067811865476,2.0,3.5,1967
5797,"Company of Wolves, The (1984)",Fantasy|Horror,"['Fantasy', 'Horror']",2,1984.0,1,2.0,0.0,2.0,2.0,1984
5799,Exodus (1960),Drama|Romance|War,"['Drama', 'Romance', 'War']",3,1960.0,1,3.5,0.0,3.5,3.5,1960
5801,"Russians Are Coming, the Russians Are Coming, The (1966)",Comedy|War,"['Comedy', 'War']",2,1966.0,1,2.5,0.0,2.5,2.5,1966
5802,"World of Henry Orient, The (1964)",Comedy,['Comedy'],1,1964.0,1,4.0,0.0,4.0,4.0,1964
5826,Rio Grande (1950),Romance|Western,"['Romance', 'Western']",2,1950.0,1,3.5,0.0,3.5,3.5,1950
5828,Blackrock (1997),Drama|Thriller,"['Drama', 'Thriller']",2,1997.0,1,2.5,0.0,2.5,2.5,1997
5836,Houseboat (1958),Comedy|Romance,"['Comedy', 'Romance']",2,1958.0,1,2.0,0.0,2.0,2.0,1958
5838,Madame Bovary (1991),Drama,['Drama'],1,1991.0,1,4.0,0.0,4.0,4.0,1991
5839,My Father's Glory (La gloire de mon père) (1990),Adventure|Drama,"['Adventure', 'Drama']",2,1990.0,1,4.0,0.0,4.0,4.0,1990
5840,"My Mother's Castle (Château de ma mère, Le) (1990)",Comedy|Drama,"['Comedy', 'Drama']",2,1990.0,1,4.0,0.0,4.0,4.0,1990
5841,Return to the Blue Lagoon (1991),Adventure|Romance,"['Adventure', 'Romance']",2,1991.0,3,1.6666666666666667,0.5773502691896258,1.0,2.0,1991
5843,Toy Soldiers (1991),Action|Drama,"['Action', 'Drama']",2,1991.0,4,2.5,0.9128709291752768,1.5,3.5,1991
5847,Ragtime (1981),Drama,['Drama'],1,1981.0,1,3.5,0.0,3.5,3.5,1981
5849,I'm Starting From Three (Ricomincio da Tre) (1981),Comedy,['Comedy'],1,1981.0,1,4.5,0.0,4.5,4.5,1981
5853,Scanners (1981),Horror|Sci-Fi|Thriller,"['Horror', 'Sci-Fi', 'Thriller']",3,1981.0,2,3.25,0.3535533905932738,3.0,3.5,1981
5856,"Do You Remember Dolly Bell? (Sjecas li se, Dolly Bell) (1981)",Comedy|Drama|Romance,"['Comedy', 'Drama', 'Romance']",3,1981.0,1,4.0,0.0,4.0,4.0,1981
5863,Take This Job and Shove It (1981),Comedy,['Comedy'],1,1981.0,1,1.0,0.0,1.0,1.0,1981
5867,Thief (1981),Crime|Drama|Thriller,"['Crime', 'Drama', 'Thriller']",3,1981.0,2,4.5,0.7071067811865476,4.0,5.0,1981
5884,Chopper Chicks in Zombietown (1989),Comedy|Horror,"['Comedy', 'Horror']",2,1989.0,1,1.0,0.0,1.0,1.0,1989
5888,Brother (Brat) (1997),Crime|Drama,"['Crime', 'Drama']",2,1997.0,1,5.0,0.0,5.0,5.0,1997
5889,"Cruel Romance, A (Zhestokij Romans) (1984)",Drama|Romance,"['Drama', 'Romance']",2,1984.0,1,5.0,0.0,5.0,5.0,1984
5891,I Spit on Your Grave (Day of the Woman) (1978),Horror|Thriller,"['Horror', 'Thriller']",2,1978.0,4,2.625,1.1086778913041726,1.0,3.5,1978
5893,"Last Seduction, The (1994)",Crime|Drama|Thriller,"['Crime', 'Drama', 'Thriller']",3,1994.0,2,3.25,1.0606601717798212,2.5,4.0,1994
5896,New Waterford Girl (1999),Comedy,['Comedy'],1,1999.0,1,4.0,0.0,4.0,4.0,1999
5899,Zulu (1964),Action|Drama|War,"['Action', 'Drama', 'War']",3,1964.0,4,4.0,1.1547005383792517,3.0,5.0,1964
5912,Hit the Bank (Vabank) (1981),Comedy|Crime,"['Comedy', 'Crime']",2,1981.0,1,4.5,0.0,4.5,4.5,1981
5915,Victory (a.k.a. Escape to Victory) (1981),Action|Drama|War,"['Action', 'Drama', 'War']",3,1981.0,2,4.75,0.3535533905932738,4.5,5.0,1981
5919,Android (1982),Sci-Fi,['Sci-Fi'],1,1982.0,2,4.5,0.7071067811865476,4.0,5.0,1982
5922,Attila (Attila Flagello di Dio) (1982),Action,['Action'],1,1982.0,1,2.5,0.0,2.5,2.5,1982
5925,"Beast Within, The (1982)",Horror,['Horror'],1,1982.0,2,2.0,0.0,2.0,2.0,1982
5927,"Best Little Whorehouse in Texas, The (1982)",Comedy|Drama|Musical|Romance,"['Comedy', 'Drama', 'Musical', 'Romance']",4,1982.0,1,3.0,0.0,3.0,3.0,1982
5929,"Party 2, The (Boum 2, La) (1982)",Comedy|Romance,"['Comedy', 'Romance']",2,1982.0,1,3.0,0.0,3.0,3.0,1982
5932,Burden of Dreams (1982),Documentary,['Documentary'],1,1982.0,2,3.75,0.3535533905932738,3.5,4.0,1982
5938,Deathtrap (1982),Comedy|Crime|Mystery|Thriller,"['Comedy', 'Crime', 'Mystery', 'Thriller']",4,1982.0,2,4.5,0.7071067811865476,4.0,5.0,1982
5961,Blue Steel (1990),Action|Thriller,"['Action', 'Thriller']",2,1990.0,1,1.5,0.0,1.5,1.5,1990
5962,Body of Evidence (1993),Drama|Thriller,"['Drama', 'Thriller']",2,1993.0,1,1.0,0.0,1.0,1.0,1993
5963,"Children's Hour, The (1961)",Drama,['Drama'],1,1961.0,2,3.5,0.0,3.5,3.5,1961
5965,"Duellists, The (1977)",Action|War,"['Action', 'War']",2,1977.0,3,4.166666666666667,0.2886751345948129,4.0,4.5,1977
5968,Miami Blues (1990),Comedy|Crime|Drama,"['Comedy', 'Crime', 'Drama']",3,1990.0,1,4.0,0.0,4.0,4.0,1990
5969,My Girl 2 (1994),Comedy|Drama|Romance,"['Comedy', 'Drama', 'Romance']",3,1994.0,1,2.5,0.0,2.5,2.5,1994
5970,My Girl (1991),Comedy|Drama|Romance,"['Comedy', 'Drama', 'Romance']",3,1991.0,10,3.2,0.7527726527090809,2.0,4.5,1991
5971,My Neighbor Totoro (Tonari no Totoro) (1988),Animation|Children|Drama|Fantasy,"['Animation', 'Children', 'Drama', 'Fantasy']",4,1988.0,37,3.95945945945946,0.9673731497260044,1.0,5.0,1988
5974,"Thief of Bagdad, The (1940)",Adventure|Fantasy,"['Adventure', 'Fantasy']",2,1940.0,1,3.0,0.0,3.0,3.0,1940
5975,War and Peace (1956),Drama|Romance|War,"['Drama', 'Romance', 'War']",3,1956.0,1,3.5,0.0,3.5,3.5,1956
5979,Attack of the Crab Monsters (1957),Horror|Sci-Fi,"['Horror', 'Sci-Fi']",2,1957.0,1,3.0,0.0,3.0,3.0,1957
5980,Black Christmas (1974),Horror|Mystery|Thriller,"['Horror', 'Mystery', 'Thriller']",3,1974.0,2,3.5,0.7071067811865476,3.0,4.0,1974
5984,"Story of O, The (Histoire d'O) (1975)",Drama|Romance,"['Drama', 'Romance']",2,1975.0,2,3.5,0.7071067811865476,3.0,4.0,1975
5986,Fat City (1972),Drama,['Drama'],1,1972.0,1,4.0,0.0,4.0,4.0,1972
5988,Quicksilver (1986),Drama,['Drama'],1,1986.0,4,2.625,0.478713553878169,2.0,3.0,1986
6001,"King of Comedy, The (1983)",Comedy|Drama,"['Comedy', 'Drama']",2,1983.0,7,4.071428571428571,0.5345224838248488,3.5,5.0,1983
6020,Alice Adams (1935),Comedy|Drama,"['Comedy', 'Drama']",2,1935.0,1,3.5,0.0,3.5,3.5,1935
6021,"American Friend, The (Amerikanische Freund, Der) (1977)",Crime|Drama|Mystery|Thriller,"['Crime', 'Drama', 'Mystery', 'Thriller']",4,1977.0,1,5.0,0.0,5.0,5.0,1977
6022,American Me (1992),Drama,['Drama'],1,1992.0,3,2.5,1.5,1.0,4.0,1992
6023,Band of Outsiders (Bande à part) (1964),Comedy|Crime|Drama|Romance,"['Comedy', 'Crime', 'Drama', 'Romance']",4,1964.0,2,3.5,0.7071067811865476,3.0,4.0,1964
6025,CB4 - The Movie (1993),Comedy,['Comedy'],1,1993.0,5,2.9,1.3416407864998738,1.0,4.0,1993
6027,Dogfight (1991),Drama|Romance,"['Drama', 'Romance']",2,1991.0,3,4.166666666666667,0.2886751345948129,4.0,4.5,1991
6030,Girls! Girls! Girls! (1962),Comedy|Musical,"['Comedy', 'Musical']",2,1962.0,1,2.0,0.0,2.0,2.0,1962
6031,Imitation of Life (1959),Drama|Romance,"['Drama', 'Romance']",2,1959.0,2,3.5,0.7071067811865476,3.0,4.0,1959
6033,Mystery Date (1991),Comedy,['Comedy'],1,1991.0,1,3.0,0.0,3.0,3.0,1991
6035,Pépé le Moko (1937),Crime|Drama|Romance,"['Crime', 'Drama', 'Romance']",3,1937.0,2,3.25,1.0606601717798212,2.5,4.0,1937
6036,Secret Admirer (1985),Comedy|Romance,"['Comedy', 'Romance']",2,1985.0,1,3.0,0.0,3.0,3.0,1985
6039,"Woman in Red, The (1984)",Comedy|Romance,"['Comedy', 'Romance']",2,1984.0,4,2.375,0.478713553878169,2.0,3.0,1984
6044,Blind Date (1984),Horror|Thriller,"['Horror', 'Thriller']",2,1984.0,1,2.0,0.0,2.0,2.0,1984
6049,Ethan Frome (1993),Drama,['Drama'],1,1993.0,1,4.0,0.0,4.0,4.0,1993
6051,"Harder They Come, The (1973)",Action|Crime|Drama,"['Action', 'Crime', 'Drama']",3,1973.0,3,4.166666666666667,1.0408329997330663,3.0,5.0,1973
6055,Sugar Hill (1994),Drama,['Drama'],1,1994.0,2,2.25,1.7677669529663689,1.0,3.5,1994
6064,"Harder They Fall, The (1956)",Drama|Film-Noir,"['Drama', 'Film-Noir']",2,1956.0,1,4.0,0.0,4.0,4.0,1956
6070,Tokyo Decadence (Topâzu) (1992),Drama,['Drama'],1,1992.0,1,4.0,0.0,4.0,4.0,1992
6078,Firefox (1982),Action|Sci-Fi|Thriller,"['Action', 'Sci-Fi', 'Thriller']",3,1982.0,2,2.75,1.0606601717798212,2.0,3.5,1982
6086,"I, the Jury (1982)",Crime|Drama|Thriller,"['Crime', 'Drama', 'Thriller']",3,1982.0,1,5.0,0.0,5.0,5.0,1982
6090,Kiss Me Goodbye (1982),Comedy,['Comedy'],1,1982.0,1,3.5,0.0,3.5,3.5,1982
6093,"Last Unicorn, The (1982)",Animation|Children|Fantasy,"['Animation', 'Children', 'Fantasy']",3,1982.0,4,3.375,1.3149778198382918,2.0,4.5,1982
6095,Dragon Lord (a.k.a. Dragon Strike) (Long Xiao Ye) (1982),Action,['Action'],1,1982.0,1,3.5,0.0,3.5,3.5,1982
6100,"Midsummer Night's Sex Comedy, A (1982)",Comedy|Romance,"['Comedy', 'Romance']",2,1982.0,3,4.0,0.0,4.0,4.0,1982
6101,Missing (1982),Drama|Mystery|Thriller,"['Drama', 'Mystery', 'Thriller']",3,1982.0,1,4.0,0.0,4.0,4.0,1982
6104,Monty Python Live at the Hollywood Bowl (1982),Comedy,['Comedy'],1,1982.0,9,4.166666666666667,0.3535533905932738,4.0,5.0,1982
6107,"Night of the Shooting Stars (Notte di San Lorenzo, La) (1982)",Drama|War,"['Drama', 'War']",2,1982.0,1,4.0,0.0,4.0,4.0,1982
6111,Paradise (1982),Adventure|Romance,"['Adventure', 'Romance']",2,1982.0,1,3.5,0.0,3.5,3.5,1982
6116,"Pirate Movie, The (1982)",Adventure|Comedy|Musical,"['Adventure', 'Comedy', 'Musical']",3,1982.0,2,2.5,1.4142135623730951,1.5,3.5,1982
6119,Santa Claus Is a Stinker (Le Père Noël est une ordure) (1982),Comedy,['Comedy'],1,1982.0,1,4.0,0.0,4.0,4.0,1982
6122,Richard Pryor Live on the Sunset Strip (1982),Comedy|Documentary,"['Comedy', 'Documentary']",2,1982.0,2,4.0,1.4142135623730951,3.0,5.0,1982
6123,Sunless (Sans Soleil) (1983),Documentary,['Documentary'],1,1983.0,1,4.0,0.0,4.0,4.0,1983
6124,Savannah Smiles (1982),Comedy,['Comedy'],1,1982.0,2,2.75,1.0606601717798212,2.0,3.5,1982
6125,"Secret Policeman's Other Ball, The (1982)",Comedy|Documentary|Musical,"['Comedy', 'Documentary', 'Musical']",3,1982.0,1,3.5,0.0,3.5,3.5,1982
6140,Tenebre (1982),Horror|Mystery|Thriller,"['Horror', 'Mystery', 'Thriller']",3,1982.0,2,2.25,2.4748737341529163,0.5,4.0,1982
6141,They Call Me Bruce? (a.k.a. A Fistful of Chopsticks) (1982),Comedy,['Comedy'],1,1982.0,1,3.0,0.0,3.0,3.0,1982
6143,Trail of the Pink Panther (1982),Comedy|Crime,"['Comedy', 'Crime']",2,1982.0,2,3.0,1.4142135623730951,2.0,4.0,1982
6145,Venom (1982),Horror|Thriller,"['Horror', 'Thriller']",2,1982.0,1,2.0,0.0,2.0,2.0,1982
6148,White Dog (1982),Drama|Horror|Thriller,"['Drama', 'Horror', 'Thriller']",3,1982.0,3,2.833333333333333,0.7637626158259734,2.0,3.5,1982
6153,Zapped! (1982),Comedy|Sci-Fi,"['Comedy', 'Sci-Fi']",2,1982.0,2,1.5,0.0,1.5,1.5,1982
6166,Dennis the Menace (1993),Comedy,['Comedy'],1,1993.0,8,1.8125,0.9234059624177068,0.5,3.5,1993
6169,"Black Stallion Returns, The (1983)",Adventure|Children,"['Adventure', 'Children']",2,1983.0,2,2.5,0.7071067811865476,2.0,3.0,1983
6170,"Black Stallion, The (1979)",Adventure|Children|Drama,"['Adventure', 'Children', 'Drama']",3,1979.0,3,3.5,0.5,3.0,4.0,1979
6178,"Patch of Blue, A (1965)",Drama|Romance,"['Drama', 'Romance']",2,1965.0,1,4.0,0.0,4.0,4.0,1965
6181,"Red Badge of Courage, The (1951)",Drama|War,"['Drama', 'War']",2,1951.0,1,4.0,0.0,4.0,4.0,1951
6182,"Thrill of It All, The (1963)",Comedy,['Comedy'],1,1963.0,1,3.0,0.0,3.0,3.0,1963
6183,Pillow Talk (1959),Comedy|Musical|Romance,"['Comedy', 'Musical', 'Romance']",3,1959.0,3,3.8333333333333335,0.7637626158259733,3.0,4.5,1959
6184,"Man Who Fell to Earth, The (1976)",Drama|Sci-Fi,"['Drama', 'Sci-Fi']",2,1976.0,4,4.25,0.8660254037844386,3.5,5.0,1976
6201,Lady Jane (1986),Drama|Romance,"['Drama', 'Romance']",2,1986.0,1,5.0,0.0,5.0,5.0,1986
6203,Life Stinks (1991),Comedy,['Comedy'],1,1991.0,2,1.5,0.0,1.5,1.5,1991
6204,"Meteor Man, The (1993)",Comedy,['Comedy'],1,1993.0,1,2.5,0.0,2.5,2.5,1993
6225,King of Kings (1961),Drama,['Drama'],1,1961.0,1,3.0,0.0,3.0,3.0,1961
6228,"Talk of the Town, The (1942)",Comedy|Romance|Thriller,"['Comedy', 'Romance', 'Thriller']",3,1942.0,1,4.0,0.0,4.0,4.0,1942
6232,Born Free (1966),Adventure|Children|Drama,"['Adventure', 'Children', 'Drama']",3,1966.0,1,4.0,0.0,4.0,4.0,1966
6234,Equus (1977),Drama|Mystery,"['Drama', 'Mystery']",2,1977.0,1,3.5,0.0,3.5,3.5,1977
6235,Europa Europa (Hitlerjunge Salomon) (1990),Drama|War,"['Drama', 'War']",2,1990.0,3,4.333333333333333,0.7637626158259733,3.5,5.0,1990
6237,"Glenn Miller Story, The (1953)",Drama,['Drama'],1,1953.0,1,4.0,0.0,4.0,4.0,1953
6238,Green Card (1990),Comedy|Drama|Romance,"['Comedy', 'Drama', 'Romance']",3,1990.0,9,2.833333333333333,1.224744871391589,0.5,4.0,1990
6239,Journey to the Center of the Earth (1959),Adventure|Children|Sci-Fi,"['Adventure', 'Children', 'Sci-Fi']",3,1959.0,2,2.75,0.3535533905932738,2.5,3.0,1959
6241,Pauline at the Beach (Pauline à la Plage) (1983),Comedy|Drama|Romance,"['Comedy', 'Drama', 'Romance']",3,1983.0,1,4.0,0.0,4.0,4.0,1983
6242,Ringu (Ring) (1998),Horror|Mystery|Thriller,"['Horror', 'Mystery', 'Thriller']",3,1998.0,11,3.4545454545454546,0.7229988054812212,2.0,4.5,1998
6244,Salaam Bombay! (1988),Drama,['Drama'],1,1988.0,2,3.5,0.7071067811865476,3.0,4.0,1988
6245,Sweet Charity (1969),Comedy|Drama|Musical|Romance,"['Comedy', 'Drama', 'Musical', 'Romance']",4,1969.0,1,3.5,0.0,3.5,3.5,1969
6246,Talent for the Game (1991),Drama,['Drama'],1,1991.0,1,4.0,0.0,4.0,4.0,1991
6254,"Awful Truth, The (1937)",Comedy|Romance,"['Comedy', 'Romance']",2,1937.0,2,4.75,0.3535533905932738,4.5,5.0,1937
6270,Akira Kurosawa's Dreams (Dreams) (1990),Drama|Fantasy,"['Drama', 'Fantasy']",2,1990.0,3,4.333333333333333,0.7637626158259733,3.5,5.0,1990
6271,Day for Night (La Nuit Américaine) (1973),Comedy|Drama|Romance,"['Comedy', 'Drama', 'Romance']",3,1973.0,1,2.0,0.0,2.0,2.0,1973
6273,In a Lonely Place (1950),Drama|Film-Noir|Mystery|Romance,"['Drama', 'Film-Noir', 'Mystery', 'Romance']",4,1950.0,1,3.5,0.0,3.5,3.5,1950
6301,Straw Dogs (1971),Drama|Thriller,"['Drama', 'Thriller']",2,1971.0,5,4.0,0.3535533905932738,3.5,4.5,1971
6302,Beginning of the End (1957),Sci-Fi,['Sci-Fi'],1,1957.0,1,1.0,0.0,1.0,1.0,1957
6303,"Andromeda Strain, The (1971)",Mystery|Sci-Fi,"['Mystery', 'Sci-Fi']",2,1971.0,8,3.625,0.6943650748294137,3.0,5.0,1971
6305,Fahrenheit 451 (1966),Drama|Sci-Fi,"['Drama', 'Sci-Fi']",2,1966.0,10,3.6,0.7745966692414834,2.5,4.5,1966
6308,Legal Eagles (1986),Comedy|Crime|Romance,"['Comedy', 'Crime', 'Romance']",3,1986.0,4,2.625,0.9464847243000456,2.0,4.0,1986
6310,Memories of Me (1988),Comedy|Drama,"['Comedy', 'Drama']",2,1988.0,1,2.5,0.0,2.5,2.5,1988
6313,Sibling Rivalry (1990),Comedy,['Comedy'],1,1990.0,2,2.5,0.7071067811865476,2.0,3.0,1990
6314,Undercover Blues (1993),Comedy|Crime,"['Comedy', 'Crime']",2,1993.0,2,2.0,0.0,2.0,2.0,1993
6315,Wildcats (1986),Comedy,['Comedy'],1,1986.0,3,1.8333333333333333,0.7637626158259733,1.0,2.5,1986
6316,"Wiz, The (1978)",Adventure|Children|Comedy|Fantasy|Musical,"['Adventure', 'Children', 'Comedy', 'Fantasy', 'Musical']",5,1978.0,1,2.0,0.0,2.0,2.0,1978
6319,"My Father the Hero (Mon père, ce héros.) (1991)",Comedy|Drama,"['Comedy', 'Drama']",2,1991.0,3,2.1666666666666665,1.0408329997330663,1.0,3.0,1991
6320,Scenes from a Mall (1991),Comedy,['Comedy'],1,1991.0,2,1.5,0.7071067811865476,1.0,2.0,1991
6345,"Chorus Line, A (1985)",Comedy|Drama|Musical,"['Comedy', 'Drama', 'Musical']",3,1985.0,3,4.666666666666667,0.5773502691896258,4.0,5.0,1985
6347,Beat Street (1984),Drama|Musical,"['Drama', 'Musical']",2,1984.0,1,1.0,0.0,1.0,1.0,1984
6348,Breakin' 2: Electric Boogaloo (1984),Musical,['Musical'],1,1984.0,3,1.6666666666666667,1.0408329997330663,0.5,2.5,1984
6349,Breakin' (1984),Drama|Musical,"['Drama', 'Musical']",2,1984.0,3,2.0,1.0,1.0,3.0,1984
6350,Laputa: Castle in the Sky (Tenkû no shiro Rapyuta) (1986),Action|Adventure|Animation|Children|Fantasy|Sci-Fi,"['Action', 'Adventure', 'Animation', 'Children', 'Fantasy', 'Sci-Fi']",6,1986.0,24,4.0625,0.7270024819047401,2.0,5.0,1986
6357,High Society (1956),Comedy|Musical|Romance,"['Comedy', 'Musical', 'Romance']",3,1956.0,2,3.0,0.0,3.0,3.0,1956
6358,Kiss Me Kate (1953),Comedy|Musical|Romance,"['Comedy', 'Musical', 'Romance']",3,1953.0,1,3.5,0.0,3.5,3.5,1953
6386,Nevada Smith (1966),Western,['Western'],1,1966.0,1,4.0,0.0,4.0,4.0,1966
6387,Once a Thief (Zong heng si hai) (1991),Action|Comedy|Crime|Thriller,"['Action', 'Comedy', 'Crime', 'Thriller']",4,1991.0,3,3.6666666666666665,0.7637626158259734,3.0,4.5,1991
6390,Silk Stockings (1957),Musical,['Musical'],1,1957.0,1,3.5,0.0,3.5,3.5,1957
6395,"Crazies, The (a.k.a. Code Name: Trixie) (1973)",Action|Drama|Horror|Sci-Fi|Thriller,"['Action', 'Drama', 'Horror', 'Sci-Fi', 'Thriller']",5,1973.0,1,3.5,0.0,3.5,3.5,1973
6402,Siam Sunset (1999),Comedy,['Comedy'],1,1999.0,1,5.0,0.0,5.0,5.0,1999
6405,Treasure Island (1950),Adventure|Children,"['Adventure', 'Children']",2,1950.0,2,3.25,0.3535533905932738,3.0,3.5,1950
6407,"Walk, Don't Run (1966)",Comedy|Romance,"['Comedy', 'Romance']",2,1966.0,1,2.0,0.0,2.0,2.0,1966
6408,Animals are Beautiful People (1974),Comedy|Documentary,"['Comedy', 'Documentary']",2,1974.0,1,5.0,0.0,5.0,5.0,1974
6410,Car Wash (1976),Comedy,['Comedy'],1,1976.0,2,3.75,1.0606601717798212,3.0,4.5,1976
6412,Destry Rides Again (1939),Comedy|Western,"['Comedy', 'Western']",2,1939.0,2,3.75,0.3535533905932738,3.5,4.0,1939
6415,Intervista (1987),Comedy|Drama,"['Comedy', 'Drama']",2,1987.0,1,4.0,0.0,4.0,4.0,1987
6417,Live Wire (1992),Action,['Action'],1,1992.0,1,4.0,0.0,4.0,4.0,1992
6422,Shenandoah (1965),Drama|War|Western,"['Drama', 'War', 'Western']",3,1965.0,1,4.0,0.0,4.0,4.0,1965
6424,Oscar (1991),Comedy|Crime|Mystery|Romance,"['Comedy', 'Crime', 'Mystery', 'Romance']",4,1991.0,1,1.0,0.0,1.0,1.0,1991
6425,"6th Man, The (Sixth Man, The) (1997)",Comedy,['Comedy'],1,1997.0,2,1.5,0.7071067811865476,1.0,2.0,1997
6427,"Railway Children, The (1970)",Children|Drama,"['Children', 'Drama']",2,1970.0,1,4.0,0.0,4.0,4.0,1970
6428,Two Mules for Sister Sara (1970),Comedy|War|Western,"['Comedy', 'War', 'Western']",3,1970.0,2,3.0,0.0,3.0,3.0,1970
6429,Winchester '73 (1950),Western,['Western'],1,1950.0,1,4.0,0.0,4.0,4.0,1950
6433,"Man with the Movie Camera, The (Chelovek s kino-apparatom) (1929)",Documentary,['Documentary'],1,1929.0,3,3.333333333333333,1.5275252316519468,2.0,5.0,1929
6434,"Objective, Burma! (1945)",War,['War'],1,1945.0,1,3.0,0.0,3.0,3.0,1945
6436,This Boy's Life (1993),Drama,['Drama'],1,1993.0,3,3.333333333333333,1.0408329997330663,2.5,4.5,1993
6440,Barton Fink (1991),Drama|Thriller,"['Drama', 'Thriller']",2,1991.0,14,4.035714285714286,0.570569409055069,3.0,5.0,1991
6442,Belle époque (1992),Comedy|Romance,"['Comedy', 'Romance']",2,1992.0,2,5.0,0.0,5.0,5.0,1992
6448,"Flight of the Phoenix, The (1965)",Action|Adventure|Drama,"['Action', 'Adventure', 'Drama']",3,1965.0,2,4.0,0.0,4.0,4.0,1965
6449,From the Terrace (1960),Drama,['Drama'],1,1960.0,1,3.0,0.0,3.0,3.0,1960
6452,"Long, Hot Summer, The (1958)",Drama,['Drama'],1,1958.0,1,4.0,0.0,4.0,4.0,1958
6453,Man of Aran (1934),Documentary,['Documentary'],1,1934.0,1,3.5,0.0,3.5,3.5,1934
6454,Music Box (1989),Drama,['Drama'],1,1989.0,1,3.5,0.0,3.5,3.5,1989
6460,"Trial, The (Procès, Le) (1962)",Drama,['Drama'],1,1962.0,5,4.9,0.223606797749979,4.5,5.0,1962
6461,"Unforgiven, The (1960)",Drama|Western,"['Drama', 'Western']",2,1960.0,6,3.8333333333333335,0.816496580927726,3.0,5.0,1960
6464,Good Burger (1997),Children|Comedy,"['Children', 'Comedy']",2,1997.0,2,2.0,2.1213203435596424,0.5,3.5,1997
6465,Jubilee (1977),Drama,['Drama'],1,1977.0,1,3.0,0.0,3.0,3.0,1977
6466,Mississippi Masala (1991),Drama|Romance,"['Drama', 'Romance']",2,1991.0,3,3.5,1.3228756555322954,2.0,4.5,1991
6476,Shattered (1991),Mystery|Thriller,"['Mystery', 'Thriller']",2,1991.0,1,3.0,0.0,3.0,3.0,1991
6477,"Song of Bernadette, The (1943)",Drama,['Drama'],1,1943.0,1,3.0,0.0,3.0,3.0,1943
6480,Thoroughly Modern Millie (1967),Comedy|Musical,"['Comedy', 'Musical']",2,1967.0,1,3.0,0.0,3.0,3.0,1967
6509,Ali: Fear Eats the Soul (Angst essen Seele auf) (1974),Drama|Romance,"['Drama', 'Romance']",2,1974.0,2,4.0,0.0,4.0,4.0,1974
6510,"Bodies, Rest & Motion (1993)",Drama|Romance,"['Drama', 'Romance']",2,1993.0,1,3.0,0.0,3.0,3.0,1993
6514,Ring of Terror (1962),Horror,['Horror'],1,1962.0,1,0.5,0.0,0.5,0.5,1962
6515,You Only Live Once (1937),Crime|Film-Noir,"['Crime', 'Film-Noir']",2,1937.0,1,4.5,0.0,4.5,4.5,1937
6516,Anastasia (1956),Drama,['Drama'],1,1956.0,1,3.5,0.0,3.5,3.5,1956
6517,"Babe, The (1992)",Drama,['Drama'],1,1992.0,2,2.25,1.0606601717798212,1.5,3.0,1992
6523,Mr. Baseball (1992),Comedy|Romance,"['Comedy', 'Romance']",2,1992.0,2,2.5,0.7071067811865476,2.0,3.0,1992
6527,Scaramouche (1952),Adventure|Romance,"['Adventure', 'Romance']",2,1952.0,1,3.0,0.0,3.0,3.0,1952
6528,Start the Revolution Without Me (1970),Comedy,['Comedy'],1,1970.0,1,2.0,0.0,2.0,2.0,1970
6530,"Tenant, The (Locataire, Le) (1976)",Drama|Horror|Mystery|Thriller,"['Drama', 'Horror', 'Mystery', 'Thriller']",4,1976.0,2,4.25,0.3535533905932738,4.0,4.5,1976
6533,"What's Up, Doc? (1972)",Comedy,['Comedy'],1,1972.0,1,4.5,0.0,4.5,4.5,1972
6557,Born to Be Wild (1995),Adventure|Children|Comedy|Drama,"['Adventure', 'Children', 'Comedy', 'Drama']",4,1995.0,1,0.5,0.0,0.5,0.5,1995
6558,Curly Sue (1991),Comedy|Drama,"['Comedy', 'Drama']",2,1991.0,3,2.333333333333333,1.0408329997330663,1.5,3.5,1991
6559,Little Giants (1994),Children|Comedy,"['Children', 'Comedy']",2,1994.0,4,2.5,0.9128709291752768,1.5,3.5,1994
6560,Loose Cannons (1990),Action|Comedy,"['Action', 'Comedy']",2,1990.0,1,2.0,0.0,2.0,2.0,1990
6561,"Mouse That Roared, The (1959)",Comedy|War,"['Comedy', 'War']",2,1959.0,1,3.0,0.0,3.0,3.0,1959
6573,Avanti! (1972),Comedy|Drama,"['Comedy', 'Drama']",2,1972.0,1,4.0,0.0,4.0,4.0,1972
6574,Eve of Destruction (1991),Action|Sci-Fi|Thriller,"['Action', 'Sci-Fi', 'Thriller']",3,1991.0,1,1.0,0.0,1.0,1.0,1991
6577,Kickboxer 2: The Road Back (1991),Action|Drama,"['Action', 'Drama']",2,1991.0,2,3.5,0.7071067811865476,3.0,4.0,1991
6578,"Kiss Me, Stupid (1964)",Comedy,['Comedy'],1,1964.0,1,3.5,0.0,3.5,3.5,1964
6579,"One, Two, Three (1961)",Comedy,['Comedy'],1,1961.0,2,4.0,0.7071067811865476,3.5,4.5,1961
6581,"Private Life of Sherlock Holmes, The (1970)",Comedy|Drama|Mystery,"['Comedy', 'Drama', 'Mystery']",3,1970.0,2,2.5,0.7071067811865476,2.0,3.0,1970
6582,Remo Williams: The Adventure Begins (1985),Action|Comedy|Crime|Thriller,"['Action', 'Comedy', 'Crime', 'Thriller']",4,1985.0,3,2.333333333333333,1.0408329997330663,1.5,3.5,1985
6583,"Blood of Heroes, The (Salute of the Jugger, The) (1989)",Action|Sci-Fi,"['Action', 'Sci-Fi']",2,1989.0,1,4.0,0.0,4.0,4.0,1989
6584,"What's Up, Tiger Lily? (1966)",Adventure|Comedy|Crime|Thriller,"['Adventure', 'Comedy', 'Crime', 'Thriller']",4,1966.0,3,3.1666666666666665,0.7637626158259734,2.5,4.0,1966
6603,"Double Life, A (1947)",Crime|Drama|Film-Noir,"['Crime', 'Drama', 'Film-Noir']",3,1947.0,1,2.5,0.0,2.5,2.5,1947
6604,Hawks and Sparrows (Uccellacci e Uccellini) (1966),Comedy,['Comedy'],1,1966.0,1,4.0,0.0,4.0,4.0,1966
6609,"Gospel According to St. Matthew, The (Vangelo secondo Matteo, Il) (1964)",Drama,['Drama'],1,1964.0,1,3.5,0.0,3.5,3.5,1964
6611,Umberto D. (1952),Drama,['Drama'],1,1952.0,1,5.0,0.0,5.0,5.0,1952
6612,Brother's Keeper (1992),Documentary,['Documentary'],1,1992.0,2,4.25,0.3535533905932738,4.0,4.5,1992
6614,I Love You to Death (1990),Comedy|Crime,"['Comedy', 'Crime']",2,1990.0,3,2.6666666666666665,0.7637626158259734,2.0,3.5,1990
6625,Camp Nowhere (1994),Adventure|Children|Comedy,"['Adventure', 'Children', 'Comedy']",3,1994.0,4,2.5,1.224744871391589,1.0,4.0,1994
6628,Hot Dog... The Movie (1984),Comedy,['Comedy'],1,1984.0,1,2.0,0.0,2.0,2.0,1984
6629,House of Wax (1953),Crime|Horror|Mystery|Thriller,"['Crime', 'Horror', 'Mystery', 'Thriller']",4,1953.0,3,3.5,0.5,3.0,4.0,1953
6631,Man's Best Friend (1993),Horror|Sci-Fi|Thriller,"['Horror', 'Sci-Fi', 'Thriller']",3,1993.0,2,1.5,0.0,1.5,1.5,1993
6636,"Sure Thing, The (1985)",Comedy|Romance,"['Comedy', 'Romance']",2,1985.0,4,3.75,0.2886751345948129,3.5,4.0,1985
6638,Valley Girl (1983),Comedy|Romance,"['Comedy', 'Romance']",2,1983.0,3,2.1666666666666665,0.2886751345948129,2.0,2.5,1983
6639,Wait Until Dark (1967),Drama|Thriller,"['Drama', 'Thriller']",2,1967.0,7,3.4285714285714284,1.3047532151257388,0.5,4.0,1967
6643,Tokyo Story (Tôkyô monogatari) (1953),Drama,['Drama'],1,1953.0,4,2.625,1.547847968417226,0.5,4.0,1953
6644,"Green Ray, The (Rayon vert, Le) (1986)",Drama|Romance,"['Drama', 'Romance']",2,1986.0,1,4.0,0.0,4.0,4.0,1986
6645,THX 1138 (1971),Action|Adventure|Drama|Sci-Fi,"['Action', 'Adventure', 'Drama', 'Sci-Fi']",4,1971.0,7,3.7857142857142856,0.6986381310057718,2.5,4.5,1971
6650,Kind Hearts and Coronets (1949),Comedy|Drama,"['Comedy', 'Drama']",2,1949.0,3,3.333333333333333,2.0816659994661326,1.0,5.0,1949
6654,Atragon (Kaitei Gunkan) (1963),Adventure|Sci-Fi,"['Adventure', 'Sci-Fi']",2,1963.0,1,3.5,0.0,3.5,3.5,1963
6656,Attack of the Puppet People (1958),Horror|Sci-Fi,"['Horror', 'Sci-Fi']",2,1958.0,1,4.0,0.0,4.0,4.0,1958
6658,10 (1979),Comedy|Romance,"['Comedy', 'Romance']",2,1979.0,4,3.375,1.0307764064044151,2.0,4.5,1979
6659,Tremors (1990),Comedy|Horror|Sci-Fi,"['Comedy', 'Horror', 'Sci-Fi']",3,1990.0,16,3.4375,1.062622541953005,1.0,5.0,1990
6660,"Red Shoes, The (1948)",Drama|Fantasy|Musical|Romance,"['Drama', 'Fantasy', 'Musical', 'Romance']",4,1948.0,1,3.5,0.0,3.5,3.5,1948
6662,"Pink Panther, The (1963)",Comedy|Crime,"['Comedy', 'Crime']",2,1963.0,11,3.4545454545454546,0.5222329678670935,2.5,4.0,1963
6663,"Pink Panther Strikes Again, The (1976)",Comedy|Crime,"['Comedy', 'Crime']",2,1976.0,5,3.4,0.4183300132670378,3.0,4.0,1976
6664,Commando (1985),Action|Adventure,"['Action', 'Adventure']",2,1985.0,6,3.5,0.7745966692414834,3.0,5.0,1985
6665,Dracula (1979),Horror|Romance,"['Horror', 'Romance']",2,1979.0,1,4.5,0.0,4.5,4.5,1979
6666,"Discreet Charm of the Bourgeoisie, The (Charme discret de la bourgeoisie, Le) (1972)",Comedy|Drama|Fantasy,"['Comedy', 'Drama', 'Fantasy']",3,1972.0,5,4.3,0.758287544405155,3.5,5.0,1972
6667,Waco: The Rules of Engagement (1997),Documentary,['Documentary'],1,1997.0,1,3.5,0.0,3.5,3.5,1997
6668,"Road Home, The (Wo de fu qin mu qin) (1999)",Drama|Romance,"['Drama', 'Romance']",2,1999.0,0,0.0,0.0,0.0,0.0,1999
6669,Ikiru (1952),Drama,['Drama'],1,1952.0,6,3.4166666666666665,1.241638702145945,1.0,4.5,1952
6671,"Angel at My Table, An (1990)",Drama,['Drama'],1,1990.0,1,4.0,0.0,4.0,4.0,1990
6678,"Handmaid's Tale, The (1990)",Drama|Sci-Fi,"['Drama', 'Sci-Fi']",2,1990.0,1,3.5,0.0,3.5,3.5,1990
6684,Death in Venice (Morte a Venezia) (1971),Drama|Romance,"['Drama', 'Romance']",2,1971.0,2,4.0,0.0,4.0,4.0,1971
6715,Children of the Night (1991),Horror,['Horror'],1,1991.0,1,3.5,0.0,3.5,3.5,1991
6718,Gotcha! (1985),Comedy,['Comedy'],1,1985.0,1,2.5,0.0,2.5,2.5,1985
6720,Kuffs (1992),Action|Comedy|Crime,"['Action', 'Comedy', 'Crime']",3,1992.0,2,2.5,0.7071067811865476,2.0,3.0,1992
6721,Once Upon a Time in China (Wong Fei Hung) (1991),Action|Adventure|Drama,"['Action', 'Adventure', 'Drama']",3,1991.0,7,3.357142857142857,0.8017837257372732,2.5,4.5,1991
6722,Once Upon a Time in China II (Wong Fei-hung Ji Yi: Naam yi dong ji keung) (1992),Action|Romance,"['Action', 'Romance']",2,1992.0,1,2.5,0.0,2.5,2.5,1992
6723,Once Upon a Time in China III (Wong Fei-hung tsi sam: Siwong tsangba) (1993),Action,['Action'],1,1993.0,2,3.0,1.4142135623730951,2.0,4.0,1993
6724,Paper Moon (1973),Comedy|Crime|Drama,"['Comedy', 'Crime', 'Drama']",3,1973.0,5,3.6,0.4183300132670378,3.0,4.0,1973
6731,Day of the Dead (1985),Horror|Sci-Fi|Thriller,"['Horror', 'Sci-Fi', 'Thriller']",3,1985.0,8,3.625,1.026436275942851,1.5,5.0,1985
6732,"Hello, Dolly! (1969)",Comedy|Musical|Romance,"['Comedy', 'Musical', 'Romance']",3,1969.0,2,3.75,1.7677669529663689,2.5,5.0,1969
6734,Memoirs of an Invisible Man (1992),Comedy|Romance|Sci-Fi|Thriller,"['Comedy', 'Romance', 'Sci-Fi', 'Thriller']",4,1992.0,2,2.0,0.0,2.0,2.0,1992
6744,Once Bitten (1985),Comedy|Horror,"['Comedy', 'Horror']",2,1985.0,4,2.25,0.9574271077563382,1.5,3.5,1985
6746,Squirm (1976),Horror|Romance,"['Horror', 'Romance']",2,1976.0,1,2.0,0.0,2.0,2.0,1976
6748,"Brood, The (1979)",Horror,['Horror'],1,1979.0,1,3.0,0.0,3.0,3.0,1979
6774,Videodrome (1983),Fantasy|Horror|Sci-Fi|Thriller,"['Fantasy', 'Horror', 'Sci-Fi', 'Thriller']",4,1983.0,8,3.6875,0.6512350903146595,2.5,4.5,1983
6777,Judgment at Nuremberg (1961),Drama,['Drama'],1,1961.0,5,3.6,0.6519202405202649,3.0,4.5,1961
6780,"Brief History of Time, A (1991)",Documentary,['Documentary'],1,1991.0,2,3.25,0.3535533905932738,3.0,3.5,1991
6782,Leningrad Cowboys Go America (1989),Comedy|Musical,"['Comedy', 'Musical']",2,1989.0,1,4.0,0.0,4.0,4.0,1989
6783,"Rules of the Game, The (La règle du jeu) (1939)",Comedy|Drama,"['Comedy', 'Drama']",2,1939.0,3,3.5,0.5,3.0,4.0,1939
6785,Seven Brides for Seven Brothers (1954),Comedy|Musical|Romance|Western,"['Comedy', 'Musical', 'Romance', 'Western']",4,1954.0,4,3.75,0.8660254037844386,3.0,4.5,1954
6786,Kiss of the Spider Woman (1985),Drama,['Drama'],1,1985.0,4,3.875,0.6291528696058958,3.0,4.5,1985
6787,All the President's Men (1976),Drama|Thriller,"['Drama', 'Thriller']",2,1976.0,27,4.018518518518518,0.4489620825492411,3.0,5.0,1976
6788,Angie (1994),Comedy|Drama|Romance,"['Comedy', 'Drama', 'Romance']",3,1994.0,1,2.0,0.0,2.0,2.0,1994
6789,"Apartment, The (Appartement, L') (1996)",Drama|Mystery|Romance,"['Drama', 'Mystery', 'Romance']",3,1996.0,1,4.0,0.0,4.0,4.0,1996
6791,Babette's Feast (Babettes gæstebud) (1987),Drama,['Drama'],1,1987.0,5,4.4,0.651920240520265,3.5,5.0,1987
6793,Beethoven (1992),Children|Comedy|Drama,"['Children', 'Comedy', 'Drama']",3,1992.0,11,1.7727272727272727,1.1481209945740989,0.5,4.0,1992
6794,Beethoven's 2nd (1993),Children|Comedy,"['Children', 'Comedy']",2,1993.0,5,1.5,1.0606601717798212,0.5,3.0,1993
6796,Boyz N the Hood (1991),Crime|Drama,"['Crime', 'Drama']",2,1991.0,18,3.7222222222222223,0.7900525340355208,2.0,5.0,1991
6797,Bugsy (1991),Crime|Drama,"['Crime', 'Drama']",2,1991.0,1,3.0,0.0,3.0,3.0,1991
6798,Bugsy Malone (1976),Children|Comedy|Crime|Musical,"['Children', 'Comedy', 'Crime', 'Musical']",4,1976.0,2,2.75,0.3535533905932738,2.5,3.0,1976
6800,Cobra (1986),Action|Crime,"['Action', 'Crime']",2,1986.0,3,2.333333333333333,1.0408329997330663,1.5,3.5,1986
6803,Phenomena (a.k.a. Creepers) (1985),Horror|Mystery|Thriller,"['Horror', 'Mystery', 'Thriller']",3,1985.0,1,3.5,0.0,3.5,3.5,1985
6804,Crimewave (1985),Comedy|Crime,"['Comedy', 'Crime']",2,1985.0,1,2.0,0.0,2.0,2.0,1985
6807,Monty Python's The Meaning of Life (1983),Comedy,['Comedy'],1,1983.0,40,3.95,0.7662763778033923,2.0,5.0,1983
6808,Where Eagles Dare (1968),Action|Adventure|War,"['Action', 'Adventure', 'War']",3,1968.0,4,4.0,0.7071067811865476,3.0,4.5,1968
6809,Tightrope (1984),Thriller,['Thriller'],1,1984.0,1,3.0,0.0,3.0,3.0,1984
6810,Sleeping with the Enemy (1991),Drama|Thriller,"['Drama', 'Thriller']",2,1991.0,5,2.5,1.0606601717798212,1.0,3.5,1991
6811,PCU (1994),Comedy,['Comedy'],1,1994.0,5,2.5,0.9354143466934854,1.5,3.5,1994
6812,"Rookie, The (1990)",Action|Comedy|Thriller,"['Action', 'Comedy', 'Thriller']",3,1990.0,2,2.25,0.3535533905932738,2.0,2.5,1990
6814,City Heat (1984),Action|Comedy,"['Action', 'Comedy']",2,1984.0,1,3.0,0.0,3.0,3.0,1984
6816,Three O'Clock High (1987),Comedy,['Comedy'],1,1987.0,1,4.0,0.0,4.0,4.0,1987
6817,"White Hunter, Black Heart (1990)",Adventure|Drama,"['Adventure', 'Drama']",2,1990.0,1,3.0,0.0,3.0,3.0,1990
6818,Come and See (Idi i smotri) (1985),Drama|War,"['Drama', 'War']",2,1985.0,2,5.0,0.0,5.0,5.0,1985
6821,More American Graffiti (1979),Comedy,['Comedy'],1,1979.0,1,3.0,0.0,3.0,3.0,1979
6827,It's Pat (1994),Comedy,['Comedy'],1,1994.0,3,0.8333333333333334,0.5773502691896258,0.5,1.5,1994
6832,Regarding Henry (1991),Drama,['Drama'],1,1991.0,5,3.6,0.4183300132670378,3.0,4.0,1991
6835,Alien Contamination (1980),Action|Horror|Sci-Fi,"['Action', 'Horror', 'Sci-Fi']",3,1980.0,1,5.0,0.0,5.0,5.0,1980
6836,"Amazing Transparent Man, The (1960)",Sci-Fi,['Sci-Fi'],1,1960.0,1,3.5,0.0,3.5,3.5,1960
6837,Love Affair (1939),Comedy|Drama|Romance,"['Comedy', 'Drama', 'Romance']",3,1939.0,1,3.0,0.0,3.0,3.0,1939
6849,Scrooge (1970),Drama|Fantasy|Musical,"['Drama', 'Fantasy', 'Musical']",3,1970.0,0,0.0,0.0,0.0,0.0,1970
6850,Leap of Faith (1992),Comedy|Drama,"['Comedy', 'Drama']",2,1992.0,3,2.333333333333333,0.5773502691896258,2.0,3.0,1992
6851,"Gas, Food, Lodging (1992)",Drama|Romance,"['Drama', 'Romance']",2,1992.0,2,2.75,1.0606601717798212,2.0,3.5,1992
6852,In Cold Blood (1967),Crime|Drama,"['Crime', 'Drama']",2,1967.0,4,3.625,0.478713553878169,3.0,4.0,1967
6853,Campus Man (1987),Comedy,['Comedy'],1,1987.0,1,1.0,0.0,1.0,1.0,1987
6856,Yankee Doodle Dandy (1942),Drama|Musical,"['Drama', 'Musical']",2,1942.0,2,4.0,0.0,4.0,4.0,1942
6857,Ninja Scroll (Jûbei ninpûchô) (1995),Action|Adventure|Animation|Fantasy,"['Action', 'Adventure', 'Animation', 'Fantasy']",4,1995.0,13,3.769230769230769,0.9919548170024476,1.5,5.0,1995
6858,Knife in the Water (Nóz w wodzie) (1962),Drama,['Drama'],1,1962.0,2,3.75,0.3535533905932738,3.5,4.0,1962
6860,Mobsters (1991),Crime|Drama,"['Crime', 'Drama']",2,1991.0,1,2.0,0.0,2.0,2.0,1991
6893,"Italian Job, The (1969)",Action|Comedy|Crime,"['Action', 'Comedy', 'Crime']",3,1969.0,10,3.85,0.7472170590486632,2.5,5.0,1969
6899,Alien from L.A. (1988),Sci-Fi,['Sci-Fi'],1,1988.0,1,3.5,0.0,3.5,3.5,1988
6911,"Jolson Story, The (1946)",Musical,['Musical'],1,1946.0,1,3.5,0.0,3.5,3.5,1946
6912,You'll Never Get Rich (1941),Comedy|Musical|Romance,"['Comedy', 'Musical', 'Romance']",3,1941.0,1,3.5,0.0,3.5,3.5,1941
6918,"Unvanquished, The (Aparajito) (1957)",Drama,['Drama'],1,1957.0,2,3.75,0.3535533905932738,3.5,4.0,1957
6920,"Cercle Rouge, Le (Red Circle, The) (1970)",Crime|Thriller,"['Crime', 'Thriller']",2,1970.0,3,3.5,0.8660254037844386,3.0,4.5,1970
6939,Gloomy Sunday (Ein Lied von Liebe und Tod) (1999),Drama|Romance,"['Drama', 'Romance']",2,1999.0,1,4.0,0.0,4.0,4.0,1999
6944,Father of the Bride (1991),Comedy,['Comedy'],1,1991.0,13,3.5,1.0606601717798214,1.0,5.0,1991
6961,Damage (Fatale) (1992),Drama,['Drama'],1,1992.0,1,4.0,0.0,4.0,4.0,1992
6966,Darkman (1990),Action|Crime|Fantasy|Sci-Fi|Thriller,"['Action', 'Crime', 'Fantasy', 'Sci-Fi', 'Thriller']",5,1990.0,3,3.8333333333333335,0.2886751345948129,3.5,4.0,1990
6967,Dead of Night (1945),Horror|Mystery,"['Horror', 'Mystery']",2,1945.0,1,0.5,0.0,0.5,0.5,1945
6969,"Dernier Combat, Le (Last Battle, The) (1983)",Drama|Sci-Fi,"['Drama', 'Sci-Fi']",2,1983.0,1,4.5,0.0,4.5,4.5,1983
6970,Desk Set (1957),Comedy|Romance,"['Comedy', 'Romance']",2,1957.0,2,3.75,0.3535533905932738,3.5,4.0,1957
6971,Europa (Zentropa) (1991),Drama|Thriller,"['Drama', 'Thriller']",2,1991.0,1,4.0,0.0,4.0,4.0,1991
6973,Final Analysis (1992),Drama|Romance|Thriller,"['Drama', 'Romance', 'Thriller']",3,1992.0,1,2.5,0.0,2.5,2.5,1992
6974,"Freshman, The (1990)",Comedy|Crime,"['Comedy', 'Crime']",2,1990.0,6,3.0,0.5477225575051662,2.5,4.0,1990
6975,Funny Games (1997),Drama|Horror|Thriller,"['Drama', 'Horror', 'Thriller']",3,1997.0,5,3.2,1.5652475842498528,0.5,4.5,1997
6978,Slacker (1991),Comedy|Drama,"['Comedy', 'Drama']",2,1991.0,4,3.25,0.8660254037844386,2.0,4.0,1991
6979,WarGames (1983),Drama|Sci-Fi|Thriller,"['Drama', 'Sci-Fi', 'Thriller']",3,1983.0,21,3.3095238095238093,0.7660970969170696,2.0,5.0,1983
6981,"Ordet (Word, The) (1955)",Drama,['Drama'],1,1955.0,2,3.75,0.3535533905932738,3.5,4.0,1955
6982,Forbidden Games (Jeux interdits) (1952),Drama|War,"['Drama', 'War']",2,1952.0,1,3.5,0.0,3.5,3.5,1952
6983,Jane Eyre (1944),Drama|Romance,"['Drama', 'Romance']",2,1944.0,1,5.0,0.0,5.0,5.0,1944
6984,"Tale of Two Cities, A (1935)",Drama,['Drama'],1,1935.0,1,4.0,0.0,4.0,4.0,1935
6985,"Passion of Joan of Arc, The (Passion de Jeanne d'Arc, La) (1928)",Drama,['Drama'],1,1928.0,5,3.9,0.8215838362577491,2.5,4.5,1928
6986,Ben-Hur: A Tale of the Christ (1925),Adventure|Drama|Romance,"['Adventure', 'Drama', 'Romance']",3,1925.0,1,3.0,0.0,3.0,3.0,1925
6987,"Cabinet of Dr. Caligari, The (Cabinet des Dr. Caligari., Das) (1920)",Crime|Fantasy|Horror,"['Crime', 'Fantasy', 'Horror']",3,1920.0,7,3.857142857142857,0.8521681032463466,3.0,5.0,1920
6989,Gorky Park (1983),Crime|Drama|Thriller,"['Crime', 'Drama', 'Thriller']",3,1983.0,4,3.5,0.0,3.5,3.5,1983
6990,The Great Train Robbery (1978),Action|Adventure|Comedy|Crime|Drama,"['Action', 'Adventure', 'Comedy', 'Crime', 'Drama']",5,1978.0,1,3.5,0.0,3.5,3.5,1978
6992,Guarding Tess (1994),Comedy|Drama,"['Comedy', 'Drama']",2,1994.0,2,2.75,1.0606601717798212,2.0,3.5,1994
6993,Hannah and Her Sisters (1986),Comedy|Drama|Romance,"['Comedy', 'Drama', 'Romance']",3,1986.0,13,3.769230769230769,1.1294427943198475,1.5,5.0,1986
6994,"Hard Way, The (1991)",Action|Comedy,"['Action', 'Comedy']",2,1991.0,2,3.25,2.4748737341529163,1.5,5.0,1991
6996,Highlander II: The Quickening (1991),Action|Sci-Fi,"['Action', 'Sci-Fi']",2,1991.0,7,1.8571428571428568,1.0690449676496976,0.5,4.0,1991
6997,Hoffa (1992),Crime|Drama,"['Crime', 'Drama']",2,1992.0,2,3.0,0.0,3.0,3.0,1992
6998,House of Cards (1993),Drama,['Drama'],1,1993.0,1,2.0,0.0,2.0,2.0,1993
6999,Housesitter (1992),Comedy|Romance,"['Comedy', 'Romance']",2,1992.0,2,2.25,0.3535533905932738,2.0,2.5,1992
7000,Hudson Hawk (1991),Action|Adventure|Comedy,"['Action', 'Adventure', 'Comedy']",3,1991.0,4,3.0,1.4142135623730951,2.0,5.0,1991
7001,Invasion of the Body Snatchers (1978),Horror|Mystery|Sci-Fi|Thriller,"['Horror', 'Mystery', 'Sci-Fi', 'Thriller']",4,1978.0,6,3.75,0.758287544405155,2.5,4.5,1978
7004,Kindergarten Cop (1990),Action|Comedy|Crime|Thriller,"['Action', 'Comedy', 'Crime', 'Thriller']",4,1990.0,17,2.8823529411764706,0.8755250525525005,0.5,3.5,1990
7005,King Ralph (1991),Comedy,['Comedy'],1,1991.0,1,1.5,0.0,1.5,1.5,1991
7007,"Last Boy Scout, The (1991)",Action|Comedy|Crime|Drama|Thriller,"['Action', 'Comedy', 'Crime', 'Drama', 'Thriller']",5,1991.0,8,3.5,0.9258200997725512,1.5,4.5,1991
7008,Last Tango in Paris (Ultimo tango a Parigi) (1972),Drama|Romance,"['Drama', 'Romance']",2,1972.0,5,4.5,0.7071067811865476,3.5,5.0,1972
7009,Lorenzo's Oil (1992),Drama,['Drama'],1,1992.0,3,3.333333333333333,0.2886751345948129,3.0,3.5,1992
7010,"Lover, The (Amant, L') (1992)",Drama|Romance,"['Drama', 'Romance']",2,1992.0,3,3.5,0.5,3.0,4.0,1992
7012,Mr. Destiny (1990),Comedy|Fantasy,"['Comedy', 'Fantasy']",2,1990.0,1,3.0,0.0,3.0,3.0,1990
7013,"Night of the Hunter, The (1955)",Drama|Film-Noir|Thriller,"['Drama', 'Film-Noir', 'Thriller']",3,1955.0,7,4.0,0.5,3.0,4.5,1955
7015,Only the Lonely (1991),Comedy|Romance,"['Comedy', 'Romance']",2,1991.0,3,3.1666666666666665,0.7637626158259734,2.5,4.0,1991
7016,Over the Top (1987),Action|Drama,"['Action', 'Drama']",2,1987.0,3,1.5,1.3228756555322954,0.5,3.0,1987
7017,Passenger 57 (1992),Action|Thriller,"['Action', 'Thriller']",2,1992.0,3,3.5,1.5,2.0,5.0,1992
7018,Presumed Innocent (1990),Crime|Drama|Thriller,"['Crime', 'Drama', 'Thriller']",3,1990.0,5,3.9,1.08397416943394,2.5,5.0,1990
7019,Project X (1987),Comedy|Drama,"['Comedy', 'Drama']",2,1987.0,2,2.75,1.0606601717798212,2.0,3.5,1987
7020,Proof (1991),Comedy|Drama|Romance,"['Comedy', 'Drama', 'Romance']",3,1991.0,0,0.0,0.0,0.0,0.0,1991
7023,"Wedding Banquet, The (Xi yan) (1993)",Comedy|Drama|Romance,"['Comedy', 'Drama', 'Romance']",3,1993.0,1,4.5,0.0,4.5,4.5,1993
7024,"Salo, or The 120 Days of Sodom (Salò o le 120 giornate di Sodoma) (1976)",Drama,['Drama'],1,1976.0,3,3.6666666666666665,0.5773502691896258,3.0,4.0,1976
7025,"Midnight Clear, A (1992)",Drama|War,"['Drama', 'War']",2,1992.0,2,3.75,1.7677669529663689,2.5,5.0,1992
7026,Summer School (1987),Comedy,['Comedy'],1,1987.0,4,2.375,0.7500000000000001,1.5,3.0,1987
7027,Silverado (1985),Action|Western,"['Action', 'Western']",2,1985.0,5,3.2,0.9082951062292476,2.0,4.0,1985
7028,Quick Change (1990),Comedy|Crime,"['Comedy', 'Crime']",2,1990.0,7,3.571428571428572,0.7319250547113999,2.5,4.0,1990
7030,Radio Flyer (1992),Drama,['Drama'],1,1992.0,2,2.75,0.3535533905932738,2.5,3.0,1992
7031,"Real McCoy, The (1993)",Action|Crime|Drama|Thriller,"['Action', 'Crime', 'Drama', 'Thriller']",4,1993.0,1,4.0,0.0,4.0,4.0,1993
7032,Revenge (1990),Drama|Romance|Thriller,"['Drama', 'Romance', 'Thriller']",3,1990.0,1,4.0,0.0,4.0,4.0,1990
7033,"Secret of My Succe$s, The (a.k.a. The Secret of My Success) (1987)",Comedy|Romance,"['Comedy', 'Romance']",2,1987.0,4,3.125,0.478713553878169,2.5,3.5,1987
7034,Show Me Love (Fucking Åmål) (1998),Drama|Romance,"['Drama', 'Romance']",2,1998.0,8,3.8125,0.8425090080061035,3.0,5.0,1998
7036,Teen Wolf (1985),Comedy|Fantasy,"['Comedy', 'Fantasy']",2,1985.0,7,3.142857142857143,0.8997354108424375,2.5,5.0,1985
7037,High Heels (Tacones lejanos) (1991),Comedy|Drama,"['Comedy', 'Drama']",2,1991.0,1,4.5,0.0,4.5,4.5,1991
7040,To Live and Die in L.A. (1985),Action|Crime|Drama|Thriller,"['Action', 'Crime', 'Drama', 'Thriller']",4,1985.0,1,2.5,0.0,2.5,2.5,1985
7041,Trapped in Paradise (1994),Comedy|Crime,"['Comedy', 'Crime']",2,1994.0,1,2.5,0.0,2.5,2.5,1994
7044,Wild at Heart (1990),Crime|Drama|Mystery|Romance|Thriller,"['Crime', 'Drama', 'Mystery', 'Romance', 'Thriller']",5,1990.0,5,3.8,0.8366600265340756,3.0,5.0,1990
7045,"Witches, The (1990)",Children|Fantasy,"['Children', 'Fantasy']",2,1990.0,3,3.1666666666666665,0.2886751345948129,3.0,3.5,1990
7046,"Witches of Eastwick, The (1987)",Comedy|Fantasy|Horror|Thriller,"['Comedy', 'Fantasy', 'Horror', 'Thriller']",4,1987.0,11,2.5,1.3416407864998738,0.5,4.5,1987
7047,Year of the Dragon (1985),Action|Crime|Drama,"['Action', 'Crime', 'Drama']",3,1985.0,1,2.5,0.0,2.5,2.5,1985
7048,Nothing to Lose (1997),Action|Adventure|Comedy|Crime,"['Action', 'Adventure', 'Comedy', 'Crime']",4,1997.0,4,3.375,0.9464847243000456,2.0,4.0,1997
7049,Flying Down to Rio (1933),Comedy|Musical|Romance,"['Comedy', 'Musical', 'Romance']",3,1933.0,1,3.0,0.0,3.0,3.0,1933
7050,Follow the Fleet (1936),Comedy|Musical|Romance,"['Comedy', 'Musical', 'Romance']",3,1936.0,2,3.75,0.3535533905932738,3.5,4.0,1936
7051,"What's New, Pussycat (1965)",Comedy,['Comedy'],1,1965.0,2,3.5,0.7071067811865476,3.0,4.0,1965
7052,Mary of Scotland (1936),Drama,['Drama'],1,1936.0,1,3.0,0.0,3.0,3.0,1936
7053,Roberta (1935),Comedy|Musical|Romance,"['Comedy', 'Musical', 'Romance']",3,1935.0,1,4.0,0.0,4.0,4.0,1935
7054,Little Women (1949),Drama,['Drama'],1,1949.0,2,3.5,0.0,3.5,3.5,1949
7055,Swing Time (1936),Comedy|Musical|Romance,"['Comedy', 'Musical', 'Romance']",3,1936.0,1,4.0,0.0,4.0,4.0,1936
7056,"Public Enemy, The (1931)",Action|Crime|Drama,"['Action', 'Crime', 'Drama']",3,1931.0,2,4.25,0.3535533905932738,4.0,4.5,1931
7057,"Midsummer Night's Dream, A (1935)",Comedy|Fantasy|Romance,"['Comedy', 'Fantasy', 'Romance']",3,1935.0,1,3.5,0.0,3.5,3.5,1935
7058,Life with Father (1947),Comedy,['Comedy'],1,1947.0,1,3.5,0.0,3.5,3.5,1947
7059,National Velvet (1944),Children|Drama,"['Children', 'Drama']",2,1944.0,2,3.75,0.3535533905932738,3.5,4.0,1944
7060,Jesus Christ Superstar (1973),Drama|Musical,"['Drama', 'Musical']",2,1973.0,3,4.0,0.5,3.5,4.5,1973
7061,Dark Victory (1939),Drama|Romance,"['Drama', 'Romance']",2,1939.0,1,4.0,0.0,4.0,4.0,1939
7062,Birdman of Alcatraz (1962),Drama,['Drama'],1,1962.0,1,4.0,0.0,4.0,4.0,1962
7063,"Aguirre: The Wrath of God (Aguirre, der Zorn Gottes) (1972)",Adventure|Drama,"['Adventure', 'Drama']",2,1972.0,8,4.0,0.6546536707079771,3.0,5.0,1972
7064,Beauty and the Beast (La belle et la bête) (1946),Drama|Fantasy,"['Drama', 'Fantasy']",2,1946.0,6,3.25,0.689202437604511,2.0,4.0,1946
7065,"Birth of a Nation, The (1915)",Drama|War,"['Drama', 'War']",2,1915.0,1,2.0,0.0,2.0,2.0,1915
7067,Juliet of the Spirits (Giulietta degli spiriti) (1965),Comedy|Drama|Fantasy|Romance,"['Comedy', 'Drama', 'Fantasy', 'Romance']",4,1965.0,2,3.25,1.0606601717798212,2.5,4.0,1965
7069,"Macbeth (a.k.a. Tragedy of Macbeth, The) (1971)",Drama,['Drama'],1,1971.0,4,3.5,0.408248290463863,3.0,4.0,1971
7070,Red River (1948),Action|Adventure|Western,"['Action', 'Adventure', 'Western']",3,1948.0,1,4.0,0.0,4.0,4.0,1948
7071,"Woman Under the Influence, A (1974)",Drama,['Drama'],1,1974.0,1,5.0,0.0,5.0,5.0,1974
7072,Stagecoach (1939),Action|Drama|Romance|Western,"['Action', 'Drama', 'Romance', 'Western']",4,1939.0,3,3.5,0.5,3.0,4.0,1939
7073,"Shot in the Dark, A (1964)",Comedy|Crime|Mystery,"['Comedy', 'Crime', 'Mystery']",3,1964.0,1,2.5,0.0,2.5,2.5,1964
7074,"Navigator, The (1924)",Comedy,['Comedy'],1,1924.0,1,3.5,0.0,3.5,3.5,1924
7075,"Court Jester, The (1956)",Adventure|Comedy|Musical,"['Adventure', 'Comedy', 'Musical']",3,1956.0,1,3.5,0.0,3.5,3.5,1956
7076,Bullitt (1968),Action|Crime|Drama|Thriller,"['Action', 'Crime', 'Drama', 'Thriller']",4,1968.0,8,3.875,0.5824823725107174,3.0,5.0,1968
7078,Jezebel (1938),Drama,['Drama'],1,1938.0,3,3.8333333333333335,1.2583057392117918,2.5,5.0,1938
7079,"Hunchback of Notre Dame, The (1939)",Drama,['Drama'],1,1939.0,2,3.5,1.4142135623730951,2.5,4.5,1939
7080,42nd Street (1933),Drama|Musical|Romance,"['Drama', 'Musical', 'Romance']",3,1933.0,3,4.0,0.8660254037844386,3.5,5.0,1933
7082,That Touch of Mink (1962),Comedy|Romance,"['Comedy', 'Romance']",2,1962.0,2,3.75,0.3535533905932738,3.5,4.0,1962
7083,Sweet Dreams (1985),Drama,['Drama'],1,1985.0,1,3.0,0.0,3.0,3.0,1985
7084,"Play It Again, Sam (1972)",Comedy|Romance,"['Comedy', 'Romance']",2,1972.0,4,3.75,0.6454972243679028,3.0,4.5,1972
7085,Send Me No Flowers (1964),Comedy|Romance,"['Comedy', 'Romance']",2,1964.0,2,3.25,0.3535533905932738,3.0,3.5,1964
7086,Pygmalion (1938),Comedy|Drama,"['Comedy', 'Drama']",2,1938.0,1,3.5,0.0,3.5,3.5,1938
7087,"Passage to India, A (1984)",Adventure|Drama,"['Adventure', 'Drama']",2,1984.0,2,4.0,0.0,4.0,4.0,1984
7088,Black Orpheus (Orfeu Negro) (1959),Drama|Romance,"['Drama', 'Romance']",2,1959.0,1,4.0,0.0,4.0,4.0,1959
7089,Amarcord (1973),Comedy|Drama,"['Comedy', 'Drama']",2,1973.0,2,4.0,0.0,4.0,4.0,1973
7091,Horse Feathers (1932),Comedy,['Comedy'],1,1932.0,2,4.0,0.7071067811865476,3.5,4.5,1932
7092,Anna Karenina (1935),Drama|Romance,"['Drama', 'Romance']",2,1935.0,2,3.5,0.0,3.5,3.5,1935
7093,"Front Page, The (1974)",Comedy,['Comedy'],1,1974.0,2,3.75,0.3535533905932738,3.5,4.0,1974
7099,Nausicaä of the Valley of the Wind (Kaze no tani no Naushika) (1984),Adventure|Animation|Drama|Fantasy|Sci-Fi,"['Adventure', 'Animation', 'Drama', 'Fantasy', 'Sci-Fi']",5,1984.0,23,4.0,1.0444659357341868,0.5,5.0,1984
7101,Doc Hollywood (1991),Comedy|Romance,"['Comedy', 'Romance']",2,1991.0,6,3.0,0.6324555320336759,2.5,4.0,1991
7102,Dragnet (1987),Comedy|Crime|Drama,"['Comedy', 'Crime', 'Drama']",3,1987.0,4,2.5,0.7071067811865476,1.5,3.0,1987
7103,Madhouse (1990),Comedy,['Comedy'],1,1990.0,1,3.5,0.0,3.5,3.5,1990
7104,1941 (1979),Comedy|War,"['Comedy', 'War']",2,1979.0,3,2.6666666666666665,0.7637626158259734,2.0,3.5,1979
7107,Foul Play (1978),Comedy|Thriller,"['Comedy', 'Thriller']",2,1978.0,2,2.75,1.0606601717798212,2.0,3.5,1978
7108,Crime Story (Zhong an zu) (1993),Action|Crime|Drama,"['Action', 'Crime', 'Drama']",3,1993.0,2,3.25,0.3535533905932738,3.0,3.5,1993
7109,Beyond the Clouds (Al di là delle nuvole) (1996),Drama|Romance,"['Drama', 'Romance']",2,1996.0,1,3.0,0.0,3.0,3.0,1996
7114,"Collector, The (1965)",Drama|Horror|Thriller,"['Drama', 'Horror', 'Thriller']",3,1965.0,1,0.5,0.0,0.5,0.5,1965
7115,Deep Red (Profondo rosso) (1975),Horror|Mystery|Thriller,"['Horror', 'Mystery', 'Thriller']",3,1975.0,5,2.6,1.3416407864998738,0.5,4.0,1975
7116,Diabolique (Les diaboliques) (1955),Horror|Mystery|Thriller,"['Horror', 'Mystery', 'Thriller']",3,1955.0,4,3.125,1.8874586088176877,0.5,5.0,1955
7117,Leprechaun (1993),Comedy|Horror,"['Comedy', 'Horror']",2,1993.0,5,2.3,1.2549900398011131,0.5,3.5,1993
7118,Wings of Honneamise (Ôritsu uchûgun Oneamisu no tsubasa) (1987),Animation|Drama|Sci-Fi|War,"['Animation', 'Drama', 'Sci-Fi', 'War']",4,1987.0,2,3.75,0.3535533905932738,3.5,4.0,1987
7121,Adam's Rib (1949),Comedy|Romance,"['Comedy', 'Romance']",2,1949.0,4,4.75,0.5,4.0,5.0,1949
7122,King of Hearts (1966),Comedy|Drama|War,"['Comedy', 'Drama', 'War']",3,1966.0,1,5.0,0.0,5.0,5.0,1966
7123,Naked Lunch (1991),Drama|Fantasy|Mystery|Sci-Fi,"['Drama', 'Fantasy', 'Mystery', 'Sci-Fi']",4,1991.0,9,3.4444444444444446,0.8457409637576849,2.5,4.5,1991
7124,Grass (1999),Documentary,['Documentary'],1,1999.0,3,3.1666666666666665,0.5773502691896258,2.5,3.5,1999
7125,Spring Forward (1999),Drama,['Drama'],1,1999.0,1,2.0,0.0,2.0,2.0,1999
7127,Run (1991),Action|Drama|Thriller,"['Action', 'Drama', 'Thriller']",3,1991.0,1,3.5,0.0,3.5,3.5,1991
7131,"Summer Place, A (1959)",Drama,['Drama'],1,1959.0,1,3.0,0.0,3.0,3.0,1959
7132,"Night at the Opera, A (1935)",Comedy|Musical|Romance,"['Comedy', 'Musical', 'Romance']",3,1935.0,9,4.111111111111111,0.5464532103585,3.5,5.0,1935
7134,"Element of Crime, The (Forbrydelsens Element) (1984)",Drama|Thriller,"['Drama', 'Thriller']",2,1984.0,1,4.0,0.0,4.0,4.0,1984
7178,"Great Gatsby, The (1974)",Drama,['Drama'],1,1974.0,1,3.0,0.0,3.0,3.0,1974
7179,Wuthering Heights (1992),Drama|Romance,"['Drama', 'Romance']",2,1992.0,1,2.5,0.0,2.5,2.5,1992
7181,Ship of Fools (1965),Drama,['Drama'],1,1965.0,1,3.5,0.0,3.5,3.5,1965
7184,This Property is Condemned (1966),Drama|Romance,"['Drama', 'Romance']",2,1966.0,1,4.5,0.0,4.5,4.5,1966
7190,Jane Eyre (1970),Drama,['Drama'],1,1970.0,1,3.5,0.0,3.5,3.5,1970
7191,Blame It on the Bellboy (1992),Comedy,['Comedy'],1,1992.0,1,2.0,0.0,2.0,2.0,1992
7192,Only the Strong (1993),Action,['Action'],1,1993.0,2,3.0,0.0,3.0,3.0,1993
7193,"Adventures of Ford Fairlane, The (1990)",Action|Comedy,"['Action', 'Comedy']",2,1990.0,2,3.0,1.4142135623730951,2.0,4.0,1990
7205,"Wind and the Lion, The (1975)",Adventure,['Adventure'],1,1975.0,1,3.0,0.0,3.0,3.0,1975
7206,Mon Oncle (My Uncle) (1958),Comedy,['Comedy'],1,1958.0,3,3.8333333333333335,0.2886751345948129,3.5,4.0,1958
7208,Dr. Jekyll and Mr. Hyde (1941),Drama|Horror,"['Drama', 'Horror']",2,1941.0,2,3.75,0.3535533905932738,3.5,4.0,1941
7209,"M. Hulot’s Holiday (Mr. Hulot's Holiday) (Vacances de Monsieur Hulot, Les) (1953)",Comedy,['Comedy'],1,1953.0,3,3.5,0.8660254037844386,2.5,4.0,1953
7211,People Will Talk (1951),Comedy|Romance,"['Comedy', 'Romance']",2,1951.0,1,3.5,0.0,3.5,3.5,1951
7212,I Was a Male War Bride (1949),Comedy|Romance,"['Comedy', 'Romance']",2,1949.0,2,4.25,0.3535533905932738,4.0,4.5,1949
7215,To Have and Have Not (1944),Adventure|Drama|Romance|Thriller|War,"['Adventure', 'Drama', 'Romance', 'Thriller', 'War']",5,1944.0,4,3.5,0.816496580927726,2.5,4.5,1944
7216,High Sierra (1941),Crime|Drama|Film-Noir|Thriller,"['Crime', 'Drama', 'Film-Noir', 'Thriller']",4,1941.0,3,4.166666666666667,0.5773502691896258,3.5,4.5,1941
7217,Dark Passage (1947),Crime|Drama|Film-Noir|Romance|Thriller,"['Crime', 'Drama', 'Film-Noir', 'Romance', 'Thriller']",5,1947.0,1,4.0,0.0,4.0,4.0,1947
7218,"Ox-Bow Incident, The (1943)",Drama|Western,"['Drama', 'Western']",2,1943.0,1,4.5,0.0,4.5,4.5,1943
7219,They Drive by Night (1940),Drama,['Drama'],1,1940.0,1,4.0,0.0,4.0,4.0,1940
7222,Reefer Madness (a.k.a. Tell Your Children) (1938),Comedy|Drama,"['Comedy', 'Drama']",2,1938.0,2,3.25,1.0606601717798212,2.5,4.0,1938
7223,D.O.A. (1950),Drama|Film-Noir|Mystery,"['Drama', 'Film-Noir', 'Mystery']",3,1950.0,1,2.5,0.0,2.5,2.5,1950
7225,Pumping Iron (1977),Documentary,['Documentary'],1,1977.0,3,3.6666666666666665,0.5773502691896258,3.0,4.0,1977
7228,Cool World (1992),Animation|Comedy|Fantasy,"['Animation', 'Comedy', 'Fantasy']",3,1992.0,4,2.5,0.5773502691896257,2.0,3.0,1992
7234,"Strada, La (1954)",Drama,['Drama'],1,1954.0,6,4.25,0.6123724356957945,3.5,5.0,1954
7236,"Boy and His Dog, A (1975)",Sci-Fi,['Sci-Fi'],1,1975.0,3,4.0,0.5,3.5,4.5,1975
7238,Ashes and Diamonds (Popiól i diament) (1958),Drama|War,"['Drama', 'War']",2,1958.0,1,4.0,0.0,4.0,4.0,1958
7243,Intolerance: Love's Struggle Throughout the Ages (1916),Drama,['Drama'],1,1916.0,1,3.5,0.0,3.5,3.5,1916
7245,Tormented (1960),Horror|Thriller,"['Horror', 'Thriller']",2,1960.0,1,1.0,0.0,1.0,1.0,1960
7247,Chitty Chitty Bang Bang (1968),Adventure|Children|Comedy|Fantasy|Musical,"['Adventure', 'Children', 'Comedy', 'Fantasy', 'Musical']",5,1968.0,11,3.4545454545454546,0.9862693712811286,2.0,5.0,1968
7251,Where the Day Takes You (1992),Drama,['Drama'],1,1992.0,1,4.0,0.0,4.0,4.0,1992
7292,Best Defense (1984),Comedy|War,"['Comedy', 'War']",2,1984.0,1,2.5,0.0,2.5,2.5,1984
7301,Diary of a Country Priest (Journal d'un curé de campagne) (1951),Drama,['Drama'],1,1951.0,3,3.5,0.0,3.5,3.5,1951
7302,"Thief of Bagdad, The (1924)",Action|Adventure|Fantasy,"['Action', 'Adventure', 'Fantasy']",3,1924.0,1,3.5,0.0,3.5,3.5,1924
7303,The Diary of Anne Frank (1959),Drama|War,"['Drama', 'War']",2,1959.0,4,4.0,0.408248290463863,3.5,4.5,1959
7304,Allegro non troppo (1977),Animation|Comedy|Fantasy|Musical,"['Animation', 'Comedy', 'Fantasy', 'Musical']",4,1977.0,1,4.0,0.0,4.0,4.0,1977
7305,Black Widow (1987),Crime|Drama|Mystery|Thriller,"['Crime', 'Drama', 'Mystery', 'Thriller']",4,1987.0,2,2.5,0.0,2.5,2.5,1987
7307,Flesh & Blood (1985),Action|Adventure|Drama|War,"['Action', 'Adventure', 'Drama', 'War']",4,1985.0,2,3.0,0.7071067811865476,2.5,3.5,1985
7308,King Solomon's Mines (1985),Adventure|Comedy,"['Adventure', 'Comedy']",2,1985.0,1,2.5,0.0,2.5,2.5,1985
7310,Raw Deal (1986),Action,['Action'],1,1986.0,3,3.333333333333333,0.7637626158259734,2.5,4.0,1986
7311,"Goodbye, Mr. Chips (1939)",Drama|Romance,"['Drama', 'Romance']",2,1939.0,3,3.6666666666666665,0.2886751345948129,3.5,4.0,1939
7312,"Follow Me, Boys! (1966)",Comedy|Drama,"['Comedy', 'Drama']",2,1966.0,1,0.5,0.0,0.5,0.5,1966
7327,Persona (1966),Drama,['Drama'],1,1966.0,6,3.75,0.9354143466934852,2.0,4.5,1966
7328,"Passion of Anna, The (Passion, En) (1969)",Drama,['Drama'],1,1969.0,1,3.5,0.0,3.5,3.5,1969
7333,"Corbeau, Le (Raven, The) (1943)",Crime|Drama|Thriller,"['Crime', 'Drama', 'Thriller']",3,1943.0,2,4.25,0.3535533905932738,4.0,4.5,1943
7335,Pickup on South Street (1953),Film-Noir,['Film-Noir'],1,1953.0,1,4.0,0.0,4.0,4.0,1953
7336,"Damned, The (La Caduta degli dei) (1969)",Drama|War,"['Drama', 'War']",2,1969.0,1,3.5,0.0,3.5,3.5,1969
7340,Just One of the Guys (1985),Comedy,['Comedy'],1,1985.0,4,2.75,0.957427107756338,2.0,4.0,1985
7344,"Wrong Arm of the Law, The (1963)",Comedy|Crime,"['Comedy', 'Crime']",2,1963.0,1,3.5,0.0,3.5,3.5,1963
7354,Mad Dog and Glory (1993),Comedy|Drama|Romance,"['Comedy', 'Drama', 'Romance']",3,1993.0,3,3.333333333333333,0.2886751345948129,3.0,3.5,1993
7357,Peyton Place (1957),Drama|Romance,"['Drama', 'Romance']",2,1957.0,1,3.5,0.0,3.5,3.5,1957
7386,"Ten Commandments, The (1956)",Adventure|Drama,"['Adventure', 'Drama']",2,1956.0,4,3.75,0.6454972243679028,3.0,4.5,1956
7387,Dawn of the Dead (1978),Action|Drama|Horror,"['Action', 'Drama', 'Horror']",3,1978.0,20,3.975,1.006230589874905,2.0,5.0,1978
7394,Those Magnificent Men in Their Flying Machines (1965),Action|Adventure|Comedy,"['Action', 'Adventure', 'Comedy']",3,1965.0,1,2.5,0.0,2.5,2.5,1965
7395,Cheaper by the Dozen (1950),Comedy|Drama,"['Comedy', 'Drama']",2,1950.0,2,2.75,1.7677669529663689,1.5,4.0,1950
7396,Scenes From a Marriage (Scener ur ett äktenskap) (1973),Drama,['Drama'],1,1973.0,7,4.0,0.4082482904638631,3.5,4.5,1973
7411,Munchies (1987),Comedy|Horror,"['Comedy', 'Horror']",2,1987.0,1,1.5,0.0,1.5,1.5,1987
7414,Going in Style (1979),Comedy|Drama,"['Comedy', 'Drama']",2,1979.0,1,2.5,0.0,2.5,2.5,1979
7419,After Hours (1985),Comedy|Thriller,"['Comedy', 'Thriller']",2,1985.0,7,3.7857142857142856,0.2672612419124244,3.5,4.0,1985
7479,Watch on the Rhine (1943),Drama,['Drama'],1,1943.0,1,4.0,0.0,4.0,4.0,1943
7481,Enemy Mine (1985),Adventure|Drama|Sci-Fi,"['Adventure', 'Drama', 'Sci-Fi']",3,1985.0,4,4.0,0.5773502691896258,3.5,4.5,1985
7482,Enter the Dragon (1973),Action|Crime,"['Action', 'Crime']",2,1973.0,13,4.038461538461538,0.5188745216627708,3.0,5.0,1973
7486,Happy Together (a.k.a. Buenos Aires Affair) (Chun gwong cha sit) (1997),Drama|Romance,"['Drama', 'Romance']",2,1997.0,2,4.75,0.3535533905932738,4.5,5.0,1997
7487,Henry & June (1990),Drama,['Drama'],1,1990.0,1,4.0,0.0,4.0,4.0,1990
7492,Martin (1977),Drama|Horror,"['Drama', 'Horror']",2,1977.0,1,4.0,0.0,4.0,4.0,1977
7493,"Three Faces of Eve, The (1957)",Drama,['Drama'],1,1957.0,2,4.0,0.0,4.0,4.0,1957
7560,Fail-Safe (1964),Drama|Thriller|War,"['Drama', 'Thriller', 'War']",3,1964.0,1,4.0,0.0,4.0,4.0,1964
7561,Paperhouse (1988),Fantasy|Horror|Thriller,"['Fantasy', 'Horror', 'Thriller']",3,1988.0,1,3.5,0.0,3.5,3.5,1988
7562,Dobermann (1997),Action|Crime,"['Action', 'Crime']",2,1997.0,1,2.5,0.0,2.5,2.5,1997
7564,Kwaidan (Kaidan) (1964),Horror,['Horror'],1,1964.0,2,2.5,2.8284271247461903,0.5,4.5,1964
7566,28 Up (1985),Documentary,['Documentary'],1,1985.0,3,4.0,0.0,4.0,4.0,1985
7569,You Only Live Twice (1967),Action|Adventure|Sci-Fi|Thriller,"['Action', 'Adventure', 'Sci-Fi', 'Thriller']",4,1967.0,12,3.8333333333333335,0.5773502691896261,3.0,5.0,1967
7570,Octopussy (1983),Action|Adventure|Thriller,"['Action', 'Adventure', 'Thriller']",3,1983.0,8,3.3125,0.8838834764831843,2.0,4.5,1983
7573,Never Say Never Again (1983),Action|Adventure|Thriller,"['Action', 'Adventure', 'Thriller']",3,1983.0,8,3.125,0.9161253813129044,2.5,5.0,1983
7579,Pride and Prejudice (1940),Comedy|Drama|Romance,"['Comedy', 'Drama', 'Romance']",3,1940.0,3,3.6666666666666665,1.2583057392117918,2.5,5.0,1940
7581,"Fountainhead, The (1949)",Drama,['Drama'],1,1949.0,2,3.25,0.3535533905932738,3.0,3.5,1949
7584,Woman of the Year (1942),Comedy|Romance,"['Comedy', 'Romance']",2,1942.0,2,4.0,0.0,4.0,4.0,1942
7587,"Samouraï, Le (Godson, The) (1967)",Crime|Drama|Thriller,"['Crime', 'Drama', 'Thriller']",3,1967.0,4,4.0,0.8164965809277259,3.0,5.0,1967
7614,Oklahoma! (1955),Musical|Romance|Western,"['Musical', 'Romance', 'Western']",3,1955.0,2,4.5,0.7071067811865476,4.0,5.0,1955
7615,Desert Hearts (1985),Drama,['Drama'],1,1985.0,1,4.5,0.0,4.5,4.5,1985
7616,Body Double (1984),Mystery|Thriller,"['Mystery', 'Thriller']",2,1984.0,1,2.5,0.0,2.5,2.5,1984
7618,Chaplin (1992),Drama,['Drama'],1,1992.0,2,3.5,0.0,3.5,3.5,1992
7619,"Miracle Worker, The (1962)",Drama,['Drama'],1,1962.0,3,3.6666666666666665,0.2886751345948129,3.5,4.0,1962
7620,Monster in a Box (1992),Comedy|Drama,"['Comedy', 'Drama']",2,1992.0,1,4.0,0.0,4.0,4.0,1992
7624,School Ties (1992),Drama,['Drama'],1,1992.0,6,2.75,0.4183300132670378,2.5,3.5,1992
7636,Raising Cain (1992),Horror|Thriller,"['Horror', 'Thriller']",2,1992.0,1,0.5,0.0,0.5,0.5,1992
7647,Noises Off... (1992),Comedy,['Comedy'],1,1992.0,2,3.75,0.3535533905932738,3.5,4.0,1992
7649,Babylon 5: In the Beginning (1998),Adventure|Sci-Fi,"['Adventure', 'Sci-Fi']",2,1998.0,5,2.8,1.5247950681976907,0.5,4.0,1998
7650,"Witchfinder General (Conquerer Worm, The) (1968)",Horror,['Horror'],1,1968.0,3,2.0,1.5,0.5,3.5,1968
7669,Pride and Prejudice (1995),Drama|Romance,"['Drama', 'Romance']",2,1995.0,9,3.555555555555556,1.5898986690282426,0.5,5.0,1995
7698,"China Syndrome, The (1979)",Drama|Thriller,"['Drama', 'Thriller']",2,1979.0,5,3.7,0.2738612787525831,3.5,4.0,1979
7700,"Wages of Fear, The (Salaire de la peur, Le) (1953)",Action|Adventure|Drama|Thriller,"['Action', 'Adventure', 'Drama', 'Thriller']",4,1953.0,5,3.3,1.5652475842498528,0.5,4.0,1953
7701,Look Who's Talking Too (1990),Comedy|Romance,"['Comedy', 'Romance']",2,1990.0,7,1.7857142857142858,1.1126972805283737,0.5,3.0,1990
7702,"Bells of St. Mary's, The (1945)",Drama,['Drama'],1,1945.0,1,3.5,0.0,3.5,3.5,1945
7704,"Delta Force, The (1986)",Action,['Action'],1,1986.0,1,2.0,0.0,2.0,2.0,1986
7705,Pat and Mike (1952),Comedy|Romance,"['Comedy', 'Romance']",2,1952.0,2,4.0,0.0,4.0,4.0,1952
7706,Animal Crackers (1930),Comedy|Musical,"['Comedy', 'Musical']",2,1930.0,4,4.125,0.25,4.0,4.5,1930
7707,"He Said, She Said (1991)",Comedy|Drama|Romance,"['Comedy', 'Drama', 'Romance']",3,1991.0,1,2.0,0.0,2.0,2.0,1991
7708,Bedazzled (1967),Comedy|Fantasy,"['Comedy', 'Fantasy']",2,1967.0,1,2.0,0.0,2.0,2.0,1967
7713,Cat People (1942),Drama|Horror|Romance|Thriller,"['Drama', 'Horror', 'Romance', 'Thriller']",4,1942.0,1,4.0,0.0,4.0,4.0,1942
7714,Camelot (1967),Drama|Musical|Romance,"['Drama', 'Musical', 'Romance']",3,1967.0,1,4.0,0.0,4.0,4.0,1967
7716,"Lonely Guy, The (1984)",Comedy,['Comedy'],1,1984.0,1,3.5,0.0,3.5,3.5,1984
7720,"Four Musketeers, The (1974)",Action|Adventure|Comedy|Romance,"['Action', 'Adventure', 'Comedy', 'Romance']",4,1974.0,4,2.75,1.5545631755148024,0.5,4.0,1974
7727,Protocol (1984),Comedy,['Comedy'],1,1984.0,1,3.0,0.0,3.0,3.0,1984
7728,"Postman Always Rings Twice, The (1946)",Crime|Drama|Film-Noir|Thriller,"['Crime', 'Drama', 'Film-Noir', 'Thriller']",4,1946.0,3,3.6666666666666665,0.5773502691896258,3.0,4.0,1946
7730,Matinee (1993),Comedy|Drama,"['Comedy', 'Drama']",2,1993.0,1,3.0,0.0,3.0,3.0,1993
7742,Baxter (1989),Drama|Horror,"['Drama', 'Horror']",2,1989.0,1,0.5,0.0,0.5,0.5,1989
7743,Explorers (1985),Adventure|Children|Sci-Fi,"['Adventure', 'Children', 'Sci-Fi']",3,1985.0,2,3.5,1.4142135623730951,2.5,4.5,1985
7745,"Scent of Green Papaya, The (Mùi du du xhan - L'odeur de la papaye verte) (1993)",Drama,['Drama'],1,1993.0,1,4.0,0.0,4.0,4.0,1993
7748,Pierrot le fou (1965),Crime|Drama,"['Crime', 'Drama']",2,1965.0,4,3.875,0.6291528696058959,3.0,4.5,1965
7749,Weekend (a.k.a. Le Week-end) (Week End) (1967),Drama,['Drama'],1,1967.0,1,4.0,0.0,4.0,4.0,1967
7753,Tuesdays with Morrie (1999),Drama,['Drama'],1,1999.0,2,3.5,0.0,3.5,3.5,1999
7756,Alexander Nevsky (Aleksandr Nevskiy) (1938),Action|Drama|War,"['Action', 'Drama', 'War']",3,1938.0,2,4.0,1.4142135623730951,3.0,5.0,1938
7757,Jason and the Argonauts (1963),Action|Adventure|Fantasy,"['Action', 'Adventure', 'Fantasy']",3,1963.0,6,3.5,0.6324555320336759,2.5,4.0,1963
7762,"Tinker, Tailor, Soldier, Spy (1979)",Drama|Thriller,"['Drama', 'Thriller']",2,1979.0,4,3.625,0.478713553878169,3.0,4.0,1979
7766,Throne of Blood (Kumonosu jô) (1957),Action|Drama|Thriller|War,"['Action', 'Drama', 'Thriller', 'War']",4,1957.0,4,4.0,0.0,4.0,4.0,1957
7772,Undercurrent (1946),Film-Noir|Thriller,"['Film-Noir', 'Thriller']",2,1946.0,1,3.5,0.0,3.5,3.5,1946
7781,Twister (1990),Comedy,['Comedy'],1,1990.0,1,1.5,0.0,1.5,1.5,1990
7782,Sniper (1993),Action|Drama,"['Action', 'Drama']",2,1993.0,2,3.0,2.1213203435596424,1.5,4.5,1993
7786,Genghis Blues (1999),Documentary,['Documentary'],1,1999.0,1,3.5,0.0,3.5,3.5,1999
7792,"Parallax View, The (1974)",Thriller,['Thriller'],1,1974.0,0,0.0,0.0,0.0,0.0,1974
7802,"Warriors, The (1979)",Action|Adventure|Crime|Thriller,"['Action', 'Adventure', 'Crime', 'Thriller']",4,1979.0,8,3.9375,0.6781013409302686,3.0,5.0,1979
7810,Babylon 5: A Call to Arms (1999),Adventure|Sci-Fi,"['Adventure', 'Sci-Fi']",2,1999.0,3,3.333333333333333,0.5773502691896258,3.0,4.0,1999
7811,Babylon 5: The River of Souls (1998),Drama|Sci-Fi,"['Drama', 'Sci-Fi']",2,1998.0,1,4.0,0.0,4.0,4.0,1998
7812,Babylon 5: Thirdspace (1998),Drama|Sci-Fi,"['Drama', 'Sci-Fi']",2,1998.0,3,3.6666666666666665,0.2886751345948129,3.5,4.0,1998
7815,True Stories (1986),Comedy|Musical,"['Comedy', 'Musical']",2,1986.0,1,5.0,0.0,5.0,5.0,1986
7820,"Virgin Spring, The (Jungfrukällan) (1960)",Crime|Drama,"['Crime', 'Drama']",2,1960.0,2,3.75,0.3535533905932738,3.5,4.0,1960
7822,Mogambo (1953),Adventure|Drama|Romance,"['Adventure', 'Drama', 'Romance']",3,1953.0,1,3.0,0.0,3.0,3.0,1953
7826,"Secret Life of Walter Mitty, The (1947)",Comedy|Romance|Thriller,"['Comedy', 'Romance', 'Thriller']",3,1947.0,1,3.5,0.0,3.5,3.5,1947
7831,Another Thin Man (1939),Comedy|Crime|Drama|Mystery|Romance,"['Comedy', 'Crime', 'Drama', 'Mystery', 'Romance']",5,1939.0,1,3.5,0.0,3.5,3.5,1939
7832,"Thin Man Goes Home, The (1945)",Comedy|Crime|Mystery,"['Comedy', 'Crime', 'Mystery']",3,1945.0,1,3.5,0.0,3.5,3.5,1945
7833,Shadow of the Thin Man (1941),Comedy|Crime|Mystery,"['Comedy', 'Crime', 'Mystery']",3,1941.0,1,3.5,0.0,3.5,3.5,1941
7834,After the Thin Man (1936),Comedy|Crime|Mystery|Romance,"['Comedy', 'Crime', 'Mystery', 'Romance']",4,1936.0,3,2.833333333333333,2.0207259421636903,0.5,4.0,1936
7835,Song of the Thin Man (1947),Comedy|Crime|Drama|Musical|Mystery|Romance,"['Comedy', 'Crime', 'Drama', 'Musical', 'Mystery', 'Romance']",6,1947.0,1,3.5,0.0,3.5,3.5,1947
7839,Love Crazy (1941),Comedy,['Comedy'],1,1941.0,1,3.5,0.0,3.5,3.5,1941
7840,Gunga Din (1939),Adventure|Comedy|War,"['Adventure', 'Comedy', 'War']",3,1939.0,3,3.1666666666666665,0.7637626158259734,2.5,4.0,1939
7844,"Legend, The (Legend of Fong Sai-Yuk, The) (Fong Sai Yuk) (1993)",Action|Comedy,"['Action', 'Comedy']",2,1993.0,2,3.5,0.7071067811865476,3.0,4.0,1993
7845,Tremors II: Aftershocks (1996),Comedy|Horror|Sci-Fi,"['Comedy', 'Horror', 'Sci-Fi']",3,1996.0,5,2.7,1.2041594578792296,1.0,4.0,1996
7882,The Plague of the Zombies (1966),Horror,['Horror'],1,1966.0,1,3.0,0.0,3.0,3.0,1966
7883,I Walked with a Zombie (1943),Drama|Horror,"['Drama', 'Horror']",2,1943.0,2,2.0,2.1213203435596424,0.5,3.5,1943
7884,Highway 61 (1991),Comedy,['Comedy'],1,1991.0,2,3.25,1.0606601717798212,2.5,4.0,1991
7888,How to Succeed in Business Without Really Trying (1967),Comedy|Musical,"['Comedy', 'Musical']",2,1967.0,2,4.25,1.0606601717798212,3.5,5.0,1967
7889,Pat Garrett and Billy the Kid (1973),Western,['Western'],1,1973.0,2,3.75,0.3535533905932738,3.5,4.0,1973
7891,"Last Man on Earth, The (Ultimo uomo della Terra, L') (1964)",Drama|Horror|Sci-Fi,"['Drama', 'Horror', 'Sci-Fi']",3,1964.0,1,3.0,0.0,3.0,3.0,1964
7894,"Duck, You Sucker (1971)",Action|Western,"['Action', 'Western']",2,1971.0,4,3.5,0.816496580927726,2.5,4.5,1971
7895,Bring Me the Head of Alfredo Garcia (1974),Crime|Drama|Thriller,"['Crime', 'Drama', 'Thriller']",3,1974.0,2,3.5,0.0,3.5,3.5,1974
7896,Ride the High Country (1962),Adventure|Drama|Western,"['Adventure', 'Drama', 'Western']",3,1962.0,1,3.5,0.0,3.5,3.5,1962
7899,Master of the Flying Guillotine (Du bi quan wang da po xue di zi) (1975),Action,['Action'],1,1975.0,1,4.5,0.0,4.5,4.5,1975
7900,Frankenstein Must Be Destroyed (1969),Drama|Horror|Sci-Fi,"['Drama', 'Horror', 'Sci-Fi']",3,1969.0,1,3.0,0.0,3.0,3.0,1969
7916,Gidget (1959),Comedy,['Comedy'],1,1959.0,1,3.5,0.0,3.5,3.5,1959
7920,Desperate Living (1977),Comedy|Crime,"['Comedy', 'Crime']",2,1977.0,1,3.5,0.0,3.5,3.5,1977
7924,Stray Dog (Nora inu) (1949),Drama|Film-Noir|Thriller,"['Drama', 'Film-Noir', 'Thriller']",3,1949.0,1,3.5,0.0,3.5,3.5,1949
7925,"Hidden Fortress, The (Kakushi-toride no san-akunin) (1958)",Action|Adventure,"['Action', 'Adventure']",2,1958.0,2,4.25,0.3535533905932738,4.0,4.5,1958
7926,High and Low (Tengoku to jigoku) (1963),Crime|Drama|Film-Noir|Thriller,"['Crime', 'Drama', 'Film-Noir', 'Thriller']",4,1963.0,1,4.0,0.0,4.0,4.0,1963
7930,"People Under the Stairs, The (1991)",Horror|Mystery|Thriller,"['Horror', 'Mystery', 'Thriller']",3,1991.0,2,3.75,0.3535533905932738,3.5,4.0,1991
7934,Zelig (1983),Comedy,['Comedy'],1,1983.0,7,4.0,0.2886751345948128,3.5,4.5,1983
7936,Shame (Skammen) (1968),Drama|War,"['Drama', 'War']",2,1968.0,1,4.0,0.0,4.0,4.0,1968
7937,"Silence, The (Tystnaden) (1963)",Drama,['Drama'],1,1963.0,2,3.5,0.7071067811865476,3.0,4.0,1963
7938,Winter Light (Nattvardsgästerna) (1963),Drama,['Drama'],1,1963.0,1,3.5,0.0,3.5,3.5,1963
7939,Through a Glass Darkly (Såsom i en spegel) (1961),Drama,['Drama'],1,1961.0,1,4.5,0.0,4.5,4.5,1961
7940,The Magician (1958),Drama,['Drama'],1,1958.0,1,4.5,0.0,4.5,4.5,1958
7943,"Killers, The (1946)",Crime|Film-Noir,"['Crime', 'Film-Noir']",2,1946.0,1,4.0,0.0,4.0,4.0,1946
7944,"Night of the Iguana, The (1964)",Drama|Thriller,"['Drama', 'Thriller']",2,1964.0,1,3.0,0.0,3.0,3.0,1964
7951,Nightbreed (1990),Fantasy|Horror,"['Fantasy', 'Horror']",2,1990.0,1,2.0,0.0,2.0,2.0,1990
7979,Monterey Pop (1968),Documentary|Musical,"['Documentary', 'Musical']",2,1968.0,1,3.5,0.0,3.5,3.5,1968
7980,"Bridge Too Far, A (1977)",Action|Drama|War,"['Action', 'Drama', 'War']",3,1977.0,7,3.7857142857142856,0.3933978962347216,3.5,4.5,1977
7983,Broadway Danny Rose (1984),Comedy,['Comedy'],1,1984.0,5,4.2,0.4472135954999579,4.0,5.0,1984
7984,From Beyond (1986),Horror|Sci-Fi,"['Horror', 'Sci-Fi']",2,1986.0,1,4.0,0.0,4.0,4.0,1986
7986,Robot Jox (1990),Sci-Fi,['Sci-Fi'],1,1990.0,1,1.0,0.0,1.0,1.0,1990
7987,Dolls (1987),Horror,['Horror'],1,1987.0,1,2.5,0.0,2.5,2.5,1987
7988,Space Truckers (1996),Comedy|Sci-Fi,"['Comedy', 'Sci-Fi']",2,1996.0,1,2.0,0.0,2.0,2.0,1996
7991,Death Race 2000 (1975),Action|Sci-Fi,"['Action', 'Sci-Fi']",2,1975.0,3,3.6666666666666665,1.5275252316519468,2.0,5.0,1975
7993,"Bucket Of Blood, A (1959)",Comedy|Horror,"['Comedy', 'Horror']",2,1959.0,1,2.5,0.0,2.5,2.5,1959
8008,Brigadoon (1954),Fantasy|Musical|Romance,"['Fantasy', 'Musical', 'Romance']",3,1954.0,3,4.0,0.8660254037844386,3.5,5.0,1954
8010,"Power of One, The (1992)",Drama,['Drama'],1,1992.0,1,4.0,0.0,4.0,4.0,1992
8012,Kikujiro (Kikujirô no natsu) (1999),Comedy|Drama,"['Comedy', 'Drama']",2,1999.0,3,3.6666666666666665,0.5773502691896258,3.0,4.0,1999
8015,"Phantom Tollbooth, The (1970)",Adventure|Animation|Children|Fantasy,"['Adventure', 'Animation', 'Children', 'Fantasy']",4,1970.0,1,3.5,0.0,3.5,3.5,1970
8016,"Getaway, The (1972)",Action|Crime|Drama|Thriller,"['Action', 'Crime', 'Drama', 'Thriller']",4,1972.0,2,4.0,0.7071067811865476,3.5,4.5,1972
8024,"Thing Called Love, The (1993)",Comedy|Drama|Romance,"['Comedy', 'Drama', 'Romance']",3,1993.0,2,3.5,0.7071067811865476,3.0,4.0,1993
8025,The Thief (1997),Drama,['Drama'],1,1997.0,1,4.5,0.0,4.5,4.5,1997
8033,How to Steal a Million (1966),Comedy|Crime|Romance,"['Comedy', 'Crime', 'Romance']",3,1966.0,3,3.6666666666666665,0.5773502691896258,3.0,4.0,1966
8035,"Stendhal Syndrome, The (Sindrome di Stendhal, La) (1996)",Crime|Horror|Thriller,"['Crime', 'Horror', 'Thriller']",3,1996.0,2,2.0,2.1213203435596424,0.5,3.5,1996
8042,Mean Streets (1973),Crime|Drama,"['Crime', 'Drama']",2,1973.0,7,4.0,0.8660254037844386,2.5,5.0,1973
8043,Jack the Bear (1993),Comedy|Drama,"['Comedy', 'Drama']",2,1993.0,1,1.5,0.0,1.5,1.5,1993
8044,I Am a Fugitive from a Chain Gang (1932),Crime|Drama|Film-Noir,"['Crime', 'Drama', 'Film-Noir']",3,1932.0,3,3.6666666666666665,0.7637626158259734,3.0,4.5,1932
8045,Hamburger Hill (1987),Action|Drama|War,"['Action', 'Drama', 'War']",3,1987.0,1,2.0,0.0,2.0,2.0,1987
8057,Sweet Bird of Youth (1962),Drama,['Drama'],1,1962.0,1,3.0,0.0,3.0,3.0,1962
8092,Frankenstein Unbound (1990),Drama|Horror|Sci-Fi,"['Drama', 'Horror', 'Sci-Fi']",3,1990.0,1,3.0,0.0,3.0,3.0,1990
8093,Shiri (Swiri) (1999),Action|Drama|Romance|Thriller,"['Action', 'Drama', 'Romance', 'Thriller']",4,1999.0,1,3.5,0.0,3.5,3.5,1999
8094,Bad Day at Black Rock (1955),Drama|Thriller|Western,"['Drama', 'Thriller', 'Western']",3,1955.0,1,3.5,0.0,3.5,3.5,1955
8117,In China They Eat Dogs (I Kina spiser de hunde) (1999),Action|Comedy,"['Action', 'Comedy']",2,1999.0,1,4.0,0.0,4.0,4.0,1999
8118,Delta Force 2 (Delta Force 2: The Colombian Connection) (1990),Action|Adventure|Thriller|War,"['Action', 'Adventure', 'Thriller', 'War']",4,1990.0,1,4.0,0.0,4.0,4.0,1990
8119,Crossroads (1986),Drama,['Drama'],1,1986.0,3,3.0,1.5,1.5,4.5,1986
8125,Sunrise: A Song of Two Humans (1927),Drama|Romance,"['Drama', 'Romance']",2,1927.0,1,4.0,0.0,4.0,4.0,1927
8126,Shock Corridor (1963),Drama,['Drama'],1,1963.0,1,3.5,0.0,3.5,3.5,1963
8128,Au revoir les enfants (1987),Drama,['Drama'],1,1987.0,5,4.1,0.4183300132670376,3.5,4.5,1987
8132,Gladiator (1992),Action|Drama,"['Action', 'Drama']",2,1992.0,9,4.333333333333333,0.6123724356957947,3.0,5.0,1992
8136,Indestructible Man (1956),Crime|Horror|Sci-Fi,"['Crime', 'Horror', 'Sci-Fi']",3,1956.0,1,0.5,0.0,0.5,0.5,1956
8137,"Wasp Woman, The (1959)",Horror|Sci-Fi,"['Horror', 'Sci-Fi']",2,1959.0,1,0.5,0.0,0.5,0.5,1959
8138,Attack of the Giant Leeches (1959),Horror|Sci-Fi,"['Horror', 'Sci-Fi']",2,1959.0,2,2.25,2.4748737341529163,0.5,4.0,1959
8142,Dead or Alive: Hanzaisha (1999),Action|Crime,"['Action', 'Crime']",2,1999.0,2,4.25,1.0606601717798212,3.5,5.0,1999
8143,Lola Montès (1955),Drama,['Drama'],1,1955.0,1,3.5,0.0,3.5,3.5,1955
8147,Charly (1968),Drama|Sci-Fi,"['Drama', 'Sci-Fi']",2,1968.0,1,4.0,0.0,4.0,4.0,1968
8153,Lust for Life (1956),Drama,['Drama'],1,1956.0,1,2.5,0.0,2.5,2.5,1956
8154,"Dolce Vita, La (1960)",Drama,['Drama'],1,1960.0,6,3.75,0.8803408430829504,2.5,5.0,1960
8157,Jin Roh: The Wolf Brigade (Jin-Rô) (1998),Animation|Fantasy|Thriller,"['Animation', 'Fantasy', 'Thriller']",3,1998.0,5,3.5,0.7905694150420949,2.5,4.5,1998
8158,Rush (1991),Crime|Drama,"['Crime', 'Drama']",2,1991.0,1,4.0,0.0,4.0,4.0,1991
8167,Captain Blood (1935),Action|Adventure|Romance,"['Action', 'Adventure', 'Romance']",3,1935.0,2,4.0,0.0,4.0,4.0,1935
8169,*batteries not included (1987),Children|Comedy|Fantasy|Sci-Fi,"['Children', 'Comedy', 'Fantasy', 'Sci-Fi']",4,1987.0,7,3.2857142857142856,0.4879500364742666,2.5,4.0,1987
8183,Educating Rita (1983),Comedy|Drama,"['Comedy', 'Drama']",2,1983.0,3,3.1666666666666665,0.5773502691896258,2.5,3.5,1983
8188,Sansho the Bailiff (Sanshô dayû) (1954),Drama,['Drama'],1,1954.0,1,3.5,0.0,3.5,3.5,1954
8189,Zazie dans le métro (1960),Comedy,['Comedy'],1,1960.0,1,3.0,0.0,3.0,3.0,1960
8190,"Americanization of Emily, The (1964)",Comedy|Drama|War,"['Comedy', 'Drama', 'War']",3,1964.0,1,4.0,0.0,4.0,4.0,1964
8191,Anne of the Thousand Days (1969),Drama,['Drama'],1,1969.0,1,4.0,0.0,4.0,4.0,1969
8195,"Avventura, L' (Adventure, The) (1960)",Drama|Mystery|Romance,"['Drama', 'Mystery', 'Romance']",3,1960.0,2,4.0,0.0,4.0,4.0,1960
8196,Beyond the Valley of the Dolls (1970),Comedy|Horror,"['Comedy', 'Horror']",2,1970.0,1,3.5,0.0,3.5,3.5,1970
8197,Hiroshima Mon Amour (1959),Drama|Romance|War,"['Drama', 'Romance', 'War']",3,1959.0,1,4.0,0.0,4.0,4.0,1959
8199,Ugetsu (Ugetsu monogatari) (1953),Drama|Thriller,"['Drama', 'Thriller']",2,1953.0,2,2.5,2.1213203435596424,1.0,4.0,1953
8207,"Day of the Jackal, The (1973)",Crime|Thriller,"['Crime', 'Thriller']",2,1973.0,6,4.083333333333333,0.3763863263545405,3.5,4.5,1973
8225,Night of the Living Dead (1990),Horror,['Horror'],1,1990.0,1,4.0,0.0,4.0,4.0,1990
8228,"Maltese Falcon, The (a.k.a. Dangerous Female) (1931)",Mystery,['Mystery'],1,1931.0,17,3.6176470588235294,1.166316474052844,0.5,5.0,1931
8232,I Love You Again (1940),Comedy|Drama,"['Comedy', 'Drama']",2,1940.0,1,3.5,0.0,3.5,3.5,1940
8235,Safety Last! (1923),Action|Comedy|Romance,"['Action', 'Comedy', 'Romance']",3,1923.0,2,4.0,1.4142135623730951,3.0,5.0,1923
8236,While the City Sleeps (1956),Drama|Film-Noir,"['Drama', 'Film-Noir']",2,1956.0,1,0.5,0.0,0.5,0.5,1956
8238,Little Murders (1971),Comedy|Crime,"['Comedy', 'Crime']",2,1971.0,1,5.0,0.0,5.0,5.0,1971
8239,Viridiana (1961),Comedy|Drama,"['Comedy', 'Drama']",2,1961.0,1,4.0,0.0,4.0,4.0,1961
8241,Masterminds (1997),Action|Comedy|Thriller,"['Action', 'Comedy', 'Thriller']",3,1997.0,1,4.0,0.0,4.0,4.0,1997
8253,Lupin III: The Castle Of Cagliostro (Rupan sansei: Kariosutoro no shiro) (1979),Action|Adventure|Animation|Comedy|Crime|Mystery,"['Action', 'Adventure', 'Animation', 'Comedy', 'Crime', 'Mystery']",6,1979.0,5,3.4,1.140175425099138,1.5,4.5,1979
8254,Arizona Dream (1993),Comedy|Drama|Fantasy|Romance,"['Comedy', 'Drama', 'Fantasy', 'Romance']",4,1993.0,6,4.25,0.6123724356957946,3.5,5.0,1993
8261,3 Women (Three Women) (1977),Drama,['Drama'],1,1977.0,3,4.166666666666667,0.2886751345948129,4.0,4.5,1977
8264,Grey Gardens (1975),Documentary,['Documentary'],1,1975.0,1,3.5,0.0,3.5,3.5,1975
8266,Purple Rain (1984),Drama|Musical,"['Drama', 'Musical']",2,1984.0,5,2.7,0.8366600265340756,1.5,3.5,1984
8268,Point of No Return (1993),Action|Thriller,"['Action', 'Thriller']",2,1993.0,2,4.25,0.3535533905932738,4.0,4.5,1993
8270,"Hairdresser's Husband, The (Le mari de la coiffeuse) (1990)",Comedy|Drama|Romance,"['Comedy', 'Drama', 'Romance']",3,1990.0,2,3.75,0.3535533905932738,3.5,4.0,1990
8275,College (1927),Comedy,['Comedy'],1,1927.0,1,3.5,0.0,3.5,3.5,1927
8290,Mitchell (1975),Action|Crime,"['Action', 'Crime']",2,1975.0,2,0.75,0.3535533905932738,0.5,1.0,1975
8293,Used People (1992),Comedy|Drama,"['Comedy', 'Drama']",2,1992.0,1,3.5,0.0,3.5,3.5,1992
8302,"Front Page, The (1931)",Comedy|Drama|Romance,"['Comedy', 'Drama', 'Romance']",3,1931.0,1,3.5,0.0,3.5,3.5,1931
8331,"Man Who Came to Dinner, The (1942)",Comedy,['Comedy'],1,1942.0,1,4.0,0.0,4.0,4.0,1942
8335,Make Way for Tomorrow (1937),Drama,['Drama'],1,1937.0,1,3.5,0.0,3.5,3.5,1937
8336,"Major and the Minor, The (1942)",Comedy|Romance,"['Comedy', 'Romance']",2,1942.0,1,3.5,0.0,3.5,3.5,1942
8337,"Caine Mutiny, The (1954)",Drama|War,"['Drama', 'War']",2,1954.0,2,4.0,0.0,4.0,4.0,1954
8338,Black Narcissus (1947),Drama,['Drama'],1,1947.0,1,4.0,0.0,4.0,4.0,1947
8340,Escape from Alcatraz (1979),Drama|Thriller,"['Drama', 'Thriller']",2,1979.0,7,3.7857142857142856,0.4879500364742665,3.0,4.5,1979
8341,Oliver Twist (1948),Adventure|Crime|Drama,"['Adventure', 'Crime', 'Drama']",3,1948.0,3,3.8333333333333335,0.5773502691896258,3.5,4.5,1948
8378,"Doctor, The (1991)",Drama,['Drama'],1,1991.0,1,4.0,0.0,4.0,4.0,1991
8379,"Dresser, The (1983)",Drama,['Drama'],1,1983.0,1,3.0,0.0,3.0,3.0,1983
8380,Father Hood (1993),Comedy,['Comedy'],1,1993.0,1,2.5,0.0,2.5,2.5,1993
8382,Hello Again (1987),Comedy,['Comedy'],1,1987.0,1,2.5,0.0,2.5,2.5,1987
8385,Lover Come Back (1961),Comedy|Romance,"['Comedy', 'Romance']",2,1961.0,1,3.0,0.0,3.0,3.0,1961
8387,Police Academy: Mission to Moscow (1994),Comedy|Crime,"['Comedy', 'Crime']",2,1994.0,5,0.8,0.4472135954999579,0.5,1.5,1994
8391,Big Wednesday (1978),Comedy|Drama,"['Comedy', 'Drama']",2,1978.0,1,3.0,0.0,3.0,3.0,1978
8402,Book of Love (1990),Comedy|Romance,"['Comedy', 'Romance']",2,1990.0,1,2.0,0.0,2.0,2.0,1990
8405,Hour of the Wolf (Vargtimmen) (1968),Drama|Horror,"['Drama', 'Horror']",2,1968.0,2,4.5,0.0,4.5,4.5,1968
8410,Suddenly (1954),Crime|Drama|Film-Noir,"['Crime', 'Drama', 'Film-Noir']",3,1954.0,1,3.5,0.0,3.5,3.5,1954
8424,"Divorcee, The (1930)",Drama|Romance,"['Drama', 'Romance']",2,1930.0,1,4.0,0.0,4.0,4.0,1930
8425,Meet the Applegates (1991),Comedy,['Comedy'],1,1991.0,1,2.0,0.0,2.0,2.0,1991
8426,Robot Carnival (Roboto kânibauru) (1987),Animation|Comedy|Drama|Fantasy|Sci-Fi,"['Animation', 'Comedy', 'Drama', 'Fantasy', 'Sci-Fi']",5,1987.0,1,4.0,0.0,4.0,4.0,1987
8427,Americathon (1979),Comedy|Sci-Fi,"['Comedy', 'Sci-Fi']",2,1979.0,1,1.5,0.0,1.5,1.5,1979
8446,Sands of Iwo Jima (1949),Action|Drama|Romance|War,"['Action', 'Drama', 'Romance', 'War']",4,1949.0,1,2.5,0.0,2.5,2.5,1949
8447,This Island Earth (1955),Sci-Fi,['Sci-Fi'],1,1955.0,1,1.0,0.0,1.0,1.0,1955
8450,Anthony Adverse (1936),Adventure|Romance,"['Adventure', 'Romance']",2,1936.0,1,3.0,0.0,3.0,3.0,1936
8451,Blackboard Jungle (1955),Drama,['Drama'],1,1955.0,2,3.25,0.3535533905932738,3.0,3.5,1955
8454,Luna Papa (1999),Comedy|Drama|Fantasy,"['Comedy', 'Drama', 'Fantasy']",3,1999.0,1,3.5,0.0,3.5,3.5,1999
8456,Investigation of a Citizen Above Suspicion (Indagine su un cittadino al di sopra di ogni sospetto) (1970),Crime|Drama|Thriller,"['Crime', 'Drama', 'Thriller']",3,1970.0,1,4.0,0.0,4.0,4.0,1970
8458,To Each His Own (1946),Drama,['Drama'],1,1946.0,1,3.5,0.0,3.5,3.5,1946
8459,"Heiress, The (1949)",Drama|Romance,"['Drama', 'Romance']",2,1949.0,1,3.5,0.0,3.5,3.5,1949
8461,Dragon Seed (1944),Drama|War,"['Drama', 'War']",2,1944.0,1,3.5,0.0,3.5,3.5,1944
8462,Executive Suite (1954),Drama,['Drama'],1,1954.0,1,3.0,0.0,3.0,3.0,1954
8463,Johnny Belinda (1948),Drama,['Drama'],1,1948.0,1,4.0,0.0,4.0,4.0,1948
8465,Johnny Eager (1942),Crime|Drama|Film-Noir|Romance,"['Crime', 'Drama', 'Film-Noir', 'Romance']",4,1942.0,1,3.5,0.0,3.5,3.5,1942
8477,"Jetée, La (1962)",Romance|Sci-Fi,"['Romance', 'Sci-Fi']",2,1962.0,2,4.5,0.7071067811865476,4.0,5.0,1962
8481,Northwest Passage (1940),Action|Adventure|Drama|Romance|Thriller|Western,"['Action', 'Adventure', 'Drama', 'Romance', 'Thriller', 'Western']",6,1940.0,1,3.0,0.0,3.0,3.0,1940
8482,"Picture of Dorian Gray, The (1945)",Drama|Fantasy|Horror,"['Drama', 'Fantasy', 'Horror']",3,1945.0,2,2.0,2.1213203435596424,0.5,3.5,1945
8484,"Human Condition I, The (Ningen no joken I) (1959)",Drama|War,"['Drama', 'War']",2,1959.0,1,4.5,0.0,4.5,4.5,1959
8487,Please Don't Eat the Daisies (1960),Children|Comedy|Musical,"['Children', 'Comedy', 'Musical']",3,1960.0,2,3.5,0.7071067811865476,3.0,4.0,1960
8491,White Heat (1949),Crime|Drama|Film-Noir,"['Crime', 'Drama', 'Film-Noir']",3,1949.0,3,3.6666666666666665,0.5773502691896258,3.0,4.0,1949
8492,"Christmas Carol, A (Scrooge) (1951)",Drama|Fantasy,"['Drama', 'Fantasy']",2,1951.0,2,3.25,0.3535533905932738,3.0,3.5,1951
8493,Memphis Belle (1990),Action|Drama|War,"['Action', 'Drama', 'War']",3,1990.0,6,3.083333333333333,0.9174239296348592,1.5,4.0,1990
8494,"Cincinnati Kid, The (1965)",Drama,['Drama'],1,1965.0,1,0.5,0.0,0.5,0.5,1965
8500,Godzilla vs. Mechagodzilla (Gojira tai Mekagojira) (1974),Action|Horror|Sci-Fi,"['Action', 'Horror', 'Sci-Fi']",3,1974.0,1,2.5,0.0,2.5,2.5,1974
8501,"Hitcher, The (1986)",Action|Thriller,"['Action', 'Thriller']",2,1986.0,4,3.625,0.478713553878169,3.0,4.0,1986
8502,Show Boat (1951),Drama|Musical|Romance,"['Drama', 'Musical', 'Romance']",3,1951.0,1,3.0,0.0,3.0,3.0,1951
8507,Freaks (1932),Crime|Drama|Horror,"['Crime', 'Drama', 'Horror']",3,1932.0,9,3.1666666666666665,0.4330127018922193,2.5,4.0,1932
8511,"Immigrant, The (1917)",Comedy,['Comedy'],1,1917.0,1,4.5,0.0,4.5,4.5,1917
8512,Silent Movie (1976),Comedy,['Comedy'],1,1976.0,1,3.5,0.0,3.5,3.5,1976
8518,Anna Christie (1930),Drama,['Drama'],1,1930.0,1,3.5,0.0,3.5,3.5,1930
8521,Dr. Jekyll and Mr. Hyde (1931),Drama|Horror,"['Drama', 'Horror']",2,1931.0,2,2.0,2.1213203435596424,0.5,3.5,1931
8542,"Day at the Races, A (1937)",Comedy|Musical,"['Comedy', 'Musical']",2,1937.0,3,4.0,0.8660254037844386,3.5,5.0,1937
8571,Bob & Carol & Ted & Alice (1969),Comedy|Drama,"['Comedy', 'Drama']",2,1969.0,1,3.5,0.0,3.5,3.5,1969
8574,"Claymation Christmas Celebration, A (1987)",Animation|Children|Comedy|Musical,"['Animation', 'Children', 'Comedy', 'Musical']",4,1987.0,2,1.5,1.4142135623730951,0.5,2.5,1987
8580,Into the Woods (1991),Adventure|Comedy|Fantasy|Musical,"['Adventure', 'Comedy', 'Fantasy', 'Musical']",4,1991.0,1,5.0,0.0,5.0,5.0,1991
8581,Pirates of Silicon Valley (1999),Documentary|Drama,"['Documentary', 'Drama']",2,1999.0,4,4.0,0.408248290463863,3.5,4.5,1999
8582,Manufacturing Consent: Noam Chomsky and the Media (1992),Documentary|War,"['Documentary', 'War']",2,1992.0,2,4.25,0.3535533905932738,4.0,4.5,1992
8591,"Philadelphia Experiment, The (1984)",Adventure|Drama|Sci-Fi,"['Adventure', 'Drama', 'Sci-Fi']",3,1984.0,1,3.5,0.0,3.5,3.5,1984
8593,Juice (1992),Action|Crime|Drama|Thriller,"['Action', 'Crime', 'Drama', 'Thriller']",4,1992.0,1,4.0,0.0,4.0,4.0,1992
8596,Revenge of the Pink Panther (1978),Comedy|Crime,"['Comedy', 'Crime']",2,1978.0,2,3.25,0.3535533905932738,3.0,3.5,1978
8600,Angels with Dirty Faces (1938),Crime|Drama|Film-Noir|Thriller,"['Crime', 'Drama', 'Film-Noir', 'Thriller']",4,1938.0,2,3.75,0.3535533905932738,3.5,4.0,1938
8601,Zero de conduite (Zero for Conduct) (Zéro de conduite: Jeunes diables au collège) (1933),Comedy|Drama,"['Comedy', 'Drama']",2,1933.0,1,4.0,0.0,4.0,4.0,1933
8604,Taxi (1998),Action|Comedy,"['Action', 'Comedy']",2,1998.0,5,3.2,1.1510864433221335,2.0,5.0,1998
8609,Our Hospitality (1923),Comedy,['Comedy'],1,1923.0,2,3.25,0.3535533905932738,3.0,3.5,1923
8610,All of Me (1984),Comedy|Fantasy,"['Comedy', 'Fantasy']",2,1984.0,2,2.5,1.4142135623730951,1.5,3.5,1984
8611,"Farmer's Daughter, The (1947)",Comedy,['Comedy'],1,1947.0,1,3.5,0.0,3.5,3.5,1947
8614,Overboard (1987),Comedy|Romance,"['Comedy', 'Romance']",2,1987.0,6,3.0,0.7071067811865476,2.0,4.0,1987
8617,Butterfield 8 (1960),Drama,['Drama'],1,1960.0,1,3.0,0.0,3.0,3.0,1960
8620,"Exterminating Angel, The (Ángel exterminador, El) (1962)",Comedy|Drama|Fantasy|Mystery,"['Comedy', 'Drama', 'Fantasy', 'Mystery']",4,1962.0,2,1.5,1.4142135623730951,0.5,2.5,1962
8623,Roxanne (1987),Comedy|Romance,"['Comedy', 'Romance']",2,1987.0,11,3.272727272727273,0.5640760748177662,2.0,4.0,1987
8626,Dr. Terror's House of Horrors (1965),Horror|Sci-Fi,"['Horror', 'Sci-Fi']",2,1965.0,1,1.5,0.0,1.5,1.5,1965
8633,"Last Starfighter, The (1984)",Action|Adventure|Comedy|Sci-Fi,"['Action', 'Adventure', 'Comedy', 'Sci-Fi']",4,1984.0,7,3.571428571428572,0.8864052604279182,2.0,4.5,1984
8650,Long Day's Journey Into Night (1962),Drama,['Drama'],1,1962.0,1,3.5,0.0,3.5,3.5,1962
8656,"Short Film About Killing, A (Krótki film o zabijaniu) (1988)",Crime|Drama,"['Crime', 'Drama']",2,1988.0,2,3.75,1.0606601717798212,3.0,4.5,1988
8670,"Testament of Dr. Mabuse, The (Das Testament des Dr. Mabuse) (1933)",Crime|Horror|Mystery|Thriller,"['Crime', 'Horror', 'Mystery', 'Thriller']",4,1933.0,1,4.0,0.0,4.0,4.0,1933
8677,Flash Gordon Conquers the Universe (1940),Action|Sci-Fi,"['Action', 'Sci-Fi']",2,1940.0,2,1.25,1.0606601717798212,0.5,2.0,1940
8684,"Man Escaped, A (Un  condamné à mort s'est échappé ou Le vent souffle où il veut) (1956)",Adventure|Drama,"['Adventure', 'Drama']",2,1956.0,1,3.5,0.0,3.5,3.5,1956
8685,"Miracle of Marcelino, The (Marcelino pan y vino) (1955)",Comedy|Drama,"['Comedy', 'Drama']",2,1955.0,1,3.5,0.0,3.5,3.5,1955
8690,Slaughterhouse-Five (1972),Comedy|Drama|Sci-Fi|War,"['Comedy', 'Drama', 'Sci-Fi', 'War']",4,1972.0,1,4.0,0.0,4.0,4.0,1972
8695,"Bachelor and the Bobby-Soxer, The (1947)",Comedy,['Comedy'],1,1947.0,3,3.0,0.8660254037844386,2.5,4.0,1947
8711,Mr. Blandings Builds His Dream House (1948),Comedy,['Comedy'],1,1948.0,1,3.0,0.0,3.0,3.0,1948
8712,My Favorite Wife (1940),Comedy|Romance,"['Comedy', 'Romance']",2,1940.0,1,3.0,0.0,3.0,3.0,1940
8713,"New Adventures of Pippi Longstocking, The (1988)",Adventure|Children|Fantasy|Musical,"['Adventure', 'Children', 'Fantasy', 'Musical']",4,1988.0,1,3.0,0.0,3.0,3.0,1988
8714,Night and Day (1946),Drama|Musical,"['Drama', 'Musical']",2,1946.0,1,2.5,0.0,2.5,2.5,1946
8718,"Snake Pit, The (1948)",Drama,['Drama'],1,1948.0,2,3.5,0.7071067811865476,3.0,4.0,1948
8720,"Super, The (1991)",Comedy,['Comedy'],1,1991.0,1,2.0,0.0,2.0,2.0,1991
8724,"Leopard, The (Gattopardo, Il) (1963)",Drama|War,"['Drama', 'War']",2,1963.0,2,4.25,0.3535533905932738,4.0,4.5,1963
8727,"Day of the Locust, The (1975)",Drama,['Drama'],1,1975.0,1,2.0,0.0,2.0,2.0,1975
8738,"Woman Is a Woman, A (femme est une femme, Une) (1961)",Comedy|Drama|Musical|Romance,"['Comedy', 'Drama', 'Musical', 'Romance']",4,1961.0,1,5.0,0.0,5.0,5.0,1961
8743,Biggles (1986),Adventure|Fantasy|Sci-Fi,"['Adventure', 'Fantasy', 'Sci-Fi']",3,1986.0,2,3.0,0.7071067811865476,2.5,3.5,1986
8748,"Yesterday, Today and Tomorrow (Ieri, oggi, domani) (1963)",Comedy,['Comedy'],1,1963.0,2,4.0,0.7071067811865476,3.5,4.5,1963
8754,"Prime of Miss Jean Brodie, The (1969)",Drama,['Drama'],1,1969.0,1,4.0,0.0,4.0,4.0,1969
8755,My Voyage to Italy (Il mio viaggio in Italia) (1999),Documentary,['Documentary'],1,1999.0,1,3.0,0.0,3.0,3.0,1999
8765,This Gun for Hire (1942),Crime|Film-Noir|Thriller,"['Crime', 'Film-Noir', 'Thriller']",3,1942.0,0,0.0,0.0,0.0,0.0,1942
8771,Sherlock Holmes: Terror by Night (1946),Crime|Mystery|Thriller,"['Crime', 'Mystery', 'Thriller']",3,1946.0,1,3.0,0.0,3.0,3.0,1946
8772,"Spy Who Came in from the Cold, The (1965)",Drama|Thriller,"['Drama', 'Thriller']",2,1965.0,1,0.5,0.0,0.5,0.5,1965
8773,Sherlock Holmes and the Secret Weapon (1942),Crime|Mystery|Thriller,"['Crime', 'Mystery', 'Thriller']",3,1942.0,1,3.0,0.0,3.0,3.0,1942
8774,Sherlock Holmes: The Woman in Green (1945),Mystery,['Mystery'],1,1945.0,1,3.5,0.0,3.5,3.5,1945
8778,Sherlock Holmes: Dressed to Kill (1946),Crime|Mystery,"['Crime', 'Mystery']",2,1946.0,2,3.75,0.3535533905932738,3.5,4.0,1946
8796,"Funny Thing Happened on the Way to the Forum, A (1966)",Comedy|Musical,"['Comedy', 'Musical']",2,1966.0,5,3.1,1.1937336386313322,2.0,5.0,1966
8804,"Story of Women (Affaire de femmes, Une) (1988)",Drama,['Drama'],1,1988.0,1,5.0,0.0,5.0,5.0,1988
8827,"Bill Cosby, Himself (1983)",Comedy|Documentary,"['Comedy', 'Documentary']",2,1983.0,5,4.0,0.7905694150420949,3.0,5.0,1983
8838,Alice Doesn't Live Here Anymore (1974),Drama|Romance,"['Drama', 'Romance']",2,1974.0,3,4.166666666666667,0.7637626158259734,3.5,5.0,1974
8840,Who's That Knocking at My Door? (1967),Drama,['Drama'],1,1967.0,1,1.0,0.0,1.0,1.0,1967
8844,Camera Buff (Amator) (1979),Drama,['Drama'],1,1979.0,1,3.0,0.0,3.0,3.0,1979
8848,"Vitelloni, I (a.k.a. The Young and the Passionate) (1953)",Drama,['Drama'],1,1953.0,2,3.5,0.7071067811865476,3.0,4.0,1953
8875,"Come Back, Little Sheba (1952)",Drama,['Drama'],1,1952.0,1,4.0,0.0,4.0,4.0,1952
8879,Murder on the Orient Express (1974),Crime|Mystery|Thriller,"['Crime', 'Mystery', 'Thriller']",3,1974.0,6,3.25,0.758287544405155,2.0,4.0,1974
8880,Mask (1985),Drama,['Drama'],1,1985.0,7,3.4285714285714284,0.8380817098475258,2.0,4.0,1985
8894,Orca: The Killer Whale (1977),Action|Drama|Horror|Thriller,"['Action', 'Drama', 'Horror', 'Thriller']",4,1977.0,1,1.5,0.0,1.5,1.5,1977
8905,1492: Conquest of Paradise (1992),Adventure|Drama,"['Adventure', 'Drama']",2,1992.0,1,2.5,0.0,2.5,2.5,1992
8906,Cannibal Holocaust (1980),Horror,['Horror'],1,1980.0,3,2.6666666666666665,0.7637626158259734,2.0,3.5,1980
8920,"Country Girl, The (1954)",Drama,['Drama'],1,1954.0,1,3.5,0.0,3.5,3.5,1954
8921,"Rose Tattoo, The (1955)",Drama|Romance,"['Drama', 'Romance']",2,1955.0,1,3.5,0.0,3.5,3.5,1955
8928,"Fearless Vampire Killers, The (1967)",Comedy|Horror,"['Comedy', 'Horror']",2,1967.0,3,3.6666666666666665,0.5773502691896258,3.0,4.0,1967
8933,"Decline of the American Empire, The (Déclin de l'empire américain, Le) (1986)",Comedy|Drama,"['Comedy', 'Drama']",2,1986.0,1,4.0,0.0,4.0,4.0,1986
8934,Bebe's Kids (1992),Animation|Children|Comedy,"['Animation', 'Children', 'Comedy']",3,1992.0,1,1.0,0.0,1.0,1.0,1992
8989,Damn Yankees! (1958),Comedy|Musical,"['Comedy', 'Musical']",2,1958.0,1,3.5,0.0,3.5,3.5,1958
8998,That's Entertainment (1974),Documentary,['Documentary'],1,1974.0,1,4.0,0.0,4.0,4.0,1974
9004,D.A.R.Y.L. (1985),Adventure|Children|Sci-Fi,"['Adventure', 'Children', 'Sci-Fi']",3,1985.0,1,2.0,0.0,2.0,2.0,1985
9005,Fire in the Sky (1993),Drama|Mystery|Sci-Fi,"['Drama', 'Mystery', 'Sci-Fi']",3,1993.0,2,2.0,0.0,2.0,2.0,1993
9008,"Invisible Man Returns, The (1940)",Horror|Sci-Fi,"['Horror', 'Sci-Fi']",2,1940.0,1,2.5,0.0,2.5,2.5,1940
25746,"Hunchback of Notre Dame, The (1923)",Drama|Horror,"['Drama', 'Horror']",2,1923.0,1,3.0,0.0,3.0,3.0,1923
25750,Sherlock Jr. (1924),Comedy|Fantasy|Romance,"['Comedy', 'Fantasy', 'Romance']",3,1924.0,2,3.0,1.4142135623730951,2.0,4.0,1924
25752,"Freshman, The (1925)",Comedy,['Comedy'],1,1925.0,1,4.0,0.0,4.0,4.0,1925
25753,Greed (1924),Drama,['Drama'],1,1924.0,1,4.0,0.0,4.0,4.0,1924
25757,"Jazz Singer, The (1927)",Drama|Musical|Romance,"['Drama', 'Musical', 'Romance']",3,1927.0,1,4.0,0.0,4.0,4.0,1927
25769,"Steamboat Bill, Jr. (1928)",Comedy|Romance,"['Comedy', 'Romance']",2,1928.0,1,4.5,0.0,4.5,4.5,1928
25771,"Andalusian Dog, An (Chien andalou, Un) (1929)",Fantasy,['Fantasy'],1,1929.0,4,4.5,0.5773502691896258,4.0,5.0,1929
25773,Little Caesar (1931),Crime|Drama,"['Crime', 'Drama']",2,1931.0,1,4.0,0.0,4.0,4.0,1931
25782,Boudu Saved From Drowning (Boudu sauvé des eaux) (1932),Comedy,['Comedy'],1,1932.0,1,0.5,0.0,0.5,0.5,1932
25788,Scarface (1932),Crime|Drama,"['Crime', 'Drama']",2,1932.0,2,3.75,0.3535533905932738,3.5,4.0,1932
25795,Dinner at Eight (1933),Comedy|Drama|Romance,"['Comedy', 'Drama', 'Romance']",3,1933.0,1,3.5,0.0,3.5,3.5,1933
25797,Gold Diggers of 1933 (1933),Musical,['Musical'],1,1933.0,1,3.5,0.0,3.5,3.5,1933
25805,"Atalante, L' (1934)",Comedy|Drama|Romance,"['Comedy', 'Drama', 'Romance']",3,1934.0,1,4.5,0.0,4.5,4.5,1934
25825,Fury (1936),Drama|Film-Noir,"['Drama', 'Film-Noir']",2,1936.0,4,3.375,1.9311050377094112,0.5,4.5,1936
25826,Libeled Lady (1936),Comedy|Romance,"['Comedy', 'Romance']",2,1936.0,1,3.5,0.0,3.5,3.5,1936
25827,Mr. Deeds Goes to Town (1936),Comedy|Romance,"['Comedy', 'Romance']",2,1936.0,2,3.5,0.0,3.5,3.5,1936
25833,Camille (1936),Drama|Romance,"['Drama', 'Romance']",2,1936.0,1,4.0,0.0,4.0,4.0,1936
25834,Captains Courageous (1937),Adventure|Drama,"['Adventure', 'Drama']",2,1937.0,1,4.0,0.0,4.0,4.0,1937
25841,Stage Door (1937),Drama,['Drama'],1,1937.0,3,4.166666666666667,0.2886751345948129,4.0,4.5,1937
25850,Holiday (1938),Comedy|Drama|Romance,"['Comedy', 'Drama', 'Romance']",3,1938.0,3,3.0,2.179449471770337,0.5,4.5,1938
25855,"Roaring Twenties, The (1939)",Crime|Drama|Thriller,"['Crime', 'Drama', 'Thriller']",3,1939.0,0,0.0,0.0,0.0,0.0,1939
25856,Wuthering Heights (1939),Drama|Romance,"['Drama', 'Romance']",2,1939.0,2,3.25,0.3535533905932738,3.0,3.5,1939
25865,"Letter, The (1940)",Drama|Film-Noir,"['Drama', 'Film-Noir']",2,1940.0,1,4.0,0.0,4.0,4.0,1940
25870,Here Comes Mr. Jordan (1941),Comedy|Fantasy|Romance,"['Comedy', 'Fantasy', 'Romance']",3,1941.0,1,3.5,0.0,3.5,3.5,1941
25886,Random Harvest (1942),Drama|Romance,"['Drama', 'Romance']",2,1942.0,2,4.0,0.7071067811865476,3.5,4.5,1942
25887,Tales of Manhattan (1942),Comedy|Drama,"['Comedy', 'Drama']",2,1942.0,1,5.0,0.0,5.0,5.0,1942
25898,Day of Wrath (Vredens dag) (1943),Drama,['Drama'],1,1943.0,2,4.0,0.0,4.0,4.0,1943
25905,"Miracle of Morgan's Creek, The (1944)",Comedy|Romance,"['Comedy', 'Romance']",2,1944.0,1,3.5,0.0,3.5,3.5,1944
25906,Mr. Skeffington (1944),Drama|Romance,"['Drama', 'Romance']",2,1944.0,1,5.0,0.0,5.0,5.0,1944
25923,Great Expectations (1946),Drama,['Drama'],1,1946.0,1,3.5,0.0,3.5,3.5,1946
25927,"Stranger, The (1946)",Drama|Film-Noir|Thriller,"['Drama', 'Film-Noir', 'Thriller']",3,1946.0,1,3.0,0.0,3.0,3.0,1946
25937,Easter Parade (1948),Musical|Romance,"['Musical', 'Romance']",2,1948.0,3,3.333333333333333,0.2886751345948129,3.0,3.5,1948
25940,"Lady from Shanghai, The (1947)",Drama|Film-Noir|Mystery,"['Drama', 'Film-Noir', 'Mystery']",3,1947.0,1,3.5,0.0,3.5,3.5,1947
25946,"Three Musketeers, The (1948)",Action|Adventure|Drama|Romance,"['Action', 'Adventure', 'Drama', 'Romance']",4,1948.0,1,3.5,0.0,3.5,3.5,1948
25947,Unfaithfully Yours (1948),Comedy,['Comedy'],1,1948.0,1,5.0,0.0,5.0,5.0,1948
25952,"Letter to Three Wives, A (1949)",Comedy|Drama,"['Comedy', 'Drama']",2,1949.0,1,4.0,0.0,4.0,4.0,1949
25959,Annie Get Your Gun (1950),Comedy|Musical|Romance|Western,"['Comedy', 'Musical', 'Romance', 'Western']",4,1950.0,1,2.5,0.0,2.5,2.5,1950
25962,King Solomon's Mines (1950),Action|Adventure|Romance,"['Action', 'Adventure', 'Romance']",3,1950.0,1,3.0,0.0,3.0,3.0,1950
25963,"Young and the Damned, The (Olvidados, Los) (1950)",Crime|Drama,"['Crime', 'Drama']",2,1950.0,1,4.0,0.0,4.0,4.0,1950
25996,"Star Is Born, A (1954)",Drama|Musical,"['Drama', 'Musical']",2,1954.0,1,3.5,0.0,3.5,3.5,1954
25999,The Wild One (1953),Drama,['Drama'],1,1953.0,1,3.5,0.0,3.5,3.5,1953
26002,Confidential Report (1955),Crime|Drama|Mystery|Thriller,"['Crime', 'Drama', 'Mystery', 'Thriller']",4,1955.0,1,3.5,0.0,3.5,3.5,1955
26003,Night and Fog (Nuit et brouillard) (1955),Crime|Documentary|War,"['Crime', 'Documentary', 'War']",3,1955.0,1,4.5,0.0,4.5,4.5,1955
26038,Teacher's Pet (1958),Comedy|Romance,"['Comedy', 'Romance']",2,1958.0,1,4.0,0.0,4.0,4.0,1958
26048,"Human Condition II, The (Ningen no joken II) (1959)",Drama|War,"['Drama', 'War']",2,1959.0,1,4.5,0.0,4.5,4.5,1959
26052,Pickpocket (1959),Crime|Drama,"['Crime', 'Drama']",2,1959.0,2,2.75,1.7677669529663689,1.5,4.0,1959
26059,When a Woman Ascends the Stairs (Onna ga kaidan wo agaru toki) (1960),Drama,['Drama'],1,1960.0,1,4.5,0.0,4.5,4.5,1960
26073,"Human Condition III, The (Ningen no joken III) (1961)",Drama|War,"['Drama', 'War']",2,1961.0,1,5.0,0.0,5.0,5.0,1961
26078,Advise and Consent (1962),Drama,['Drama'],1,1962.0,1,5.0,0.0,5.0,5.0,1962
26082,Harakiri (Seppuku) (1962),Drama,['Drama'],1,1962.0,3,4.5,0.5,4.0,5.0,1962
26084,"Music Man, The (1962)",Children|Comedy|Musical|Romance,"['Children', 'Comedy', 'Musical', 'Romance']",4,1962.0,5,3.9,0.651920240520265,3.5,5.0,1962
26085,Mutiny on the Bounty (1962),Adventure|Drama|Romance,"['Adventure', 'Drama', 'Romance']",3,1962.0,0,0.0,0.0,0.0,0.0,1962
26095,"Carabineers, The (Carabiniers, Les) (1963)",Comedy|Drama|War,"['Comedy', 'Drama', 'War']",3,1963.0,1,0.5,0.0,0.5,0.5,1963
26116,"Hush... Hush, Sweet Charlotte (1964)",Horror|Thriller,"['Horror', 'Thriller']",2,1964.0,2,4.5,0.7071067811865476,4.0,5.0,1964
26122,Onibaba (1964),Drama|Horror|War,"['Drama', 'Horror', 'War']",3,1964.0,1,4.5,0.0,4.5,4.5,1964
26124,Robinson Crusoe on Mars (1964),Sci-Fi,['Sci-Fi'],1,1964.0,1,2.0,0.0,2.0,2.0,1964
26131,"Battle of Algiers, The (La battaglia di Algeri) (1966)",Drama|War,"['Drama', 'War']",2,1966.0,5,4.3,0.758287544405155,3.0,5.0,1966
26133,"Charlie Brown Christmas, A (1965)",Animation|Children|Comedy,"['Animation', 'Children', 'Comedy']",3,1965.0,6,4.0,0.8944271909999157,2.5,5.0,1965
26142,Major Dundee (1965),Adventure|War|Western,"['Adventure', 'War', 'Western']",3,1965.0,1,2.0,0.0,2.0,2.0,1965
26147,"Thousand Clowns, A (1965)",Comedy|Drama|Romance,"['Comedy', 'Drama', 'Romance']",3,1965.0,1,5.0,0.0,5.0,5.0,1965
26150,Andrei Rublev (Andrey Rublyov) (1969),Drama|War,"['Drama', 'War']",2,1969.0,1,4.5,0.0,4.5,4.5,1969
26151,Au Hasard Balthazar (1966),Crime|Drama,"['Crime', 'Drama']",2,1966.0,2,3.5,0.0,3.5,3.5,1966
26152,Batman (1966),Action|Adventure|Comedy,"['Action', 'Adventure', 'Comedy']",3,1966.0,5,3.0,0.3535533905932738,2.5,3.5,1966
26158,Closely Watched Trains (Ostre sledované vlaky) (1966),Comedy|Drama|War,"['Comedy', 'Drama', 'War']",3,1966.0,1,4.0,0.0,4.0,4.0,1966
26159,Tokyo Drifter (Tôkyô nagaremono) (1966),Action|Crime|Drama,"['Action', 'Crime', 'Drama']",3,1966.0,2,3.75,0.3535533905932738,3.5,4.0,1966
26169,Branded to Kill (Koroshi no rakuin) (1967),Action|Crime|Drama,"['Action', 'Crime', 'Drama']",3,1967.0,1,5.0,0.0,5.0,5.0,1967
26171,Play Time (a.k.a. Playtime) (1967),Comedy,['Comedy'],1,1967.0,3,3.1666666666666665,2.3629078131263044,0.5,5.0,1967
26172,Point Blank (1967),Action|Crime|Drama|Thriller,"['Action', 'Crime', 'Drama', 'Thriller']",4,1967.0,2,3.0,0.0,3.0,3.0,1967
26176,Titicut Follies (1967),Documentary|Drama,"['Documentary', 'Drama']",2,1967.0,1,2.5,0.0,2.5,2.5,1967
26183,Asterix and Cleopatra (Astérix et Cléopâtre) (1968),Action|Adventure|Animation|Children|Comedy,"['Action', 'Adventure', 'Animation', 'Children', 'Comedy']",5,1968.0,2,4.25,1.0606601717798212,3.5,5.0,1968
26184,"Diamond Arm, The (Brilliantovaya ruka) (1968)",Action|Adventure|Comedy|Crime|Thriller,"['Action', 'Adventure', 'Comedy', 'Crime', 'Thriller']",5,1968.0,2,3.5,1.4142135623730951,2.5,4.5,1968
26195,Sympathy for the Devil (1968),Documentary|Musical,"['Documentary', 'Musical']",2,1968.0,1,3.0,0.0,3.0,3.0,1968
26198,"Yours, Mine and Ours (1968)",Children|Comedy,"['Children', 'Comedy']",2,1968.0,2,2.75,0.3535533905932738,2.5,3.0,1968
26225,"Claire's Knee (Genou de Claire, Le) (1970)",Comedy|Romance,"['Comedy', 'Romance']",2,1970.0,1,4.5,0.0,4.5,4.5,1970
26231,Performance (1970),Crime|Drama|Thriller,"['Crime', 'Drama', 'Thriller']",3,1970.0,1,4.0,0.0,4.0,4.0,1970
26236,"White Sun of the Desert, The (Beloe solntse pustyni) (1970)",Action|Adventure|Comedy|Drama|Romance|War,"['Action', 'Adventure', 'Comedy', 'Drama', 'Romance', 'War']",6,1970.0,1,4.0,0.0,4.0,4.0,1970
26237,Zabriskie Point (1970),Drama|Romance,"['Drama', 'Romance']",2,1970.0,1,4.0,0.0,4.0,4.0,1970
26242,Duel (1971),Action|Mystery|Thriller,"['Action', 'Mystery', 'Thriller']",3,1971.0,5,3.2,0.273861278752583,3.0,3.5,1971
26249,They Call Me Trinity (1971),Comedy|Western,"['Comedy', 'Western']",2,1971.0,2,3.75,1.7677669529663689,2.5,5.0,1971
26258,"Topo, El (1970)",Fantasy|Western,"['Fantasy', 'Western']",2,1970.0,5,3.9,1.2449899597988732,2.0,5.0,1970
26265,Dr. Phibes Rises Again (1972),Adventure|Comedy|Horror|Romance,"['Adventure', 'Comedy', 'Horror', 'Romance']",4,1972.0,1,4.5,0.0,4.5,4.5,1972
26283,Charley Varrick (1973),Crime|Drama|Thriller,"['Crime', 'Drama', 'Thriller']",3,1973.0,1,3.0,0.0,3.0,3.0,1973
26285,Dark Star (1974),Comedy|Sci-Fi|Thriller,"['Comedy', 'Sci-Fi', 'Thriller']",3,1974.0,1,2.5,0.0,2.5,2.5,1974
26303,Sisters (1973),Horror|Thriller,"['Horror', 'Thriller']",2,1973.0,1,4.0,0.0,4.0,4.0,1973
26308,Turkish Delight (Turks fruit) (1973),Drama|Romance,"['Drama', 'Romance']",2,1973.0,1,4.0,0.0,4.0,4.0,1973
26313,California Split (1974),Comedy|Drama,"['Comedy', 'Drama']",2,1974.0,1,4.0,0.0,4.0,4.0,1974
26317,Emmanuelle (1974),Drama|Romance,"['Drama', 'Romance']",2,1974.0,1,3.5,0.0,3.5,3.5,1974
26322,Gone in 60 Seconds (1974),Action|Crime|Drama,"['Action', 'Crime', 'Drama']",3,1974.0,4,3.125,0.8539125638299665,2.0,4.0,1974
26326,"Holy Mountain, The (Montaña sagrada, La) (1973)",Drama,['Drama'],1,1973.0,2,4.5,0.7071067811865476,4.0,5.0,1973
26340,"Twelve Tasks of Asterix, The (Les douze travaux d'Astérix) (1976)",Action|Adventure|Animation|Children|Comedy|Fantasy,"['Action', 'Adventure', 'Animation', 'Children', 'Comedy', 'Fantasy']",6,1976.0,3,3.6666666666666665,0.5773502691896258,3.0,4.0,1976
26344,French Connection II (1975),Action|Crime|Drama|Thriller,"['Action', 'Crime', 'Drama', 'Thriller']",4,1975.0,1,3.0,0.0,3.0,3.0,1975
26347,"Irony of Fate, or Enjoy Your Bath! (Ironiya sudby, ili S legkim parom!) (1975)",Comedy|Drama|Romance,"['Comedy', 'Drama', 'Romance']",3,1975.0,1,4.0,0.0,4.0,4.0,1975
26350,"Passenger, The (Professione: reporter) (1975)",Drama,['Drama'],1,1975.0,1,5.0,0.0,5.0,5.0,1975
26357,Trilogy of Terror (1975),Horror|Thriller,"['Horror', 'Thriller']",2,1975.0,1,4.0,0.0,4.0,4.0,1975
26359,1900 (Novecento) (1976),Drama|War,"['Drama', 'War']",2,1976.0,1,4.5,0.0,4.5,4.5,1976
26365,Futureworld (1976),Sci-Fi|Thriller,"['Sci-Fi', 'Thriller']",2,1976.0,1,2.5,0.0,2.5,2.5,1976
26366,Harlan County U.S.A. (1976),Documentary,['Documentary'],1,1976.0,1,5.0,0.0,5.0,5.0,1976
26375,Silver Streak (1976),Action|Comedy|Crime,"['Action', 'Comedy', 'Crime']",3,1976.0,3,3.6666666666666665,0.5773502691896258,3.0,4.0,1976
26386,High Anxiety (1977),Comedy|Thriller,"['Comedy', 'Thriller']",2,1977.0,1,3.5,0.0,3.5,3.5,1977
26391,"New York, New York (1977)",Drama|Musical|Romance,"['Drama', 'Musical', 'Romance']",3,1977.0,1,2.5,0.0,2.5,2.5,1977
26394,"Turning Point, The (1977)",Drama|Romance,"['Drama', 'Romance']",2,1977.0,1,4.0,0.0,4.0,4.0,1977
26399,Five Deadly Venoms (1978),Action,['Action'],1,1978.0,1,3.5,0.0,3.5,3.5,1978
26401,Last Hurrah for Chivalry (Hao xia) (1979),Action|Drama,"['Action', 'Drama']",2,1979.0,1,5.0,0.0,5.0,5.0,1979
26409,"Clonus Horror, The (1979)",Horror|Sci-Fi,"['Horror', 'Sci-Fi']",2,1979.0,2,2.75,2.4748737341529163,1.0,4.5,1979
26413,Snake in the Eagle's Shadow (Se ying diu sau) (1978),Action|Comedy,"['Action', 'Comedy']",2,1978.0,2,3.25,0.3535533905932738,3.0,3.5,1978
26422,Hair (1979),Comedy|Drama|Musical,"['Comedy', 'Drama', 'Musical']",3,1979.0,3,3.1666666666666665,0.2886751345948129,3.0,3.5,1979
26429,Love at First Bite (1979),Comedy|Horror|Romance,"['Comedy', 'Horror', 'Romance']",3,1979.0,1,4.0,0.0,4.0,4.0,1979
26444,"Hitch Hikers Guide to the Galaxy, The (1981)",Adventure|Comedy|Sci-Fi,"['Adventure', 'Comedy', 'Sci-Fi']",3,1981.0,2,4.0,0.7071067811865476,3.5,4.5,1981
26453,Smiley's People (1982),Drama|Mystery,"['Drama', 'Mystery']",2,1982.0,1,4.0,0.0,4.0,4.0,1982
26464,Blue Thunder (1983),Action|Crime|Drama,"['Action', 'Crime', 'Drama']",3,1983.0,1,3.0,0.0,3.0,3.0,1983
26467,"Day After, The (1983)",Drama|Sci-Fi,"['Drama', 'Sci-Fi']",2,1983.0,1,3.0,0.0,3.0,3.0,1983
26471,Eddie Murphy Delirious (1983),Comedy|Documentary,"['Comedy', 'Documentary']",2,1983.0,4,4.375,0.7499999999999999,3.5,5.0,1983
26472,"Norte, El (1984)",Adventure|Drama,"['Adventure', 'Drama']",2,1984.0,1,3.5,0.0,3.5,3.5,1984
26492,Twilight Zone: The Movie (1983),Fantasy|Horror|Sci-Fi|Thriller,"['Fantasy', 'Horror', 'Sci-Fi', 'Thriller']",4,1983.0,3,3.0,1.0,2.0,4.0,1983
26498,Boy Meets Girl (1984),Drama,['Drama'],1,1984.0,1,3.0,0.0,3.0,3.0,1984
26504,Cloak & Dagger (1984),Action|Adventure|Children|Crime|Mystery|Thriller,"['Action', 'Adventure', 'Children', 'Crime', 'Mystery', 'Thriller']",6,1984.0,2,3.25,0.3535533905932738,3.0,3.5,1984
26510,"Ewok Adventure, The (a.k.a. Caravan of Courage: An Ewok Adventure) (1984)",Adventure|Children|Fantasy|Sci-Fi,"['Adventure', 'Children', 'Fantasy', 'Sci-Fi']",4,1984.0,2,2.25,1.0606601717798212,1.5,3.0,1984
26523,"Silent Night, Deadly Night (1984)",Horror|Thriller,"['Horror', 'Thriller']",2,1984.0,1,3.5,0.0,3.5,3.5,1984
26524,"Times of Harvey Milk, The (1984)",Documentary,['Documentary'],1,1984.0,2,4.5,0.0,4.5,4.5,1984
26527,What Have I Done to Deserve This? (¿Qué he hecho yo para merecer esto!!) (1984),Comedy|Drama,"['Comedy', 'Drama']",2,1984.0,1,4.0,0.0,4.0,4.0,1984
26528,Anne of Green Gables (1985),Children|Drama,"['Children', 'Drama']",2,1985.0,3,4.5,0.5,4.0,5.0,1985
26539,Death of a Salesman (1985),Drama,['Drama'],1,1985.0,1,3.0,0.0,3.0,3.0,1985
26542,Ewoks: The Battle for Endor (1985),Adventure|Children|Fantasy|Sci-Fi,"['Adventure', 'Children', 'Fantasy', 'Sci-Fi']",4,1985.0,2,3.0,0.7071067811865476,2.5,3.5,1985
26547,Police Story (Ging chaat goo si) (1985),Action|Comedy|Crime|Thriller,"['Action', 'Comedy', 'Crime', 'Thriller']",4,1985.0,2,4.25,1.0606601717798212,3.5,5.0,1985
26554,"Quiet Earth, The (1985)",Drama|Mystery|Sci-Fi,"['Drama', 'Mystery', 'Sci-Fi']",3,1985.0,2,4.25,0.3535533905932738,4.0,4.5,1985
26555,Spies Like Us (1985),Comedy,['Comedy'],1,1985.0,2,2.75,1.0606601717798212,2.0,3.5,1985
26562,White Nights (1985),Drama,['Drama'],1,1985.0,1,3.0,0.0,3.0,3.0,1985
26564,'Round Midnight (1986),Drama|Musical,"['Drama', 'Musical']",2,1986.0,2,3.5,0.0,3.5,3.5,1986
26567,Club Paradise (1986),Comedy,['Comedy'],1,1986.0,1,2.0,0.0,2.0,2.0,1986
26578,"Sacrifice, The (Offret - Sacraficatio) (1986)",Drama,['Drama'],1,1986.0,3,4.166666666666667,0.2886751345948129,4.0,4.5,1986
26585,"Better Tomorrow, A (Ying hung boon sik) (1986)",Crime|Drama|Thriller,"['Crime', 'Drama', 'Thriller']",3,1986.0,3,3.8333333333333335,0.7637626158259734,3.0,4.5,1986
26587,"Decalogue, The (Dekalog) (1989)",Crime|Drama|Romance,"['Crime', 'Drama', 'Romance']",3,1989.0,1,5.0,0.0,5.0,5.0,1989
26590,G.I. Joe: The Movie (1987),Action|Adventure|Animation|Children|Fantasy|Sci-Fi,"['Action', 'Adventure', 'Animation', 'Children', 'Fantasy', 'Sci-Fi']",6,1987.0,1,2.0,0.0,2.0,2.0,1987
26593,Hell Comes to Frogtown (1988),Action|Comedy|Sci-Fi,"['Action', 'Comedy', 'Sci-Fi']",3,1988.0,1,2.0,0.0,2.0,2.0,1988
26599,"Law of Desire (Ley del deseo, La) (1987)",Comedy|Drama|Romance,"['Comedy', 'Drama', 'Romance']",3,1987.0,1,4.0,0.0,4.0,4.0,1987
26603,Prince of Darkness (1987),Fantasy|Horror|Sci-Fi|Thriller,"['Fantasy', 'Horror', 'Sci-Fi', 'Thriller']",4,1987.0,1,4.5,0.0,4.5,4.5,1987
26606,"Chinese Ghost Story, A (Sinnui yauwan) (1987)",Action|Fantasy|Horror|Romance,"['Action', 'Fantasy', 'Horror', 'Romance']",4,1987.0,2,4.25,0.3535533905932738,4.0,4.5,1987
26612,"Better Tomorrow II, A (Ying hung boon sik II) (1987)",Crime|Drama|Thriller,"['Crime', 'Drama', 'Thriller']",3,1987.0,2,4.0,1.4142135623730951,3.0,5.0,1987
26614,"Bourne Identity, The (1988)",Action|Adventure|Drama|Mystery|Thriller,"['Action', 'Adventure', 'Drama', 'Mystery', 'Thriller']",5,1988.0,9,3.388888888888889,1.2190615698606495,0.5,4.5,1988
26622,Dominick and Eugene (1988),Drama,['Drama'],1,1988.0,1,3.0,0.0,3.0,3.0,1988
26629,Killer Klowns from Outer Space (1988),Comedy|Horror|Sci-Fi,"['Comedy', 'Horror', 'Sci-Fi']",3,1988.0,3,2.0,0.5,1.5,2.5,1988
26630,Moonwalker (1988),Musical,['Musical'],1,1988.0,1,3.0,0.0,3.0,3.0,1988
26631,Alice (Neco z Alenky) (1988),Animation|Fantasy|Mystery,"['Animation', 'Fantasy', 'Mystery']",3,1988.0,2,3.75,1.0606601717798212,3.0,4.5,1988
26645,Life Is a Long Quiet River (La vie est un long fleuve tranquille) (1988),Comedy,['Comedy'],1,1988.0,1,4.0,0.0,4.0,4.0,1988
26649,Lonesome Dove (1989),Adventure|Drama|Western,"['Adventure', 'Drama', 'Western']",3,1989.0,2,3.75,0.3535533905932738,3.5,4.0,1989
26662,Kiki's Delivery Service (Majo no takkyûbin) (1989),Adventure|Animation|Children|Drama|Fantasy,"['Adventure', 'Animation', 'Children', 'Drama', 'Fantasy']",5,1989.0,17,4.0588235294117645,0.7263425702874401,2.0,5.0,1989
26676,Almost an Angel (1990),Comedy,['Comedy'],1,1990.0,1,2.5,0.0,2.5,2.5,1990
26680,Cry-Baby (1990),Comedy|Musical|Romance,"['Comedy', 'Musical', 'Romance']",3,1990.0,5,3.8,0.758287544405155,3.0,5.0,1990
26681,Bullet in the Head (1990),Action|Drama|War,"['Action', 'Drama', 'War']",3,1990.0,2,4.0,1.4142135623730951,3.0,5.0,1990
26686,Ghost Dad (1990),Comedy|Fantasy,"['Comedy', 'Fantasy']",2,1990.0,3,1.5,0.8660254037844386,1.0,2.5,1990
26693,It (1990),Drama|Fantasy|Horror|Mystery|Thriller,"['Drama', 'Fantasy', 'Horror', 'Mystery', 'Thriller']",5,1990.0,1,4.0,0.0,4.0,4.0,1990
26694,Ju Dou (1990),Drama,['Drama'],1,1990.0,1,3.5,0.0,3.5,3.5,1990
26695,"Krays, The (1990)",Drama,['Drama'],1,1990.0,1,3.5,0.0,3.5,3.5,1990
26696,Lionheart (1990),Action,['Action'],1,1990.0,1,0.5,0.0,0.5,0.5,1990
26700,Nuns on the Run (1990),Comedy|Crime,"['Comedy', 'Crime']",2,1990.0,2,2.25,0.3535533905932738,2.0,2.5,1990
26701,Patlabor: The Movie (Kidô keisatsu patorebâ: The Movie) (1989),Action|Animation|Crime|Drama|Film-Noir|Mystery|Sci-Fi|Thriller,"['Action', 'Animation', 'Crime', 'Drama', 'Film-Noir', 'Mystery', 'Sci-Fi', 'Thriller']",8,1989.0,1,3.0,0.0,3.0,3.0,1989
26704,State of Grace (1990),Crime|Drama|Thriller,"['Crime', 'Drama', 'Thriller']",3,1990.0,2,4.0,0.0,4.0,4.0,1990
26712,35 Up (1991),Documentary,['Documentary'],1,1991.0,3,4.0,0.0,4.0,4.0,1991
26713,Days of Being Wild (A Fei jingjyuhn) (1990),Drama|Romance,"['Drama', 'Romance']",2,1990.0,1,4.5,0.0,4.5,4.5,1990
26717,Begotten (1990),Drama|Horror,"['Drama', 'Horror']",2,1990.0,1,0.5,0.0,0.5,0.5,1990
26726,Dutch (1991),Comedy,['Comedy'],1,1991.0,1,2.5,0.0,2.5,2.5,1991
26729,Hearts of Darkness: A Filmmakers Apocalypse (1991),Documentary,['Documentary'],1,1991.0,5,3.8,0.273861278752583,3.5,4.0,1991
26732,Johnny Stecchino (1991),Comedy,['Comedy'],1,1991.0,1,4.0,0.0,4.0,4.0,1991
26736,Riki-Oh: The Story of Ricky (Lik Wong) (1991),Action|Crime|Thriller,"['Action', 'Crime', 'Thriller']",3,1991.0,1,4.5,0.0,4.5,4.5,1991
26741,Mannequin 2: On the Move (1991),Comedy|Fantasy|Romance,"['Comedy', 'Fantasy', 'Romance']",3,1991.0,1,1.5,0.0,1.5,1.5,1991
26743,Only Yesterday (Omohide poro poro) (1991),Animation|Drama,"['Animation', 'Drama']",2,1991.0,1,2.5,0.0,2.5,2.5,1991
26745,Other People's Money (1991),Comedy|Drama|Romance,"['Comedy', 'Drama', 'Romance']",3,1991.0,1,2.5,0.0,2.5,2.5,1991
26750,Quigley Down Under (1990),Adventure|Drama|Western,"['Adventure', 'Drama', 'Western']",3,1990.0,2,3.25,0.3535533905932738,3.0,3.5,1990
26761,Prime Suspect 2 (1992),Crime|Drama|Mystery|Romance|Thriller,"['Crime', 'Drama', 'Mystery', 'Romance', 'Thriller']",5,1992.0,1,3.0,0.0,3.0,3.0,1992
26764,Captain America (1990),Action|Fantasy|Sci-Fi|Thriller|War,"['Action', 'Fantasy', 'Sci-Fi', 'Thriller', 'War']",5,1990.0,2,1.25,1.0606601717798212,0.5,2.0,1990
26765,City Hunter (Sing si lip yan) (1993),Action|Comedy|Romance,"['Action', 'Comedy', 'Romance']",3,1993.0,2,2.75,1.0606601717798212,2.0,3.5,1993
26776,Porco Rosso (Crimson Pig) (Kurenai no buta) (1992),Adventure|Animation|Comedy|Fantasy|Romance,"['Adventure', 'Animation', 'Comedy', 'Fantasy', 'Romance']",5,1992.0,14,3.892857142857143,0.7384644001776052,2.0,5.0,1992
26777,"Stolen Children (Ladro di bambini, Il) (1992)",Drama,['Drama'],1,1992.0,1,4.0,0.0,4.0,4.0,1992
26778,Ladybugs (1992),Comedy,['Comedy'],1,1992.0,3,3.0,1.0,2.0,4.0,1992
26782,"Mambo Kings, The (1992)",Drama|Musical,"['Drama', 'Musical']",2,1992.0,1,2.0,0.0,2.0,2.0,1992
26791,Shining Through (1992),Drama|Romance|Thriller|War,"['Drama', 'Romance', 'Thriller', 'War']",4,1992.0,1,1.5,0.0,1.5,1.5,1992
26792,Sidekicks (1992),Action|Adventure|Children|Comedy,"['Action', 'Adventure', 'Children', 'Comedy']",4,1992.0,2,1.5,0.0,1.5,1.5,1992
26796,"Heart in Winter, A (Un coeur en hiver) (1992)",Drama|Romance,"['Drama', 'Romance']",2,1992.0,1,3.5,0.0,3.5,3.5,1992
26797,Visions of Light: The Art of Cinematography (1992),Documentary,['Documentary'],1,1992.0,1,3.0,0.0,3.0,3.0,1992
26810,Bad Boy Bubby (1993),Drama,['Drama'],1,1993.0,3,4.833333333333333,0.2886751345948129,4.5,5.0,1993
26812,Barbarians at the Gate (1993),Drama,['Drama'],1,1993.0,2,2.75,0.3535533905932738,2.5,3.0,1993
26819,Fortress (1992),Action|Sci-Fi,"['Action', 'Sci-Fi']",2,1992.0,1,2.5,0.0,2.5,2.5,1992
26828,Mr. Nanny (1993),Action|Children|Comedy,"['Action', 'Children', 'Comedy']",3,1993.0,1,1.5,0.0,1.5,1.5,1993
26838,"Snapper, The (1993)",Comedy|Drama,"['Comedy', 'Drama']",2,1993.0,1,3.0,0.0,3.0,3.0,1993
26840,Sonatine (Sonachine) (1993),Action|Comedy|Crime|Drama,"['Action', 'Comedy', 'Crime', 'Drama']",4,1993.0,1,5.0,0.0,5.0,5.0,1993
26849,"Stand, The (1994)",Adventure|Drama|Fantasy|Horror|Sci-Fi,"['Adventure', 'Drama', 'Fantasy', 'Horror', 'Sci-Fi']",5,1994.0,1,5.0,0.0,5.0,5.0,1994
26854,"Darkman II: Return of Durant, The (1995)",Action|Crime|Horror,"['Action', 'Crime', 'Horror']",3,1995.0,1,2.5,0.0,2.5,2.5,1995
26861,Freaked (1993),Comedy|Sci-Fi,"['Comedy', 'Sci-Fi']",2,1993.0,1,3.5,0.0,3.5,3.5,1993
26865,Fist of Legend (Jing wu ying xiong) (1994),Action|Drama,"['Action', 'Drama']",2,1994.0,4,3.375,1.796988221070652,1.0,5.0,1994
26870,Major League II (1994),Comedy,['Comedy'],1,1994.0,3,2.6666666666666665,0.7637626158259734,2.0,3.5,1994
26871,My Father the Hero (1994),Comedy|Romance,"['Comedy', 'Romance']",2,1994.0,2,2.25,0.3535533905932738,2.0,2.5,1994
26875,"Pure Formality, A (Pura formalità, Una) (1994)",Crime|Film-Noir|Mystery|Thriller,"['Crime', 'Film-Noir', 'Mystery', 'Thriller']",4,1994.0,1,4.0,0.0,4.0,4.0,1994
26887,"Langoliers, The (1995)",Drama|Fantasy|Horror|Mystery|Sci-Fi|Thriller,"['Drama', 'Fantasy', 'Horror', 'Mystery', 'Sci-Fi', 'Thriller']",6,1995.0,1,3.0,0.0,3.0,3.0,1995
26900,"Last Wedding, The (Kivenpyörittäjän kylä) (1995)",Comedy|Drama,"['Comedy', 'Drama']",2,1995.0,1,3.0,0.0,3.0,3.0,1995
26901,Last of the Dogmen (1995),Adventure|Western,"['Adventure', 'Western']",2,1995.0,1,2.5,0.0,2.5,2.5,1995
26903,Whisper of the Heart (Mimi wo sumaseba) (1995),Animation|Drama|Romance,"['Animation', 'Drama', 'Romance']",3,1995.0,5,3.8,0.8366600265340756,2.5,4.5,1995
26913,Street Fighter II: The Animated Movie (Sutorîto Faitâ II gekijô-ban) (1994),Action|Animation,"['Action', 'Animation']",2,1994.0,1,1.5,0.0,1.5,1.5,1994
26928,"Summer's Tale, A (Conte d'été) (1996)",Comedy|Drama|Romance,"['Comedy', 'Drama', 'Romance']",3,1996.0,1,5.0,0.0,5.0,5.0,1996
26940,"Late Shift, The (1996)",Comedy,['Comedy'],1,1996.0,1,2.5,0.0,2.5,2.5,1996
26947,Pusher (1996),Crime|Thriller,"['Crime', 'Thriller']",2,1996.0,1,2.5,0.0,2.5,2.5,1996
26958,Emma (1996),Romance,['Romance'],1,1996.0,1,3.5,0.0,3.5,3.5,1996
26965,"Boxer, The (1997)",Drama|Thriller,"['Drama', 'Thriller']",2,1997.0,2,3.5,0.7071067811865476,3.0,4.0,1997
26974,Gummo (1997),Drama,['Drama'],1,1997.0,3,3.1666666666666665,0.7637626158259733,2.5,4.0,1997
26985,Nirvana (1997),Action|Sci-Fi,"['Action', 'Sci-Fi']",2,1997.0,1,4.5,0.0,4.5,4.5,1997
26999,"Lion King II: Simba's Pride, The (1998)",Adventure|Animation|Children|Musical|Romance,"['Adventure', 'Animation', 'Children', 'Musical', 'Romance']",5,1998.0,2,3.0,0.0,3.0,3.0,1998
27002,From the Earth to the Moon (1998),Action|Documentary|Drama|Thriller,"['Action', 'Documentary', 'Drama', 'Thriller']",4,1998.0,1,3.5,0.0,3.5,3.5,1998
27003,Beowulf (1999),Action|Horror|Sci-Fi,"['Action', 'Horror', 'Sci-Fi']",3,1999.0,1,3.0,0.0,3.0,3.0,1999
27006,RKO 281 (1999),Drama,['Drama'],1,1999.0,1,3.5,0.0,3.5,3.5,1999
27008,From Dusk Till Dawn 2: Texas Blood Money (1999) ,Comedy|Crime|Horror,"['Comedy', 'Crime', 'Horror']",3,1999.0,1,1.0,0.0,1.0,1.0,1999
27020,Gia (1998),Drama|Romance,"['Drama', 'Romance']",2,1998.0,5,3.4,0.2236067977499789,3.0,3.5,1998
27022,Thursday (1998),Action|Crime|Thriller,"['Action', 'Crime', 'Thriller']",3,1998.0,1,4.0,0.0,4.0,4.0,1998
27032,Who Am I? (Wo shi shei) (1998),Action|Adventure|Comedy|Sci-Fi|Thriller,"['Action', 'Adventure', 'Comedy', 'Sci-Fi', 'Thriller']",5,1998.0,2,3.5,0.7071067811865476,3.0,4.0,1998
27036,Merlin (1998),Action|Adventure|Drama|Fantasy|Romance,"['Action', 'Adventure', 'Drama', 'Fantasy', 'Romance']",5,1998.0,1,3.0,0.0,3.0,3.0,1998
27074,Brave New World (1998),Sci-Fi,['Sci-Fi'],1,1998.0,1,1.5,0.0,1.5,1.5,1998
27075,Addams Family Reunion (1998),Children|Comedy|Fantasy,"['Children', 'Comedy', 'Fantasy']",3,1998.0,1,3.0,0.0,3.0,3.0,1998
27105,Purgatory (1999),Fantasy|Western,"['Fantasy', 'Western']",2,1999.0,1,2.5,0.0,2.5,2.5,1999
27124,Bleeder (1999),Drama|Thriller,"['Drama', 'Thriller']",2,1999.0,1,2.0,0.0,2.0,2.0,1999
27140,Candyman 3: Day of the Dead (1999),Horror,['Horror'],1,1999.0,1,3.0,0.0,3.0,3.0,1999
27155,"Batman/Superman Movie, The (1998)",Action|Adventure|Animation|Children|Fantasy|Sci-Fi,"['Action', 'Adventure', 'Animation', 'Children', 'Fantasy', 'Sci-Fi']",6,1998.0,1,2.0,0.0,2.0,2.0,1998
27156,"Neon Genesis Evangelion: The End of Evangelion (Shin seiki Evangelion Gekijô-ban: Air/Magokoro wo, kimi ni) (1997)",Action|Animation|Drama|Fantasy|Sci-Fi,"['Action', 'Animation', 'Drama', 'Fantasy', 'Sci-Fi']",5,1997.0,5,4.3,0.273861278752583,4.0,4.5,1997
27176,Style Wars (1983),Documentary,['Documentary'],1,1983.0,1,4.5,0.0,4.5,4.5,1983
27186,Kirikou and the Sorceress (Kirikou et la sorcière) (1998),Adventure|Animation|Children|Fantasy,"['Adventure', 'Animation', 'Children', 'Fantasy']",4,1998.0,2,4.0,0.0,4.0,4.0,1998
27255,"Wind Will Carry Us, The (Bad ma ra khahad bord) (1999)",Drama,['Drama'],1,1999.0,1,3.5,0.0,3.5,3.5,1999
27317,Audition (Ôdishon) (1999),Drama|Horror|Mystery|Romance|Thriller,"['Drama', 'Horror', 'Mystery', 'Romance', 'Thriller']",5,1999.0,6,3.75,0.5244044240850757,3.0,4.5,1999
30994,Little Miss Marker (1980),Comedy|Drama,"['Comedy', 'Drama']",2,1980.0,1,4.0,0.0,4.0,4.0,1980
31000,Sweet Liberty (1986),Comedy,['Comedy'],1,1986.0,1,2.5,0.0,2.5,2.5,1986
31030,I Remember Mama (1948),Children|Drama,"['Children', 'Drama']",2,1948.0,1,4.0,0.0,4.0,4.0,1948
31038,Smooth Talk (1985),Drama|Romance,"['Drama', 'Romance']",2,1985.0,1,4.0,0.0,4.0,4.0,1985
31049,Out Cold (1989),Comedy|Thriller,"['Comedy', 'Thriller']",2,1989.0,1,2.5,0.0,2.5,2.5,1989
31083,Man Trouble (1992),Comedy|Romance,"['Comedy', 'Romance']",2,1992.0,1,2.0,0.0,2.0,2.0,1992
31086,Battles Without Honor & Humanity (Jingi naki tatakai) (1973),Crime|Drama,"['Crime', 'Drama']",2,1973.0,1,3.5,0.0,3.5,3.5,1973
31116,Sergeant York (1941),Drama|War,"['Drama', 'War']",2,1941.0,3,3.8333333333333335,0.7637626158259734,3.0,4.5,1941
31150,Wizards (1977),Animation|Fantasy|Sci-Fi|War,"['Animation', 'Fantasy', 'Sci-Fi', 'War']",4,1977.0,1,2.0,0.0,2.0,2.0,1977
31193,"Many Adventures of Winnie the Pooh, The (1977)",Animation|Children|Musical,"['Animation', 'Children', 'Musical']",3,1977.0,1,3.5,0.0,3.5,3.5,1977
31260,Boys Town (1938),Drama,['Drama'],1,1938.0,1,3.5,0.0,3.5,3.5,1938
31297,Gold Diggers of 1935 (1935),Comedy|Musical,"['Comedy', 'Musical']",2,1935.0,1,3.5,0.0,3.5,3.5,1935
31309,Rocco and His Brothers (Rocco e i suoi fratelli) (1960),Crime|Drama,"['Crime', 'Drama']",2,1960.0,1,3.5,0.0,3.5,3.5,1960
31367,"Chase, The (1994)",Action|Adventure|Comedy|Crime|Romance|Thriller,"['Action', 'Adventure', 'Comedy', 'Crime', 'Romance', 'Thriller']",6,1994.0,1,2.0,0.0,2.0,2.0,1994
31522,"Marriage of Maria Braun, The (Ehe der Maria Braun, Die) (1979)",Drama,['Drama'],1,1979.0,1,5.0,0.0,5.0,5.0,1979
31545,"Trou, Le (Hole, The) (Night Watch, The) (1960)",Crime|Film-Noir,"['Crime', 'Film-Noir']",2,1960.0,1,4.0,0.0,4.0,4.0,1960
31553,Double Dragon (1994),Action|Adventure|Sci-Fi,"['Action', 'Adventure', 'Sci-Fi']",3,1994.0,1,1.0,0.0,1.0,1.0,1994
31590,Hands Off the Loot (Touchez pas au grisbi) (1954),Crime|Drama|Thriller,"['Crime', 'Drama', 'Thriller']",3,1954.0,1,3.0,0.0,3.0,3.0,1954
31617,El Cid (1961),Action|Adventure|Drama|Romance|War,"['Action', 'Adventure', 'Drama', 'Romance', 'War']",5,1961.0,1,3.0,0.0,3.0,3.0,1961
31664,Gorgeous (Boh lee chun) (1999),Action|Comedy|Romance,"['Action', 'Comedy', 'Romance']",3,1999.0,1,3.5,0.0,3.5,3.5,1999
31737,Bunny Lake Is Missing (1965),Mystery|Thriller,"['Mystery', 'Thriller']",2,1965.0,1,3.5,0.0,3.5,3.5,1965
31851,Sons of the Desert (1933),Comedy,['Comedy'],1,1933.0,1,3.0,0.0,3.0,3.0,1933
31909,Dr. Giggles (1992),Comedy|Horror,"['Comedy', 'Horror']",2,1992.0,1,4.0,0.0,4.0,4.0,1992
31921,"Seven-Per-Cent Solution, The (1976)",Adventure|Comedy|Crime|Drama|Mystery|Thriller,"['Adventure', 'Comedy', 'Crime', 'Drama', 'Mystery', 'Thriller']",6,1976.0,1,2.5,0.0,2.5,2.5,1976
31923,"Three Musketeers, The (1973)",Action|Adventure|Comedy,"['Action', 'Adventure', 'Comedy']",3,1973.0,3,4.0,0.0,4.0,4.0,1973
31925,Royal Flash (1975),Adventure|Comedy|Romance,"['Adventure', 'Comedy', 'Romance']",3,1975.0,1,4.0,0.0,4.0,4.0,1975
31973,Germany Year Zero (Germania anno zero) (Deutschland im Jahre Null) (1948),Drama|War,"['Drama', 'War']",2,1948.0,1,3.5,0.0,3.5,3.5,1948
32058,Class Action (1991),Drama,['Drama'],1,1991.0,1,2.0,0.0,2.0,2.0,1991
32060,"Cat and the Canary, The (1927)",Horror|Mystery,"['Horror', 'Mystery']",2,1927.0,1,3.0,0.0,3.0,3.0,1927
32116,"Oh, God! You Devil (1984)",Comedy,['Comedy'],1,1984.0,1,2.5,0.0,2.5,2.5,1984
32139,"Agony and the Ecstasy, The (1965)",Drama,['Drama'],1,1965.0,1,4.0,0.0,4.0,4.0,1965
32160,Twentieth Century (1934),Comedy,['Comedy'],1,1934.0,0,0.0,0.0,0.0,0.0,1934
32179,Elevator to the Gallows (a.k.a. Frantic) (Ascenseur pour l'échafaud) (1958),Crime|Drama|Thriller,"['Crime', 'Drama', 'Thriller']",3,1958.0,1,4.0,0.0,4.0,4.0,1958
32234,Julia (1977),Drama,['Drama'],1,1977.0,1,4.0,0.0,4.0,4.0,1977
32371,Call Northside 777 (1948),Crime|Drama|Film-Noir,"['Crime', 'Drama', 'Film-Noir']",3,1948.0,0,0.0,0.0,0.0,0.0,1948
32387,"Sword of Doom, The (Dai-bosatsu tôge) (1966)",Action|Drama,"['Action', 'Drama']",2,1966.0,2,4.25,1.0606601717798212,3.5,5.0,1966
32440,If Looks Could Kill (1991),Action|Comedy,"['Action', 'Comedy']",2,1991.0,1,2.0,0.0,2.0,2.0,1991
32442,Greedy (1994),Comedy,['Comedy'],1,1994.0,1,2.5,0.0,2.5,2.5,1994
32456,"Pom Poko (a.k.a. Raccoon War, The) (Heisei tanuki gassen pompoko) (1994)",Animation|Comedy|Drama|Fantasy,"['Animation', 'Comedy', 'Drama', 'Fantasy']",4,1994.0,2,4.25,0.3535533905932738,4.0,4.5,1994
32460,Knockin' on Heaven's Door (1997),Action|Comedy|Crime|Drama,"['Action', 'Comedy', 'Crime', 'Drama']",4,1997.0,4,4.25,0.6454972243679028,3.5,5.0,1997
32469,We're No Angels (1955),Comedy|Crime|Drama,"['Comedy', 'Crime', 'Drama']",3,1955.0,1,4.5,0.0,4.5,4.5,1955
32511,"Touch of Zen, A (Xia nu) (1971)",Action|Adventure,"['Action', 'Adventure']",2,1971.0,1,4.5,0.0,4.5,4.5,1971
32515,Walker (1987),Adventure|Drama|War|Western,"['Adventure', 'Drama', 'War', 'Western']",4,1987.0,1,2.5,0.0,2.5,2.5,1987
32554,Memories (Memorîzu) (1995),Animation|Fantasy|Sci-Fi|Thriller,"['Animation', 'Fantasy', 'Sci-Fi', 'Thriller']",4,1995.0,3,3.8333333333333335,0.7637626158259733,3.0,4.5,1995
32632,Electra Glide in Blue (1973),Action|Crime,"['Action', 'Crime']",2,1973.0,1,3.5,0.0,3.5,3.5,1973
32649,"Special Day, A (Giornata particolare, Una) (1977)",Drama|War,"['Drama', 'War']",2,1977.0,1,4.0,0.0,4.0,4.0,1977
32657,"Man Who Planted Trees, The (Homme qui plantait des arbres, L') (1987)",Animation|Drama,"['Animation', 'Drama']",2,1987.0,4,4.25,0.4999999999999999,3.5,4.5,1987
32728,"Little Girl Who Lives Down the Lane, The (1976)",Drama|Mystery|Thriller,"['Drama', 'Mystery', 'Thriller']",3,1976.0,1,4.0,0.0,4.0,4.0,1976
32799,Maidens in Uniform (Mädchen in Uniform) (1931),Drama|Romance,"['Drama', 'Romance']",2,1931.0,1,3.5,0.0,3.5,3.5,1931
32862,With Six You Get Eggroll (1968),Comedy|Romance,"['Comedy', 'Romance']",2,1968.0,1,4.0,0.0,4.0,4.0,1968
32875,Holiday (Jour de fête) (1949),Comedy,['Comedy'],1,1949.0,1,3.0,0.0,3.0,3.0,1949
32892,Ivan's Childhood (a.k.a. My Name is Ivan) (Ivanovo detstvo) (1962),Drama|War,"['Drama', 'War']",2,1962.0,2,2.75,3.181980515339464,0.5,5.0,1962
32898,"Trip to the Moon, A (Voyage dans la lune, Le) (1902)",Action|Adventure|Fantasy|Sci-Fi,"['Action', 'Adventure', 'Fantasy', 'Sci-Fi']",4,1902.0,5,3.5,0.6123724356957945,3.0,4.5,1902
32906,"Ascent, The (Voskhozhdeniye) (1977)",Drama|War,"['Drama', 'War']",2,1977.0,1,3.5,0.0,3.5,3.5,1977
32917,Boccaccio '70 (1962),Comedy|Fantasy|Romance,"['Comedy', 'Fantasy', 'Romance']",3,1962.0,1,4.0,0.0,4.0,4.0,1962
33126,"Frisco Kid, The (1979)",Comedy|Western,"['Comedy', 'Western']",2,1979.0,1,2.5,0.0,2.5,2.5,1979
33188,Mischief (1985),Comedy|Romance,"['Comedy', 'Romance']",2,1985.0,1,2.5,0.0,2.5,2.5,1985
33201,Between Your Legs (Entre las piernas) (1999),Drama|Mystery|Romance|Thriller,"['Drama', 'Mystery', 'Romance', 'Thriller']",4,1999.0,1,4.5,0.0,4.5,4.5,1999
33237,San Francisco (1936),Drama|Musical|Romance,"['Drama', 'Musical', 'Romance']",3,1936.0,1,4.0,0.0,4.0,4.0,1936
33294,Vampire Hunter D (1985),Animation|Fantasy|Horror,"['Animation', 'Fantasy', 'Horror']",3,1985.0,1,2.5,0.0,2.5,2.5,1985
33312,"Cocoanuts, The (1929)",Comedy|Musical,"['Comedy', 'Musical']",2,1929.0,1,3.5,0.0,3.5,3.5,1929
33564,Divorce - Italian Style (Divorzio all'italiana) (1961),Comedy,['Comedy'],1,1961.0,2,4.5,0.7071067811865476,4.0,5.0,1961
33629,Airborne (1993),Adventure|Comedy,"['Adventure', 'Comedy']",2,1993.0,1,2.5,0.0,2.5,2.5,1993
33779,Eddie Izzard: Dress to Kill (1999),Comedy,['Comedy'],1,1999.0,2,4.5,0.7071067811865476,4.0,5.0,1999
33781,Quo Vadis (1951),Drama|Romance,"['Drama', 'Romance']",2,1951.0,2,3.0,0.7071067811865476,2.5,3.5,1951
33966,Cop and ½ (1993),Comedy,['Comedy'],1,1993.0,1,1.5,0.0,1.5,1.5,1993
34018,At the Circus (1939),Comedy|Musical,"['Comedy', 'Musical']",2,1939.0,1,3.0,0.0,3.0,3.0,1939
34292,Hardware (1990),Action|Horror|Sci-Fi,"['Action', 'Horror', 'Sci-Fi']",3,1990.0,1,1.5,0.0,1.5,1.5,1990
34359,Georgy Girl (1966),Comedy,['Comedy'],1,1966.0,1,4.0,0.0,4.0,4.0,1966
34450,Miracles - Mr. Canton and Lady Rose (1989),Action|Comedy|Crime|Drama,"['Action', 'Comedy', 'Crime', 'Drama']",4,1989.0,1,4.5,0.0,4.5,4.5,1989
34482,"Browning Version, The (1951)",Drama,['Drama'],1,1951.0,0,0.0,0.0,0.0,0.0,1951
34800,Private Resort (1985),Comedy,['Comedy'],1,1985.0,1,1.5,0.0,1.5,1.5,1985
35347,Animal Farm (1954),Animation|Drama,"['Animation', 'Drama']",2,1954.0,1,1.0,0.0,1.0,1.0,1954
35807,"Teahouse of the August Moon, The (1956)",Comedy,['Comedy'],1,1956.0,1,4.0,0.0,4.0,4.0,1956
36289,Asterix & Obelix vs. Caesar (Astérix et Obélix contre César) (1999),Adventure|Children|Comedy|Fantasy,"['Adventure', 'Children', 'Comedy', 'Fantasy']",4,1999.0,1,4.0,0.0,4.0,4.0,1999
36363,Kin-Dza-Dza! (1986),Comedy|Drama|Sci-Fi,"['Comedy', 'Drama', 'Sci-Fi']",3,1986.0,2,3.75,0.3535533905932738,3.5,4.0,1986
36850,Police Story 2 (Ging chaat goo si juk jaap) (1988),Action|Comedy|Crime|Thriller,"['Action', 'Comedy', 'Crime', 'Thriller']",4,1988.0,2,3.75,1.0606601717798212,3.0,4.5,1988
37211,Go West (1940),Comedy|Musical|Western,"['Comedy', 'Musical', 'Western']",3,1940.0,1,3.0,0.0,3.0,3.0,1940
37444,Frankenstein 90 (1984),Comedy|Horror|Romance,"['Comedy', 'Horror', 'Romance']",3,1984.0,1,4.0,0.0,4.0,4.0,1984
37545,Woyzeck (1979),Drama,['Drama'],1,1979.0,2,3.25,0.3535533905932738,3.0,3.5,1979
38159,"Short Film About Love, A (Krótki film o milosci) (1988)",Drama|Romance,"['Drama', 'Romance']",2,1988.0,1,4.5,0.0,4.5,4.5,1988
38164,"All This, and Heaven Too (1940)",Drama|Romance,"['Drama', 'Romance']",2,1940.0,1,4.0,0.0,4.0,4.0,1940
38583,"Wraith, The (1986)",Action|Horror|Sci-Fi|Thriller,"['Action', 'Horror', 'Sci-Fi', 'Thriller']",4,1986.0,1,2.5,0.0,2.5,2.5,1986
40478,Night of the Lepus (1972),Horror|Sci-Fi|Thriller,"['Horror', 'Sci-Fi', 'Thriller']",3,1972.0,1,2.5,0.0,2.5,2.5,1972
40491,"Match Factory Girl, The (Tulitikkutehtaan tyttö) (1990)",Comedy|Drama,"['Comedy', 'Drama']",2,1990.0,1,5.0,0.0,5.0,5.0,1990
40578,Sword of the Beast (Kedamono no ken) (1965),Action|Drama,"['Action', 'Drama']",2,1965.0,1,3.0,0.0,3.0,3.0,1965
40697,Babylon 5,Sci-Fi,['Sci-Fi'],1,,2,2.25,2.4748737341529163,0.5,4.0,0
41014,"Bird with the Crystal Plumage, The (Uccello dalle piume di cristallo, L') (1970)",Crime|Horror|Mystery|Thriller,"['Crime', 'Horror', 'Mystery', 'Thriller']",4,1970.0,1,4.0,0.0,4.0,4.0,1970
41627,Samurai Rebellion (Jôi-uchi: Hairyô tsuma shimatsu) (1967),Action|Drama,"['Action', 'Drama']",2,1967.0,1,3.5,0.0,3.5,3.5,1967
41712,"Room for Romeo Brass, A (1999)",Comedy|Drama,"['Comedy', 'Drama']",2,1999.0,1,4.0,0.0,4.0,4.0,1999
41828,Don't Look Now: We're Being Shot At (La grande vadrouille) (1966),Comedy|War,"['Comedy', 'War']",2,1966.0,1,4.5,0.0,4.5,4.5,1966
42176,"Ear, The (Ucho) (1970)",Drama|Thriller,"['Drama', 'Thriller']",2,1970.0,1,4.0,0.0,4.0,4.0,1970
42191,Luxo Jr. (1986),Animation|Children,"['Animation', 'Children']",2,1986.0,2,3.75,1.0606601717798212,3.0,4.5,1986
42285,"Dentist, The (1996)",Horror|Thriller,"['Horror', 'Thriller']",2,1996.0,1,3.0,0.0,3.0,3.0,1996
42556,7 Faces of Dr. Lao (1964),Fantasy|Mystery|Western,"['Fantasy', 'Mystery', 'Western']",3,1964.0,1,5.0,0.0,5.0,5.0,1964
42559,Samurai Assassin (Samurai) (1965),Action|Adventure|Drama,"['Action', 'Adventure', 'Drama']",3,1965.0,1,3.0,0.0,3.0,3.0,1965
42761,Casper Meets Wendy (1998),Adventure|Children|Comedy|Fantasy,"['Adventure', 'Children', 'Comedy', 'Fantasy']",4,1998.0,1,4.5,0.0,4.5,4.5,1998
42943,Revolution (1985),Adventure|Drama|War,"['Adventure', 'Drama', 'War']",3,1985.0,1,2.5,0.0,2.5,2.5,1985
42946,Project A ('A' gai waak) (1983),Action|Comedy,"['Action', 'Comedy']",2,1983.0,2,4.0,1.4142135623730951,3.0,5.0,1983
43289,"Bird People in China, The (Chûgoku no chôjin) (1998)",Adventure|Comedy|Drama|Fantasy,"['Adventure', 'Comedy', 'Drama', 'Fantasy']",4,1998.0,1,4.0,0.0,4.0,4.0,1998
43677,"Tuskegee Airmen, The (1995)",Drama|War,"['Drama', 'War']",2,1995.0,1,2.0,0.0,2.0,2.0,1995
44238,Leprechaun 2 (1994),Comedy|Fantasy|Horror,"['Comedy', 'Fantasy', 'Horror']",3,1994.0,1,2.5,0.0,2.5,2.5,1994
44241,Leprechaun 3 (1995),Comedy|Fantasy|Horror,"['Comedy', 'Fantasy', 'Horror']",3,1995.0,1,2.0,0.0,2.0,2.0,1995
44243,Leprechaun 4: In Space (1997),Comedy|Fantasy|Horror|Sci-Fi,"['Comedy', 'Fantasy', 'Horror', 'Sci-Fi']",4,1997.0,1,0.5,0.0,0.5,0.5,1997
44597,Youth of the Beast (Yaju no seishun) (1963),Action|Crime|Mystery,"['Action', 'Crime', 'Mystery']",3,1963.0,1,4.0,0.0,4.0,4.0,1963
44657,Mouchette (1967),Drama,['Drama'],1,1967.0,1,3.0,0.0,3.0,3.0,1967
44931,Secrets of a Soul (Geheimnisse einer Seele) (1926),Drama,['Drama'],1,1926.0,1,4.5,0.0,4.5,4.5,1926
45969,Career Opportunities (1991),Comedy|Romance,"['Comedy', 'Romance']",2,1991.0,1,2.5,0.0,2.5,2.5,1991
46367,"Public Eye, The (1992)",Crime|Thriller,"['Crime', 'Thriller']",2,1992.0,1,2.0,0.0,2.0,2.0,1992
46664,"Fallen Idol, The (1948)",Drama|Mystery|Thriller,"['Drama', 'Mystery', 'Thriller']",3,1948.0,1,2.5,0.0,2.5,2.5,1948
46855,Army of Shadows (L'armée des ombres) (1969),Action|Drama|Thriller|War,"['Action', 'Drama', 'Thriller', 'War']",4,1969.0,1,4.5,0.0,4.5,4.5,1969
46862,Orchestra Rehearsal (Prova d'orchestra) (1978),Drama,['Drama'],1,1978.0,1,3.5,0.0,3.5,3.5,1978
47538,Crime Busters (1977),Action|Adventure|Comedy|Crime,"['Action', 'Adventure', 'Comedy', 'Crime']",4,1977.0,1,2.5,0.0,2.5,2.5,1977
47566,Born to Kill (1947),Crime|Drama|Film-Noir,"['Crime', 'Drama', 'Film-Noir']",3,1947.0,1,4.0,0.0,4.0,4.0,1947
47721,"Red Balloon, The (Ballon rouge, Le) (1956)",Children|Fantasy,"['Children', 'Fantasy']",2,1956.0,1,3.5,0.0,3.5,3.5,1956
47736,"Chump at Oxford, A (1940)",Comedy,['Comedy'],1,1940.0,1,5.0,0.0,5.0,5.0,1940
47774,"Icicle Thief, The (Ladri di saponette) (1989)",Comedy|Fantasy,"['Comedy', 'Fantasy']",2,1989.0,1,3.0,0.0,3.0,3.0,1989
48045,Fear City: A Family-Style Comedy (La cité de la peur) (1994),Comedy,['Comedy'],1,1994.0,1,4.0,0.0,4.0,4.0,1994
48638,Fellini's Casanova (Il Casanova di Federico Fellini) (1976),Drama|Romance,"['Drama', 'Romance']",2,1976.0,2,3.5,0.0,3.5,3.5,1976
48649,Chapayev (1934),Drama|War,"['Drama', 'War']",2,1934.0,1,4.5,0.0,4.5,4.5,1934
49110,Mom and Dad Save the World (1992),Comedy|Sci-Fi,"['Comedy', 'Sci-Fi']",2,1992.0,1,2.0,0.0,2.0,2.0,1992
49389,The Great Train Robbery (1903),Crime|Western,"['Crime', 'Western']",2,1903.0,2,2.5,2.1213203435596424,1.0,4.0,1903
49688,"Dam Busters, The (1955)",Action|Drama|War,"['Action', 'Drama', 'War']",3,1955.0,1,4.0,0.0,4.0,4.0,1955
50354,The Return of Don Camillo (1953),Comedy,['Comedy'],1,1953.0,1,3.0,0.0,3.0,3.0,1953
50356,The Little World of Don Camillo (1952),Comedy,['Comedy'],1,1952.0,1,3.0,0.0,3.0,3.0,1952
50740,Seven Up! (1964),Documentary,['Documentary'],1,1964.0,3,3.8333333333333335,0.2886751345948129,3.5,4.0,1964
51024,The Odyssey (1997),Adventure|Drama|Fantasy,"['Adventure', 'Drama', 'Fantasy']",3,1997.0,3,3.1666666666666665,1.0408329997330663,2.0,4.0,1997
51357,Citizen X (1995),Crime|Drama|Thriller,"['Crime', 'Drama', 'Thriller']",3,1995.0,1,4.0,0.0,4.0,4.0,1995
51562,Babylon 5: The Gathering (1993),Sci-Fi,['Sci-Fi'],1,1993.0,1,4.0,0.0,4.0,4.0,1993
51573,Meshes of the Afternoon (1943),Fantasy,['Fantasy'],1,1943.0,1,3.0,0.0,3.0,3.0,1943
52319,Inglorious Bastards (Quel maledetto treno blindato) (1978),Action|Adventure|Drama|War,"['Action', 'Adventure', 'Drama', 'War']",4,1978.0,7,3.571428571428572,1.455694892155502,0.5,4.5,1978
52435,How the Grinch Stole Christmas! (1966),Animation|Comedy|Fantasy|Musical,"['Animation', 'Comedy', 'Fantasy', 'Musical']",4,1966.0,11,3.590909090909091,0.9170109546287278,1.5,5.0,1966
52767,21 Up (1977),Documentary,['Documentary'],1,1977.0,3,4.0,0.0,4.0,4.0,1977
52831,Maniac Cop (1988),Action|Crime|Horror|Thriller,"['Action', 'Crime', 'Horror', 'Thriller']",4,1988.0,1,3.5,0.0,3.5,3.5,1988
53022,Wheels on Meals (Kuai can che) (1984),Action|Comedy|Crime|Romance,"['Action', 'Comedy', 'Crime', 'Romance']",4,1984.0,2,3.75,1.0606601717798212,3.0,4.5,1984
53355,Sun Alley (Sonnenallee) (1999),Comedy|Romance,"['Comedy', 'Romance']",2,1999.0,1,5.0,0.0,5.0,5.0,1999
53450,"Legend of Sleepy Hollow, The (1980)",Comedy|Fantasy|Horror,"['Comedy', 'Fantasy', 'Horror']",3,1980.0,1,1.5,0.0,1.5,1.5,1980
53453,Starcrash (a.k.a. Star Crash) (1978),Action|Adventure|Fantasy|Sci-Fi,"['Action', 'Adventure', 'Fantasy', 'Sci-Fi']",4,1978.0,1,0.5,0.0,0.5,0.5,1978
54121,Broken Arrow (1950),Drama|Romance|Western,"['Drama', 'Romance', 'Western']",3,1950.0,1,3.0,0.0,3.0,3.0,1950
55036,Gotti (1996),Crime|Drama,"['Crime', 'Drama']",2,1996.0,1,2.5,0.0,2.5,2.5,1996
55854,"Fugitive, The (1947)",Drama,['Drama'],1,1947.0,1,3.0,0.0,3.0,3.0,1947
56022,Harrison Bergeron (1995),Drama|Sci-Fi,"['Drama', 'Sci-Fi']",2,1995.0,1,2.0,0.0,2.0,2.0,1995
57499,Heaven and Earth (Ten to Chi to) (1990),Action|Adventure|Drama|War,"['Action', 'Adventure', 'Drama', 'War']",4,1990.0,1,3.0,0.0,3.0,3.0,1990
57772,World on a Wire (Welt am Draht) (1973),Crime|Sci-Fi,"['Crime', 'Sci-Fi']",2,1973.0,2,3.75,0.3535533905932738,3.5,4.0,1973
59947,"Protector, The (1985)",Action|Comedy|Drama|Thriller,"['Action', 'Comedy', 'Drama', 'Thriller']",4,1985.0,1,2.0,0.0,2.0,2.0,1985
60365,Frosty the Snowman (1969),Animation|Children|Comedy|Fantasy|Musical,"['Animation', 'Children', 'Comedy', 'Fantasy', 'Musical']",5,1969.0,1,1.5,0.0,1.5,1.5,1969
60487,"It's the Great Pumpkin, Charlie Brown (1966)",Animation|Children|Comedy,"['Animation', 'Children', 'Comedy']",3,1966.0,5,3.8,0.8366600265340756,3.0,5.0,1966
60803,"Little Drummer Boy, The (1968)",Animation|Children|Musical,"['Animation', 'Children', 'Musical']",3,1968.0,1,2.5,0.0,2.5,2.5,1968
60904,Heart of a Dog (Sobachye serdtse) (1988),Comedy|Drama|Sci-Fi,"['Comedy', 'Drama', 'Sci-Fi']",3,1988.0,1,4.0,0.0,4.0,4.0,1988
62208,"Sound of the Mountain (Thunder of the Mountain, The) (Yama no oto) (1954)",Drama,['Drama'],1,1954.0,1,4.5,0.0,4.5,4.5,1954
62383,"20,000 Leagues Under the Sea (1916)",Action|Adventure|Sci-Fi,"['Action', 'Adventure', 'Sci-Fi']",3,1916.0,2,3.75,0.3535533905932738,3.5,4.0,1916
62662,Tokyo-Ga (1985),Documentary,['Documentary'],1,1985.0,1,3.0,0.0,3.0,3.0,1985
63239,Cinderella (1997),Children|Fantasy|Musical|Romance,"['Children', 'Fantasy', 'Musical', 'Romance']",4,1997.0,1,3.0,0.0,3.0,3.0,1997
63768,Tattooed Life (Irezumi ichidai) (1965),Crime|Drama,"['Crime', 'Drama']",2,1965.0,1,3.0,0.0,3.0,3.0,1965
65133,Blackadder Back & Forth (1999),Comedy,['Comedy'],1,1999.0,2,3.5,0.7071067811865476,3.0,4.0,1999
65135,Blackadder's Christmas Carol (1988),Comedy,['Comedy'],1,1988.0,1,3.0,0.0,3.0,3.0,1988
65350,"General Died at Dawn, The (1936)",Adventure|Crime|Thriller,"['Adventure', 'Crime', 'Thriller']",3,1936.0,1,0.5,0.0,0.5,0.5,1936
65738,Revenge of the Nerds III: The Next Generation (1992),Comedy,['Comedy'],1,1992.0,1,4.0,0.0,4.0,4.0,1992
65740,Revenge of the Nerds IV: Nerds in Love (1994),Comedy|Romance,"['Comedy', 'Romance']",2,1994.0,1,4.0,0.0,4.0,4.0,1994
66915,Rock-A-Doodle (1991),Adventure|Animation|Children|Musical,"['Adventure', 'Animation', 'Children', 'Musical']",4,1991.0,1,2.0,0.0,2.0,2.0,1991
67888,Man on the Flying Trapeze (1935),Comedy,['Comedy'],1,1935.0,1,4.5,0.0,4.5,4.5,1935
68480,Flatfoot on the Nile (Piedone d'Egitto) (1980),Action|Comedy|Crime,"['Action', 'Comedy', 'Crime']",3,1980.0,1,1.5,0.0,1.5,1.5,1980
68597,Scorpio (1973),Action|Drama|Thriller,"['Action', 'Drama', 'Thriller']",3,1973.0,1,4.0,0.0,4.0,4.0,1973
68872,Paisan (Paisà) (1946),Drama|War,"['Drama', 'War']",2,1946.0,1,4.0,0.0,4.0,4.0,1946
68945,Neon Genesis Evangelion: Death & Rebirth (Shin seiki Evangelion Gekijô-ban: Shito shinsei) (1997),Action|Animation|Mystery|Sci-Fi,"['Action', 'Animation', 'Mystery', 'Sci-Fi']",4,1997.0,2,4.0,0.7071067811865476,3.5,4.5,1997
69224,Marius and Jeanette (Marius et Jeannette) (1997),Comedy|Drama|Romance,"['Comedy', 'Drama', 'Romance']",3,1997.0,1,4.0,0.0,4.0,4.0,1997
69227,Ernest Rides Again (1993),Children|Comedy,"['Children', 'Comedy']",2,1993.0,1,1.0,0.0,1.0,1.0,1993
69453,"Land That Time Forgot, The (1975)",Adventure|Sci-Fi,"['Adventure', 'Sci-Fi']",2,1975.0,2,1.5,0.7071067811865476,1.0,2.0,1975
69524,Raiders of the Lost Ark: The Adaptation (1989),Action|Adventure|Thriller,"['Action', 'Adventure', 'Thriller']",3,1989.0,3,4.333333333333333,0.2886751345948129,4.0,4.5,1989
69849,Roots (1977),Drama|War,"['Drama', 'War']",2,1977.0,3,3.1666666666666665,0.5773502691896258,2.5,3.5,1977
70492,Winds of the Wasteland (1936),Western,['Western'],1,1936.0,1,3.5,0.0,3.5,3.5,1936
70703,Christopher Columbus: The Discovery (1992),Adventure,['Adventure'],1,1992.0,1,2.0,0.0,2.0,2.0,1992
70946,Troll 2 (1990),Fantasy|Horror,"['Fantasy', 'Horror']",2,1990.0,3,3.5,2.598076211353316,0.5,5.0,1990
70990,If These Walls Could Talk (1996),Drama,['Drama'],1,1996.0,1,2.5,0.0,2.5,2.5,1996
71147,Death of a Cyclist (Muerte de un ciclista) (1955),Drama,['Drama'],1,1955.0,1,3.0,0.0,3.0,3.0,1955
71302,Attack of the 50 Foot Woman (1958),Comedy|Sci-Fi,"['Comedy', 'Sci-Fi']",2,1958.0,1,4.5,0.0,4.5,4.5,1958
71453,"Blood of the Beasts (Sang des bêtes, Le) (1949)",Documentary|Drama,"['Documentary', 'Drama']",2,1949.0,1,4.0,0.0,4.0,4.0,1949
71810,Legionnaire (1998),Action|Adventure|Drama|War,"['Action', 'Adventure', 'Drama', 'War']",4,1998.0,1,0.5,0.0,0.5,0.5,1998
71970,"Princess and the Pirate, The (1944)",Adventure|Comedy|Romance,"['Adventure', 'Comedy', 'Romance']",3,1944.0,1,4.0,0.0,4.0,4.0,1944
71999,Aelita: The Queen of Mars (Aelita) (1924),Action|Adventure|Drama|Fantasy|Romance|Sci-Fi|Thriller,"['Action', 'Adventure', 'Drama', 'Fantasy', 'Romance', 'Sci-Fi', 'Thriller']",7,1924.0,1,4.5,0.0,4.5,4.5,1924
72104,Balance (1989),Animation|Drama|Mystery|Sci-Fi|Thriller,"['Animation', 'Drama', 'Mystery', 'Sci-Fi', 'Thriller']",5,1989.0,1,4.5,0.0,4.5,4.5,1989
72591,"Patriot, The (1998)",Action|Thriller,"['Action', 'Thriller']",2,1998.0,1,3.5,0.0,3.5,3.5,1998
72692,Mickey's Once Upon a Christmas (1999),Animation|Comedy|Fantasy,"['Animation', 'Comedy', 'Fantasy']",3,1999.0,1,5.0,0.0,5.0,5.0,1999
72874,"Peacekeeper, The (1997)",Action,['Action'],1,1997.0,1,1.0,0.0,1.0,1.0,1997
72921,Snow White (1916),Fantasy|Romance,"['Fantasy', 'Romance']",2,1916.0,1,3.5,0.0,3.5,3.5,1916
73160,Sorority Babes in the Slimeball Bowl-O-Rama (1988),Comedy|Horror,"['Comedy', 'Horror']",2,1988.0,1,2.5,0.0,2.5,2.5,1988
73499,MacGyver: Lost Treasure of Atlantis (1994),Action|Adventure,"['Action', 'Adventure']",2,1994.0,1,3.5,0.0,3.5,3.5,1994
73501,Pekka ja Pätkä Suezilla (1958),Comedy,['Comedy'],1,1958.0,1,3.5,0.0,3.5,3.5,1958
73569,Project A 2 ('A' gai wak juk jap) (1987),Action|Comedy|Crime,"['Action', 'Comedy', 'Crime']",3,1987.0,2,3.75,1.7677669529663689,2.5,5.0,1987
73822,Meantime (1984),Comedy|Drama,"['Comedy', 'Drama']",2,1984.0,1,5.0,0.0,5.0,5.0,1984
73854,"Rudolph, the Red-Nosed Reindeer (1964)",Adventure|Animation|Children|Fantasy|Musical,"['Adventure', 'Animation', 'Children', 'Fantasy', 'Musical']",5,1964.0,3,3.8333333333333335,0.7637626158259733,3.0,4.5,1964
74089,Peter Pan (1960),Children|Fantasy|Musical,"['Children', 'Fantasy', 'Musical']",3,1960.0,1,3.5,0.0,3.5,3.5,1960
74095,Wicked City (Yôjû toshi) (1987),Animation|Fantasy|Horror|Sci-Fi,"['Animation', 'Fantasy', 'Horror', 'Sci-Fi']",4,1987.0,1,2.5,0.0,2.5,2.5,1987
74226,"Dream of Light (a.k.a. Quince Tree Sun, The) (Sol del membrillo, El) (1992)",Documentary|Drama,"['Documentary', 'Drama']",2,1992.0,1,5.0,0.0,5.0,5.0,1992
74282,Anne of Green Gables: The Sequel (a.k.a. Anne of Avonlea) (1987),Children|Drama|Romance,"['Children', 'Drama', 'Romance']",3,1987.0,2,4.75,0.3535533905932738,4.5,5.0,1987
74342,"Captain Newman, M.D. (1963)",Comedy|Drama|War,"['Comedy', 'Drama', 'War']",3,1963.0,1,4.5,0.0,4.5,4.5,1963
74727,Gentlemen of Fortune (Dzhentlmeny udachi) (1972),Comedy|Crime|Drama|Mystery,"['Comedy', 'Crime', 'Drama', 'Mystery']",4,1972.0,2,4.75,0.3535533905932738,4.5,5.0,1972
75416,Generation X (1996),Action|Adventure|Sci-Fi,"['Action', 'Adventure', 'Sci-Fi']",3,1996.0,1,1.5,0.0,1.5,1.5,1996
75947,Mondo Cane (1962),Documentary,['Documentary'],1,1962.0,1,2.0,0.0,2.0,2.0,1962
77688,Three Men and a Cradle (3 hommes et un couffin) (1985),Comedy,['Comedy'],1,1985.0,1,4.5,0.0,4.5,4.5,1985
77846,12 Angry Men (1997),Crime|Drama,"['Crime', 'Drama']",2,1997.0,1,5.0,0.0,5.0,5.0,1997
78620,"Scalphunters, The (1968)",Comedy|Western,"['Comedy', 'Western']",2,1968.0,1,4.5,0.0,4.5,4.5,1968
79333,Watch Out for the Automobile (Beregis avtomobilya) (1966),Comedy|Crime|Romance,"['Comedy', 'Crime', 'Romance']",3,1966.0,1,4.0,0.0,4.0,4.0,1966
80083,Dragon Ball Z: Dead Zone (Doragon bôru Z 1: Ora no Gohan wo kaese) (1989),Action|Adventure|Animation|Fantasy|Sci-Fi,"['Action', 'Adventure', 'Animation', 'Fantasy', 'Sci-Fi']",5,1989.0,1,4.0,0.0,4.0,4.0,1989
80478,"Man Vanishes, A (Ningen Johatsu) (1967)",Documentary|Drama|Mystery,"['Documentary', 'Drama', 'Mystery']",3,1967.0,1,4.0,0.0,4.0,4.0,1967
80748,Alice in Wonderland (1933),Adventure|Children|Fantasy,"['Adventure', 'Children', 'Fantasy']",3,1933.0,1,4.0,0.0,4.0,4.0,1933
81681,I Shot Jesse James (1949),Drama|Romance|Western,"['Drama', 'Romance', 'Western']",3,1949.0,1,2.0,0.0,2.0,2.0,1949
82641,"One-Armed Swordsman, The (Dubei dao) (1967)",Action|Drama,"['Action', 'Drama']",2,1967.0,1,3.0,0.0,3.0,3.0,1967
82848,One Week (1920),Comedy,['Comedy'],1,1920.0,1,3.5,0.0,3.5,3.5,1920
83969,Down Argentine Way (1940),Comedy|Drama|Romance,"['Comedy', 'Drama', 'Romance']",3,1940.0,1,5.0,0.0,5.0,5.0,1940
84246,It Happened on Fifth Avenue (1947),Comedy|Romance,"['Comedy', 'Romance']",2,1947.0,1,4.5,0.0,4.5,4.5,1947
84512,Girls About Town (1931),Comedy,['Comedy'],1,1931.0,1,5.0,0.0,5.0,5.0,1931
84523,Kill! (Kiru) (1968),Action|Comedy|Drama,"['Action', 'Comedy', 'Drama']",3,1968.0,1,3.0,0.0,3.0,3.0,1968
84553,Pekka ja Pätkä salapoliiseina (1957),Comedy,['Comedy'],1,1957.0,1,4.0,0.0,4.0,4.0,1957
84799,"Asphyx, The (1973)",Horror|Sci-Fi,"['Horror', 'Sci-Fi']",2,1973.0,1,4.5,0.0,4.5,4.5,1973
85259,Winnie the Pooh and the Honey Tree (1966),Animation|Children,"['Animation', 'Children']",2,1966.0,1,4.0,0.0,4.0,4.0,1966
85316,Winnie the Pooh and Tigger Too (1974),Animation|Children,"['Animation', 'Children']",2,1974.0,1,3.5,0.0,3.5,3.5,1974
85334,Hard Ticket to Hawaii (1987),Action|Comedy,"['Action', 'Comedy']",2,1987.0,1,0.5,0.0,0.5,0.5,1987
86237,Connections (1978),Documentary,['Documentary'],1,1978.0,1,5.0,0.0,5.0,5.0,1978
86286,Daffy Duck's Quackbusters (1988),Animation|Children|Comedy|Horror,"['Animation', 'Children', 'Comedy', 'Horror']",4,1988.0,1,2.0,0.0,2.0,2.0,1988
86864,Mothra (Mosura) (1961),Adventure|Fantasy|Sci-Fi,"['Adventure', 'Fantasy', 'Sci-Fi']",3,1961.0,1,3.0,0.0,3.0,3.0,1961
87413,Bernie (1996),Comedy|Drama,"['Comedy', 'Drama']",2,1996.0,2,1.75,1.7677669529663689,0.5,3.0,1996
88327,"New One-Armed Swordsman, The (Xin du bi dao) (1971)",Action|Drama|War,"['Action', 'Drama', 'War']",3,1971.0,1,3.0,0.0,3.0,3.0,1971
88697,SUBWAYStories: Tales from the Underground (1997),Drama,['Drama'],1,1997.0,1,2.5,0.0,2.5,2.5,1997
89939,Gigi (1949),Comedy,['Comedy'],1,1949.0,2,3.75,1.0606601717798212,3.0,4.5,1949
90243,Three Outlaw Samurai (Sanbiki no samurai) (1964),Action|Drama,"['Action', 'Drama']",2,1964.0,1,3.5,0.0,3.5,3.5,1964
90245,Antonio Gaudí (1985),Documentary,['Documentary'],1,1985.0,1,4.0,0.0,4.0,4.0,1985
90945,"Sign of Four, The (1987)",Adventure|Crime|Drama,"['Adventure', 'Crime', 'Drama']",3,1987.0,1,3.0,0.0,3.0,3.0,1987
91353,Asterix in America (a.k.a Asterix Conquers America) (Astérix et les Indiens) (1994),Adventure|Animation|Children|Comedy,"['Adventure', 'Animation', 'Children', 'Comedy']",4,1994.0,2,3.75,0.3535533905932738,3.5,4.0,1994
91488,"Snowman, The (1982)",Animation|Children|Musical,"['Animation', 'Children', 'Musical']",3,1982.0,2,3.75,0.3535533905932738,3.5,4.0,1982
91666,Last Holiday (1950),Comedy|Drama|Romance,"['Comedy', 'Drama', 'Romance']",3,1950.0,1,4.0,0.0,4.0,4.0,1950
91860,"Way South, The (De weg naar het zuiden) (1981)",Documentary,['Documentary'],1,1981.0,1,4.0,0.0,4.0,4.0,1981
92348,Puss in Boots (Nagagutsu o haita neko) (1969),Adventure|Animation|Children|Comedy|Fantasy|Romance,"['Adventure', 'Animation', 'Children', 'Comedy', 'Fantasy', 'Romance']",6,1969.0,1,4.0,0.0,4.0,4.0,1969
92637,Pitfall (Otoshiana) (1962),Crime|Drama|Fantasy,"['Crime', 'Drama', 'Fantasy']",3,1962.0,1,3.5,0.0,3.5,3.5,1962
92760,"Atomic Brain, The (1963)",Horror|Sci-Fi,"['Horror', 'Sci-Fi']",2,1963.0,1,3.5,0.0,3.5,3.5,1963
93040,"Civil War, The (1990)",Documentary|War,"['Documentary', 'War']",2,1990.0,1,4.0,0.0,4.0,4.0,1990
93114,Ro.Go.Pa.G. (1963),Comedy|Drama,"['Comedy', 'Drama']",2,1963.0,1,3.0,0.0,3.0,3.0,1963
93208,Mickey's The Prince and the Pauper (1990),Animation|Children,"['Animation', 'Children']",2,1990.0,1,2.0,0.0,2.0,2.0,1990
93320,Trailer Park Boys (1999),Comedy|Crime,"['Comedy', 'Crime']",2,1999.0,1,5.0,0.0,5.0,5.0,1999
94262,"Atomic Submarine, The (1959)",Sci-Fi|Thriller,"['Sci-Fi', 'Thriller']",2,1959.0,1,3.0,0.0,3.0,3.0,1959
95145,Dragon Ball: The Curse Of The Blood Rubies (Doragon bôru: Shenron no densetsu) (1986),Action|Adventure|Animation|Children,"['Action', 'Adventure', 'Animation', 'Children']",4,1986.0,1,3.5,0.0,3.5,3.5,1986
95147,Dragon Ball: Sleeping Princess in Devil's Castle (Doragon bôru: Majinjô no nemuri hime) (1987),Action|Adventure|Animation|Children,"['Action', 'Adventure', 'Animation', 'Children']",4,1987.0,2,3.25,0.3535533905932738,3.0,3.5,1987
95163,Dragon Ball: Mystical Adventure (Doragon bôru: Makafushigi dai bôken) (1988),Action|Adventure|Animation|Children,"['Action', 'Adventure', 'Animation', 'Children']",4,1988.0,1,3.5,0.0,3.5,3.5,1988
95165,Dragon Ball Z the Movie: The World's Strongest (a.k.a. Dragon Ball Z: The Strongest Guy in The World) (Doragon bôru Z: Kono yo de ichiban tsuyoi yatsu) (1990),Action|Adventure|Animation|Sci-Fi|Thriller,"['Action', 'Adventure', 'Animation', 'Sci-Fi', 'Thriller']",5,1990.0,1,4.0,0.0,4.0,4.0,1990
95170,Beauty and the Beast: The Enchanted Christmas (1997),Animation|Children|Fantasy|Musical,"['Animation', 'Children', 'Fantasy', 'Musical']",4,1997.0,1,4.0,0.0,4.0,4.0,1997
95182,Dragon Ball Z the Movie: The Tree of Might (Doragon bôru Z 3: Chikyû marugoto chô kessen) (1990),Action|Adventure|Animation|Sci-Fi,"['Action', 'Adventure', 'Animation', 'Sci-Fi']",4,1990.0,2,3.0,1.4142135623730951,2.0,4.0,1990
95193,Pocahontas II: Journey to a New World (1998) ,Adventure|Animation|Children,"['Adventure', 'Animation', 'Children']",3,1998.0,1,2.0,0.0,2.0,2.0,1998
95473,Dragon Ball Z: The Return of Cooler (Doragon bôru Z 6: Gekitotsu! Hyakuoku pawâ no senshi) (1992),Action|Adventure|Animation,"['Action', 'Adventure', 'Animation']",3,1992.0,1,4.0,0.0,4.0,4.0,1992
95475,Dragon Ball Z: Cooler's Revenge (Doragon bôru Z 5: Tobikkiri no saikyô tai saikyô) (1991),Action|Adventure|Animation,"['Action', 'Adventure', 'Animation']",3,1991.0,2,4.0,0.0,4.0,4.0,1991
95497,Dragon Ball Z: Super Android 13! (Doragon bôru Z 7: Kyokugen batoru!! San dai sûpâ saiyajin) (1992),Action|Adventure|Animation,"['Action', 'Adventure', 'Animation']",3,1992.0,2,3.75,0.3535533905932738,3.5,4.0,1992
95499,Dragon Ball Z: Broly - The Legendary Super Saiyan (Doragon bôru Z 8: Moetsukiro!! Nessen retsusen-chô gekisen) (1993),Action|Adventure|Animation,"['Action', 'Adventure', 'Animation']",3,1993.0,1,4.0,0.0,4.0,4.0,1993
95519,Dragon Ball Z: Bojack Unbound (Doragon bôru Z 9: Ginga girigiri!! Butchigiri no sugoi yatsu) (1993),Action|Adventure|Animation|Fantasy,"['Action', 'Adventure', 'Animation', 'Fantasy']",4,1993.0,1,4.0,0.0,4.0,4.0,1993
95654,Geri's Game (1997),Animation|Children,"['Animation', 'Children']",2,1997.0,3,4.166666666666667,0.7637626158259734,3.5,5.0,1997
95738,"Adventures of Mary-Kate and Ashley, The: The Case of the Christmas Caper (1995)",Children|Musical|Mystery,"['Children', 'Musical', 'Mystery']",3,1995.0,1,3.0,0.0,3.0,3.0,1995
95771,Dragon Ball Z: Broly Second Coming (Doragon bôru Z 10: Kiken na futari! Sûpâ senshi wa nemurenai) (1994),Action|Adventure|Animation,"['Action', 'Adventure', 'Animation']",3,1994.0,1,4.0,0.0,4.0,4.0,1994
95780,Dragon Ball Z: Bio-Broly (Doragon bôru Z 11: Sûpâ senshi gekiha! Katsu no wa ore da) (1994),Action|Adventure|Animation,"['Action', 'Adventure', 'Animation']",3,1994.0,1,4.0,0.0,4.0,4.0,1994
95839,"Christmas Carol, A (1999)",Drama|Fantasy,"['Drama', 'Fantasy']",2,1999.0,1,3.0,0.0,3.0,3.0,1999
95843,Goodbye Charlie (1964),Comedy|Fantasy|Romance,"['Comedy', 'Fantasy', 'Romance']",3,1964.0,1,5.0,0.0,5.0,5.0,1964
95965,Dragon Ball Z: Bardock - The Father of Goku (Doragon bôru Z: Tatta hitori no saishuu kessen - Furiiza ni itonda Z senshi Kakarotto no chichi) (1990),Action|Adventure|Animation,"['Action', 'Adventure', 'Animation']",3,1990.0,1,4.0,0.0,4.0,4.0,1990
96004,Dragon Ball Z: The History of Trunks (Doragon bôru Z: Zetsubô e no hankô!! Nokosareta chô senshi - Gohan to Torankusu) (1993),Action|Adventure|Animation,"['Action', 'Adventure', 'Animation']",3,1993.0,2,3.25,1.7677669529663689,2.0,4.5,1993
96007,Dragon Ball GT: A Hero's Legacy (Doragon bôru GT: Gokû gaiden! Yûki no akashi wa sû-shin-chû) (1997),Action|Adventure|Animation,"['Action', 'Adventure', 'Animation']",3,1997.0,1,2.0,0.0,2.0,2.0,1997
96084,Hands Over the City (Le mani sulla città) (1963),Drama,['Drama'],1,1963.0,1,4.5,0.0,4.5,4.5,1963
96471,Prime Suspect 3 (1993),Crime|Drama|Mystery,"['Crime', 'Drama', 'Mystery']",3,1993.0,1,3.0,0.0,3.0,3.0,1993
96520,Prime Suspect: The Lost Child (1995),Drama|Mystery,"['Drama', 'Mystery']",2,1995.0,1,2.0,0.0,2.0,2.0,1995
96608,Runaway Brain (1995) ,Animation|Comedy|Sci-Fi,"['Animation', 'Comedy', 'Sci-Fi']",3,1995.0,1,5.0,0.0,5.0,5.0,1995
97194,"Thing: Terror Takes Shape, The (1998)",Documentary,['Documentary'],1,1998.0,1,1.0,0.0,1.0,1.0,1998
97285,Take Aim at the Police Van (Sono gosôsha wo nerae: 'Jûsangô taihisen' yori) (1960),Action|Crime|Mystery,"['Action', 'Crime', 'Mystery']",3,1960.0,1,3.5,0.0,3.5,3.5,1960
98499,"Fearless Hyena, The (Xiao quan guai zhao) (1979)",Action|Comedy,"['Action', 'Comedy']",2,1979.0,2,3.0,0.0,3.0,3.0,1979
98503,Half a Loaf of Kung Fu (Dian zhi gong fu gan chian chan) (1980),Action|Comedy,"['Action', 'Comedy']",2,1980.0,1,3.0,0.0,3.0,3.0,1980
98623,Winners and Sinners (Qi mou miao ji: Wu fu xing) (1983),Action|Comedy|Crime,"['Action', 'Comedy', 'Crime']",3,1983.0,2,3.0,0.0,3.0,3.0,1983
98633,My Lucky Stars (Fuk sing go jiu) (1985),Action|Comedy,"['Action', 'Comedy']",2,1985.0,1,3.5,0.0,3.5,3.5,1985
98697,"Money Money Money (L'aventure, c'est l'aventure) (1972)",Adventure|Comedy,"['Adventure', 'Comedy']",2,1972.0,1,2.5,0.0,2.5,2.5,1972
99122,I Bought a Vampire Motorcycle (1990),Comedy|Horror,"['Comedy', 'Horror']",2,1990.0,1,3.5,0.0,3.5,3.5,1990
99130,Ice Cream Man (1995),Comedy|Horror,"['Comedy', 'Horror']",2,1995.0,1,3.5,0.0,3.5,3.5,1995
99191,Campfire Tales (1997),Horror,['Horror'],1,1997.0,1,4.0,0.0,4.0,4.0,1997
100306,Angst  (1983),Drama|Horror,"['Drama', 'Horror']",2,1983.0,1,3.5,0.0,3.5,3.5,1983
100906,Maniac Cop 2 (1990),Action|Horror|Thriller,"['Action', 'Horror', 'Thriller']",3,1990.0,1,5.0,0.0,5.0,5.0,1990
101074,"Legend of Sleepy Hollow, The (1949)",Animation|Comedy|Horror|Musical,"['Animation', 'Comedy', 'Horror', 'Musical']",4,1949.0,1,2.0,0.0,2.0,2.0,1949
101423,Mezzo Forte (1998),Action|Animation|Comedy,"['Action', 'Animation', 'Comedy']",3,1998.0,1,3.0,0.0,3.0,3.0,1998
102025,Yongary: Monster from the Deep (1967),Children|Horror|Sci-Fi,"['Children', 'Horror', 'Sci-Fi']",3,1967.0,1,0.5,0.0,0.5,0.5,1967
102217,Bill Hicks: Revelations (1993),Comedy,['Comedy'],1,1993.0,1,5.0,0.0,5.0,5.0,1993
102338,Shaolin Temple (Shao Lin si) (1976),Action|Adventure|Drama,"['Action', 'Adventure', 'Drama']",3,1976.0,1,4.5,0.0,4.5,4.5,1976
102602,Mimino (1977),Comedy,['Comedy'],1,1977.0,1,4.0,0.0,4.0,4.0,1977
102666,Ivan Vasilievich: Back to the Future (Ivan Vasilievich menyaet professiyu) (1973),Adventure|Comedy,"['Adventure', 'Comedy']",2,1973.0,1,4.5,0.0,4.5,4.5,1973
102735,Captain America (1979),Action|Drama,"['Action', 'Drama']",2,1979.0,1,0.5,0.0,0.5,0.5,1979
102747,"Rink, The (1916)",Comedy,['Comedy'],1,1916.0,1,3.5,0.0,3.5,3.5,1916
102749,Captain America II: Death Too Soon (1979),Action|Crime,"['Action', 'Crime']",2,1979.0,1,0.5,0.0,0.5,0.5,1979
103609,Class Act (1992),Comedy,['Comedy'],1,1992.0,1,1.5,0.0,1.5,1.5,1992
104017,3 dev adam (Three Giant Men) (1973) ,Action|Adventure|Sci-Fi,"['Action', 'Adventure', 'Sci-Fi']",3,1973.0,1,0.5,0.0,0.5,0.5,1973
104780,"Mystery of the Third Planet, The (Tayna tretey planety) (1981)",Adventure|Animation|Sci-Fi,"['Adventure', 'Animation', 'Sci-Fi']",3,1981.0,1,5.0,0.0,5.0,5.0,1981
104837,Rage of Honor (1987),Action|Crime,"['Action', 'Crime']",2,1987.0,1,2.0,0.0,2.0,2.0,1987
105020,Collision Course (1989),Action|Comedy|Thriller,"['Action', 'Comedy', 'Thriller']",3,1989.0,1,1.5,0.0,1.5,1.5,1989
105540,"All Dogs Christmas Carol, An (1998)",Animation|Children|Comedy|Musical,"['Animation', 'Children', 'Comedy', 'Musical']",4,1998.0,1,4.5,0.0,4.5,4.5,1998
105720,"Thief of Paris, The (Le voleur) (1967)",Comedy|Crime|Drama,"['Comedy', 'Crime', 'Drama']",3,1967.0,1,3.0,0.0,3.0,3.0,1967
107013,"Christmas Carol, A (1977)",Drama|Fantasy,"['Drama', 'Fantasy']",2,1977.0,1,0.5,0.0,0.5,0.5,1977
107159,Zatoichi and the Chest of Gold (Zatôichi senryô-kubi) (Zatôichi 6) (1964),Action|Drama,"['Action', 'Drama']",2,1964.0,1,4.0,0.0,4.0,4.0,1964
107408,Only Old Men Are Going to Battle (V boy idut odni stariki) (1973),Comedy|Drama|War,"['Comedy', 'Drama', 'War']",3,1973.0,1,4.5,0.0,4.5,4.5,1973
107410,Guest from the Future (Gostya iz buduschego) (1985),Adventure|Drama|Sci-Fi,"['Adventure', 'Drama', 'Sci-Fi']",3,1985.0,1,4.0,0.0,4.0,4.0,1985
107412,"Kidnapping, Caucasian Style (Kavkazskaya plennitsa) (1967)",Comedy|Romance,"['Comedy', 'Romance']",2,1967.0,1,4.5,0.0,4.5,4.5,1967
107780,Cats (1998),Musical,['Musical'],1,1998.0,1,4.0,0.0,4.0,4.0,1998
107846,MacGyver: Trail to Doomsday (1994),Action|Adventure,"['Action', 'Adventure']",2,1994.0,1,3.5,0.0,3.5,3.5,1994
107999,Dragon ball Z 04: Lord Slug (1991),Animation|Children,"['Animation', 'Children']",2,1991.0,1,4.0,0.0,4.0,4.0,1991
108090,Dragon Ball: The Path to Power (Doragon bôru: Saikyô e no michi) (1996),Action|Adventure|Animation|Children,"['Action', 'Adventure', 'Animation', 'Children']",4,1996.0,1,3.5,0.0,3.5,3.5,1996
110281,King of Comedy (Hei kek ji wong) (1999),Comedy|Drama|Romance,"['Comedy', 'Drama', 'Romance']",3,1999.0,1,4.0,0.0,4.0,4.0,1999
110541,"Brain Smasher... A Love Story (Bouncer and the Lady, The) (1993)",Action|Comedy,"['Action', 'Comedy']",2,1993.0,1,2.5,0.0,2.5,2.5,1993
112326,Nick Fury: Agent of S.H.I.E.L.D. (1998),Action|Sci-Fi,"['Action', 'Sci-Fi']",2,1998.0,1,1.0,0.0,1.0,1.0,1998
113374,"Old Lady and the Pigeons, The (La vieille dame et les pigeons) (1997)",Animation|Comedy,"['Animation', 'Comedy']",2,1997.0,1,3.0,0.0,3.0,3.0,1997
114335,La cravate (1957),(no genres listed),['(no genres listed)'],0,1957.0,1,3.0,0.0,3.0,3.0,1957
114627,Angel's Egg (Tenshi no tamago) (1985),Animation|Drama|Fantasy,"['Animation', 'Drama', 'Fantasy']",3,1985.0,2,3.25,0.3535533905932738,3.0,3.5,1985
115727,Crippled Avengers (Can que) (Return of the 5 Deadly Venoms) (1981),Action|Adventure,"['Action', 'Adventure']",2,1981.0,1,5.0,0.0,5.0,5.0,1981
116044,Christmas in Connecticut (1992),Comedy|Romance,"['Comedy', 'Romance']",2,1992.0,1,1.5,0.0,1.5,1.5,1992
116718,Volga - Volga (1938),Comedy|Musical,"['Comedy', 'Musical']",2,1938.0,1,3.5,0.0,3.5,3.5,1938
116941,Jetsons: The Movie (1990),Animation|Children|Comedy|Musical|Sci-Fi,"['Animation', 'Children', 'Comedy', 'Musical', 'Sci-Fi']",5,1990.0,1,2.0,0.0,2.0,2.0,1990
116963,Ski School (1991),Comedy,['Comedy'],1,1991.0,1,1.5,0.0,1.5,1.5,1991
117630,Double Trouble (1992),Action|Comedy|Crime|Romance,"['Action', 'Comedy', 'Crime', 'Romance']",4,1992.0,1,1.0,0.0,1.0,1.0,1992
117849,La Belle Verte (1996),Comedy,['Comedy'],1,1996.0,1,4.5,0.0,4.5,4.5,1996
118166,Courier (1987),Comedy|Drama|Romance,"['Comedy', 'Drama', 'Romance']",3,1987.0,1,3.5,0.0,3.5,3.5,1987
118290,Omega Doom (1996),Sci-Fi,['Sci-Fi'],1,1996.0,1,2.0,0.0,2.0,2.0,1996
118530,Fans (1999),Comedy,['Comedy'],1,1999.0,1,4.5,0.0,4.5,4.5,1999
119828,A Man Called Blade (1977),Action|Drama|Thriller|Western,"['Action', 'Drama', 'Thriller', 'Western']",4,1977.0,1,3.0,0.0,3.0,3.0,1977
120761,By the Law (1926),Drama,['Drama'],1,1926.0,1,3.5,0.0,3.5,3.5,1926
120827,The Hound of the Baskervilles (1988),Crime|Drama|Horror|Mystery,"['Crime', 'Drama', 'Horror', 'Mystery']",4,1988.0,1,3.0,0.0,3.0,3.0,1988
121097,To Grandmother's House We Go (1992),Adventure|Children|Comedy,"['Adventure', 'Children', 'Comedy']",3,1992.0,2,2.75,2.4748737341529163,1.0,4.5,1992
121338,Carry on Cabby (1963),Adventure|Comedy|Romance,"['Adventure', 'Comedy', 'Romance']",3,1963.0,1,4.5,0.0,4.5,4.5,1963
121342,Carry on Cruising (1962),Comedy|Romance,"['Comedy', 'Romance']",2,1962.0,1,3.5,0.0,3.5,3.5,1962
122433,The Deadly Bees (1967),Horror|Mystery|Thriller,"['Horror', 'Mystery', 'Thriller']",3,1967.0,1,1.0,0.0,1.0,1.0,1967
122627,Oblivion 2: Backlash (1996),Sci-Fi,['Sci-Fi'],1,1996.0,1,0.5,0.0,0.5,0.5,1996
123310,Tornado! (1996),Action,['Action'],1,1996.0,1,2.0,0.0,2.0,2.0,1996
123545,The Blue Lagoon (1949),Drama|Romance,"['Drama', 'Romance']",2,1949.0,1,3.0,0.0,3.0,3.0,1949
124484,Kenny & Company (1976),Comedy|Drama,"['Comedy', 'Drama']",2,1976.0,1,3.0,0.0,3.0,3.0,1976
124853,Why Man Creates (1968),Animation|Documentary,"['Animation', 'Documentary']",2,1968.0,1,4.0,0.0,4.0,4.0,1968
125221,The Beast of Hollow Mountain (1956),Horror|Sci-Fi|Western,"['Horror', 'Sci-Fi', 'Western']",3,1956.0,1,0.5,0.0,0.5,0.5,1956
125970,Halloweentown (1998),Adventure|Children|Comedy|Fantasy,"['Adventure', 'Children', 'Comedy', 'Fantasy']",4,1998.0,1,3.5,0.0,3.5,3.5,1998
126088,A Flintstones Christmas Carol (1994),Animation|Children|Comedy,"['Animation', 'Children', 'Comedy']",3,1994.0,1,5.0,0.0,5.0,5.0,1994
126090,Hedgehog in the Fog (1975),Animation,['Animation'],1,1975.0,1,4.5,0.0,4.5,4.5,1975
126142,The Cave of the Golden Rose (1991),Adventure|Children|Fantasy,"['Adventure', 'Children', 'Fantasy']",3,1991.0,1,4.0,0.0,4.0,4.0,1991
126426,Solyaris (1968),Drama|Sci-Fi,"['Drama', 'Sci-Fi']",2,1968.0,1,4.0,0.0,4.0,4.0,1968
127052,Operation 'Y' & Other Shurik's Adventures (1965),Comedy|Crime|Romance,"['Comedy', 'Crime', 'Romance']",3,1965.0,3,3.8333333333333335,1.2583057392117916,2.5,5.0,1965
128087,Trinity and Sartana Are Coming (1972),Comedy|Western,"['Comedy', 'Western']",2,1972.0,1,5.0,0.0,5.0,5.0,1972
128197,Hard Promises (1991),Comedy|Romance,"['Comedy', 'Romance']",2,1991.0,1,2.0,0.0,2.0,2.0,1991
128852,Chris Rock: Bigger & Blacker (1999),Comedy,['Comedy'],1,1999.0,2,3.75,1.0606601717798212,3.0,4.5,1999
128900,The Natural Love (1996),Documentary,['Documentary'],1,1996.0,1,4.5,0.0,4.5,4.5,1996
128944,"Honey, We Shrunk Ourselves (1997)",Action|Adventure|Children|Comedy|Sci-Fi,"['Action', 'Adventure', 'Children', 'Comedy', 'Sci-Fi']",5,1997.0,1,3.5,0.0,3.5,3.5,1997
129011,Eddie Izzard: Glorious (1997),Comedy,['Comedy'],1,1997.0,1,3.5,0.0,3.5,3.5,1997
130482,Too Late for Tears (1949),Crime|Drama|Film-Noir|Mystery|Thriller,"['Crime', 'Drama', 'Film-Noir', 'Mystery', 'Thriller']",5,1949.0,1,4.0,0.0,4.0,4.0,1949
130498,La vérité si je mens ! (1997),Comedy,['Comedy'],1,1997.0,1,3.5,0.0,3.5,3.5,1997
130978,Love and Pigeons (1985),Comedy|Romance,"['Comedy', 'Romance']",2,1985.0,1,5.0,0.0,5.0,5.0,1985
131104,The Brain (1969),Comedy|Crime,"['Comedy', 'Crime']",2,1969.0,1,4.5,0.0,4.5,4.5,1969
131578,Reckless Kelly (1994),Comedy,['Comedy'],1,1994.0,1,2.5,0.0,2.5,2.5,1994
131610,Willy/Milly (1986),Comedy|Fantasy,"['Comedy', 'Fantasy']",2,1986.0,1,5.0,0.0,5.0,5.0,1986
131934,The Malibu Bikini Shop (1986),Comedy,['Comedy'],1,1986.0,1,1.0,0.0,1.0,1.0,1986
132084,Let It Be Me (1995),(no genres listed),['(no genres listed)'],0,1995.0,1,2.5,0.0,2.5,2.5,1995
132362,Patlabor 2: The Movie (1993),Action|Animation|Sci-Fi,"['Action', 'Animation', 'Sci-Fi']",3,1993.0,1,3.5,0.0,3.5,3.5,1993
133712,Office Romance (1977),Comedy|Romance,"['Comedy', 'Romance']",2,1977.0,2,3.75,1.0606601717798212,3.0,4.5,1977
133716,Bootleggers (1961),Comedy|Crime,"['Comedy', 'Crime']",2,1961.0,1,4.5,0.0,4.5,4.5,1961
133879,Carry On Don't Lose Your Head (1966),Comedy,['Comedy'],1,1966.0,1,4.0,0.0,4.0,4.0,1966
134019,The Monkey King (1964),Animation,['Animation'],1,1964.0,1,3.5,0.0,3.5,3.5,1964
134041,Afonya (1975),Comedy|Drama|Romance,"['Comedy', 'Drama', 'Romance']",3,1975.0,1,4.0,0.0,4.0,4.0,1975
134252,That Munchhausen (1979),Comedy|Drama|Fantasy,"['Comedy', 'Drama', 'Fantasy']",3,1979.0,1,4.5,0.0,4.5,4.5,1979
134326,The Taming of the Scoundrel (1980),Comedy,['Comedy'],1,1980.0,1,4.5,0.0,4.5,4.5,1980
134515,BMX Bandits (1983),Adventure|Crime|Drama,"['Adventure', 'Crime', 'Drama']",3,1983.0,1,3.0,0.0,3.0,3.0,1983
134849,Duck Amuck (1953),Animation|Children|Comedy,"['Animation', 'Children', 'Comedy']",3,1953.0,1,4.0,0.0,4.0,4.0,1953
135216,The Star Wars Holiday Special (1978),Adventure|Children|Comedy|Sci-Fi,"['Adventure', 'Children', 'Comedy', 'Sci-Fi']",4,1978.0,1,0.5,0.0,0.5,0.5,1978
135803,Five Element Ninjas (1982),Action,['Action'],1,1982.0,1,3.5,0.0,3.5,3.5,1982
135815,The Magnificent Ruffians (1979),Action|Drama,"['Action', 'Drama']",2,1979.0,1,4.0,0.0,4.0,4.0,1979
135937,The Silence of the Hams (1994),Comedy|Thriller,"['Comedy', 'Thriller']",2,1994.0,1,3.0,0.0,3.0,3.0,1994
136012,Bloodsport III (1996),Action|Thriller,"['Action', 'Thriller']",2,1996.0,1,1.5,0.0,1.5,1.5,1996
136024,The Professional: Golgo 13 (1983),Action|Animation|Crime,"['Action', 'Animation', 'Crime']",3,1983.0,1,3.0,0.0,3.0,3.0,1983
136297,Mortal Kombat: The Journey Begins (1995),Action|Animation,"['Action', 'Animation']",2,1995.0,1,0.5,0.0,0.5,0.5,1995
136359,Scooby-Doo Goes Hollywood (1979),Animation|Children|Comedy,"['Animation', 'Children', 'Comedy']",3,1979.0,1,5.0,0.0,5.0,5.0,1979
136445,George Carlin: Back in Town (1996),Comedy,['Comedy'],1,1996.0,1,5.0,0.0,5.0,5.0,1996
136447,George Carlin: You Are All Diseased (1999),Comedy,['Comedy'],1,1999.0,1,5.0,0.0,5.0,5.0,1999
136469,Larry David: Curb Your Enthusiasm (1999),Comedy,['Comedy'],1,1999.0,1,5.0,0.0,5.0,5.0,1999
136850,Villain (1971),Crime|Drama|Thriller,"['Crime', 'Drama', 'Thriller']",3,1971.0,1,5.0,0.0,5.0,5.0,1971
136958,Mortuary (1983),Horror,['Horror'],1,1983.0,1,2.0,0.0,2.0,2.0,1983
137218,April Morning (1988),Drama,['Drama'],1,1988.0,1,2.5,0.0,2.5,2.5,1988
137517,Carnival Magic (1981),Drama|Fantasy,"['Drama', 'Fantasy']",2,1981.0,1,0.5,0.0,0.5,0.5,1981
137859,Dragon Ball Z Gaiden: The Plot to Destroy the Saiyans (1993),Action|Adventure|Animation,"['Action', 'Adventure', 'Animation']",3,1993.0,1,4.0,0.0,4.0,4.0,1993
138835,Return to Treasure Island (1988),Adventure|Animation|Comedy,"['Adventure', 'Animation', 'Comedy']",3,1988.0,1,5.0,0.0,5.0,5.0,1988
139994,Fracchia contro Dracula (1985),Comedy|Horror,"['Comedy', 'Horror']",2,1985.0,1,4.0,0.0,4.0,4.0,1985
140038,Madly in Love (1981),Comedy,['Comedy'],1,1981.0,1,4.5,0.0,4.5,4.5,1981
140133,Hollywood Chainsaw Hookers (1988),Comedy|Horror,"['Comedy', 'Horror']",2,1988.0,1,5.0,0.0,5.0,5.0,1988
140265,George Carlin: Jammin' in New York (1992),Comedy,['Comedy'],1,1992.0,1,5.0,0.0,5.0,5.0,1992
140541,The Electric Hotel (1908),Animation|Comedy|Sci-Fi,"['Animation', 'Comedy', 'Sci-Fi']",3,1908.0,1,4.0,0.0,4.0,4.0,1908
140852,964 Pinocchio (1991),Horror|Sci-Fi,"['Horror', 'Sci-Fi']",2,1991.0,1,1.0,0.0,1.0,1.0,1991
140956,Ready Player One,Action|Sci-Fi|Thriller,"['Action', 'Sci-Fi', 'Thriller']",3,,4,3.5,0.7071067811865476,3.0,4.5,0
141400,Invincible Shaolin (1978),Action,['Action'],1,1978.0,1,4.0,0.0,4.0,4.0,1978
141810,Autumn Marathon (1979),Comedy|Drama,"['Comedy', 'Drama']",2,1979.0,1,4.0,0.0,4.0,4.0,1979
141816,12 Chairs (1976),Adventure|Comedy,"['Adventure', 'Comedy']",2,1976.0,1,5.0,0.0,5.0,5.0,1976
141818,Ordinary Miracle (1978),Comedy|Drama|Fantasy|Romance,"['Comedy', 'Drama', 'Fantasy', 'Romance']",4,1978.0,1,4.5,0.0,4.5,4.5,1978
141820,Old Men: Robbers (1971),Comedy,['Comedy'],1,1971.0,1,4.0,0.0,4.0,4.0,1971
141830,Unbelievable Adventures of Italians in Russia (1974),Adventure|Comedy,"['Adventure', 'Comedy']",2,1974.0,2,3.25,1.7677669529663689,2.0,4.5,1974
141836,It Can't Be! (1975),Comedy,['Comedy'],1,1975.0,1,4.5,0.0,4.5,4.5,1975
141844,12 Chairs (1971),Adventure|Comedy,"['Adventure', 'Comedy']",2,1971.0,1,4.5,0.0,4.5,4.5,1971
142020,Oscar (1967),Comedy,['Comedy'],1,1967.0,1,5.0,0.0,5.0,5.0,1967
143410,Hyena Road,(no genres listed),['(no genres listed)'],0,,1,2.0,0.0,2.0,2.0,0
145724,Idaho Transfer (1973),Sci-Fi,['Sci-Fi'],1,1973.0,1,0.5,0.0,0.5,0.5,1973
145745,Witch Hunt (1999),Crime|Drama,"['Crime', 'Drama']",2,1999.0,1,2.5,0.0,2.5,2.5,1999
145951,Bloodsport: The Dark Kumite (1999),Action|Thriller,"['Action', 'Thriller']",2,1999.0,1,0.5,0.0,0.5,0.5,1999
145994,Formula of Love (1984),Comedy,['Comedy'],1,1984.0,1,5.0,0.0,5.0,5.0,1984
146024,A Man from Boulevard des Capucines (1987),Comedy|Romance|Western,"['Comedy', 'Romance', 'Western']",3,1987.0,1,4.0,0.0,4.0,4.0,1987
146028,The Adventures of Sherlock Holmes and Dr. Watson: The Hound of the Baskervilles (1981),Crime|Mystery,"['Crime', 'Mystery']",2,1981.0,1,4.0,0.0,4.0,4.0,1981
146244,Dil To Pagal Hai (1997),Comedy|Drama|Romance,"['Comedy', 'Drama', 'Romance']",3,1997.0,1,4.0,0.0,4.0,4.0,1997
146986,Le Maître d'école (1981),Comedy,['Comedy'],1,1981.0,1,4.0,0.0,4.0,4.0,1981
147196,The Girls (1961),Comedy|Romance,"['Comedy', 'Romance']",2,1961.0,1,5.0,0.0,5.0,5.0,1961
147250,The Adventures of Sherlock Holmes and Doctor Watson,(no genres listed),['(no genres listed)'],0,,1,5.0,0.0,5.0,5.0,0
147286,The Adventures of Sherlock Holmes and Doctor Watson: The Treasures of Agra (1983),Crime|Mystery,"['Crime', 'Mystery']",2,1983.0,1,5.0,0.0,5.0,5.0,1983
147300,Adventures Of Sherlock Holmes And Dr. Watson: The Twentieth Century Approaches (1986),Crime|Mystery,"['Crime', 'Mystery']",2,1986.0,1,5.0,0.0,5.0,5.0,1986
147326,The Adventures of Sherlock Holmes and Doctor Watson: King of Blackmailers (1980),Crime|Mystery,"['Crime', 'Mystery']",2,1980.0,1,5.0,0.0,5.0,5.0,1980
147328,The Adventures of Sherlock Holmes and Dr. Watson: Bloody Signature (1979),Crime,['Crime'],1,1979.0,1,5.0,0.0,5.0,5.0,1979
147330,Sherlock Holmes and Dr. Watson: Acquaintance (1979),Crime,['Crime'],1,1979.0,1,5.0,0.0,5.0,5.0,1979
147657,Masked Avengers (1981),Action,['Action'],1,1981.0,1,4.0,0.0,4.0,4.0,1981
147662,Return of the One-Armed Swordsman (1969),Action|Adventure,"['Action', 'Adventure']",2,1969.0,1,3.0,0.0,3.0,3.0,1969
147936,The Lord's Lantern in Budapest (1999),Comedy|Drama,"['Comedy', 'Drama']",2,1999.0,1,4.5,0.0,4.5,4.5,1999
148982,Devil Dog: The Hound of Hell (1978),Horror,['Horror'],1,1978.0,1,4.0,0.0,4.0,4.0,1978
149330,A Cosmic Christmas (1977),(no genres listed),['(no genres listed)'],0,1977.0,1,4.0,0.0,4.0,4.0,1977
149334,Nocturnal Animals,Drama|Thriller,"['Drama', 'Thriller']",2,,1,3.0,0.0,3.0,3.0,0
150554,The Love Bug (1997),Adventure|Children|Comedy|Fantasy,"['Adventure', 'Children', 'Comedy', 'Fantasy']",4,1997.0,1,5.0,0.0,5.0,5.0,1997
151479,The Flash 2 - Revenge of the Trickster (1991),Action|Fantasy|Sci-Fi,"['Action', 'Fantasy', 'Sci-Fi']",3,1991.0,1,1.5,0.0,1.5,1.5,1991
151745,Reptilicus (1961),Horror|Sci-Fi,"['Horror', 'Sci-Fi']",2,1961.0,1,0.5,0.0,0.5,0.5,1961
151769,Three from Prostokvashino (1978),Animation,['Animation'],1,1978.0,1,5.0,0.0,5.0,5.0,1978
152105,Dad's Army (1971),Comedy,['Comedy'],1,1971.0,1,4.5,0.0,4.5,4.5,1971
152173,Michael Jackson's Thriller (1983),Horror,['Horror'],1,1983.0,1,4.0,0.0,4.0,4.0,1983
153386,Long Live Ghosts! (1977),Children|Comedy|Fantasy,"['Children', 'Comedy', 'Fantasy']",3,1977.0,1,3.0,0.0,3.0,3.0,1977
155589,Noin 7 veljestä (1968),(no genres listed),['(no genres listed)'],0,1968.0,1,3.0,0.0,3.0,3.0,1968
156605,Paterson,(no genres listed),['(no genres listed)'],0,,1,4.5,0.0,4.5,4.5,0
156675,Project X (1968),Mystery|Sci-Fi,"['Mystery', 'Sci-Fi']",2,1968.0,1,2.0,0.0,2.0,2.0,1968
157108,Texas - Doc Snyder hält die Welt in Atem (1993),Comedy|Western,"['Comedy', 'Western']",2,1993.0,1,4.5,0.0,4.5,4.5,1993
157110,00 Schneider - Jagd auf Nihil Baxter (1994),Comedy|Crime,"['Comedy', 'Crime']",2,1994.0,1,4.5,0.0,4.5,4.5,1994
157172,Wizards of the Lost Kingdom II (1989),Action|Fantasy,"['Action', 'Fantasy']",2,1989.0,1,0.5,0.0,0.5,0.5,1989
157775,Tenchi Muyô! In Love (1996),Animation|Comedy,"['Animation', 'Comedy']",2,1996.0,1,5.0,0.0,5.0,5.0,1996
158388,Buck Rogers in the 25th Century (1979),Sci-Fi,['Sci-Fi'],1,1979.0,1,2.5,0.0,2.5,2.5,1979
158398,World of Glory (1991),Comedy,['Comedy'],1,1991.0,1,5.0,0.0,5.0,5.0,1991
158721,Gen-X Cops (1999),Action|Comedy|Thriller,"['Action', 'Comedy', 'Thriller']",3,1999.0,1,3.5,0.0,3.5,3.5,1999
158874,Karate Bullfighter (1975),Action|Drama,"['Action', 'Drama']",2,1975.0,1,3.0,0.0,3.0,3.0,1975
159069,Comedy of the Strict Regime (1993),Comedy,['Comedy'],1,1993.0,1,4.5,0.0,4.5,4.5,1993
159403,Neo Tokyo (1987),Adventure|Animation|Fantasy|Horror|Sci-Fi,"['Adventure', 'Animation', 'Fantasy', 'Horror', 'Sci-Fi']",5,1987.0,1,3.0,0.0,3.0,3.0,1987
159510,Death Smiles on a Murderer (1973),Horror,['Horror'],1,1973.0,1,2.0,0.0,2.0,2.0,1973
159811,The Bremen Town Musicians (1969),Animation|Drama|Fantasy,"['Animation', 'Drama', 'Fantasy']",3,1969.0,1,5.0,0.0,5.0,5.0,1969
160341,Bloodmoon (1997),Action|Thriller,"['Action', 'Thriller']",2,1997.0,1,2.5,0.0,2.5,2.5,1997
160422,The Wooden Horse (1950),Drama|War,"['Drama', 'War']",2,1950.0,1,3.0,0.0,3.0,3.0,1950
160527,Sympathy for the Underdog (1971),Action|Crime|Drama,"['Action', 'Crime', 'Drama']",3,1971.0,1,4.5,0.0,4.5,4.5,1971
161008,The Forbidden Dance (1990),(no genres listed),['(no genres listed)'],0,1990.0,1,2.5,0.0,2.5,2.5,1990
161032,The Grandmother (1970),Action|Drama,"['Action', 'Drama']",2,1970.0,1,2.5,0.0,2.5,2.5,1970
161044,Webmaster (1998),Sci-Fi,['Sci-Fi'],1,1998.0,1,3.0,0.0,3.0,3.0,1998
162414,Moonlight,Drama,['Drama'],1,,1,5.0,0.0,5.0,5.0,0
163072,Winnie Pooh (1969),Animation|Children,"['Animation', 'Children']",2,1969.0,1,5.0,0.0,5.0,5.0,1969
163112,Winnie the Pooh Goes Visiting (1971),Animation,['Animation'],1,1971.0,1,5.0,0.0,5.0,5.0,1971
163386,Winnie the Pooh and the Day of Concern (1972),Animation,['Animation'],1,1972.0,1,5.0,0.0,5.0,5.0,1972
163925,"Wings, Legs and Tails (1986)",Animation|Comedy,"['Animation', 'Comedy']",2,1986.0,1,5.0,0.0,5.0,5.0,1986
166183,Junior and Karlson (1968),Adventure|Animation|Children,"['Adventure', 'Animation', 'Children']",3,1968.0,1,5.0,0.0,5.0,5.0,1968
167296,Iron Man (1931),Drama,['Drama'],1,1931.0,1,0.5,0.0,0.5,0.5,1931
167538,Microwave Massacre (1983),Horror,['Horror'],1,1983.0,1,1.0,0.0,1.0,1.0,1983
167570,The OA,(no genres listed),['(no genres listed)'],0,,1,4.0,0.0,4.0,4.0,0
167772,The Spirit of Christmas (1995),Animation|Comedy,"['Animation', 'Comedy']",2,1995.0,1,1.5,0.0,1.5,1.5,1995
168358,Saturn 3 (1980),Sci-Fi|Thriller,"['Sci-Fi', 'Thriller']",2,1980.0,1,2.5,0.0,2.5,2.5,1980
169904,Guyver: Dark Hero (1994),Sci-Fi,['Sci-Fi'],1,1994.0,1,2.0,0.0,2.0,2.0,1994
169912,Denis Leary: No Cure for Cancer (1993),Comedy,['Comedy'],1,1993.0,2,3.0,0.7071067811865476,2.5,3.5,1993
170355,Mulholland Dr. (1999),Drama|Mystery|Romance,"['Drama', 'Mystery', 'Romance']",3,1999.0,2,3.75,1.0606601717798212,3.0,4.5,1999
170551,The Quiet Family (1998),Comedy,['Comedy'],1,1998.0,1,2.5,0.0,2.5,2.5,1998
170597,A Plasticine Crow (1981),Animation,['Animation'],1,1981.0,1,5.0,0.0,5.0,5.0,1981
170777,There Once Was a Dog (1982),Animation|Children|Comedy,"['Animation', 'Children', 'Comedy']",3,1982.0,1,5.0,0.0,5.0,5.0,1982
171495,Cosmos,(no genres listed),['(no genres listed)'],0,,2,4.5,0.7071067811865476,4.0,5.0,0
171631,Maria Bamford: Old Baby,(no genres listed),['(no genres listed)'],0,,1,1.0,0.0,1.0,1.0,0
171749,Death Note: Desu nôto (2006–2007),(no genres listed),['(no genres listed)'],0,,1,5.0,0.0,5.0,5.0,0
171891,Generation Iron 2,(no genres listed),['(no genres listed)'],0,,1,3.5,0.0,3.5,3.5,0
172215,Saved by the Bell: Hawaiian Style (1992),Comedy,['Comedy'],1,1992.0,2,2.75,0.3535533905932738,2.5,3.0,1992
172229,Plain Clothes (1988),Comedy|Mystery|Romance|Thriller,"['Comedy', 'Mystery', 'Romance', 'Thriller']",4,1988.0,1,3.0,0.0,3.0,3.0,1988
172253,The Night Before (1988),Comedy,['Comedy'],1,1988.0,1,3.0,0.0,3.0,3.0,1988
172497,T2 3-D: Battle Across Time (1996),(no genres listed),['(no genres listed)'],0,1996.0,1,4.0,0.0,4.0,4.0,1996
172577,Last Year's Snow Was Falling (1983),Animation|Children|Comedy|Fantasy,"['Animation', 'Children', 'Comedy', 'Fantasy']",4,1983.0,1,5.0,0.0,5.0,5.0,1983
172583,Investigation Held by Kolobki (1986),Animation,['Animation'],1,1986.0,1,5.0,0.0,5.0,5.0,1986
172585,Karlson Returns (1970),Adventure|Animation|Children,"['Adventure', 'Animation', 'Children']",3,1970.0,1,5.0,0.0,5.0,5.0,1970
172587,Vacations in Prostokvashino (1980),Animation,['Animation'],1,1980.0,1,5.0,0.0,5.0,5.0,1980
172589,Winter in Prostokvashino (1984),Animation,['Animation'],1,1984.0,1,5.0,0.0,5.0,5.0,1984
172591,The Godfather Trilogy: 1972-1990 (1992),(no genres listed),['(no genres listed)'],0,1992.0,2,4.75,0.3535533905932738,4.5,5.0,1992
172637,Priklyucheniya Kapitana Vrungelya (1979),Action|Adventure|Animation|Comedy,"['Action', 'Adventure', 'Animation', 'Comedy']",4,1979.0,1,5.0,0.0,5.0,5.0,1979
172793,Vovka in the Kingdom of Far Far Away (1965),Adventure|Animation|Children|Fantasy,"['Adventure', 'Animation', 'Children', 'Fantasy']",4,1965.0,1,5.0,0.0,5.0,5.0,1965
172825,Adventures of Mowgli: The Kidnapping (1968),Adventure|Animation|Children,"['Adventure', 'Animation', 'Children']",3,1968.0,1,4.5,0.0,4.5,4.5,1968
172909,Cheburashka (1971),Animation,['Animation'],1,1971.0,1,5.0,0.0,5.0,5.0,1971
173351,Wow! A Talking Fish! (1983),Animation|Children|Comedy|Fantasy,"['Animation', 'Children', 'Comedy', 'Fantasy']",4,1983.0,1,5.0,0.0,5.0,5.0,1983
173355,Travels of an Ant (1983),Animation,['Animation'],1,1983.0,1,5.0,0.0,5.0,5.0,1983
173535,The Adventures of Sherlock Holmes and Doctor Watson: The Hunt for the Tiger (1980),(no genres listed),['(no genres listed)'],0,1980.0,1,4.5,0.0,4.5,4.5,1980
173619,Fugitives (1986),Comedy|Crime,"['Comedy', 'Crime']",2,1986.0,1,5.0,0.0,5.0,5.0,1986
173873,Gulliver's Travels (1996),Adventure|Children|Fantasy,"['Adventure', 'Children', 'Fantasy']",3,1996.0,1,2.0,0.0,2.0,2.0,1996
174141,Belladonna of Sadness (1973),Animation|Drama|Fantasy,"['Animation', 'Drama', 'Fantasy']",3,1973.0,1,3.5,0.0,3.5,3.5,1973
174551,Obsession (1965),Comedy,['Comedy'],1,1965.0,1,5.0,0.0,5.0,5.0,1965
174737,Don Camillo in Moscow (1965),Comedy,['Comedy'],1,1965.0,1,3.0,0.0,3.0,3.0,1965
175293,Gena the Crocodile (1969),Animation|Children,"['Animation', 'Children']",2,1969.0,1,5.0,0.0,5.0,5.0,1969
175387,On the Trail of the Bremen Town Musicians (1973),Adventure|Animation|Children,"['Adventure', 'Animation', 'Children']",3,1973.0,1,5.0,0.0,5.0,5.0,1973
175397,"In the blue sea, in the white foam. (1984)",Animation|Children|Fantasy,"['Animation', 'Children', 'Fantasy']",3,1984.0,1,5.0,0.0,5.0,5.0,1984
175401,Wolf and Calf (1984),Animation,['Animation'],1,1984.0,1,4.0,0.0,4.0,4.0,1984
175431,Bobik Visiting Barbos (1977),Animation|Comedy,"['Animation', 'Comedy']",2,1977.0,1,5.0,0.0,5.0,5.0,1977
175435,The Magic Ring (1982),Animation|Fantasy,"['Animation', 'Fantasy']",2,1982.0,1,4.5,0.0,4.5,4.5,1982
175705,Themroc (1973),Comedy|Horror,"['Comedy', 'Horror']",2,1973.0,1,3.5,0.0,3.5,3.5,1973
175781,Der Herr Karl (1961),Comedy,['Comedy'],1,1961.0,1,3.0,0.0,3.0,3.0,1961
176601,Black Mirror,(no genres listed),['(no genres listed)'],0,,1,5.0,0.0,5.0,5.0,0
176621,Boniface's Holiday (1965),Animation|Children|Comedy|Romance,"['Animation', 'Children', 'Comedy', 'Romance']",4,1965.0,1,2.0,0.0,2.0,2.0,1965
179073,Male Hunt (1964),Comedy,['Comedy'],1,1964.0,1,3.0,0.0,3.0,3.0,1964
180263,The Shining (1997),Drama|Horror|Thriller,"['Drama', 'Horror', 'Thriller']",3,1997.0,1,2.0,0.0,2.0,2.0,1997
181719,Serving in Silence: The Margarethe Cammermeyer Story (1995),(no genres listed),['(no genres listed)'],0,1995.0,1,3.5,0.0,3.5,3.5,1995
182293,Hare-um Scare-um (1939),Animation|Children|Comedy,"['Animation', 'Children', 'Comedy']",3,1939.0,1,4.0,0.0,4.0,4.0,1939
182297,Porky in Wackyland (1938),Animation|Comedy|Fantasy,"['Animation', 'Comedy', 'Fantasy']",3,1938.0,1,4.0,0.0,4.0,4.0,1938
182299,Porky's Hare Hunt (1938),Animation|Children|Comedy,"['Animation', 'Children', 'Comedy']",3,1938.0,1,4.0,0.0,4.0,4.0,1938
183301,The Tale of the Bunny Picnic (1986),Children,['Children'],1,1986.0,1,3.0,0.0,3.0,3.0,1986
183317,Patti Rocks (1988),Comedy|Drama,"['Comedy', 'Drama']",2,1988.0,1,4.5,0.0,4.5,4.5,1988
184245,De platte jungle (1978),Documentary,['Documentary'],1,1978.0,1,5.0,0.0,5.0,5.0,1978
190219,Bunny (1998),Animation,['Animation'],1,1998.0,1,1.0,0.0,1.0,1.0,1998
193609,Andrew Dice Clay: Dice Rules (1991),Comedy,['Comedy'],1,1991.0,1,4.0,0.0,4.0,4.0,1991
