movieId,title,genres,genre_array,genre_count,year_str,rating_count,avg_rating,std_rating,min_rating,max_rating,year
2769,"Yards, The (2000)",Crime|Drama,"['Crime', 'Drama']",2,2000.0,5,3.4,1.3416407864998738,2.0,5.0,2000
3177,Next Friday (2000),Comedy,['Comedy'],1,2000.0,6,3.25,0.987420882906575,2.0,4.0,2000
3190,Supernova (2000),Adventure|Sci-Fi|Thriller,"['Adventure', 'Sci-Fi', 'Thriller']",3,2000.0,4,2.0,1.4142135623730951,1.0,4.0,2000
3225,Down to You (2000),Comedy|Romance,"['Comedy', 'Romance']",2,2000.0,4,2.0,1.1547005383792517,1.0,3.0,2000
3273,Scream 3 (2000),Comedy|Horror|Mystery|Thriller,"['Comedy', 'Horror', 'Mystery', 'Thriller']",4,2000.0,29,2.6724137931034484,1.1747025616616251,0.5,5.0,2000
3275,"Boondock Saints, The (2000)",Action|Crime|Drama|Thriller,"['Action', 'Crime', 'Drama', 'Thriller']",4,2000.0,43,4.22093023255814,0.5804588248942072,2.5,5.0,2000
3276,Gun Shy (2000),Comedy,['Comedy'],1,2000.0,1,1.0,0.0,1.0,1.0,2000
3285,"Beach, The (2000)",Adventure|Drama,"['Adventure', 'Drama']",2,2000.0,32,3.0625,1.029797975802896,1.0,4.5,2000
3286,Snow Day (2000),Comedy,['Comedy'],1,2000.0,5,2.3,1.095445115010332,1.0,4.0,2000
3287,"Tigger Movie, The (2000)",Animation|Children,"['Animation', 'Children']",2,2000.0,3,3.1666666666666665,1.2583057392117916,2.0,4.5,2000
3298,Boiler Room (2000),Crime|Drama|Thriller,"['Crime', 'Drama', 'Thriller']",3,2000.0,21,3.7142857142857135,0.6239276514834987,2.0,4.5,2000
3299,Hanging Up (2000),Comedy|Drama,"['Comedy', 'Drama']",2,2000.0,3,2.6666666666666665,1.5275252316519468,1.0,4.0,2000
3300,Pitch Black (2000),Horror|Sci-Fi|Thriller,"['Horror', 'Sci-Fi', 'Thriller']",3,2000.0,39,3.5641025641025643,0.787897662165515,1.0,5.0,2000
3301,"Whole Nine Yards, The (2000)",Comedy|Crime,"['Comedy', 'Crime']",2,2000.0,42,3.523809523809524,0.840676128528589,2.0,5.0,2000
3303,Black Tar Heroin: The Dark End of the Street (2000),Documentary,['Documentary'],1,2000.0,1,5.0,0.0,5.0,5.0,2000
3316,Reindeer Games (2000),Action|Thriller,"['Action', 'Thriller']",2,2000.0,13,2.4615384615384617,0.9887184141928896,1.0,5.0,2000
3317,Wonder Boys (2000),Comedy|Drama,"['Comedy', 'Drama']",2,2000.0,22,3.659090909090909,0.8221105770307306,2.0,5.0,2000
3323,Chain of Fools (2000),Comedy|Crime,"['Comedy', 'Crime']",2,2000.0,1,4.0,0.0,4.0,4.0,2000
3324,Drowning Mona (2000),Comedy,['Comedy'],1,2000.0,3,1.3333333333333333,0.5773502691896258,1.0,2.0,2000
3325,"Next Best Thing, The (2000)",Comedy|Drama,"['Comedy', 'Drama']",2,2000.0,3,2.1666666666666665,1.2583057392117918,1.0,3.5,2000
3326,What Planet Are You From? (2000),Comedy|Sci-Fi,"['Comedy', 'Sci-Fi']",2,2000.0,3,3.1666666666666665,1.6072751268321592,2.0,5.0,2000
3353,"Closer You Get, The (2000)",Comedy|Romance,"['Comedy', 'Romance']",2,2000.0,1,4.5,0.0,4.5,4.5,2000
3354,Mission to Mars (2000),Sci-Fi,['Sci-Fi'],1,2000.0,21,2.6904761904761907,1.0059347702036958,0.5,4.0,2000
3408,Erin Brockovich (2000),Drama,['Drama'],1,2000.0,70,3.5285714285714285,0.7796585758035478,1.5,5.0,2000
3409,Final Destination (2000),Drama|Thriller,"['Drama', 'Thriller']",2,2000.0,35,2.9285714285714284,1.085620296683619,0.5,4.0,2000
3452,Romeo Must Die (2000),Action|Crime|Romance|Thriller,"['Action', 'Crime', 'Romance', 'Thriller']",4,2000.0,18,3.083333333333333,0.7717436331412898,2.0,5.0,2000
3453,Here on Earth (2000),Drama|Romance,"['Drama', 'Romance']",2,2000.0,2,3.0,1.4142135623730951,2.0,4.0,2000
3454,Whatever It Takes (2000),Comedy|Romance,"['Comedy', 'Romance']",2,2000.0,2,2.25,0.3535533905932738,2.0,2.5,2000
3481,High Fidelity (2000),Comedy|Drama|Romance,"['Comedy', 'Drama', 'Romance']",3,2000.0,75,3.6666666666666665,0.9597766256641026,0.5,5.0,2000
3483,"Road to El Dorado, The (2000)",Animation|Children,"['Animation', 'Children']",2,2000.0,13,3.1153846153846154,1.0032000081789556,1.5,4.5,2000
3484,"Skulls, The (2000)",Thriller,['Thriller'],1,2000.0,10,2.75,1.034139470499238,1.0,5.0,2000
3510,Frequency (2000),Drama|Thriller,"['Drama', 'Thriller']",2,2000.0,36,3.4166666666666665,1.0589752458998138,0.5,5.0,2000
3511,Ready to Rumble (2000),Comedy,['Comedy'],1,2000.0,6,2.25,1.2942179105544784,0.5,4.0,2000
3512,Return to Me (2000),Drama|Romance,"['Drama', 'Romance']",2,2000.0,8,3.5625,0.6232117273791125,3.0,4.5,2000
3513,Rules of Engagement (2000),Drama|Thriller,"['Drama', 'Thriller']",2,2000.0,7,3.071428571428572,0.8380817098475258,1.5,4.0,2000
3514,Joe Gould's Secret (2000),Drama,['Drama'],1,2000.0,1,3.0,0.0,3.0,3.0,2000
3515,Me Myself I (2000),Comedy|Romance,"['Comedy', 'Romance']",2,2000.0,9,3.611111111111111,0.485912657903775,3.0,4.0,2000
3534,28 Days (2000),Drama,['Drama'],1,2000.0,25,3.3,0.8539125638299666,2.0,5.0,2000
3535,American Psycho (2000),Crime|Horror|Mystery|Thriller,"['Crime', 'Horror', 'Mystery', 'Thriller']",4,2000.0,59,3.788135593220339,1.0263905195094438,1.0,5.0,2000
3536,Keeping the Faith (2000),Comedy|Drama|Romance,"['Comedy', 'Drama', 'Romance']",3,2000.0,21,3.452380952380953,0.8930952063576691,1.5,5.0,2000
3537,Where the Money Is (2000),Comedy|Drama,"['Comedy', 'Drama']",2,2000.0,3,3.333333333333333,1.5275252316519468,2.0,5.0,2000
3539,"Filth and the Fury, The (2000)",Documentary,['Documentary'],1,2000.0,2,3.25,1.0606601717798212,2.5,4.0,2000
3553,Gossip (2000),Drama|Thriller,"['Drama', 'Thriller']",2,2000.0,5,2.4,0.5477225575051661,2.0,3.0,2000
3554,Love and Basketball (2000),Drama|Romance,"['Drama', 'Romance']",2,2000.0,3,3.0,0.5,2.5,3.5,2000
3555,U-571 (2000),Action|Thriller|War,"['Action', 'Thriller', 'War']",3,2000.0,33,3.4242424242424243,0.7084447327730932,2.0,5.0,2000
3563,"Crow: Salvation, The (2000)",Action|Horror,"['Action', 'Horror']",2,2000.0,3,2.5,0.5,2.0,3.0,2000
3564,"Flintstones in Viva Rock Vegas, The (2000)",Children|Comedy,"['Children', 'Comedy']",2,2000.0,12,1.625,0.7111130839619099,0.5,3.0,2000
3565,Where the Heart Is (2000),Comedy|Drama,"['Comedy', 'Drama']",2,2000.0,7,3.5,0.408248290463863,3.0,4.0,2000
3566,"Big Kahuna, The (2000)",Comedy|Drama,"['Comedy', 'Drama']",2,2000.0,8,2.875,1.3296078906418776,1.0,4.5,2000
3567,Bossa Nova (2000),Comedy|Drama|Romance,"['Comedy', 'Drama', 'Romance']",3,2000.0,1,5.0,0.0,5.0,5.0,2000
3571,Time Code (2000),Comedy|Drama,"['Comedy', 'Drama']",2,2000.0,2,3.0,1.4142135623730951,2.0,4.0,2000
3578,Gladiator (2000),Action|Adventure|Drama,"['Action', 'Adventure', 'Drama']",3,2000.0,170,3.9382352941176473,0.994367184773934,0.5,5.0,2000
3580,Up at the Villa (2000),Drama,['Drama'],1,2000.0,2,3.5,0.7071067811865476,3.0,4.0,2000
3593,Battlefield Earth (2000),Action|Sci-Fi,"['Action', 'Sci-Fi']",2,2000.0,19,1.6578947368421053,1.1553334244439684,0.5,4.5,2000
3594,Center Stage (2000),Drama|Musical,"['Drama', 'Musical']",2,2000.0,6,3.25,1.7818529681205462,0.5,5.0,2000
3596,Screwed (2000),Comedy,['Comedy'],1,2000.0,1,1.0,0.0,1.0,1.0,2000
3597,Whipped (2000),Comedy,['Comedy'],1,2000.0,2,2.0,1.4142135623730951,1.0,3.0,2000
3598,Hamlet (2000),Crime|Drama|Romance|Thriller,"['Crime', 'Drama', 'Romance', 'Thriller']",4,2000.0,3,3.0,0.5,2.5,3.5,2000
3615,Dinosaur (2000),Adventure|Animation|Children,"['Adventure', 'Animation', 'Children']",3,2000.0,14,3.107142857142857,0.711946719823985,2.0,5.0,2000
3616,Loser (2000),Comedy|Romance,"['Comedy', 'Romance']",2,2000.0,10,3.3,1.1832159566199232,2.0,5.0,2000
3617,Road Trip (2000),Comedy,['Comedy'],1,2000.0,41,3.0853658536585367,1.0056244268139465,1.0,5.0,2000
3618,Small Time Crooks (2000),Comedy|Crime,"['Comedy', 'Crime']",2,2000.0,12,3.5416666666666665,0.8908201872772115,2.0,5.0,2000
3623,Mission: Impossible II (2000),Action|Adventure|Thriller,"['Action', 'Adventure', 'Thriller']",3,2000.0,77,2.7142857142857144,1.0495254924957738,0.5,5.0,2000
3624,Shanghai Noon (2000),Action|Adventure|Comedy|Western,"['Action', 'Adventure', 'Comedy', 'Western']",4,2000.0,43,3.1511627906976742,1.0031787793531155,0.5,5.0,2000
3646,Big Momma's House (2000),Comedy,['Comedy'],1,2000.0,17,2.176470588235294,1.0597932650785635,0.5,4.0,2000
3717,Gone in 60 Seconds (2000),Action|Crime,"['Action', 'Crime']",2,2000.0,61,3.221311475409836,0.8191692446412525,1.5,5.0,2000
3719,Love's Labour's Lost (2000),Comedy|Romance,"['Comedy', 'Romance']",2,2000.0,2,3.0,1.4142135623730951,2.0,4.0,2000
3743,Boys and Girls (2000),Comedy|Romance,"['Comedy', 'Romance']",2,2000.0,3,2.0,1.0,1.0,3.0,2000
3744,Shaft (2000),Action|Crime|Thriller,"['Action', 'Crime', 'Thriller']",3,2000.0,19,2.6578947368421053,1.054785807363374,1.0,4.0,2000
3745,Titan A.E. (2000),Action|Adventure|Animation|Children|Sci-Fi,"['Action', 'Adventure', 'Animation', 'Children', 'Sci-Fi']",5,2000.0,29,3.413793103448276,0.682288239221013,2.0,5.0,2000
3751,Chicken Run (2000),Animation|Children|Comedy,"['Animation', 'Children', 'Comedy']",3,2000.0,78,3.551282051282051,0.851239522466341,1.0,5.0,2000
3752,"Me, Myself & Irene (2000)",Adventure|Comedy,"['Adventure', 'Comedy']",2,2000.0,46,3.0869565217391304,0.8963155931434403,1.0,5.0,2000
3753,"Patriot, The (2000)",Action|Drama|War,"['Action', 'Drama', 'War']",3,2000.0,68,3.448529411764706,1.0371448533754728,0.5,5.0,2000
3754,"Adventures of Rocky and Bullwinkle, The (2000)",Adventure|Animation|Children|Comedy|Fantasy,"['Adventure', 'Animation', 'Children', 'Comedy', 'Fantasy']",5,2000.0,9,2.2222222222222223,1.227576655221353,0.5,4.0,2000
3755,"Perfect Storm, The (2000)",Drama|Thriller,"['Drama', 'Thriller']",2,2000.0,44,3.1704545454545454,0.9701545178905832,0.5,5.0,2000
3756,"Golden Bowl, The (2000)",Drama,['Drama'],1,2000.0,1,4.0,0.0,4.0,4.0,2000
3784,"Kid, The (2000)",Comedy|Fantasy,"['Comedy', 'Fantasy']",2,2000.0,11,2.590909090909091,1.300349603340998,0.5,5.0,2000
3785,Scary Movie (2000),Comedy|Horror,"['Comedy', 'Horror']",2,2000.0,50,2.92,1.170905806699781,0.5,5.0,2000
3790,Groove (2000),Drama,['Drama'],1,2000.0,2,4.0,0.0,4.0,4.0,2000
3793,X-Men (2000),Action|Adventure|Sci-Fi,"['Action', 'Adventure', 'Sci-Fi']",3,2000.0,133,3.699248120300752,0.8615082124339482,0.5,5.0,2000
3794,Chuck & Buck (2000),Comedy|Drama,"['Comedy', 'Drama']",2,2000.0,2,2.5,0.7071067811865476,2.0,3.0,2000
3797,"In Crowd, The (2000)",Thriller,['Thriller'],1,2000.0,3,2.6666666666666665,1.5275252316519468,1.0,4.0,2000
3798,What Lies Beneath (2000),Drama|Horror|Mystery,"['Drama', 'Horror', 'Mystery']",3,2000.0,25,3.2,1.0103629710818451,1.5,5.0,2000
3799,Pokémon the Movie 2000 (2000),Animation|Children,"['Animation', 'Children']",2,2000.0,6,1.5833333333333333,1.1583033569262702,0.5,3.0,2000
3821,Nutty Professor II: The Klumps (2000),Comedy,['Comedy'],1,2000.0,16,2.28125,0.9994790309622976,1.0,4.5,2000
3824,Autumn in New York (2000),Drama|Romance,"['Drama', 'Romance']",2,2000.0,11,2.409090909090909,1.338248516124375,0.5,5.0,2000
3825,Coyote Ugly (2000),Comedy|Drama|Romance,"['Comedy', 'Drama', 'Romance']",3,2000.0,29,2.7413793103448274,1.1620539824500746,0.5,5.0,2000
3826,Hollow Man (2000),Horror|Sci-Fi|Thriller,"['Horror', 'Sci-Fi', 'Thriller']",3,2000.0,39,2.2948717948717947,1.0177241684911016,0.5,4.0,2000
3827,Space Cowboys (2000),Action|Adventure|Comedy|Sci-Fi,"['Action', 'Adventure', 'Comedy', 'Sci-Fi']",4,2000.0,23,2.891304347826087,0.8112353337955754,1.0,4.0,2000
3830,Psycho Beach Party (2000),Comedy|Horror|Thriller,"['Comedy', 'Horror', 'Thriller']",3,2000.0,2,1.5,1.4142135623730951,0.5,2.5,2000
3831,Saving Grace (2000),Comedy,['Comedy'],1,2000.0,11,3.909090909090909,0.8312094145936334,2.5,5.0,2000
3851,I'm the One That I Want (2000),Comedy,['Comedy'],1,2000.0,1,5.0,0.0,5.0,5.0,2000
3852,"Tao of Steve, The (2000)",Comedy,['Comedy'],1,2000.0,13,3.3846153846153846,0.9607689228305228,1.0,5.0,2000
3857,Bless the Child (2000),Thriller,['Thriller'],1,2000.0,1,4.0,0.0,4.0,4.0,2000
3858,Cecil B. DeMented (2000),Comedy,['Comedy'],1,2000.0,5,3.5,1.3228756555322954,1.5,5.0,2000
3859,"Eyes of Tammy Faye, The (2000)",Documentary,['Documentary'],1,2000.0,2,3.75,0.3535533905932738,3.5,4.0,2000
3861,"Replacements, The (2000)",Comedy,['Comedy'],1,2000.0,19,2.6842105263157894,0.853270282758398,0.5,4.0,2000
3862,About Adam (2000),Comedy,['Comedy'],1,2000.0,2,3.75,0.3535533905932738,3.5,4.0,2000
3863,"Cell, The (2000)",Drama|Horror|Thriller,"['Drama', 'Horror', 'Thriller']",3,2000.0,45,3.0444444444444443,1.0756722117219106,0.5,5.0,2000
3865,"Original Kings of Comedy, The (2000)",Comedy|Documentary,"['Comedy', 'Documentary']",2,2000.0,4,3.25,0.957427107756338,2.0,4.0,2000
3879,"Art of War, The (2000)",Action|Thriller,"['Action', 'Thriller']",2,2000.0,2,2.0,1.4142135623730951,1.0,3.0,2000
3882,Bring It On (2000),Comedy,['Comedy'],1,2000.0,34,2.6911764705882355,1.0445725955185583,0.5,4.5,2000
3884,"Crew, The (2000)",Comedy,['Comedy'],1,2000.0,3,1.5,0.5,1.0,2.0,2000
3888,Skipped Parts (2000),Drama|Romance,"['Drama', 'Romance']",2,2000.0,1,4.0,0.0,4.0,4.0,2000
3889,Highlander: Endgame (Highlander IV) (2000),Action|Adventure|Fantasy,"['Action', 'Adventure', 'Fantasy']",3,2000.0,6,2.25,0.758287544405155,1.0,3.0,2000
3893,Nurse Betty (2000),Comedy|Crime|Drama|Romance|Thriller,"['Comedy', 'Crime', 'Drama', 'Romance', 'Thriller']",5,2000.0,19,3.3421052631578947,0.6466286839993725,2.0,5.0,2000
3895,"Watcher, The (2000)",Crime|Thriller,"['Crime', 'Thriller']",2,2000.0,1,1.5,0.0,1.5,1.5,2000
3896,"Way of the Gun, The (2000)",Crime|Thriller,"['Crime', 'Thriller']",2,2000.0,8,3.125,0.9161253813129044,1.5,4.5,2000
3897,Almost Famous (2000),Drama,['Drama'],1,2000.0,83,3.867469879518072,0.765428053960011,1.5,5.0,2000
3898,Bait (2000),Action|Comedy,"['Action', 'Comedy']",2,2000.0,2,2.5,1.4142135623730951,1.5,3.5,2000
3899,Circus (2000),Crime|Drama|Thriller,"['Crime', 'Drama', 'Thriller']",3,2000.0,1,1.0,0.0,1.0,1.0,2000
3900,Crime and Punishment in Suburbia (2000),Comedy|Drama,"['Comedy', 'Drama']",2,2000.0,1,4.0,0.0,4.0,4.0,2000
3901,Duets (2000),Comedy|Drama,"['Comedy', 'Drama']",2,2000.0,2,3.25,0.3535533905932738,3.0,3.5,2000
3906,Under Suspicion (2000),Crime|Thriller,"['Crime', 'Thriller']",2,2000.0,2,2.5,0.7071067811865476,2.0,3.0,2000
3908,Urban Legends: Final Cut (2000),Horror,['Horror'],1,2000.0,3,1.5,0.8660254037844386,1.0,2.5,2000
3909,Woman on Top (2000),Comedy|Romance,"['Comedy', 'Romance']",2,2000.0,4,2.0,0.816496580927726,1.0,3.0,2000
3910,Dancer in the Dark (2000),Drama|Musical,"['Drama', 'Musical']",2,2000.0,20,3.975,0.9797287487119236,1.5,5.0,2000
3911,Best in Show (2000),Comedy,['Comedy'],1,2000.0,53,3.688679245283019,0.861720188692025,0.5,5.0,2000
3912,Beautiful (2000),Comedy|Drama,"['Comedy', 'Drama']",2,2000.0,2,2.5,2.1213203435596424,1.0,4.0,2000
3914,"Broken Hearts Club, The (2000)",Drama,['Drama'],1,2000.0,1,4.0,0.0,4.0,4.0,2000
3915,Girlfight (2000),Drama,['Drama'],1,2000.0,6,3.6666666666666665,0.816496580927726,2.0,4.0,2000
3916,Remember the Titans (2000),Drama,['Drama'],1,2000.0,41,3.7439024390243913,0.9754611167257784,0.5,5.0,2000
3943,Bamboozled (2000),Comedy,['Comedy'],1,2000.0,8,2.9375,1.1783008347374015,1.0,4.0,2000
3945,Digimon: The Movie (2000),Adventure|Animation|Children,"['Adventure', 'Animation', 'Children']",3,2000.0,1,3.0,0.0,3.0,3.0,2000
3946,Get Carter (2000),Action|Drama|Thriller,"['Action', 'Drama', 'Thriller']",3,2000.0,5,2.5,1.118033988749895,1.0,4.0,2000
3948,Meet the Parents (2000),Comedy,['Comedy'],1,2000.0,91,3.417582417582417,0.9317359433508338,1.0,5.0,2000
3949,Requiem for a Dream (2000),Drama,['Drama'],1,2000.0,96,3.921875,1.091421393364972,0.5,5.0,2000
3950,Tigerland (2000),Drama,['Drama'],1,2000.0,8,3.5625,0.6781013409302687,2.5,4.5,2000
3951,Two Family House (2000),Drama,['Drama'],1,2000.0,1,5.0,0.0,5.0,5.0,2000
3952,"Contender, The (2000)",Drama|Thriller,"['Drama', 'Thriller']",2,2000.0,7,3.071428571428572,0.8380817098475257,2.0,4.0,2000
3953,Dr. T and the Women (2000),Comedy|Romance,"['Comedy', 'Romance']",2,2000.0,4,2.125,0.6291528696058958,1.5,3.0,2000
3955,"Ladies Man, The (2000)",Comedy,['Comedy'],1,2000.0,6,1.5833333333333333,0.6645800679125629,1.0,2.5,2000
3967,Billy Elliot (2000),Drama,['Drama'],1,2000.0,37,3.8513513513513513,0.7715862526933365,1.0,5.0,2000
3968,Bedazzled (2000),Comedy,['Comedy'],1,2000.0,27,3.074074074074074,0.7299065233052331,2.0,4.0,2000
3969,Pay It Forward (2000),Drama,['Drama'],1,2000.0,26,3.4423076923076925,1.1859757423904005,0.5,5.0,2000
3973,Book of Shadows: Blair Witch 2 (2000),Crime|Horror|Mystery|Thriller,"['Crime', 'Horror', 'Mystery', 'Thriller']",4,2000.0,4,1.125,0.9464847243000456,0.5,2.5,2000
3974,"Little Vampire, The (2000)",Adventure|Children,"['Adventure', 'Children']",2,2000.0,1,3.0,0.0,3.0,3.0,2000
3977,Charlie's Angels (2000),Action|Comedy,"['Action', 'Comedy']",2,2000.0,72,2.7222222222222223,1.0274023338281624,0.5,5.0,2000
3978,"Legend of Bagger Vance, The (2000)",Drama|Romance,"['Drama', 'Romance']",2,2000.0,15,3.066666666666667,1.0153582525160176,0.5,5.0,2000
3979,Little Nicky (2000),Comedy,['Comedy'],1,2000.0,24,2.5,0.9207747210672768,0.5,4.0,2000
3980,Men of Honor (2000),Drama,['Drama'],1,2000.0,14,3.392857142857143,0.836167342208379,2.0,5.0,2000
3981,Red Planet (2000),Action|Sci-Fi|Thriller,"['Action', 'Sci-Fi', 'Thriller']",3,2000.0,13,2.3461538461538463,0.943941545343588,0.5,4.0,2000
3983,You Can Count on Me (2000),Drama|Romance,"['Drama', 'Romance']",2,2000.0,9,4.166666666666667,0.9354143466934852,3.0,5.0,2000
3986,"6th Day, The (2000)",Action|Sci-Fi|Thriller,"['Action', 'Sci-Fi', 'Thriller']",3,2000.0,20,2.8,0.9920738512408184,0.5,4.0,2000
3987,Bounce (2000),Drama|Romance,"['Drama', 'Romance']",2,2000.0,6,2.4166666666666665,1.2006942436218584,0.5,4.0,2000
3988,How the Grinch Stole Christmas (a.k.a. The Grinch) (2000),Children|Comedy|Fantasy,"['Children', 'Comedy', 'Fantasy']",3,2000.0,33,3.0454545454545454,0.8511356050488184,1.0,5.0,2000
3990,Rugrats in Paris: The Movie (2000),Animation|Children|Comedy,"['Animation', 'Children', 'Comedy']",3,2000.0,4,2.25,1.4433756729740643,0.5,4.0,2000
3991,102 Dalmatians (2000),Children|Comedy,"['Children', 'Comedy']",2,2000.0,9,2.7777777777777777,0.8333333333333334,2.0,4.5,2000
3992,Malèna (2000),Drama|Romance|War,"['Drama', 'Romance', 'War']",3,2000.0,5,3.7,0.570087712549569,3.0,4.5,2000
3993,Quills (2000),Drama|Romance,"['Drama', 'Romance']",2,2000.0,6,3.0,1.224744871391589,1.0,4.0,2000
3994,Unbreakable (2000),Drama|Sci-Fi,"['Drama', 'Sci-Fi']",2,2000.0,73,3.4794520547945207,1.0322519750673482,1.0,5.0,2000
3996,"Crouching Tiger, Hidden Dragon (Wo hu cang long) (2000)",Action|Drama|Romance,"['Action', 'Drama', 'Romance']",3,2000.0,110,3.836363636363637,1.0318529936480376,0.5,5.0,2000
3997,Dungeons & Dragons (2000),Action|Adventure|Comedy|Fantasy,"['Action', 'Adventure', 'Comedy', 'Fantasy']",4,2000.0,12,1.8333333333333333,0.937436866561092,0.5,3.0,2000
3998,Proof of Life (2000),Drama,['Drama'],1,2000.0,12,3.0416666666666665,1.0326121628122915,0.5,4.0,2000
3999,Vertical Limit (2000),Action|Adventure,"['Action', 'Adventure']",2,2000.0,14,2.607142857142857,0.8128433340529316,1.0,4.0,2000
4011,Snatch (2000),Comedy|Crime|Thriller,"['Comedy', 'Crime', 'Thriller']",3,2000.0,93,4.155913978494624,0.7939256297433327,1.0,5.0,2000
4014,Chocolat (2000),Drama|Romance,"['Drama', 'Romance']",2,2000.0,47,3.521276595744681,1.0265891541395005,1.0,5.0,2000
4015,"Dude, Where's My Car? (2000)",Comedy|Sci-Fi,"['Comedy', 'Sci-Fi']",2,2000.0,33,2.727272727272727,1.2316839913490207,1.0,5.0,2000
4016,"Emperor's New Groove, The (2000)",Adventure|Animation|Children|Comedy|Fantasy,"['Adventure', 'Animation', 'Children', 'Comedy', 'Fantasy']",5,2000.0,37,3.716216216216216,0.7953034059448678,2.0,5.0,2000
4017,Pollock (2000),Drama,['Drama'],1,2000.0,14,3.5357142857142856,0.7196229171289243,2.5,5.0,2000
4018,What Women Want (2000),Comedy|Romance,"['Comedy', 'Romance']",2,2000.0,54,3.138888888888889,0.8322319766105375,1.0,4.5,2000
4019,Finding Forrester (2000),Drama,['Drama'],1,2000.0,28,3.7142857142857135,0.7984773870098875,2.0,5.0,2000
4020,"Gift, The (2000)",Thriller,['Thriller'],1,2000.0,13,2.923076923076923,0.731612199362757,1.0,4.0,2000
4021,Before Night Falls (2000),Drama,['Drama'],1,2000.0,5,4.3,0.6708203932499369,3.5,5.0,2000
4022,Cast Away (2000),Drama,['Drama'],1,2000.0,100,3.7,0.7687061147858075,2.0,5.0,2000
4023,"Family Man, The (2000)",Comedy|Drama|Romance,"['Comedy', 'Drama', 'Romance']",3,2000.0,23,3.130434782608696,1.0576280419404611,1.0,5.0,2000
4024,"House of Mirth, The (2000)",Romance,['Romance'],1,2000.0,3,2.1666666666666665,1.0408329997330663,1.0,3.0,2000
4025,Miss Congeniality (2000),Comedy|Crime,"['Comedy', 'Crime']",2,2000.0,64,3.0546875,0.9925003998239968,0.5,5.0,2000
4027,"O Brother, Where Art Thou? (2000)",Adventure|Comedy|Crime,"['Adventure', 'Comedy', 'Crime']",3,2000.0,94,3.808510638297872,0.939304200781642,0.5,5.0,2000
4029,State and Main (2000),Comedy|Drama,"['Comedy', 'Drama']",2,2000.0,12,3.875,0.7111130839619098,3.0,5.0,2000
4030,Dracula 2000 (2000),Horror,['Horror'],1,2000.0,5,1.8,0.570087712549569,1.0,2.5,2000
4031,All the Pretty Horses (2000),Drama|Romance|Western,"['Drama', 'Romance', 'Western']",3,2000.0,2,2.5,0.7071067811865476,2.0,3.0,2000
4032,"Everlasting Piece, An (2000)",Comedy,['Comedy'],1,2000.0,1,4.0,0.0,4.0,4.0,2000
4033,Thirteen Days (2000),Drama|Thriller|War,"['Drama', 'Thriller', 'War']",3,2000.0,13,3.923076923076923,0.5340940088190562,3.0,5.0,2000
4034,Traffic (2000),Crime|Drama|Thriller,"['Crime', 'Drama', 'Thriller']",3,2000.0,70,3.9,0.8664436725380127,1.0,5.0,2000
4035,"Claim, The (2000)",Romance|Western,"['Romance', 'Western']",2,2000.0,3,2.833333333333333,0.2886751345948129,2.5,3.0,2000
4036,Shadow of the Vampire (2000),Drama|Horror,"['Drama', 'Horror']",2,2000.0,11,3.136363636363636,0.8090398349558905,1.5,4.5,2000
4052,Antitrust (2001),Crime|Drama|Thriller,"['Crime', 'Drama', 'Thriller']",3,2001.0,8,3.5625,0.8210402808980464,2.5,5.0,2001
4053,Double Take (2001),Action|Comedy,"['Action', 'Comedy']",2,2001.0,2,2.5,0.7071067811865476,2.0,3.0,2001
4054,Save the Last Dance (2001),Drama|Romance,"['Drama', 'Romance']",2,2001.0,16,2.84375,1.106326503945979,0.5,4.5,2001
4055,Panic (2000),Drama,['Drama'],1,2000.0,2,4.0,1.4142135623730951,3.0,5.0,2000
4056,"Pledge, The (2001)",Crime|Drama|Mystery|Thriller,"['Crime', 'Drama', 'Mystery', 'Thriller']",4,2001.0,7,3.2857142857142856,1.14953406710222,1.0,4.5,2001
4068,Sugar & Spice (2001),Comedy,['Comedy'],1,2001.0,7,2.7142857142857144,1.1126972805283737,1.0,4.0,2001
4069,"Wedding Planner, The (2001)",Comedy|Romance,"['Comedy', 'Romance']",2,2001.0,22,2.909090909090909,0.9956615847475444,0.5,5.0,2001
4077,"With a Friend Like Harry... (Harry, un ami qui vous veut du bien) (2000)",Drama|Thriller,"['Drama', 'Thriller']",2,2000.0,2,4.5,0.7071067811865476,4.0,5.0,2000
4141,Head Over Heels (2001),Comedy|Romance,"['Comedy', 'Romance']",2,2001.0,4,2.5,0.7071067811865476,1.5,3.0,2001
4142,Left Behind: The Movie (2000),Action|Adventure|Drama|Thriller,"['Action', 'Adventure', 'Drama', 'Thriller']",4,2000.0,2,4.25,1.0606601717798212,3.5,5.0,2000
4143,Valentine (2001),Horror|Mystery,"['Horror', 'Mystery']",2,2001.0,1,3.5,0.0,3.5,3.5,2001
4144,In the Mood For Love (Fa yeung nin wa) (2000),Drama|Romance,"['Drama', 'Romance']",2,2000.0,14,4.214285714285714,0.671229804574745,3.0,5.0,2000
4146,"Million Dollar Hotel, The (2001)",Drama|Mystery|Romance,"['Drama', 'Mystery', 'Romance']",3,2001.0,3,3.0,1.7320508075688772,1.0,4.0,2001
4147,Nico and Dani (Krámpack) (2000),Comedy|Drama|Romance,"['Comedy', 'Drama', 'Romance']",3,2000.0,2,4.0,0.0,4.0,4.0,2000
4148,Hannibal (2001),Horror|Thriller,"['Horror', 'Thriller']",2,2001.0,39,2.935897435897436,1.1423630125147055,0.5,5.0,2001
4149,Saving Silverman (Evil Woman) (2001),Comedy|Romance,"['Comedy', 'Romance']",2,2001.0,11,2.772727272727273,0.6067798762169178,2.0,4.0,2001
4152,Vatel (2000),Drama,['Drama'],1,2000.0,2,4.25,0.3535533905932738,4.0,4.5,2000
4153,Down to Earth (2001),Comedy|Fantasy|Romance,"['Comedy', 'Fantasy', 'Romance']",3,2001.0,12,2.4166666666666665,0.996204919895622,0.5,4.0,2001
4154,Recess: School's Out (2001),Animation|Children,"['Animation', 'Children']",2,2001.0,2,4.0,0.0,4.0,4.0,2001
4155,Sweet November (2001),Drama|Romance,"['Drama', 'Romance']",2,2001.0,8,3.3125,1.2229209763045663,1.0,5.0,2001
4156,Company Man (2000),Comedy,['Comedy'],1,2000.0,1,2.0,0.0,2.0,2.0,2000
4157,"Price of Milk, The (2000)",Comedy|Drama|Fantasy|Romance,"['Comedy', 'Drama', 'Fantasy', 'Romance']",4,2000.0,1,4.5,0.0,4.5,4.5,2000
4158,Monkeybone (2001),Animation|Comedy|Fantasy,"['Animation', 'Comedy', 'Fantasy']",3,2001.0,6,2.083333333333333,1.3934369977385652,0.5,4.0,2001
4159,3000 Miles to Graceland (2001),Action|Thriller,"['Action', 'Thriller']",2,2001.0,7,2.7142857142857144,1.07459848537112,2.0,5.0,2001
4160,"Widow of St. Pierre, The (Veuve de Saint-Pierre, La) (2000)",Drama|Romance,"['Drama', 'Romance']",2,2000.0,4,4.125,0.8539125638299665,3.0,5.0,2000
4161,"Mexican, The (2001)",Action|Comedy,"['Action', 'Comedy']",2,2001.0,23,3.347826086956522,0.697964290059046,2.0,5.0,2001
4164,"Caveman's Valentine, The (2001)",Drama,['Drama'],1,2001.0,2,3.5,0.7071067811865476,3.0,4.0,2001
4166,Series 7: The Contenders (2001),Action|Drama,"['Action', 'Drama']",2,2001.0,2,2.5,0.7071067811865476,2.0,3.0,2001
4167,15 Minutes (2001),Thriller,['Thriller'],1,2001.0,10,3.0,1.3743685418725533,0.5,5.0,2001
4168,Get Over It (2001),Comedy|Romance,"['Comedy', 'Romance']",2,2001.0,4,2.75,0.9574271077563382,2.0,4.0,2001
4171,Long Night's Journey Into Day (2000),Documentary,['Documentary'],1,2000.0,1,4.0,0.0,4.0,4.0,2000
4223,Enemy at the Gates (2001),Drama|War,"['Drama', 'War']",2,2001.0,40,3.5125,0.909264989160377,1.5,5.0,2001
4224,Exit Wounds (2001),Action|Thriller,"['Action', 'Thriller']",2,2001.0,2,2.75,0.3535533905932738,2.5,3.0,2001
4225,"Dish, The (2001)",Comedy,['Comedy'],1,2001.0,7,4.0,0.5,3.5,5.0,2001
4226,Memento (2000),Mystery|Thriller,"['Mystery', 'Thriller']",2,2000.0,159,4.122641509433962,0.9048340310994508,0.5,5.0,2000
4228,Heartbreakers (2001),Comedy|Crime|Romance,"['Comedy', 'Crime', 'Romance']",3,2001.0,10,2.15,0.8514693182963201,0.5,3.0,2001
4229,Say It Isn't So (2001),Comedy|Romance,"['Comedy', 'Romance']",2,2001.0,4,2.125,1.030776406404415,1.0,3.0,2001
4231,Someone Like You (2001),Comedy|Romance,"['Comedy', 'Romance']",2,2001.0,5,3.5,0.6123724356957946,3.0,4.5,2001
4232,Spy Kids (2001),Action|Adventure|Children|Comedy,"['Action', 'Adventure', 'Children', 'Comedy']",4,2001.0,28,2.946428571428572,1.1493902225083887,0.5,5.0,2001
4233,Tomcats (2001),Comedy,['Comedy'],1,2001.0,6,2.0,1.2649110640673518,0.5,3.5,2001
4234,"Tailor of Panama, The (2001)",Drama|Thriller,"['Drama', 'Thriller']",2,2001.0,5,3.2,0.4472135954999579,3.0,4.0,2001
4235,Amores Perros (Love's a Bitch) (2000),Drama|Thriller,"['Drama', 'Thriller']",2,2000.0,23,3.934782608695652,0.8957519419470863,2.0,5.0,2000
4236,Keep the River on Your Right: A Modern Cannibal Tale (2000),Documentary,['Documentary'],1,2000.0,1,3.5,0.0,3.5,3.5,2000
4237,"Gleaners & I, The (Les glaneurs et la glaneuse) (2000)",Documentary,['Documentary'],1,2000.0,1,4.0,0.0,4.0,4.0,2000
4238,Along Came a Spider (2001),Action|Crime|Mystery|Thriller,"['Action', 'Crime', 'Mystery', 'Thriller']",4,2001.0,17,3.147058823529412,0.7450819141702002,2.0,4.5,2001
4239,Blow (2001),Crime|Drama,"['Crime', 'Drama']",2,2001.0,51,3.813725490196079,0.7871517281549059,1.5,5.0,2001
4240,Just Visiting (2001),Comedy|Fantasy,"['Comedy', 'Fantasy']",2,2001.0,1,2.0,0.0,2.0,2.0,2001
4241,Pokémon 3: The Movie (2001),Animation|Children,"['Animation', 'Children']",2,2001.0,5,2.1,1.2449899597988732,0.5,3.0,2001
4242,Beautiful Creatures (2000),Comedy|Crime|Drama|Thriller,"['Comedy', 'Crime', 'Drama', 'Thriller']",4,2000.0,1,2.0,0.0,2.0,2.0,2000
4243,Brigham City (2001),Crime|Drama|Mystery,"['Crime', 'Drama', 'Mystery']",3,2001.0,1,4.0,0.0,4.0,4.0,2001
4246,Bridget Jones's Diary (2001),Comedy|Drama|Romance,"['Comedy', 'Drama', 'Romance']",3,2001.0,65,3.623076923076923,0.9313580861384004,0.5,5.0,2001
4247,Joe Dirt (2001),Adventure|Comedy|Mystery|Romance,"['Adventure', 'Comedy', 'Mystery', 'Romance']",4,2001.0,21,2.380952380952381,0.906983488063067,1.0,4.0,2001
4248,Josie and the Pussycats (2001),Comedy,['Comedy'],1,2001.0,6,1.75,1.5732132722552274,0.5,4.0,2001
4251,Chopper (2000),Drama|Thriller,"['Drama', 'Thriller']",2,2000.0,1,2.0,0.0,2.0,2.0,2000
4252,"Circle, The (Dayereh) (2000)",Drama,['Drama'],1,2000.0,2,3.25,0.3535533905932738,3.0,3.5,2000
4254,Crocodile Dundee in Los Angeles (2001),Comedy|Drama,"['Comedy', 'Drama']",2,2001.0,13,2.1923076923076925,1.2338702919820614,0.5,4.0,2001
4255,Freddy Got Fingered (2001),Comedy,['Comedy'],1,2001.0,10,2.2,1.1352924243950937,0.5,4.0,2001
4256,"Center of the World, The (2001)",Drama,['Drama'],1,2001.0,3,3.6666666666666665,1.1547005383792517,3.0,5.0,2001
4259,"Luzhin Defence, The (2000)",Drama|Romance,"['Drama', 'Romance']",2,2000.0,4,3.5,0.5773502691896257,3.0,4.0,2000
4260,"Visit, The (2000)",Drama,['Drama'],1,2000.0,1,2.0,0.0,2.0,2.0,2000
4265,Driven (2001),Action|Thriller,"['Action', 'Thriller']",2,2001.0,5,3.0,0.7071067811865476,2.0,4.0,2001
4267,One Night at McCool's (2001),Comedy,['Comedy'],1,2001.0,5,3.4,0.6519202405202649,3.0,4.5,2001
4268,Town & Country (2001),Comedy,['Comedy'],1,2001.0,2,2.5,0.7071067811865476,2.0,3.0,2001
4270,"Mummy Returns, The (2001)",Action|Adventure|Comedy|Thriller,"['Action', 'Adventure', 'Comedy', 'Thriller']",4,2001.0,45,3.088888888888889,1.1495497581508365,0.5,5.0,2001
4273,Under the Sand (2000),Drama,['Drama'],1,2000.0,2,4.5,0.7071067811865476,4.0,5.0,2000
4299,"Knight's Tale, A (2001)",Action|Comedy|Romance,"['Action', 'Comedy', 'Romance']",3,2001.0,41,3.341463414634146,1.0273693614655095,0.5,5.0,2001
4300,Bread and Roses (2000),Drama,['Drama'],1,2000.0,3,4.0,0.0,4.0,4.0,2000
4304,Startup.com (2001),Documentary,['Documentary'],1,2001.0,5,3.6,0.5477225575051661,3.0,4.0,2001
4305,Angel Eyes (2001),Romance|Thriller,"['Romance', 'Thriller']",2,2001.0,4,1.625,0.8539125638299665,0.5,2.5,2001
4306,Shrek (2001),Adventure|Animation|Children|Comedy|Fantasy|Romance,"['Adventure', 'Animation', 'Children', 'Comedy', 'Fantasy', 'Romance']",6,2001.0,170,3.8676470588235294,0.9223460530404765,0.5,5.0,2001
4307,"Fast Food, Fast Women (2000)",Comedy|Romance,"['Comedy', 'Romance']",2,2000.0,1,4.5,0.0,4.5,4.5,2000
4308,Moulin Rouge (2001),Drama|Musical|Romance,"['Drama', 'Musical', 'Romance']",3,2001.0,55,3.590909090909091,1.198343413228001,0.5,5.0,2001
4310,Pearl Harbor (2001),Action|Drama|Romance|War,"['Action', 'Drama', 'Romance', 'War']",4,2001.0,43,2.9651162790697674,1.1669830294049517,0.5,4.5,2001
4313,"Man Who Cried, The (2000)",Drama,['Drama'],1,2000.0,2,3.5,0.0,3.5,3.5,2000
4334,Yi Yi (2000),Drama,['Drama'],1,2000.0,5,4.6,0.5477225575051661,4.0,5.0,2000
4340,"Animal, The (2001)",Comedy,['Comedy'],1,2001.0,11,2.136363636363636,0.5518563713009523,1.0,3.0,2001
4342,Big Eden (2000),Drama|Romance,"['Drama', 'Romance']",2,2000.0,1,4.5,0.0,4.5,4.5,2000
4343,Evolution (2001),Comedy|Sci-Fi,"['Comedy', 'Sci-Fi']",2,2001.0,27,3.037037037037037,0.8077262236808042,2.0,4.5,2001
4344,Swordfish (2001),Action|Crime|Drama,"['Action', 'Crime', 'Drama']",3,2001.0,34,3.1029411764705883,0.9026846471456758,0.5,4.5,2001
4345,"Anniversary Party, The (2001)",Drama,['Drama'],1,2001.0,3,4.0,1.0,3.0,5.0,2001
4347,Divided We Fall (Musíme si pomáhat) (2000),Comedy|Drama,"['Comedy', 'Drama']",2,2000.0,3,3.8333333333333335,0.2886751345948129,3.5,4.0,2000
4366,Atlantis: The Lost Empire (2001),Adventure|Animation|Children|Fantasy,"['Adventure', 'Animation', 'Children', 'Fantasy']",4,2001.0,19,3.3421052631578947,0.898341551894183,1.5,5.0,2001
4367,Lara Croft: Tomb Raider (2001),Action|Adventure,"['Action', 'Adventure']",2,2001.0,40,2.9,1.1163126113028763,0.5,5.0,2001
4368,Dr. Dolittle 2 (2001),Comedy,['Comedy'],1,2001.0,11,2.363636363636364,0.6741998624632421,1.0,3.5,2001
4369,"Fast and the Furious, The (2001)",Action|Crime|Thriller,"['Action', 'Crime', 'Thriller']",3,2001.0,45,3.066666666666667,0.9862693712811286,0.5,5.0,2001
4370,A.I. Artificial Intelligence (2001),Adventure|Drama|Sci-Fi,"['Adventure', 'Drama', 'Sci-Fi']",3,2001.0,56,3.3392857142857144,0.8744200304261046,1.0,5.0,2001
4371,Baby Boy (2001),Crime|Drama,"['Crime', 'Drama']",2,2001.0,1,0.5,0.0,0.5,0.5,2001
4372,Crazy/Beautiful (2001),Drama|Romance,"['Drama', 'Romance']",2,2001.0,5,3.4,1.1401754250991378,2.0,5.0,2001
4373,Pootie Tang (2001),Comedy,['Comedy'],1,2001.0,3,3.1666666666666665,1.2583057392117916,2.0,4.5,2001
4378,Sexy Beast (2000),Crime|Drama,"['Crime', 'Drama']",2,2000.0,14,3.7142857142857135,0.7262730392025629,2.0,5.0,2000
4380,"Princess and the Warrior, The (Krieger und die Kaiserin, Der) (2000)",Drama|Romance,"['Drama', 'Romance']",2,2000.0,7,3.857142857142857,0.8997354108424375,3.0,5.0,2000
4381,"Closet, The (Placard, Le) (2001)",Comedy,['Comedy'],1,2001.0,4,3.375,1.25,2.0,5.0,2001
4383,"Crimson Rivers, The (Rivières pourpres, Les) (2000)",Crime|Drama|Mystery|Thriller,"['Crime', 'Drama', 'Mystery', 'Thriller']",4,2000.0,5,3.5,0.7071067811865476,2.5,4.0,2000
4384,Lumumba (2000),Drama,['Drama'],1,2000.0,1,3.0,0.0,3.0,3.0,2000
4386,Cats & Dogs (2001),Children|Comedy,"['Children', 'Comedy']",2,2001.0,11,2.8181818181818183,0.9020179397530648,1.0,4.0,2001
4387,Kiss of the Dragon (2001),Action,['Action'],1,2001.0,9,3.7777777777777777,0.4409585518440984,3.0,4.5,2001
4388,Scary Movie 2 (2001),Comedy,['Comedy'],1,2001.0,26,2.6538461538461537,1.1555884281977795,0.5,5.0,2001
4389,Lost and Delirious (2001),Drama,['Drama'],1,2001.0,4,3.625,1.1086778913041726,2.5,5.0,2001
4390,Rape Me (Baise-moi) (2000),Crime|Drama|Thriller,"['Crime', 'Drama', 'Thriller']",3,2000.0,2,3.5,0.7071067811865476,3.0,4.0,2000
4446,Final Fantasy: The Spirits Within (2001),Adventure|Animation|Fantasy|Sci-Fi,"['Adventure', 'Animation', 'Fantasy', 'Sci-Fi']",4,2001.0,31,3.3548387096774195,0.8285886432874554,1.5,5.0,2001
4447,Legally Blonde (2001),Comedy|Romance,"['Comedy', 'Romance']",2,2001.0,64,3.15625,0.9464847243000456,0.5,5.0,2001
4448,"Score, The (2001)",Action|Drama,"['Action', 'Drama']",2,2001.0,20,3.55,0.6468547384317277,2.0,4.5,2001
4449,Adanggaman (2000),Drama,['Drama'],1,2000.0,1,2.0,0.0,2.0,2.0,2000
4450,Bully (2001),Crime|Drama|Thriller,"['Crime', 'Drama', 'Thriller']",3,2001.0,7,3.642857142857143,1.313845682030609,1.0,5.0,2001
4451,Jump Tomorrow (2001),Comedy|Drama|Romance,"['Comedy', 'Drama', 'Romance']",3,2001.0,1,3.5,0.0,3.5,3.5,2001
4452,Made (2001),Comedy,['Comedy'],1,2001.0,6,2.6666666666666665,0.8755950357709131,1.5,4.0,2001
4453,Michael Jordan to the Max (2000),Documentary|IMAX,"['Documentary', 'IMAX']",2,2000.0,1,3.5,0.0,3.5,3.5,2000
4638,Jurassic Park III (2001),Action|Adventure|Sci-Fi|Thriller,"['Action', 'Adventure', 'Sci-Fi', 'Thriller']",4,2001.0,36,2.8472222222222223,1.0129126633091636,0.5,5.0,2001
4639,America's Sweethearts (2001),Comedy|Romance,"['Comedy', 'Romance']",2,2001.0,18,2.583333333333333,1.0325582165612917,0.5,4.5,2001
4640,Brother (2000),Action|Crime|Thriller,"['Action', 'Crime', 'Thriller']",3,2000.0,4,3.75,0.9574271077563382,3.0,5.0,2000
4641,Ghost World (2001),Comedy|Drama,"['Comedy', 'Drama']",2,2001.0,34,3.5,0.8616404368553291,1.0,5.0,2001
4642,Hedwig and the Angry Inch (2000),Comedy|Drama|Musical,"['Comedy', 'Drama', 'Musical']",3,2000.0,11,4.181818181818182,1.031327476428493,2.0,5.0,2000
4643,Planet of the Apes (2001),Action|Adventure|Drama|Sci-Fi,"['Action', 'Adventure', 'Drama', 'Sci-Fi']",4,2001.0,49,2.7448979591836733,1.0807137349320348,0.5,5.0,2001
4644,Bread and Tulips (Pane e tulipani) (2000),Comedy|Drama|Romance,"['Comedy', 'Drama', 'Romance']",3,2000.0,3,3.6666666666666665,0.7637626158259733,3.0,4.5,2000
4646,Greenfingers (2000),Comedy|Drama,"['Comedy', 'Drama']",2,2000.0,1,1.5,0.0,1.5,1.5,2000
4649,Wet Hot American Summer (2001),Comedy,['Comedy'],1,2001.0,7,3.642857142857143,1.0690449676496976,2.0,5.0,2001
4699,Original Sin (2001),Drama|Romance|Thriller,"['Drama', 'Romance', 'Thriller']",3,2001.0,2,2.75,1.0606601717798212,2.0,3.5,2001
4700,"Princess Diaries, The (2001)",Children|Comedy|Romance,"['Children', 'Comedy', 'Romance']",3,2001.0,27,3.037037037037037,0.9600273025557252,0.5,5.0,2001
4701,Rush Hour 2 (2001),Action|Comedy,"['Action', 'Comedy']",2,2001.0,31,3.370967741935484,0.7634105703517152,2.0,5.0,2001
4718,American Pie 2 (2001),Comedy,['Comedy'],1,2001.0,45,3.066666666666667,1.2367479349266988,0.5,5.0,2001
4719,Osmosis Jones (2001),Action|Animation|Comedy|Crime|Drama|Romance|Thriller,"['Action', 'Animation', 'Comedy', 'Crime', 'Drama', 'Romance', 'Thriller']",7,2001.0,8,2.625,0.8345229603962802,1.5,3.5,2001
4720,"Others, The (2001)",Drama|Horror|Mystery|Thriller,"['Drama', 'Horror', 'Mystery', 'Thriller']",4,2001.0,55,3.627272727272728,1.0418030213785787,0.5,5.0,2001
4721,American Outlaws (2001),Action|Comedy|Western,"['Action', 'Comedy', 'Western']",3,2001.0,4,2.125,1.6520189667999174,0.5,4.0,2001
4722,All Over the Guy (2001),Comedy,['Comedy'],1,2001.0,1,3.0,0.0,3.0,3.0,2001
4723,"Deep End, The (2001)",Drama,['Drama'],1,2001.0,3,1.8333333333333333,0.7637626158259734,1.0,2.5,2001
4725,Session 9 (2001),Horror|Thriller,"['Horror', 'Thriller']",2,2001.0,4,3.625,0.75,2.5,4.0,2001
4727,Captain Corelli's Mandolin (2001),Drama|Romance|War,"['Drama', 'Romance', 'War']",3,2001.0,4,3.125,0.478713553878169,2.5,3.5,2001
4728,Rat Race (2001),Comedy,['Comedy'],1,2001.0,18,3.055555555555556,1.0274023338281626,1.5,5.0,2001
4732,Bubble Boy (2001),Comedy,['Comedy'],1,2001.0,9,1.8888888888888888,0.6009252125773316,1.0,3.0,2001
4733,"Curse of the Jade Scorpion, The (2001)",Comedy,['Comedy'],1,2001.0,3,2.5,1.8027756377319943,0.5,4.0,2001
4734,Jay and Silent Bob Strike Back (2001),Adventure|Comedy,"['Adventure', 'Comedy']",2,2001.0,34,3.161764705882353,1.078161933607477,1.0,5.0,2001
4735,Ghosts of Mars (2001),Horror|Sci-Fi|Thriller,"['Horror', 'Sci-Fi', 'Thriller']",3,2001.0,5,2.6,1.4317821063276353,0.5,4.5,2001
4736,Summer Catch (2001),Comedy|Drama|Romance,"['Comedy', 'Drama', 'Romance']",3,2001.0,3,2.6666666666666665,1.0408329997330663,1.5,3.5,2001
4738,Happy Accidents (2000),Romance|Sci-Fi,"['Romance', 'Sci-Fi']",2,2000.0,4,4.0,0.408248290463863,3.5,4.5,2000
4740,Maybe Baby (2000),Comedy|Romance,"['Comedy', 'Romance']",2,2000.0,1,3.5,0.0,3.5,3.5,2000
4741,Together (Tillsammans) (2000),Comedy|Drama|Romance,"['Comedy', 'Drama', 'Romance']",3,2000.0,7,3.7142857142857135,0.5669467095138409,3.0,4.5,2000
4743,Tortilla Soup (2001),Comedy|Romance,"['Comedy', 'Romance']",2,2001.0,2,3.25,0.3535533905932738,3.0,3.5,2001
4744,Jeepers Creepers (2001),Horror,['Horror'],1,2001.0,7,2.5,1.2247448713915892,0.5,4.0,2001
4745,O (2001),Drama,['Drama'],1,2001.0,4,3.625,0.75,2.5,4.0,2001
4756,"Musketeer, The (2001)",Action|Adventure|Drama|Romance,"['Action', 'Adventure', 'Drama', 'Romance']",4,2001.0,2,1.5,0.7071067811865476,1.0,2.0,2001
4757,Rock Star (2001),Comedy|Drama|Musical,"['Comedy', 'Drama', 'Musical']",3,2001.0,3,2.5,0.5,2.0,3.0,2001
4759,Two Can Play That Game (2001),Comedy|Drama,"['Comedy', 'Drama']",2,2001.0,1,4.0,0.0,4.0,4.0,2001
4765,L.I.E. (2001),Drama,['Drama'],1,2001.0,3,4.333333333333333,0.5773502691896258,4.0,5.0,2001
4766,"Our Lady of the Assassins (Virgen de los sicarios, La) (2000)",Crime|Drama|Romance,"['Crime', 'Drama', 'Romance']",3,2000.0,1,4.0,0.0,4.0,4.0,2000
4769,Into the Arms of Strangers: Stories of the Kindertransport (2000),Documentary,['Documentary'],1,2000.0,1,3.0,0.0,3.0,3.0,2000
4770,"Glass House, The (2001)",Thriller,['Thriller'],1,2001.0,2,2.75,0.3535533905932738,2.5,3.0,2001
4771,Hardball (2001),Drama,['Drama'],1,2001.0,3,2.6666666666666665,1.2583057392117918,1.5,4.0,2001
4772,Dinner Rush (2000),Drama,['Drama'],1,2000.0,1,3.5,0.0,3.5,3.5,2000
4773,Haiku Tunnel (2001),Comedy,['Comedy'],1,2001.0,4,3.0,0.816496580927726,2.0,4.0,2001
4774,Big Trouble (2002),Comedy|Crime,"['Comedy', 'Crime']",2,2002.0,6,2.1666666666666665,0.752772652709081,1.0,3.0,2002
4775,Glitter (2001),Drama|Musical|Romance,"['Drama', 'Musical', 'Romance']",3,2001.0,1,0.5,0.0,0.5,0.5,2001
4776,Training Day (2001),Crime|Drama|Thriller,"['Crime', 'Drama', 'Thriller']",3,2001.0,51,3.794117647058824,0.7223328220995865,2.0,5.0,2001
4777,"American Astronaut, The (2001)",Comedy|Musical|Sci-Fi,"['Comedy', 'Musical', 'Sci-Fi']",3,2001.0,1,2.5,0.0,2.5,2.5,2001
4780,Liam (2000),Drama,['Drama'],1,2000.0,2,2.0,0.0,2.0,2.0,2000
4782,Sidewalks of New York (2001),Comedy|Romance,"['Comedy', 'Romance']",2,2001.0,2,2.5,0.7071067811865476,2.0,3.0,2001
4783,"Endurance: Shackleton's Legendary Antarctic Expedition, The (2000)",Documentary,['Documentary'],1,2000.0,1,3.5,0.0,3.5,3.5,2000
4814,Don't Say a Word (2001),Thriller,['Thriller'],1,2001.0,5,2.5,1.118033988749895,1.0,4.0,2001
4815,Hearts in Atlantis (2001),Drama,['Drama'],1,2001.0,6,2.9166666666666665,1.0206207261596574,1.0,4.0,2001
4816,Zoolander (2001),Comedy,['Comedy'],1,2001.0,54,3.509259259259259,1.0070072452042145,0.5,5.0,2001
4818,Extreme Days (2001),Action|Adventure|Comedy|Drama,"['Action', 'Adventure', 'Comedy', 'Drama']",4,2001.0,1,2.0,0.0,2.0,2.0,2001
4821,Joy Ride (2001),Adventure|Thriller,"['Adventure', 'Thriller']",2,2001.0,5,3.1,1.710263137648707,0.5,5.0,2001
4822,Max Keeble's Big Move (2001),Children|Comedy,"['Children', 'Comedy']",2,2001.0,3,2.5,0.5,2.0,3.0,2001
4823,Serendipity (2001),Comedy|Romance,"['Comedy', 'Romance']",2,2001.0,25,3.14,1.0851267207105353,1.0,5.0,2001
4825,"Swamp, The (Ciénaga, La) (2001)",Comedy|Drama,"['Comedy', 'Drama']",2,2001.0,1,3.0,0.0,3.0,3.0,2001
4844,Bandits (2001),Comedy|Crime|Romance,"['Comedy', 'Crime', 'Romance']",3,2001.0,6,2.6666666666666665,1.0801234497346432,1.5,4.0,2001
4845,Corky Romano (2001),Comedy|Crime,"['Comedy', 'Crime']",2,2001.0,3,1.3333333333333333,1.4433756729740643,0.5,3.0,2001
4847,Fat Girl (À ma soeur!) (2001),Drama,['Drama'],1,2001.0,2,3.0,0.7071067811865476,2.5,3.5,2001
4848,Mulholland Drive (2001),Crime|Drama|Film-Noir|Mystery|Thriller,"['Crime', 'Drama', 'Film-Noir', 'Mystery', 'Thriller']",5,2001.0,51,3.843137254901961,0.9082411358137849,1.5,5.0,2001
4849,My First Mister (2001),Comedy|Drama,"['Comedy', 'Drama']",2,2001.0,3,3.333333333333333,0.5773502691896258,3.0,4.0,2001
4852,Bones (2001),Horror,['Horror'],1,2001.0,3,1.6666666666666667,1.1547005383792517,1.0,3.0,2001
4865,From Hell (2001),Crime|Horror|Mystery|Thriller,"['Crime', 'Horror', 'Mystery', 'Thriller']",4,2001.0,20,3.65,0.9190956653718172,1.5,5.0,2001
4866,"Last Castle, The (2001)",Action,['Action'],1,2001.0,8,2.8125,0.9234059624177068,1.0,4.0,2001
4867,Riding in Cars with Boys (2001),Comedy|Drama,"['Comedy', 'Drama']",2,2001.0,5,3.1,0.6519202405202649,2.5,4.0,2001
4871,Focus (2001),Drama,['Drama'],1,2001.0,1,3.5,0.0,3.5,3.5,2001
4873,Waking Life (2001),Animation|Drama|Fantasy,"['Animation', 'Drama', 'Fantasy']",3,2001.0,19,3.684210526315789,1.095578567543569,1.0,5.0,2001
4874,K-PAX (2001),Drama|Fantasy|Mystery|Sci-Fi,"['Drama', 'Fantasy', 'Mystery', 'Sci-Fi']",4,2001.0,33,3.484848484848485,0.9959672472404688,1.0,5.0,2001
4876,Thirteen Ghosts (a.k.a. Thir13en Ghosts) (2001),Horror|Thriller,"['Horror', 'Thriller']",2,2001.0,12,2.458333333333333,0.7216878364870323,1.0,3.5,2001
4877,Better Than Sex (2000),Comedy|Romance,"['Comedy', 'Romance']",2,2000.0,1,3.5,0.0,3.5,3.5,2000
4878,Donnie Darko (2001),Drama|Mystery|Sci-Fi|Thriller,"['Drama', 'Mystery', 'Sci-Fi', 'Thriller']",4,2001.0,109,3.981651376146789,0.9572496421185293,0.5,5.0,2001
4879,High Heels and Low Lifes (2001),Action|Comedy|Crime|Drama,"['Action', 'Comedy', 'Crime', 'Drama']",4,2001.0,1,3.0,0.0,3.0,3.0,2001
4880,Life as a House (2001),Drama,['Drama'],1,2001.0,9,3.888888888888889,0.961046882889233,2.0,5.0,2001
4881,"Man Who Wasn't There, The (2001)",Crime|Drama,"['Crime', 'Drama']",2,2001.0,17,3.735294117647059,0.7524469885568252,2.5,5.0,2001
4883,"Town is Quiet, The (Ville est tranquille, La) (2000)",Drama,['Drama'],1,2000.0,1,4.0,0.0,4.0,4.0,2000
4885,Domestic Disturbance (2001),Thriller,['Thriller'],1,2001.0,1,2.0,0.0,2.0,2.0,2001
4886,"Monsters, Inc. (2001)",Adventure|Animation|Children|Comedy|Fantasy,"['Adventure', 'Animation', 'Children', 'Comedy', 'Fantasy']",5,2001.0,132,3.871212121212121,0.7682169603520645,0.5,5.0,2001
4887,"One, The (2001)",Action|Sci-Fi|Thriller,"['Action', 'Sci-Fi', 'Thriller']",3,2001.0,14,2.75,1.204957707524657,0.5,4.0,2001
4888,Tape (2001),Drama,['Drama'],1,2001.0,4,3.875,0.629152869605896,3.0,4.5,2001
4889,Heist (2001),Crime|Drama,"['Crime', 'Drama']",2,2001.0,7,3.4285714285714284,0.4498677054212187,3.0,4.0,2001
4890,Shallow Hal (2001),Comedy|Fantasy|Romance,"['Comedy', 'Fantasy', 'Romance']",3,2001.0,31,3.032258064516129,0.8654043743723484,1.0,5.0,2001
4896,Harry Potter and the Sorcerer's Stone (a.k.a. Harry Potter and the Philosopher's Stone) (2001),Adventure|Children|Fantasy,"['Adventure', 'Children', 'Fantasy']",3,2001.0,107,3.7616822429906542,0.8194159056180366,1.5,5.0,2001
4898,Novocaine (2001),Comedy|Crime|Mystery|Thriller,"['Comedy', 'Crime', 'Mystery', 'Thriller']",4,2001.0,4,2.625,0.2499999999999999,2.5,3.0,2001
4899,Black Knight (2001),Adventure|Comedy|Fantasy,"['Adventure', 'Comedy', 'Fantasy']",3,2001.0,8,2.1875,0.9613049166924836,1.0,4.0,2001
4900,Out Cold (2001),Comedy,['Comedy'],1,2001.0,5,3.0,1.0606601717798212,1.5,4.0,2001
4901,Spy Game (2001),Action|Crime|Drama|Thriller,"['Action', 'Crime', 'Drama', 'Thriller']",4,2001.0,27,3.4814814814814814,0.7400816155808748,2.0,5.0,2001
4902,"Devil's Backbone, The (Espinazo del diablo, El) (2001)",Drama|Fantasy|Horror|Thriller|War,"['Drama', 'Fantasy', 'Horror', 'Thriller', 'War']",5,2001.0,10,3.35,1.179689224612426,0.5,4.5,2001
4903,In the Bedroom (2001),Drama,['Drama'],1,2001.0,10,3.0,1.0801234497346437,1.0,4.0,2001
4926,Everybody's Famous! (Iedereen beroemd!) (2000),Comedy|Drama|Musical,"['Comedy', 'Drama', 'Musical']",3,2000.0,1,2.0,0.0,2.0,2.0,2000
4958,Behind Enemy Lines (2001),Action|Drama|War,"['Action', 'Drama', 'War']",3,2001.0,20,3.25,0.6977407149243606,1.0,4.0,2001
4959,"Affair of the Necklace, The (2001)",Drama,['Drama'],1,2001.0,2,3.25,0.3535533905932738,3.0,3.5,2001
4961,Pornstar: The Legend of Ron Jeremy (2001),Documentary,['Documentary'],1,2001.0,1,2.5,0.0,2.5,2.5,2001
4962,Texas Rangers (2001),Adventure|Western,"['Adventure', 'Western']",2,2001.0,1,2.0,0.0,2.0,2.0,2001
4963,Ocean's Eleven (2001),Crime|Thriller,"['Crime', 'Thriller']",2,2001.0,119,3.8445378151260505,0.7912334801865171,0.5,5.0,2001
4964,Baran (2001),Adventure|Drama|Romance,"['Adventure', 'Drama', 'Romance']",3,2001.0,1,3.5,0.0,3.5,3.5,2001
4965,"Business of Strangers, The (2001)",Action|Drama|Thriller,"['Action', 'Drama', 'Thriller']",3,2001.0,2,3.5,0.7071067811865476,3.0,4.0,2001
4967,No Man's Land (2001),Drama|War,"['Drama', 'War']",2,2001.0,13,4.1923076923076925,0.596463939202724,3.0,5.0,2001
4973,"Amelie (Fabuleux destin d'Amélie Poulain, Le) (2001)",Comedy|Romance,"['Comedy', 'Romance']",2,2001.0,120,4.183333333333334,0.8862472418402597,0.5,5.0,2001
4974,Not Another Teen Movie (2001),Comedy,['Comedy'],1,2001.0,14,2.571428571428572,1.1241602482458912,0.5,4.0,2001
4975,Vanilla Sky (2001),Mystery|Romance|Sci-Fi|Thriller,"['Mystery', 'Romance', 'Sci-Fi', 'Thriller']",4,2001.0,44,3.4204545454545454,0.8756604272960761,0.5,5.0,2001
4976,Iris (2001),Drama,['Drama'],1,2001.0,4,3.875,0.8539125638299667,3.0,5.0,2001
4977,Kandahar (Safar e Ghandehar) (2001),Drama,['Drama'],1,2001.0,2,3.5,0.0,3.5,3.5,2001
4978,Lantana (2001),Drama|Mystery|Thriller,"['Drama', 'Mystery', 'Thriller']",3,2001.0,6,3.8333333333333335,0.816496580927726,3.0,5.0,2001
4979,"Royal Tenenbaums, The (2001)",Comedy|Drama,"['Comedy', 'Drama']",2,2001.0,68,3.683823529411765,1.0576812563504747,1.0,5.0,2001
4989,How High (2001),Comedy,['Comedy'],1,2001.0,9,2.9444444444444446,1.3565683830083088,1.0,5.0,2001
4990,Jimmy Neutron: Boy Genius (2001),Adventure|Animation|Children|Comedy,"['Adventure', 'Animation', 'Children', 'Comedy']",4,2001.0,5,3.2,0.570087712549569,2.5,4.0,2001
4991,Joe Somebody (2001),Comedy|Drama|Romance,"['Comedy', 'Drama', 'Romance']",3,2001.0,3,3.333333333333333,0.5773502691896258,3.0,4.0,2001
4992,Kate & Leopold (2001),Comedy|Romance,"['Comedy', 'Romance']",2,2001.0,17,3.2058823529411766,1.0615263705128186,0.5,4.5,2001
4993,"Lord of the Rings: The Fellowship of the Ring, The (2001)",Adventure|Fantasy,"['Adventure', 'Fantasy']",2,2001.0,198,4.106060606060606,0.9351368076918684,0.5,5.0,2001
4994,"Majestic, The (2001)",Comedy|Drama|Romance,"['Comedy', 'Drama', 'Romance']",3,2001.0,10,3.5,0.97182531580755,1.5,5.0,2001
4995,"Beautiful Mind, A (2001)",Drama|Romance,"['Drama', 'Romance']",2,2001.0,123,4.0,0.7708840996427205,0.5,5.0,2001
5009,Ali (2001),Drama,['Drama'],1,2001.0,8,3.0,0.6546536707079772,2.5,4.0,2001
5010,Black Hawk Down (2001),Action|Drama|War,"['Action', 'Drama', 'War']",3,2001.0,50,3.81,0.7946890034755094,2.0,5.0,2001
5011,Charlotte Gray (2001),Drama|Romance,"['Drama', 'Romance']",2,2001.0,2,3.75,0.3535533905932738,3.5,4.0,2001
5013,Gosford Park (2001),Comedy|Drama|Mystery,"['Comedy', 'Drama', 'Mystery']",3,2001.0,27,3.703703703703704,1.0675210253672474,0.5,5.0,2001
5014,I Am Sam (2001),Drama,['Drama'],1,2001.0,17,3.764705882352941,1.0325582165612917,0.5,5.0,2001
5015,Monster's Ball (2001),Drama|Romance,"['Drama', 'Romance']",2,2001.0,18,3.305555555555556,1.1774709798957816,0.5,4.5,2001
5016,"Shipping News, The (2001)",Drama,['Drama'],1,2001.0,6,3.0,1.0488088481701516,1.5,4.0,2001
5025,Orange County (2002),Comedy,['Comedy'],1,2002.0,15,2.6333333333333333,0.7432233529572065,1.0,4.0,2002
5026,"Brotherhood of the Wolf (Pacte des loups, Le) (2001)",Action|Mystery|Thriller,"['Action', 'Mystery', 'Thriller']",3,2001.0,14,3.821428571428572,0.932472784860499,2.5,5.0,2001
5028,What Time Is It There? (Ni neibian jidian) (2001),Drama,['Drama'],1,2001.0,1,2.0,0.0,2.0,2.0,2001
5046,Impostor (2002),Action|Drama|Sci-Fi|Thriller,"['Action', 'Drama', 'Sci-Fi', 'Thriller']",4,2002.0,3,3.0,0.5,2.5,3.5,2002
5047,Kung Pow: Enter the Fist (2002),Action|Comedy,"['Action', 'Comedy']",2,2002.0,9,3.2222222222222223,1.2018504251546631,0.5,4.5,2002
5048,Snow Dogs (2002),Adventure|Children|Comedy,"['Adventure', 'Children', 'Comedy']",3,2002.0,6,2.333333333333333,1.7224014243685084,0.5,5.0,2002
5051,Italian for Beginners (Italiensk for begyndere) (2000),Comedy|Drama|Romance,"['Comedy', 'Drama', 'Romance']",3,2000.0,2,3.0,0.0,3.0,3.0,2000
5064,The Count of Monte Cristo (2002),Action|Adventure|Drama|Thriller,"['Action', 'Adventure', 'Drama', 'Thriller']",4,2002.0,32,3.828125,0.8482370237068745,1.5,5.0,2002
5065,"Mothman Prophecies, The (2002)",Drama|Fantasy|Horror|Mystery|Thriller,"['Drama', 'Fantasy', 'Horror', 'Mystery', 'Thriller']",5,2002.0,13,3.076923076923077,0.75955452531275,2.0,5.0,2002
5066,"Walk to Remember, A (2002)",Drama|Romance,"['Drama', 'Romance']",2,2002.0,14,3.5,1.3008872711759818,0.5,5.0,2002
5068,Beijing Bicycle (Shiqi sui de dan che) (2001),Drama,['Drama'],1,2001.0,1,4.0,0.0,4.0,4.0,2001
5069,Escaflowne: The Movie (Escaflowne) (2000),Action|Adventure|Animation|Drama|Fantasy,"['Action', 'Adventure', 'Animation', 'Drama', 'Fantasy']",5,2000.0,2,3.25,1.0606601717798212,2.5,4.0,2000
5071,Maelström (2000),Drama|Romance,"['Drama', 'Romance']",2,2000.0,1,4.0,0.0,4.0,4.0,2000
5072,Metropolis (2001),Animation|Sci-Fi,"['Animation', 'Sci-Fi']",2,2001.0,13,3.9615384615384617,0.6910601294852008,3.0,5.0,2001
5073,"Son's Room, The (Stanza del figlio, La) (2001)",Drama,['Drama'],1,2001.0,3,3.8333333333333335,0.7637626158259734,3.0,4.5,2001
5074,Storytelling (2001),Comedy|Drama,"['Comedy', 'Drama']",2,2001.0,3,3.1666666666666665,1.0408329997330663,2.0,4.0,2001
5075,Waydowntown (2000),Comedy,['Comedy'],1,2000.0,3,3.6666666666666665,1.5275252316519468,2.0,5.0,2000
5080,Slackers (2002),Comedy,['Comedy'],1,2002.0,5,2.6,1.3416407864998738,1.0,4.0,2002
5081,Birthday Girl (2001),Drama|Romance,"['Drama', 'Romance']",2,2001.0,5,2.8,0.8366600265340756,2.0,4.0,2001
5083,Rare Birds (2001),Comedy|Drama,"['Comedy', 'Drama']",2,2001.0,2,3.5,0.7071067811865476,3.0,4.0,2001
5092,Big Fat Liar (2002),Children|Comedy,"['Children', 'Comedy']",2,2002.0,5,3.0,1.118033988749895,1.5,4.5,2002
5093,Collateral Damage (2002),Action|Thriller,"['Action', 'Thriller']",2,2002.0,9,2.7777777777777777,0.6180165405913053,2.0,4.0,2002
5094,Rollerball (2002),Action|Sci-Fi,"['Action', 'Sci-Fi']",2,2002.0,7,1.7857142857142858,0.6986381310057719,1.0,3.0,2002
5095,"Scotland, Pa. (2001)",Comedy|Crime,"['Comedy', 'Crime']",2,2001.0,1,4.5,0.0,4.5,4.5,2001
5106,Crossroads (2002),Comedy|Musical|Romance,"['Comedy', 'Musical', 'Romance']",3,2002.0,7,2.071428571428572,1.2392393980641052,0.5,4.5,2002
5107,Hart's War (2002),Drama|War,"['Drama', 'War']",2,2002.0,5,3.1,0.8944271909999159,2.0,4.0,2002
5108,John Q (2002),Crime|Drama|Thriller,"['Crime', 'Drama', 'Thriller']",3,2002.0,11,2.909090909090909,0.8005679801922451,1.5,4.0,2002
5109,Return to Never Land (2002),Adventure|Animation|Children,"['Adventure', 'Animation', 'Children']",3,2002.0,1,4.0,0.0,4.0,4.0,2002
5110,Super Troopers (2001),Comedy|Crime|Mystery,"['Comedy', 'Crime', 'Mystery']",3,2001.0,24,3.6041666666666665,1.0105870728858837,1.0,5.0,2001
5112,Last Orders (2001),Drama,['Drama'],1,2001.0,1,3.0,0.0,3.0,3.0,2001
5127,Dragonfly (2002),Drama|Fantasy|Mystery|Romance|Thriller,"['Drama', 'Fantasy', 'Mystery', 'Romance', 'Thriller']",5,2002.0,3,3.5,0.8660254037844386,2.5,4.0,2002
5128,Queen of the Damned (2002),Fantasy|Horror,"['Fantasy', 'Horror']",2,2002.0,11,2.363636363636364,0.5954371961386479,1.0,3.0,2002
5131,How to Kill Your Neighbor's Dog (2000),Comedy|Drama,"['Comedy', 'Drama']",2,2000.0,2,3.25,1.7677669529663689,2.0,4.5,2000
5134,Mean Machine (2001),Comedy|Drama,"['Comedy', 'Drama']",2,2001.0,2,3.0,0.7071067811865476,2.5,3.5,2001
5135,Monsoon Wedding (2001),Comedy|Romance,"['Comedy', 'Romance']",2,2001.0,12,3.8333333333333335,1.1742179860604582,1.0,5.0,2001
5136,Wendigo (2001),Drama|Horror,"['Drama', 'Horror']",2,2001.0,2,2.5,1.4142135623730951,1.5,3.5,2001
5137,Scratch (2001),Documentary,['Documentary'],1,2001.0,3,3.8333333333333335,1.0408329997330663,3.0,5.0,2001
5146,Vampire Hunter D: Bloodlust (Banpaia hantâ D) (2000),Animation|Fantasy|Horror|Sci-Fi,"['Animation', 'Fantasy', 'Horror', 'Sci-Fi']",4,2000.0,9,3.111111111111111,1.1118053386771944,1.0,4.0,2000
5151,40 Days and 40 Nights (2002),Comedy|Romance,"['Comedy', 'Romance']",2,2002.0,18,3.0,0.9548637106322312,0.5,4.5,2002
5152,We Were Soldiers (2002),Action|Drama|War,"['Action', 'Drama', 'War']",3,2002.0,18,3.333333333333333,1.0431851677040116,1.0,5.0,2002
5170,All About the Benjamins (2002),Action|Comedy|Crime,"['Action', 'Comedy', 'Crime']",3,2002.0,2,2.5,0.7071067811865476,2.0,3.0,2002
5171,"Time Machine, The (2002)",Action|Adventure|Sci-Fi,"['Action', 'Adventure', 'Sci-Fi']",3,2002.0,22,2.863636363636364,0.8753477972976034,1.5,5.0,2002
5218,Ice Age (2002),Adventure|Animation|Children|Comedy,"['Adventure', 'Animation', 'Children', 'Comedy']",4,2002.0,85,3.6882352941176473,0.7277512272332461,1.0,5.0,2002
5219,Resident Evil (2002),Action|Horror|Sci-Fi|Thriller,"['Action', 'Horror', 'Sci-Fi', 'Thriller']",4,2002.0,30,3.083333333333333,0.900989239222868,1.0,4.5,2002
5220,Showtime (2002),Action|Comedy,"['Action', 'Comedy']",2,2002.0,10,2.4,1.0488088481701516,0.5,4.0,2002
5221,Harrison's Flowers (2000),Drama,['Drama'],1,2000.0,1,3.0,0.0,3.0,3.0,2000
5222,Kissing Jessica Stein (2001),Comedy|Romance,"['Comedy', 'Romance']",2,2001.0,4,3.375,1.9737865470545015,0.5,5.0,2001
5224,Promises (2001),Documentary,['Documentary'],1,2001.0,2,4.25,0.3535533905932738,4.0,4.5,2001
5225,And Your Mother Too (Y tu mamá también) (2001),Drama|Romance,"['Drama', 'Romance']",2,2001.0,21,3.952380952380953,0.8201335547452301,2.0,5.0,2001
5254,Blade II (2002),Action|Horror|Thriller,"['Action', 'Horror', 'Thriller']",3,2002.0,34,3.2058823529411766,0.9055188288357752,1.0,5.0,2002
5255,Sorority Boys (2002),Comedy,['Comedy'],1,2002.0,4,2.375,0.6291528696058958,1.5,3.0,2002
5256,Stolen Summer (2002),Drama,['Drama'],1,2002.0,2,2.75,0.3535533905932738,2.5,3.0,2002
5258,George Washington (2000),Drama,['Drama'],1,2000.0,2,2.0,0.0,2.0,2.0,2000
5264,Clockstoppers (2002),Action|Adventure|Sci-Fi|Thriller,"['Action', 'Adventure', 'Sci-Fi', 'Thriller']",4,2002.0,4,2.25,0.5,2.0,3.0,2002
5265,Death to Smoochy (2002),Comedy|Crime|Drama,"['Comedy', 'Crime', 'Drama']",3,2002.0,11,3.3181818181818183,0.8447700063546075,2.0,4.5,2002
5266,Panic Room (2002),Thriller,['Thriller'],1,2002.0,37,3.0,1.034139470499238,1.0,5.0,2002
5267,"Rookie, The (2002)",Drama,['Drama'],1,2002.0,12,3.2916666666666665,0.8382431122004613,2.0,4.5,2002
5268,No Such Thing (2001),Drama|Fantasy|Romance,"['Drama', 'Fantasy', 'Romance']",3,2001.0,1,2.5,0.0,2.5,2.5,2001
5269,"Piano Teacher, The (La pianiste) (2001)",Drama,['Drama'],1,2001.0,1,4.0,0.0,4.0,4.0,2001
5272,Time Out (L'emploi du temps) (2001),Drama,['Drama'],1,2001.0,1,3.0,0.0,3.0,3.0,2001
5282,High Crimes (2002),Thriller,['Thriller'],1,2002.0,2,3.25,1.0606601717798212,2.5,4.0,2002
5283,National Lampoon's Van Wilder (2002),Comedy,['Comedy'],1,2002.0,22,2.909090909090909,0.9466276438515284,1.5,5.0,2002
5284,Crush (2001),Comedy|Romance,"['Comedy', 'Romance']",2,2001.0,1,2.5,0.0,2.5,2.5,2001
5285,Lucky Break (2001),Comedy|Crime,"['Comedy', 'Crime']",2,2001.0,1,4.0,0.0,4.0,4.0,2001
5293,Changing Lanes (2002),Drama|Thriller,"['Drama', 'Thriller']",2,2002.0,9,3.333333333333333,0.6123724356957945,2.5,4.5,2002
5294,Frailty (2001),Crime|Drama|Thriller,"['Crime', 'Drama', 'Thriller']",3,2001.0,11,3.863636363636364,0.6741998624632421,3.0,5.0,2001
5296,"Sweetest Thing, The (2002)",Comedy|Romance,"['Comedy', 'Romance']",2,2002.0,10,2.9,1.1254628677422756,0.5,4.0,2002
5297,"Cat's Meow, The (2002)",Drama|Thriller,"['Drama', 'Thriller']",2,2002.0,2,2.5,0.7071067811865476,2.0,3.0,2002
5298,Human Nature (2001),Comedy|Romance,"['Comedy', 'Romance']",2,2001.0,5,3.5,0.6123724356957945,2.5,4.0,2001
5299,My Big Fat Greek Wedding (2002),Comedy|Romance,"['Comedy', 'Romance']",2,2002.0,60,3.2666666666666666,1.0754055863446323,0.5,5.0,2002
5312,Murder by Numbers (2002),Crime|Thriller,"['Crime', 'Thriller']",2,2002.0,7,2.857142857142857,0.6267831705280087,2.0,4.0,2002
5313,The Scorpion King (2002),Action|Adventure|Fantasy|Thriller,"['Action', 'Adventure', 'Fantasy', 'Thriller']",4,2002.0,22,2.2954545454545454,1.1511804594486696,0.5,4.0,2002
5316,Enigma (2001),Romance|Thriller,"['Romance', 'Thriller']",2,2001.0,7,3.142857142857143,0.5563486402641868,2.5,4.0,2001
5319,Nine Queens (Nueve reinas) (2000),Crime|Thriller,"['Crime', 'Thriller']",2,2000.0,6,3.5,1.0488088481701514,2.0,4.5,2000
5321,"Triumph of Love, The (2001)",Comedy,['Comedy'],1,2001.0,1,2.0,0.0,2.0,2.0,2001
5322,World Traveler (2001),Drama,['Drama'],1,2001.0,1,4.0,0.0,4.0,4.0,2001
5323,Jason X (2002),Horror|Sci-Fi|Thriller,"['Horror', 'Sci-Fi', 'Thriller']",3,2002.0,8,1.1875,0.8838834764831844,0.5,3.0,2002
5324,Life or Something Like It (2002),Comedy|Romance,"['Comedy', 'Romance']",2,2002.0,2,2.75,1.0606601717798212,2.0,3.5,2002
5325,Dogtown and Z-Boyz (2001),Documentary,['Documentary'],1,2001.0,7,3.7857142857142856,0.4879500364742665,3.0,4.5,2001
5328,Rain (2001),Drama|Romance,"['Drama', 'Romance']",2,2001.0,1,5.0,0.0,5.0,5.0,2001
5329,"Salton Sea, The (2002)",Crime|Drama|Thriller,"['Crime', 'Drama', 'Thriller']",3,2002.0,10,3.35,0.6687467549246293,2.5,5.0,2002
5347,Deuces Wild (2002),Drama,['Drama'],1,2002.0,2,2.5,0.7071067811865476,2.0,3.0,2002
5348,Hollywood Ending (2002),Comedy|Drama,"['Comedy', 'Drama']",2,2002.0,1,4.0,0.0,4.0,4.0,2002
5349,Spider-Man (2002),Action|Adventure|Sci-Fi|Thriller,"['Action', 'Adventure', 'Sci-Fi', 'Thriller']",4,2002.0,122,3.540983606557377,0.948226190747726,0.5,5.0,2002
5363,"New Guy, The (2002)",Comedy,['Comedy'],1,2002.0,9,2.5,0.8660254037844386,1.0,3.5,2002
5364,Unfaithful (2002),Drama|Thriller,"['Drama', 'Thriller']",2,2002.0,7,3.5,0.7071067811865476,2.5,4.5,2002
5365,"Lady and the Duke, The (Anglaise et le duc, L') (2001)",Drama|Romance,"['Drama', 'Romance']",2,2001.0,1,4.0,0.0,4.0,4.0,2001
5377,About a Boy (2002),Comedy|Drama|Romance,"['Comedy', 'Drama', 'Romance']",3,2002.0,44,3.715909090909091,0.7185072321877706,2.0,5.0,2002
5378,Star Wars: Episode II - Attack of the Clones (2002),Action|Adventure|Sci-Fi|IMAX,"['Action', 'Adventure', 'Sci-Fi', 'IMAX']",4,2002.0,92,3.157608695652174,1.1337222265425166,0.5,5.0,2002
5379,"Believer, The (2001)",Drama,['Drama'],1,2001.0,6,4.25,0.4183300132670378,4.0,5.0,2001
5380,"Importance of Being Earnest, The (2002)",Comedy|Drama|Romance,"['Comedy', 'Drama', 'Romance']",3,2002.0,10,3.85,0.7090682462060882,3.0,5.0,2002
5387,Enough (2002),Drama|Thriller,"['Drama', 'Thriller']",2,2002.0,3,4.0,1.3228756555322954,2.5,5.0,2002
5388,Insomnia (2002),Action|Crime|Drama|Mystery|Thriller,"['Action', 'Crime', 'Drama', 'Mystery', 'Thriller']",5,2002.0,33,3.303030303030303,0.7493684209406146,1.0,5.0,2002
5389,Spirit: Stallion of the Cimarron (2002),Adventure|Animation|Children|Western,"['Adventure', 'Animation', 'Children', 'Western']",4,2002.0,2,3.5,0.7071067811865476,3.0,4.0,2002
5390,CQ (2001),Drama,['Drama'],1,2001.0,1,3.0,0.0,3.0,3.0,2001
5391,Thirteen Conversations About One Thing (a.k.a. 13 Conversations) (2001),Drama,['Drama'],1,2001.0,3,4.0,1.0,3.0,5.0,2001
5400,"Sum of All Fears, The (2002)",Drama|Thriller,"['Drama', 'Thriller']",2,2002.0,17,2.9705882352941178,0.8564203888003492,1.5,4.0,2002
5401,Undercover Brother (2002),Comedy,['Comedy'],1,2002.0,9,1.8333333333333333,0.8291561975888501,1.0,3.5,2002
5414,Bad Company (2002),Action|Comedy|Crime,"['Action', 'Comedy', 'Crime']",3,2002.0,4,2.875,1.030776406404415,2.0,4.0,2002
5415,Divine Secrets of the Ya-Ya Sisterhood (2002),Comedy|Drama,"['Comedy', 'Drama']",2,2002.0,4,3.125,0.8539125638299665,2.0,4.0,2002
5416,Cherish (2002),Comedy|Drama|Thriller,"['Comedy', 'Drama', 'Thriller']",3,2002.0,1,5.0,0.0,5.0,5.0,2002
5417,"Fast Runner, The (Atanarjuat) (2001)",Drama|Fantasy,"['Drama', 'Fantasy']",2,2001.0,3,3.8333333333333335,1.0408329997330663,3.0,5.0,2001
5418,"Bourne Identity, The (2002)",Action|Mystery|Thriller,"['Action', 'Mystery', 'Thriller']",3,2002.0,112,3.8169642857142856,0.8903778318206738,0.5,5.0,2002
5419,Scooby-Doo (2002),Adventure|Children|Comedy|Fantasy|Mystery,"['Adventure', 'Children', 'Comedy', 'Fantasy', 'Mystery']",5,2002.0,17,2.8529411764705883,1.3082037527937036,0.5,5.0,2002
5420,Windtalkers (2002),Action|Drama|War,"['Action', 'Drama', 'War']",3,2002.0,8,2.875,1.093813773650968,1.5,5.0,2002
5421,"Dangerous Lives of Altar Boys, The (2002)",Drama,['Drama'],1,2002.0,6,3.5,0.6324555320336759,2.5,4.0,2002
5422,"Emperor's New Clothes, The (2001)",Comedy,['Comedy'],1,2001.0,1,4.0,0.0,4.0,4.0,2001
5423,Gangster No. 1 (2000),Action|Crime|Thriller,"['Action', 'Crime', 'Thriller']",3,2000.0,3,3.0,1.0,2.0,4.0,2000
5424,Harvard Man (2001),Crime|Drama|Romance|Thriller,"['Crime', 'Drama', 'Romance', 'Thriller']",4,2001.0,1,3.0,0.0,3.0,3.0,2001
5425,Dark Blue World (Tmavomodrý svet) (2001),Drama|War,"['Drama', 'War']",2,2001.0,2,4.25,0.3535533905932738,4.0,4.5,2001
5443,Juwanna Mann (2002),Comedy,['Comedy'],1,2002.0,2,1.5,0.7071067811865476,1.0,2.0,2002
5444,Lilo & Stitch (2002),Adventure|Animation|Children|Sci-Fi,"['Adventure', 'Animation', 'Children', 'Sci-Fi']",4,2002.0,29,3.810344827586207,0.7724473294971576,1.0,5.0,2002
5445,Minority Report (2002),Action|Crime|Mystery|Sci-Fi|Thriller,"['Action', 'Crime', 'Mystery', 'Sci-Fi', 'Thriller']",5,2002.0,120,3.6375,0.9004259029607539,0.5,5.0,2002
5446,Rabbit-Proof Fence (2002),Adventure|Drama,"['Adventure', 'Drama']",2,2002.0,7,3.642857142857143,0.6900655593423541,3.0,4.5,2002
5447,Sunshine State (2002),Drama,['Drama'],1,2002.0,2,3.5,0.7071067811865476,3.0,4.0,2002
5448,Hey Arnold! The Movie (2002),Adventure|Animation|Children|Comedy,"['Adventure', 'Animation', 'Children', 'Comedy']",4,2002.0,1,2.0,0.0,2.0,2.0,2002
5449,Mr. Deeds (2002),Comedy|Romance,"['Comedy', 'Romance']",2,2002.0,22,2.909090909090909,0.8257228238447706,1.5,5.0,2002
5450,Lovely & Amazing (2001),Comedy|Drama|Romance,"['Comedy', 'Drama', 'Romance']",3,2001.0,5,3.2,1.3038404810405295,2.0,5.0,2001
5451,Pumpkin (2002),Comedy|Drama|Romance,"['Comedy', 'Drama', 'Romance']",3,2002.0,5,3.0,1.0606601717798212,1.5,4.0,2002
5458,Like Mike (2002),Children|Comedy|Fantasy,"['Children', 'Comedy', 'Fantasy']",3,2002.0,1,2.5,0.0,2.5,2.5,2002
5459,Men in Black II (a.k.a. MIIB) (a.k.a. MIB 2) (2002),Action|Comedy|Sci-Fi,"['Action', 'Comedy', 'Sci-Fi']",3,2002.0,61,2.959016393442623,0.8128913517357508,1.5,4.5,2002
5460,"Powerpuff Girls, The (2002)",Action|Animation|Children|Comedy,"['Action', 'Animation', 'Children', 'Comedy']",4,2002.0,3,3.6666666666666665,0.5773502691896258,3.0,4.0,2002
5461,Me Without You (2001),Comedy|Drama,"['Comedy', 'Drama']",2,2001.0,1,2.5,0.0,2.5,2.5,2001
5462,"Crocodile Hunter: Collision Course, The (2002)",Adventure|Comedy,"['Adventure', 'Comedy']",2,2002.0,2,2.5,0.7071067811865476,2.0,3.0,2002
5463,Reign of Fire (2002),Action|Adventure|Fantasy,"['Action', 'Adventure', 'Fantasy']",3,2002.0,18,2.7222222222222223,1.032162524568773,0.5,4.0,2002
5464,Road to Perdition (2002),Crime|Drama,"['Crime', 'Drama']",2,2002.0,49,3.520408163265306,0.8777289805317506,1.5,5.0,2002
5465,All About Lily Chou-Chou (Riri Shushu no subete) (2001),Crime|Drama|Thriller,"['Crime', 'Drama', 'Thriller']",3,2001.0,1,3.0,0.0,3.0,3.0,2001
5466,My Wife is an Actress (Ma Femme est une Actrice) (2001),Comedy|Drama|Romance,"['Comedy', 'Drama', 'Romance']",3,2001.0,4,4.0,1.1547005383792517,3.0,5.0,2001
5476,Halloween: Resurrection (Halloween 8) (2002),Horror|Thriller,"['Horror', 'Thriller']",2,2002.0,3,2.0,1.0,1.0,3.0,2002
5477,Sex and Lucia (Lucía y el sexo) (2001),Drama|Romance,"['Drama', 'Romance']",2,2001.0,4,3.875,1.0307764064044151,3.0,5.0,2001
5478,Eight Legged Freaks (2002),Action|Comedy|Horror|Sci-Fi,"['Action', 'Comedy', 'Horror', 'Sci-Fi']",4,2002.0,8,2.75,1.224744871391589,0.5,4.0,2002
5479,K-19: The Widowmaker (2002),Action|Adventure|Drama|Thriller,"['Action', 'Adventure', 'Drama', 'Thriller']",4,2002.0,6,3.5,0.8366600265340755,2.0,4.0,2002
5480,Stuart Little 2 (2002),Children|Comedy,"['Children', 'Comedy']",2,2002.0,5,2.6,1.710263137648707,0.5,5.0,2002
5481,Austin Powers in Goldmember (2002),Comedy,['Comedy'],1,2002.0,65,2.8461538461538463,1.052983398948691,0.5,5.0,2002
5483,"Kid Stays in the Picture, The (2002)",Documentary,['Documentary'],1,2002.0,3,3.8333333333333335,0.5773502691896258,3.5,4.5,2002
5485,Tadpole (2002),Comedy|Drama|Romance,"['Comedy', 'Drama', 'Romance']",3,2002.0,3,3.333333333333333,1.5275252316519463,2.0,5.0,2002
5486,Who Is Cletis Tout? (2001),Comedy,['Comedy'],1,2001.0,2,2.5,0.0,2.5,2.5,2001
5501,"Master of Disguise, The (2002)",Comedy|Mystery,"['Comedy', 'Mystery']",2,2002.0,7,1.8571428571428568,1.2488089563755576,0.5,3.5,2002
5502,Signs (2002),Horror|Sci-Fi|Thriller,"['Horror', 'Sci-Fi', 'Thriller']",3,2002.0,63,3.1666666666666665,0.9837387536759294,1.0,5.0,2002
5503,"Last Kiss, The (Ultimo bacio, L') (2001)",Comedy|Drama|Romance,"['Comedy', 'Drama', 'Romance']",3,2001.0,1,4.0,0.0,4.0,4.0,2001
5504,Spy Kids 2: The Island of Lost Dreams (2002),Adventure|Children,"['Adventure', 'Children']",2,2002.0,7,2.2142857142857144,1.3183683999911548,0.5,4.0,2002
5505,"Good Girl, The (2002)",Comedy|Drama,"['Comedy', 'Drama']",2,2002.0,12,3.208333333333333,0.8908201872772114,1.5,4.5,2002
5506,Blood Work (2002),Crime|Drama|Mystery|Thriller,"['Crime', 'Drama', 'Mystery', 'Thriller']",4,2002.0,3,3.333333333333333,0.5773502691896258,3.0,4.0,2002
5507,xXx (2002),Action|Crime|Thriller,"['Action', 'Crime', 'Thriller']",3,2002.0,24,2.770833333333333,0.9666073195175626,0.5,4.0,2002
5508,24 Hour Party People (2002),Comedy|Drama|Musical,"['Comedy', 'Drama', 'Musical']",3,2002.0,7,3.571428571428572,0.5345224838248488,3.0,4.0,2002
5512,Secret Ballot (Raye makhfi) (2001),Comedy,['Comedy'],1,2001.0,2,3.25,0.3535533905932738,3.0,3.5,2001
5513,Martin Lawrence Live: Runteldat (2002),Comedy|Documentary,"['Comedy', 'Documentary']",2,2002.0,1,5.0,0.0,5.0,5.0,2002
5515,Songs From the Second Floor (Sånger från andra våningen) (2000),Drama,['Drama'],1,2000.0,1,3.5,0.0,3.5,3.5,2000
5523,"Adventures of Pluto Nash, The (2002)",Action|Adventure|Comedy|Sci-Fi,"['Action', 'Adventure', 'Comedy', 'Sci-Fi']",4,2002.0,3,2.333333333333333,0.2886751345948129,2.0,2.5,2002
5524,Blue Crush (2002),Adventure|Drama|Romance,"['Adventure', 'Drama', 'Romance']",3,2002.0,8,2.6875,0.9234059624177068,0.5,3.5,2002
5525,Mostly Martha (Bella Martha) (2001),Comedy|Drama|Romance,"['Comedy', 'Drama', 'Romance']",3,2001.0,1,3.5,0.0,3.5,3.5,2001
5527,Possession (2002),Drama|Romance,"['Drama', 'Romance']",2,2002.0,4,3.5,0.9128709291752768,2.5,4.5,2002
5528,One Hour Photo (2002),Drama|Thriller,"['Drama', 'Thriller']",2,2002.0,19,3.473684210526316,0.9926631437497137,0.5,5.0,2002
5529,Serving Sara (2002),Comedy|Romance,"['Comedy', 'Romance']",2,2002.0,2,3.25,1.0606601717798212,2.5,4.0,2002
5530,Simone (S1m0ne) (2002),Comedy|Drama|Fantasy|Sci-Fi,"['Comedy', 'Drama', 'Fantasy', 'Sci-Fi']",4,2002.0,7,2.142857142857143,1.2488089563755578,0.5,3.5,2002
5531,Undisputed (2002),Drama,['Drama'],1,2002.0,2,2.75,0.3535533905932738,2.5,3.0,2002
5532,Amy's O (a.k.a. Amy's Orgasm) (2001),Comedy|Romance,"['Comedy', 'Romance']",2,2001.0,1,4.0,0.0,4.0,4.0,2001
5537,Satin Rouge (2002),Drama|Musical,"['Drama', 'Musical']",2,2002.0,1,5.0,0.0,5.0,5.0,2002
5556,FearDotCom (a.k.a. Fear.com) (a.k.a. Fear Dot Com) (2002),Crime|Horror|Thriller,"['Crime', 'Horror', 'Thriller']",3,2002.0,3,1.5,0.5,1.0,2.0,2002
5562,Snipes (2001),Drama|Thriller,"['Drama', 'Thriller']",2,2001.0,1,2.5,0.0,2.5,2.5,2001
5563,City by the Sea (2002),Crime|Drama,"['Crime', 'Drama']",2,2002.0,3,2.833333333333333,0.7637626158259733,2.0,3.5,2002
5564,Swimfan (2002),Thriller,['Thriller'],1,2002.0,2,2.0,2.1213203435596424,0.5,3.5,2002
5572,Barbershop (2002),Comedy,['Comedy'],1,2002.0,7,2.7142857142857144,0.5669467095138409,2.0,3.5,2002
5573,Stealing Harvard (2002),Comedy|Crime,"['Comedy', 'Crime']",2,2002.0,7,2.2857142857142856,0.4879500364742665,1.5,3.0,2002
5574,"Transporter, The (2002)",Action|Crime,"['Action', 'Crime']",2,2002.0,26,3.519230769230769,0.8059872111984063,1.5,5.0,2002
5575,Alias Betty (Betty Fisher et autres histoires) (2001),Crime|Drama,"['Crime', 'Drama']",2,2001.0,1,2.0,0.0,2.0,2.0,2001
5577,Igby Goes Down (2002),Comedy|Drama,"['Comedy', 'Drama']",2,2002.0,12,3.6666666666666665,1.0730867399773196,1.5,5.0,2002
5607,"Son of the Bride (Hijo de la novia, El) (2001)",Comedy|Drama,"['Comedy', 'Drama']",2,2001.0,1,5.0,0.0,5.0,5.0,2001
5608,"Das Experiment (Experiment, The) (2001)",Drama|Thriller,"['Drama', 'Thriller']",2,2001.0,11,3.863636363636364,0.7103136311133658,2.5,4.5,2001
5609,Ballistic: Ecks vs. Sever (2002),Action|Thriller,"['Action', 'Thriller']",2,2002.0,2,2.5,0.7071067811865476,2.0,3.0,2002
5610,"Banger Sisters, The (2002)",Comedy|Drama,"['Comedy', 'Drama']",2,2002.0,3,2.0,0.0,2.0,2.0,2002
5611,"Four Feathers, The (2002)",Adventure|War,"['Adventure', 'War']",2,2002.0,2,2.75,1.0606601717798212,2.0,3.5,2002
5612,Trapped (2002),Action|Thriller,"['Action', 'Thriller']",2,2002.0,1,2.0,0.0,2.0,2.0,2002
5613,8 Women (2002),Comedy|Crime|Musical|Mystery,"['Comedy', 'Crime', 'Musical', 'Mystery']",4,2002.0,3,3.8333333333333335,0.2886751345948129,3.5,4.0,2002
5614,"His Secret Life (a.k.a. Ignorant Fairies, The) (Fate ignoranti, Le) (2001)",Drama|Romance,"['Drama', 'Romance']",2,2001.0,1,4.5,0.0,4.5,4.5,2001
5615,Invincible (2001),Drama,['Drama'],1,2001.0,1,3.5,0.0,3.5,3.5,2001
5617,Secretary (2002),Comedy|Drama|Romance,"['Comedy', 'Drama', 'Romance']",3,2002.0,25,3.9,0.7772815877574011,2.0,5.0,2002
5618,Spirited Away (Sen to Chihiro no kamikakushi) (2001),Adventure|Animation|Fantasy,"['Adventure', 'Animation', 'Fantasy']",3,2001.0,87,4.155172413793103,0.8008365714138395,0.5,5.0,2001
5619,"Trials of Henry Kissinger, The (2002)",Documentary,['Documentary'],1,2002.0,2,4.0,0.0,4.0,4.0,2002
5620,Sweet Home Alabama (2002),Comedy|Romance,"['Comedy', 'Romance']",2,2002.0,28,3.0535714285714284,1.0915439771114372,0.5,5.0,2002
5621,"Tuxedo, The (2002)",Action|Comedy,"['Action', 'Comedy']",2,2002.0,10,2.5,1.2909944487358056,1.0,5.0,2002
5625,Moonlight Mile (2002),Drama|Romance,"['Drama', 'Romance']",2,2002.0,3,3.5,0.5,3.0,4.0,2002
5628,Wasabi (2001),Action|Comedy|Crime|Drama|Thriller,"['Action', 'Comedy', 'Crime', 'Drama', 'Thriller']",5,2001.0,5,3.5,0.7905694150420949,2.5,4.5,2001
5629,Jonah: A VeggieTales Movie (2002),Animation|Children|Musical,"['Animation', 'Children', 'Musical']",3,2002.0,1,2.0,0.0,2.0,2.0,2002
5630,Red Dragon (2002),Crime|Mystery|Thriller,"['Crime', 'Mystery', 'Thriller']",3,2002.0,31,3.435483870967742,1.1309430834770229,0.5,5.0,2002
5632,Bloody Sunday (2002),Drama,['Drama'],1,2002.0,5,3.6,0.5477225575051661,3.0,4.0,2002
5633,Heaven (2002),Drama,['Drama'],1,2002.0,2,3.75,0.3535533905932738,3.5,4.0,2002
5635,"Man from Elysian Fields, The (2001)",Drama,['Drama'],1,2001.0,1,3.0,0.0,3.0,3.0,2001
5636,Welcome to Collinwood (2002),Comedy|Crime,"['Comedy', 'Crime']",2,2002.0,2,2.5,0.7071067811865476,2.0,3.0,2002
5663,Below (2002),Horror,['Horror'],1,2002.0,1,3.5,0.0,3.5,3.5,2002
5664,Brown Sugar (2002),Romance,['Romance'],1,2002.0,1,1.5,0.0,1.5,1.5,2002
5665,Knockaround Guys (2002),Action|Comedy|Crime,"['Action', 'Comedy', 'Crime']",3,2002.0,5,2.5,0.6123724356957945,1.5,3.0,2002
5666,"Rules of Attraction, The (2002)",Comedy|Drama|Romance|Thriller,"['Comedy', 'Drama', 'Romance', 'Thriller']",4,2002.0,5,3.6,1.3874436925511608,2.0,5.0,2002
5667,Tuck Everlasting (2002),Drama|Fantasy,"['Drama', 'Fantasy']",2,2002.0,2,3.25,0.3535533905932738,3.0,3.5,2002
5668,White Oleander (2002),Drama,['Drama'],1,2002.0,4,2.5,1.5811388300841898,0.5,4.0,2002
5669,Bowling for Columbine (2002),Documentary,['Documentary'],1,2002.0,58,3.775862068965517,0.7733069440811101,0.5,5.0,2002
5670,Comedian (2002),Comedy|Documentary,"['Comedy', 'Documentary']",2,2002.0,2,3.0,0.0,3.0,3.0,2002
5672,Pokemon 4 Ever (a.k.a. Pokémon 4: The Movie) (2002),Adventure|Animation|Children|Fantasy,"['Adventure', 'Animation', 'Children', 'Fantasy']",4,2002.0,2,0.5,0.0,0.5,0.5,2002
5673,Punch-Drunk Love (2002),Comedy|Drama|Romance,"['Comedy', 'Drama', 'Romance']",3,2002.0,33,3.621212121212121,1.1321322735654544,0.5,5.0,2002
5675,Swept Away (2002),Comedy|Romance,"['Comedy', 'Romance']",2,2002.0,1,1.0,0.0,1.0,1.0,2002
5678,Formula 51 (2001),Action|Comedy|Crime|Thriller,"['Action', 'Comedy', 'Crime', 'Thriller']",4,2001.0,3,2.6666666666666665,0.2886751345948129,2.5,3.0,2001
5679,"Ring, The (2002)",Horror|Mystery|Thriller,"['Horror', 'Mystery', 'Thriller']",3,2002.0,47,3.202127659574468,0.8825578837285177,0.5,4.5,2002
5680,Auto Focus (2002),Crime|Drama,"['Crime', 'Drama']",2,2002.0,3,3.1666666666666665,0.2886751345948129,3.0,3.5,2002
5682,"Grey Zone, The (2001)",Drama,['Drama'],1,2001.0,2,3.25,1.0606601717798212,2.5,4.0,2001
5684,Naqoyqatsi (2002),Documentary,['Documentary'],1,2002.0,1,3.0,0.0,3.0,3.0,2002
5685,Real Women Have Curves (2002),Comedy|Drama,"['Comedy', 'Drama']",2,2002.0,2,4.25,0.3535533905932738,4.0,4.5,2002
5688,Tully (2000),Drama,['Drama'],1,2000.0,2,2.75,1.0606601717798212,2.0,3.5,2000
5784,Ghost Ship (2002),Horror,['Horror'],1,2002.0,9,2.5,1.3228756555322954,0.5,4.0,2002
5785,Jackass: The Movie (2002),Action|Comedy|Documentary,"['Action', 'Comedy', 'Documentary']",3,2002.0,17,3.5,1.015504800579495,0.5,5.0,2002
5786,Paid in Full (2002),Action|Drama,"['Action', 'Drama']",2,2002.0,1,4.5,0.0,4.5,4.5,2002
5787,"Truth About Charlie, The (2002)",Mystery|Thriller,"['Mystery', 'Thriller']",2,2002.0,1,2.5,0.0,2.5,2.5,2002
5788,All or Nothing (2002),Drama,['Drama'],1,2002.0,3,3.6666666666666665,1.0408329997330663,2.5,4.5,2002
5791,Frida (2002),Drama|Romance,"['Drama', 'Romance']",2,2002.0,16,3.78125,0.4819664580307085,3.0,4.5,2002
5792,Roger Dodger (2002),Comedy|Drama,"['Comedy', 'Drama']",2,2002.0,6,3.6666666666666665,0.8755950357709132,2.5,5.0,2002
5803,I Spy (2002),Action|Adventure|Comedy|Crime,"['Action', 'Adventure', 'Comedy', 'Crime']",4,2002.0,7,2.5,0.8660254037844386,1.5,4.0,2002
5804,"Santa Clause 2, The (2002)",Children|Comedy|Fantasy|Romance,"['Children', 'Comedy', 'Fantasy', 'Romance']",4,2002.0,5,2.3,1.036822067666386,0.5,3.0,2002
5809,Femme Fatale (2002),Crime|Thriller,"['Crime', 'Thriller']",2,2002.0,4,3.375,0.7499999999999999,2.5,4.0,2002
5810,8 Mile (2002),Drama,['Drama'],1,2002.0,41,3.292682926829268,1.0366750319898803,0.5,5.0,2002
5812,Far from Heaven (2002),Drama|Romance,"['Drama', 'Romance']",2,2002.0,11,3.863636363636364,0.6741998624632419,2.5,5.0,2002
5816,Harry Potter and the Chamber of Secrets (2002),Adventure|Fantasy,"['Adventure', 'Fantasy']",2,2002.0,102,3.5980392156862746,0.9255429653047562,0.5,5.0,2002
5817,Ararat (2002),Drama|War,"['Drama', 'War']",2,2002.0,1,4.5,0.0,4.5,4.5,2002
5818,"Crime of Father Amaro, The (Crimen del padre Amaro, El) (2002)",Drama|Romance,"['Drama', 'Romance']",2,2002.0,1,4.5,0.0,4.5,4.5,2002
5820,Standing in the Shadows of Motown (2002),Documentary|Musical,"['Documentary', 'Musical']",2,2002.0,3,3.5,0.5,3.0,4.0,2002
5829,Men with Brooms (2002),Comedy|Drama|Romance,"['Comedy', 'Drama', 'Romance']",3,2002.0,1,4.0,0.0,4.0,4.0,2002
5833,Dog Soldiers (2002),Action|Horror,"['Action', 'Horror']",2,2002.0,3,4.666666666666667,0.5773502691896258,4.0,5.0,2002
5872,Die Another Day (2002),Action|Adventure|Thriller,"['Action', 'Adventure', 'Thriller']",3,2002.0,27,2.925925925925926,1.0067436434032069,0.5,5.0,2002
5873,The Emperor's Club (2002),Drama,['Drama'],1,2002.0,4,3.875,0.478713553878169,3.5,4.5,2002
5874,Friday After Next (2002),Comedy,['Comedy'],1,2002.0,5,2.4,1.1401754250991378,1.0,4.0,2002
5875,Personal Velocity (2002),Drama,['Drama'],1,2002.0,1,2.5,0.0,2.5,2.5,2002
5876,"Quiet American, The (2002)",Drama|Thriller|War,"['Drama', 'Thriller', 'War']",3,2002.0,5,3.9,0.7416198487095663,3.0,5.0,2002
5878,Talk to Her (Hable con Ella) (2002),Drama|Romance,"['Drama', 'Romance']",2,2002.0,14,4.035714285714286,0.3650229557736858,3.5,4.5,2002
5879,Eight Crazy Nights (Adam Sandler's Eight Crazy Nights) (2002),Animation|Comedy|Musical,"['Animation', 'Comedy', 'Musical']",3,2002.0,4,1.5,0.9128709291752768,0.5,2.5,2002
5880,Extreme Ops (2002),Action|Adventure|Crime|Thriller,"['Action', 'Adventure', 'Crime', 'Thriller']",4,2002.0,2,1.75,0.3535533905932738,1.5,2.0,2002
5881,Solaris (2002),Drama|Romance|Sci-Fi,"['Drama', 'Romance', 'Sci-Fi']",3,2002.0,20,3.075,1.172884433666353,0.5,5.0,2002
5882,Treasure Planet (2002),Adventure|Animation|Children|Sci-Fi|IMAX,"['Adventure', 'Animation', 'Children', 'Sci-Fi', 'IMAX']",5,2002.0,8,3.5625,0.9038607667745546,2.5,5.0,2002
5883,They (2002),Horror|Thriller,"['Horror', 'Thriller']",2,2002.0,1,1.5,0.0,1.5,1.5,2002
5890,Elling (2001),Comedy|Drama,"['Comedy', 'Drama']",2,2001.0,2,4.5,0.7071067811865476,4.0,5.0,2001
5900,Analyze That (2002),Comedy|Crime,"['Comedy', 'Crime']",2,2002.0,8,2.5625,0.9038607667745544,1.5,4.0,2002
5901,Empire (2002),Crime|Drama,"['Crime', 'Drama']",2,2002.0,1,4.5,0.0,4.5,4.5,2002
5902,Adaptation (2002),Comedy|Drama|Romance,"['Comedy', 'Drama', 'Romance']",3,2002.0,46,3.945652173913044,0.8896207735731819,0.5,5.0,2002
5903,Equilibrium (2002),Action|Sci-Fi|Thriller,"['Action', 'Sci-Fi', 'Thriller']",3,2002.0,44,3.875,0.6830591244115406,2.0,5.0,2002
5909,Visitor Q (Bizita Q) (2001),Comedy|Drama|Horror,"['Comedy', 'Drama', 'Horror']",3,2001.0,5,3.3,1.7175564037317668,0.5,5.0,2001
5941,Drumline (2002),Comedy|Drama|Musical|Romance,"['Comedy', 'Drama', 'Musical', 'Romance']",4,2002.0,6,2.9166666666666665,0.9174239296348592,2.0,4.0,2002
5942,"Hot Chick, The (2002)",Comedy,['Comedy'],1,2002.0,6,2.833333333333333,0.6831300510639732,2.0,4.0,2002
5943,Maid in Manhattan (2002),Comedy|Romance,"['Comedy', 'Romance']",2,2002.0,19,2.6052631578947367,1.1969747440993466,0.5,4.5,2002
5944,Star Trek: Nemesis (2002),Action|Drama|Sci-Fi|Thriller,"['Action', 'Drama', 'Sci-Fi', 'Thriller']",4,2002.0,19,3.1052631578947367,0.8592462357015314,1.0,4.5,2002
5945,About Schmidt (2002),Comedy|Drama,"['Comedy', 'Drama']",2,2002.0,26,3.173076923076923,1.1995191344226876,0.5,5.0,2002
5947,Evelyn (2002),Drama,['Drama'],1,2002.0,1,3.0,0.0,3.0,3.0,2002
5949,Intact (Intacto) (2001),Thriller,['Thriller'],1,2001.0,2,4.25,1.0606601717798212,3.5,5.0,2001
5951,Morvern Callar (2002),Drama,['Drama'],1,2002.0,4,3.25,1.1902380714238083,2.5,5.0,2002
5952,"Lord of the Rings: The Two Towers, The (2002)",Adventure|Fantasy,"['Adventure', 'Fantasy']",2,2002.0,188,4.0212765957446805,0.8923767867346103,0.5,5.0,2002
5953,Devils on the Doorstep (Guizi lai le) (2000),Drama|War,"['Drama', 'War']",2,2000.0,1,4.0,0.0,4.0,4.0,2000
5954,25th Hour (2002),Crime|Drama,"['Crime', 'Drama']",2,2002.0,22,3.840909090909091,0.5430593152809552,3.0,5.0,2002
5955,Antwone Fisher (2002),Drama,['Drama'],1,2002.0,9,3.555555555555556,0.6346477588219923,3.0,5.0,2002
5956,Gangs of New York (2002),Crime|Drama,"['Crime', 'Drama']",2,2002.0,55,3.518181818181818,0.9858425441648996,0.5,5.0,2002
5957,Two Weeks Notice (2002),Comedy|Romance,"['Comedy', 'Romance']",2,2002.0,19,3.263157894736842,0.9032106474595006,1.5,5.0,2002
5959,Narc (2002),Crime|Drama|Thriller,"['Crime', 'Drama', 'Thriller']",3,2002.0,9,3.2777777777777777,0.565194165260439,2.5,4.0,2002
5989,Catch Me If You Can (2002),Crime|Drama,"['Crime', 'Drama']",2,2002.0,115,3.921739130434783,0.7597070775179184,2.0,5.0,2002
5990,Pinocchio (2002),Children|Comedy|Fantasy,"['Children', 'Comedy', 'Fantasy']",3,2002.0,1,3.5,0.0,3.5,3.5,2002
5991,Chicago (2002),Comedy|Crime|Drama|Musical,"['Comedy', 'Crime', 'Drama', 'Musical']",4,2002.0,49,3.724489795918368,0.918905737876329,1.5,5.0,2002
5992,"Hours, The (2002)",Drama|Romance,"['Drama', 'Romance']",2,2002.0,15,3.7,1.1148350294358096,1.0,5.0,2002
5993,Max (2002),Drama,['Drama'],1,2002.0,5,2.9,0.7416198487095663,2.0,4.0,2002
5994,Nicholas Nickleby (2002),Drama|Romance,"['Drama', 'Romance']",2,2002.0,2,4.0,0.0,4.0,4.0,2002
5995,"Pianist, The (2002)",Drama|War,"['Drama', 'War']",2,2002.0,46,4.108695652173913,0.8226855986358935,1.0,5.0,2002
5999,Heavy Metal 2000 (2000),Action|Adventure|Animation|Fantasy|Sci-Fi,"['Action', 'Adventure', 'Animation', 'Fantasy', 'Sci-Fi']",5,2000.0,2,2.25,0.3535533905932738,2.0,2.5,2000
6002,Love Liza (2002),Drama,['Drama'],1,2002.0,3,3.333333333333333,0.2886751345948129,3.0,3.5,2002
6003,Confessions of a Dangerous Mind (2002),Comedy|Crime|Drama|Thriller,"['Comedy', 'Crime', 'Drama', 'Thriller']",4,2002.0,15,3.6,0.5070925528371099,3.0,4.5,2002
6005,Blue Collar Comedy Tour: The Movie (2003),Comedy|Documentary,"['Comedy', 'Documentary']",2,2003.0,3,3.0,0.8660254037844386,2.0,3.5,2003
6006,Just Married (2003),Comedy|Romance,"['Comedy', 'Romance']",2,2003.0,8,2.75,1.336306209562122,0.5,5.0,2003
6009,"City of Lost Souls, The (Hyôryuu-gai) (2000)",Crime|Drama|Thriller,"['Crime', 'Drama', 'Thriller']",3,2000.0,1,3.0,0.0,3.0,3.0,2000
6012,"Guy Thing, A (2003)",Comedy|Romance,"['Comedy', 'Romance']",2,2003.0,4,2.5,0.5773502691896257,2.0,3.0,2003
6013,Kangaroo Jack (2003),Action|Comedy,"['Action', 'Comedy']",2,2003.0,2,1.75,1.0606601717798212,1.0,2.5,2003
6014,National Security (2003),Action|Comedy,"['Action', 'Comedy']",2,2003.0,5,2.5,1.0,1.5,4.0,2003
6016,City of God (Cidade de Deus) (2002),Action|Adventure|Crime|Drama|Thriller,"['Action', 'Adventure', 'Crime', 'Drama', 'Thriller']",5,2002.0,75,4.1466666666666665,0.7701058778265903,1.0,5.0,2002
6040,Darkness Falls (2003),Horror|Thriller,"['Horror', 'Thriller']",2,2003.0,4,2.125,0.6291528696058958,1.5,3.0,2003
6041,Amen. (2002),Drama,['Drama'],1,2002.0,3,3.8333333333333335,0.2886751345948129,3.5,4.0,2002
6042,Blind Spot: Hitler's Secretary (Im toten Winkel - Hitlers Sekretärin) (2002),Documentary,['Documentary'],1,2002.0,1,3.0,0.0,3.0,3.0,2002
6057,Biker Boyz (2003),Action|Crime|Drama,"['Action', 'Crime', 'Drama']",3,2003.0,1,2.0,0.0,2.0,2.0,2003
6058,Final Destination 2 (2003),Horror|Thriller,"['Horror', 'Thriller']",2,2003.0,10,3.05,0.5502524673073059,2.0,4.0,2003
6059,"Recruit, The (2003)",Action|Thriller,"['Action', 'Thriller']",2,2003.0,17,3.3529411764705883,0.8797141915551492,1.5,5.0,2003
6060,"Guru, The (2002)",Comedy|Romance,"['Comedy', 'Romance']",2,2002.0,2,3.0,1.4142135623730951,2.0,4.0,2002
6062,Lost in La Mancha (2002),Documentary,['Documentary'],1,2002.0,6,3.083333333333333,0.5845225972250061,2.5,4.0,2002
6063,May (2002),Drama|Horror,"['Drama', 'Horror']",2,2002.0,3,3.333333333333333,0.7637626158259734,2.5,4.0,2002
6067,Ordinary Decent Criminal (2000),Comedy|Crime,"['Comedy', 'Crime']",2,2000.0,1,4.0,0.0,4.0,4.0,2000
6155,How to Lose a Guy in 10 Days (2003),Comedy|Romance,"['Comedy', 'Romance']",2,2003.0,29,3.2758620689655173,1.0655833990333965,0.5,5.0,2003
6156,Shanghai Knights (2003),Action|Adventure|Comedy,"['Action', 'Adventure', 'Comedy']",3,2003.0,19,3.210526315789474,0.7324955341859356,1.5,4.5,2003
6157,Daredevil (2003),Action|Crime,"['Action', 'Crime']",2,2003.0,32,2.5,0.861356769214109,0.5,4.0,2003
6158,"Jungle Book 2, The (2003)",Animation|Children,"['Animation', 'Children']",2,2003.0,1,3.0,0.0,3.0,3.0,2003
6159,All the Real Girls (2003),Drama|Romance,"['Drama', 'Romance']",2,2003.0,2,4.25,1.0606601717798212,3.5,5.0,2003
6162,Gerry (2002),Adventure|Drama,"['Adventure', 'Drama']",2,2002.0,3,3.1666666666666665,0.5773502691896258,2.5,3.5,2002
6163,He Loves Me... He Loves Me Not (À la folie... pas du tout) (2002),Romance|Thriller,"['Romance', 'Thriller']",2,2002.0,1,4.5,0.0,4.5,4.5,2002
6185,Dark Blue (2003),Action|Crime|Drama|Thriller,"['Action', 'Crime', 'Drama', 'Thriller']",4,2003.0,3,3.0,0.5,2.5,3.5,2003
6186,Gods and Generals (2003),Action|Drama|War,"['Action', 'Drama', 'War']",3,2003.0,1,3.0,0.0,3.0,3.0,2003
6187,"Life of David Gale, The (2003)",Crime|Drama|Thriller,"['Crime', 'Drama', 'Thriller']",3,2003.0,8,3.8125,0.7039429765866795,3.0,5.0,2003
6188,Old School (2003),Comedy,['Comedy'],1,2003.0,39,3.5128205128205128,1.009736674161684,1.0,5.0,2003
6192,Open Hearts (Elsker dig for evigt) (2002),Romance,['Romance'],1,2002.0,1,5.0,0.0,5.0,5.0,2002
6193,Poolhall Junkies (2002),Comedy|Drama|Thriller,"['Comedy', 'Drama', 'Thriller']",3,2002.0,3,3.8333333333333335,0.5773502691896258,3.5,4.5,2002
6195,Stone Reader (2002),Documentary,['Documentary'],1,2002.0,2,4.0,0.0,4.0,4.0,2002
6196,Cradle 2 the Grave (2003),Action|Crime|Drama|Thriller,"['Action', 'Crime', 'Drama', 'Thriller']",4,2003.0,3,3.5,0.5,3.0,4.0,2003
6197,Spider (2002),Drama|Mystery,"['Drama', 'Mystery']",2,2002.0,3,3.333333333333333,0.2886751345948129,3.0,3.5,2002
6202,Late Marriage (Hatuna Meuheret) (2001),Comedy|Drama|Romance,"['Comedy', 'Drama', 'Romance']",3,2001.0,1,3.5,0.0,3.5,3.5,2001
6210,Volcano High (Whasango) (2001),Action|Comedy,"['Action', 'Comedy']",2,2001.0,1,3.0,0.0,3.0,3.0,2001
6212,Bringing Down the House (2003),Comedy,['Comedy'],1,2003.0,6,1.9166666666666667,0.6645800679125629,1.0,2.5,2003
6213,Tears of the Sun (2003),Action|Drama|Thriller,"['Action', 'Drama', 'Thriller']",3,2003.0,7,2.642857142857143,1.2149857925879115,0.5,4.0,2003
6214,Irreversible (Irréversible) (2002),Crime|Drama|Mystery|Thriller,"['Crime', 'Drama', 'Mystery', 'Thriller']",4,2002.0,9,3.888888888888889,0.4859126579037749,3.0,4.5,2002
6215,Laurel Canyon (2002),Drama,['Drama'],1,2002.0,3,3.0,0.0,3.0,3.0,2002
6216,Nowhere in Africa (Nirgendwo in Afrika) (2001),Drama,['Drama'],1,2001.0,2,3.75,0.3535533905932738,3.5,4.0,2001
6217,"Safety of Objects, The (2001)",Drama,['Drama'],1,2001.0,2,3.0,2.1213203435596424,1.5,4.5,2001
6218,Bend It Like Beckham (2002),Comedy|Drama|Romance,"['Comedy', 'Drama', 'Romance']",3,2002.0,40,3.3,1.0609623111312794,1.0,5.0,2002
6219,"Hunted, The (2003)",Action|Drama|Thriller,"['Action', 'Drama', 'Thriller']",3,2003.0,3,3.0,0.0,3.0,3.0,2003
6220,Willard (2003),Drama|Horror|Thriller,"['Drama', 'Horror', 'Thriller']",3,2003.0,4,2.5,1.2909944487358054,1.0,4.0,2003
6222,Prozac Nation (2001),Drama,['Drama'],1,2001.0,1,3.0,0.0,3.0,3.0,2001
6223,Spun (2001),Comedy|Crime|Drama,"['Comedy', 'Crime', 'Drama']",3,2001.0,2,3.25,1.0606601717798212,2.5,4.0,2001
6249,Boat Trip (2003),Comedy,['Comedy'],1,2003.0,4,2.375,0.75,2.0,3.5,2003
6250,Dreamcatcher (2003),Drama|Horror|Sci-Fi|Thriller,"['Drama', 'Horror', 'Sci-Fi', 'Thriller']",4,2003.0,7,2.642857142857143,1.0690449676496976,0.5,3.5,2003
6251,Piglet's Big Movie (2003),Animation|Children,"['Animation', 'Children']",2,2003.0,1,2.0,0.0,2.0,2.0,2003
6252,View from the Top (2003),Comedy|Romance,"['Comedy', 'Romance']",2,2003.0,4,2.375,0.6291528696058959,1.5,3.0,2003
6263,Basic (2003),Drama|Thriller|War,"['Drama', 'Thriller', 'War']",3,2003.0,2,3.75,0.3535533905932738,3.5,4.0,2003
6264,"Core, The (2003)",Action|Drama|Sci-Fi|Thriller,"['Action', 'Drama', 'Sci-Fi', 'Thriller']",4,2003.0,8,2.375,1.2464234547582247,0.5,3.5,2003
6265,Head of State (2003),Comedy,['Comedy'],1,2003.0,2,2.25,1.7677669529663689,1.0,3.5,2003
6266,What a Girl Wants (2003),Comedy|Drama|Romance,"['Comedy', 'Drama', 'Romance']",3,2003.0,8,3.0625,0.6232117273791123,2.0,4.0,2003
6267,Assassination Tango (2002),Drama|Thriller,"['Drama', 'Thriller']",2,2002.0,1,2.0,0.0,2.0,2.0,2002
6268,Raising Victor Vargas (2002),Comedy|Drama|Romance,"['Comedy', 'Drama', 'Romance']",3,2002.0,2,3.75,0.3535533905932738,3.5,4.0,2002
6269,Stevie (2002),Documentary,['Documentary'],1,2002.0,2,4.25,0.3535533905932738,4.0,4.5,2002
6279,"Good Thief, The (2002)",Crime|Drama,"['Crime', 'Drama']",2,2002.0,1,4.0,0.0,4.0,4.0,2002
6280,"Man Apart, A (2003)",Action|Crime|Drama|Thriller,"['Action', 'Crime', 'Drama', 'Thriller']",4,2003.0,2,2.25,0.3535533905932738,2.0,2.5,2003
6281,Phone Booth (2002),Drama|Thriller,"['Drama', 'Thriller']",2,2002.0,32,3.140625,0.8350620510071439,1.5,4.5,2002
6283,Cowboy Bebop: The Movie (Cowboy Bebop: Tengoku no Tobira) (2001),Action|Animation|Sci-Fi|Thriller,"['Action', 'Animation', 'Sci-Fi', 'Thriller']",4,2001.0,20,3.9,0.736277979541623,2.0,5.0,2001
6285,Levity (2003),Drama,['Drama'],1,2003.0,1,4.0,0.0,4.0,4.0,2003
6286,"Man Without a Past, The (Mies vailla menneisyyttä) (2002)",Comedy|Crime|Drama,"['Comedy', 'Crime', 'Drama']",3,2002.0,4,3.875,0.2499999999999999,3.5,4.0,2002
6287,Anger Management (2003),Comedy,['Comedy'],1,2003.0,34,3.0588235294117645,1.0057765421617884,1.0,5.0,2003
6288,Better Luck Tomorrow (2002),Crime|Drama,"['Crime', 'Drama']",2,2002.0,4,3.875,0.478713553878169,3.5,4.5,2002
6289,Ghosts of the Abyss (2003),Documentary|IMAX,"['Documentary', 'IMAX']",2,2003.0,1,3.5,0.0,3.5,3.5,2003
6290,House of 1000 Corpses (2003),Horror,['Horror'],1,2003.0,7,2.7142857142857144,1.1126972805283737,1.0,4.5,2003
6291,Lilya 4-Ever (Lilja 4-ever) (2002),Crime|Drama,"['Crime', 'Drama']",2,2002.0,3,3.5,0.5,3.0,4.0,2002
6294,Bulletproof Monk (2003),Action|Adventure|Sci-Fi,"['Action', 'Adventure', 'Sci-Fi']",3,2003.0,11,2.409090909090909,1.0681334611878288,0.5,4.0,2003
6295,Chasing Papi (a.k.a. Papi Chulo) (2003),Comedy,['Comedy'],1,2003.0,1,2.0,0.0,2.0,2.0,2003
6296,"Mighty Wind, A (2003)",Comedy|Musical,"['Comedy', 'Musical']",2,2003.0,14,3.75,0.7531983087525438,2.5,5.0,2003
6297,Holes (2003),Adventure|Children|Comedy|Mystery,"['Adventure', 'Children', 'Comedy', 'Mystery']",4,2003.0,20,3.425,0.6340139463848774,2.0,4.5,2003
6298,Malibu's Most Wanted (2003),Comedy|Crime,"['Comedy', 'Crime']",2,2003.0,3,2.6666666666666665,0.5773502691896258,2.0,3.0,2003
6299,"Winged Migration (Peuple migrateur, Le) (2001)",Documentary,['Documentary'],1,2001.0,9,3.5,0.7071067811865476,2.5,4.5,2001
6300,Flickering Lights (Blinkende lygter) (2000),Action|Comedy|Crime,"['Action', 'Comedy', 'Crime']",3,2000.0,3,4.5,0.5,4.0,5.0,2000
6306,I Am Trying to Break Your Heart (2002),Documentary,['Documentary'],1,2002.0,3,4.166666666666667,0.7637626158259734,3.5,5.0,2002
6322,Confidence (2003),Crime|Thriller,"['Crime', 'Thriller']",2,2003.0,6,2.833333333333333,1.3291601358251257,1.0,4.0,2003
6323,Identity (2003),Crime|Horror|Mystery|Thriller,"['Crime', 'Horror', 'Mystery', 'Thriller']",4,2003.0,22,3.6818181818181817,0.7950060578603361,1.5,5.0,2003
6324,It Runs in the Family (2003),Comedy|Drama,"['Comedy', 'Drama']",2,2003.0,2,2.5,0.0,2.5,2.5,2003
6327,"Decade Under the Influence, A (2003)",Documentary,['Documentary'],1,2003.0,3,3.5,0.0,3.5,3.5,2003
6329,Manic (2001),Drama,['Drama'],1,2001.0,1,3.0,0.0,3.0,3.0,2001
6330,People I Know (2002),Crime|Drama,"['Crime', 'Drama']",2,2002.0,2,3.0,0.7071067811865476,2.5,3.5,2002
6331,Spellbound (2002),Documentary,['Documentary'],1,2002.0,13,3.923076923076923,0.7865047638697071,2.0,5.0,2002
6332,"Lizzie McGuire Movie, The (2003)",Children|Comedy|Romance,"['Children', 'Comedy', 'Romance']",3,2003.0,4,3.0,1.0801234497346437,2.0,4.5,2003
6333,X2: X-Men United (2003),Action|Adventure|Sci-Fi|Thriller,"['Action', 'Adventure', 'Sci-Fi', 'Thriller']",4,2003.0,76,3.723684210526316,0.8808887059559238,0.5,5.0,2003
6334,Blue Car (2002),Drama,['Drama'],1,2002.0,3,3.5,0.8660254037844386,2.5,4.0,2002
6335,"Dancer Upstairs, The (2002)",Crime|Drama|Thriller,"['Crime', 'Drama', 'Thriller']",3,2002.0,3,3.8333333333333335,0.7637626158259733,3.0,4.5,2002
6336,Marooned in Iraq (Gomgashtei dar Aragh) (2002),Drama,['Drama'],1,2002.0,1,3.0,0.0,3.0,3.0,2002
6337,Owning Mahowny (2003),Crime|Drama|Thriller,"['Crime', 'Drama', 'Thriller']",3,2003.0,4,3.5,0.408248290463863,3.0,4.0,2003
6338,Daddy Day Care (2003),Children|Comedy,"['Children', 'Comedy']",2,2003.0,6,2.333333333333333,1.0327955589886444,0.5,3.5,2003
6339,"Man on the Train (Homme du train, L') (2002)",Comedy|Drama,"['Comedy', 'Drama']",2,2002.0,4,3.875,0.4787135538781691,3.5,4.5,2002
6341,"Shape of Things, The (2003)",Drama,['Drama'],1,2003.0,4,3.25,0.6454972243679028,2.5,4.0,2003
6342,"Trip, The (2002)",Comedy|Drama|Romance,"['Comedy', 'Drama', 'Romance']",3,2002.0,1,2.0,0.0,2.0,2.0,2002
6344,101 Reykjavik (101 Reykjavík) (2000),Comedy|Drama|Romance,"['Comedy', 'Drama', 'Romance']",3,2000.0,1,3.5,0.0,3.5,3.5,2000
6365,"Matrix Reloaded, The (2003)",Action|Adventure|Sci-Fi|Thriller|IMAX,"['Action', 'Adventure', 'Sci-Fi', 'Thriller', 'IMAX']",5,2003.0,96,3.3541666666666665,1.0024093781502192,0.5,5.0,2003
6367,Down with Love (2003),Comedy|Romance,"['Comedy', 'Romance']",2,2003.0,10,2.9,1.1498792207106894,0.5,4.0,2003
6368,Cinemania (2002),Documentary,['Documentary'],1,2002.0,4,4.0,0.7071067811865476,3.5,5.0,2002
6370,"Spanish Apartment, The (L'auberge espagnole) (2002)",Comedy|Drama|Romance,"['Comedy', 'Drama', 'Romance']",3,2002.0,5,4.0,1.0,2.5,5.0,2002
6371,Pokémon Heroes (2003),Animation|Children,"['Animation', 'Children']",2,2003.0,1,0.5,0.0,0.5,0.5,2003
6373,Bruce Almighty (2003),Comedy|Drama|Fantasy|Romance,"['Comedy', 'Drama', 'Fantasy', 'Romance']",4,2003.0,71,3.316901408450704,0.8072857372513258,1.5,5.0,2003
6374,"In-Laws, The (2003)",Comedy,['Comedy'],1,2003.0,3,2.1666666666666665,0.5773502691896258,1.5,2.5,2003
6375,Gigantic (A Tale of Two Johns) (2002),Documentary,['Documentary'],1,2002.0,4,4.0,0.9128709291752768,3.0,5.0,2002
6376,Respiro (2002),Comedy|Drama,"['Comedy', 'Drama']",2,2002.0,2,3.5,1.4142135623730951,2.5,4.5,2002
6377,Finding Nemo (2003),Adventure|Animation|Children|Comedy,"['Adventure', 'Animation', 'Children', 'Comedy']",4,2003.0,141,3.9609929078014185,0.7747601517931108,0.5,5.0,2003
6378,"Italian Job, The (2003)",Action|Crime,"['Action', 'Crime']",2,2003.0,59,3.6186440677966094,0.721223714938759,2.0,5.0,2003
6379,Wrong Turn (2003),Horror|Thriller,"['Horror', 'Thriller']",2,2003.0,2,3.0,0.7071067811865476,2.5,3.5,2003
6380,Capturing the Friedmans (2003),Documentary,['Documentary'],1,2003.0,7,3.928571428571429,1.0578504710249077,2.0,5.0,2003
6382,Together (Han ni Zai Yiki) (2002),Drama,['Drama'],1,2002.0,1,3.0,0.0,3.0,3.0,2002
6383,"2 Fast 2 Furious (Fast and the Furious 2, The) (2003)",Action|Crime|Thriller,"['Action', 'Crime', 'Thriller']",3,2003.0,19,2.6052631578947367,0.8262859904486437,0.5,4.0,2003
6385,Whale Rider (2002),Drama,['Drama'],1,2002.0,14,3.75,1.1726039399558574,0.5,5.0,2002
6400,Murder on a Sunday Morning (Un coupable idéal) (2001),Documentary,['Documentary'],1,2001.0,1,3.5,0.0,3.5,3.5,2001
6482,Dumb and Dumberer: When Harry Met Lloyd (2003),Comedy,['Comedy'],1,2003.0,11,1.9545454545454544,1.3314380468978917,0.5,5.0,2003
6483,From Justin to Kelly (2003),Musical|Romance,"['Musical', 'Romance']",2,2003.0,3,0.8333333333333334,0.5773502691896258,0.5,1.5,2003
6484,Hollywood Homicide (2003),Action|Crime|Drama,"['Action', 'Crime', 'Drama']",3,2003.0,7,2.9285714285714284,0.4498677054212187,2.5,3.5,2003
6493,Alex and Emma (2003),Comedy|Drama|Romance,"['Comedy', 'Drama', 'Romance']",3,2003.0,1,2.0,0.0,2.0,2.0,2003
6502,28 Days Later (2002),Action|Horror|Sci-Fi,"['Action', 'Horror', 'Sci-Fi']",3,2002.0,58,3.974137931034482,0.7803643649249797,1.5,5.0,2002
6503,Charlie's Angels: Full Throttle (2003),Action|Adventure|Comedy|Crime|Thriller,"['Action', 'Adventure', 'Comedy', 'Crime', 'Thriller']",5,2003.0,27,2.3703703703703702,1.1316478165165966,0.5,4.0,2003
6506,Fulltime Killer (Chuen jik sat sau) (2001),Action|Thriller,"['Action', 'Thriller']",2,2001.0,1,3.5,0.0,3.5,3.5,2001
6534,Hulk (2003),Action|Adventure|Sci-Fi,"['Action', 'Adventure', 'Sci-Fi']",3,2003.0,33,2.560606060606061,1.044012510084109,0.5,4.5,2003
6535,"Legally Blonde 2: Red, White & Blonde (2003)",Comedy,['Comedy'],1,2003.0,11,2.409090909090909,1.02024952384654,0.5,4.0,2003
6536,Sinbad: Legend of the Seven Seas (2003),Adventure|Animation|Children|Fantasy,"['Adventure', 'Animation', 'Children', 'Fantasy']",4,2003.0,6,3.6666666666666665,0.2581988897471611,3.5,4.0,2003
6537,Terminator 3: Rise of the Machines (2003),Action|Adventure|Sci-Fi,"['Action', 'Adventure', 'Sci-Fi']",3,2003.0,45,3.0444444444444443,0.8843476166478357,0.5,4.5,2003
6538,Swimming Pool (2003),Drama|Mystery|Thriller,"['Drama', 'Mystery', 'Thriller']",3,2003.0,5,3.6,0.6519202405202649,3.0,4.5,2003
6539,Pirates of the Caribbean: The Curse of the Black Pearl (2003),Action|Adventure|Comedy|Fantasy,"['Action', 'Adventure', 'Comedy', 'Fantasy']",4,2003.0,149,3.778523489932886,0.8329825732570283,0.5,5.0,2003
6541,"League of Extraordinary Gentlemen, The (a.k.a. LXG) (2003)",Action|Fantasy|Sci-Fi,"['Action', 'Fantasy', 'Sci-Fi']",3,2003.0,32,2.625,1.008032257548371,0.5,4.5,2003
6542,"Cuckoo, The (Kukushka) (2002)",Comedy|Drama|War,"['Comedy', 'Drama', 'War']",3,2002.0,1,3.5,0.0,3.5,3.5,2002
6545,I Capture the Castle (2003),Drama|Romance,"['Drama', 'Romance']",2,2003.0,1,4.5,0.0,4.5,4.5,2003
6547,Northfork (2003),Drama|Fantasy,"['Drama', 'Fantasy']",2,2003.0,2,2.25,0.3535533905932738,2.0,2.5,2003
6548,Bad Boys II (2003),Action|Comedy|Crime|Thriller,"['Action', 'Comedy', 'Crime', 'Thriller']",4,2003.0,17,2.8823529411764706,1.21872643265298,0.5,5.0,2003
6549,How to Deal (2003),Comedy|Drama|Romance,"['Comedy', 'Drama', 'Romance']",3,2003.0,3,3.5,1.5,2.0,5.0,2003
6550,Johnny English (2003),Action|Comedy|Thriller,"['Action', 'Comedy', 'Thriller']",3,2003.0,13,2.9615384615384617,1.3301243435223524,0.5,4.5,2003
6551,"Anarchist Cookbook, The (2002)",Comedy|Romance,"['Comedy', 'Romance']",2,2002.0,1,4.0,0.0,4.0,4.0,2002
6552,Dirty Pretty Things (2002),Crime|Drama|Thriller,"['Crime', 'Drama', 'Thriller']",3,2002.0,12,3.625,0.678400525299968,2.5,4.5,2002
6553,"Embalmer, The (Imbalsamatore, L') (2002)",Drama,['Drama'],1,2002.0,1,4.0,0.0,4.0,4.0,2002
6554,Garage Days (2002),Comedy|Musical,"['Comedy', 'Musical']",2,2002.0,2,1.25,1.0606601717798212,0.5,2.0,2002
6563,Masked & Anonymous (2003),Comedy|Drama,"['Comedy', 'Drama']",2,2003.0,1,2.5,0.0,2.5,2.5,2003
6564,Lara Croft Tomb Raider: The Cradle of Life (2003),Action|Adventure|Comedy|Romance|Thriller,"['Action', 'Adventure', 'Comedy', 'Romance', 'Thriller']",5,2003.0,17,2.647058823529412,0.9963167462326072,0.5,4.5,2003
6565,Seabiscuit (2003),Drama,['Drama'],1,2003.0,18,3.6944444444444446,0.6216413021162058,2.5,5.0,2003
6566,Spy Kids 3-D: Game Over (2003),Action|Adventure|Children,"['Action', 'Adventure', 'Children']",3,2003.0,3,2.0,1.3228756555322954,1.0,3.5,2003
6567,Buffalo Soldiers (2001),Comedy|Crime|Drama|War,"['Comedy', 'Crime', 'Drama', 'War']",4,2001.0,3,3.5,0.5,3.0,4.0,2001
6568,Camp (2003),Comedy|Musical,"['Comedy', 'Musical']",2,2003.0,2,3.25,1.7677669529663689,2.0,4.5,2003
6571,"Mondays in the Sun (Lunes al sol, Los) (2002)",Drama,['Drama'],1,2002.0,1,4.0,0.0,4.0,4.0,2002
6572,Scorched (2003),Comedy|Crime,"['Comedy', 'Crime']",2,2003.0,2,3.5,0.7071067811865476,3.0,4.0,2003
6586,American Wedding (American Pie 3) (2003),Comedy,['Comedy'],1,2003.0,16,3.09375,0.8605957239029253,1.5,4.5,2003
6587,Gigli (2003),Comedy|Crime|Romance,"['Comedy', 'Crime', 'Romance']",3,2003.0,1,1.5,0.0,1.5,1.5,2003
6588,And Now... Ladies and Gentlemen... (2002),Romance|Thriller,"['Romance', 'Thriller']",2,2002.0,1,4.0,0.0,4.0,4.0,2002
6591,"Magdalene Sisters, The (2002)",Drama,['Drama'],1,2002.0,6,4.333333333333333,0.6055300708194984,3.5,5.0,2002
6592,"Secret Lives of Dentists, The (2002)",Drama,['Drama'],1,2002.0,1,4.0,0.0,4.0,4.0,2002
6593,Freaky Friday (2003),Children|Comedy|Fantasy,"['Children', 'Comedy', 'Fantasy']",3,2003.0,24,3.208333333333333,0.6580053301400783,2.0,4.0,2003
6595,S.W.A.T. (2003),Action|Thriller,"['Action', 'Thriller']",2,2003.0,14,3.321428571428572,0.7234304723687331,1.5,4.0,2003
6596,"Divorce, Le (2003)",Comedy|Drama|Romance,"['Comedy', 'Drama', 'Romance']",3,2003.0,1,3.5,0.0,3.5,3.5,2003
6597,"Princess Blade, The (Shura Yukihime) (2001)",Action|Sci-Fi,"['Action', 'Sci-Fi']",2,2001.0,1,3.0,0.0,3.0,3.0,2001
6598,Step Into Liquid (2002),Documentary,['Documentary'],1,2002.0,1,3.5,0.0,3.5,3.5,2002
6615,Freddy vs. Jason (2003),Action|Horror|Thriller,"['Action', 'Horror', 'Thriller']",3,2003.0,9,2.333333333333333,0.8660254037844387,1.0,4.0,2003
6616,Grind (2003),Action|Comedy,"['Action', 'Comedy']",2,2003.0,2,2.75,1.7677669529663689,1.5,4.0,2003
6617,Open Range (2003),Western,['Western'],1,2003.0,9,3.9444444444444446,0.4639803635691686,3.5,4.5,2003
6618,Shaolin Soccer (Siu lam juk kau) (2001),Action|Comedy,"['Action', 'Comedy']",2,2001.0,17,3.823529411764706,0.7276068751089989,2.5,5.0,2001
6619,Uptown Girls (2003),Comedy,['Comedy'],1,2003.0,6,2.9166666666666665,1.2006942436218584,1.5,5.0,2003
6620,American Splendor (2003),Comedy|Drama,"['Comedy', 'Drama']",2,2003.0,18,3.8333333333333335,0.9548637106322312,2.0,5.0,2003
6624,Agent Cody Banks (2003),Action|Adventure|Children|Fantasy,"['Action', 'Adventure', 'Children', 'Fantasy']",4,2003.0,5,1.9,0.8944271909999159,0.5,3.0,2003
6670,Comic Book Villains (2002),Comedy,['Comedy'],1,2002.0,2,2.25,0.3535533905932738,2.0,2.5,2002
6679,Revolution OS (2001),Documentary,['Documentary'],1,2001.0,1,4.0,0.0,4.0,4.0,2001
6686,"Medallion, The (2003)",Action|Comedy|Crime|Fantasy,"['Action', 'Comedy', 'Crime', 'Fantasy']",4,2003.0,5,2.7,1.7175564037317668,1.0,5.0,2003
6687,My Boss's Daughter (2003),Comedy|Romance,"['Comedy', 'Romance']",2,2003.0,4,2.0,1.4142135623730951,1.0,4.0,2003
6688,Autumn Spring (Babí léto) (2001),Comedy|Drama,"['Comedy', 'Drama']",2,2001.0,1,3.5,0.0,3.5,3.5,2001
6689,"Battle of Shaker Heights, The (2003)",Comedy|Drama|Romance,"['Comedy', 'Drama', 'Romance']",3,2003.0,1,4.0,0.0,4.0,4.0,2003
6691,Dust (2001),Drama|Western,"['Drama', 'Western']",2,2001.0,1,2.5,0.0,2.5,2.5,2001
6692,Stoked: The Rise and Fall of Gator (2002),Documentary,['Documentary'],1,2002.0,1,2.0,0.0,2.0,2.0,2002
6695,Jeepers Creepers 2 (2003),Horror|Thriller,"['Horror', 'Thriller']",2,2003.0,4,1.875,0.8539125638299665,1.0,3.0,2003
6696,Bollywood/Hollywood (2002),Comedy|Drama|Musical|Romance,"['Comedy', 'Drama', 'Musical', 'Romance']",4,2002.0,1,2.5,0.0,2.5,2.5,2002
6699,Once Upon a Time in the Midlands (2002),Drama,['Drama'],1,2002.0,1,3.0,0.0,3.0,3.0,2002
6702,Dickie Roberts: Former Child Star (2003),Comedy,['Comedy'],1,2003.0,5,2.3,1.1510864433221335,0.5,3.5,2003
6705,Party Monster (2003),Comedy|Crime|Drama|Thriller,"['Comedy', 'Crime', 'Drama', 'Thriller']",4,2003.0,1,2.5,0.0,2.5,2.5,2003
6706,Taking Sides (2001),Drama,['Drama'],1,2001.0,1,3.5,0.0,3.5,3.5,2001
6707,Cabin Fever (2002),Horror|Thriller,"['Horror', 'Thriller']",2,2002.0,8,2.875,1.093813773650968,1.0,4.0,2002
6708,Matchstick Men (2003),Comedy|Crime|Drama,"['Comedy', 'Crime', 'Drama']",3,2003.0,34,3.7205882352941178,0.5798533836445764,3.0,5.0,2003
6709,Once Upon a Time in Mexico (2003),Action|Adventure|Crime|Thriller,"['Action', 'Adventure', 'Crime', 'Thriller']",4,2003.0,14,3.2142857142857144,0.6419407387663694,2.0,4.5,2003
6710,Dummy (2002),Comedy|Drama|Romance,"['Comedy', 'Drama', 'Romance']",3,2002.0,4,3.625,0.478713553878169,3.0,4.0,2002
6711,Lost in Translation (2003),Comedy|Drama|Romance,"['Comedy', 'Drama', 'Romance']",3,2003.0,74,4.033783783783784,0.7865786895167737,2.0,5.0,2003
6713,Millennium Actress (Sennen joyû) (2001),Animation|Drama|Romance,"['Animation', 'Drama', 'Romance']",3,2001.0,5,3.8,0.9082951062292476,2.5,5.0,2001
6750,Anything Else (2003),Comedy|Drama|Romance,"['Comedy', 'Drama', 'Romance']",3,2003.0,3,2.833333333333333,0.7637626158259734,2.0,3.5,2003
6751,Cold Creek Manor (2003),Drama|Thriller,"['Drama', 'Thriller']",2,2003.0,1,2.5,0.0,2.5,2.5,2003
6752,"Fighting Temptations, The (2003)",Drama,['Drama'],1,2003.0,1,3.5,0.0,3.5,3.5,2003
6753,Secondhand Lions (2003),Children|Comedy|Drama,"['Children', 'Comedy', 'Drama']",3,2003.0,12,3.5,0.5640760748177661,2.5,4.5,2003
6754,Underworld (2003),Action|Fantasy|Horror,"['Action', 'Fantasy', 'Horror']",3,2003.0,33,3.5,0.7288689868556626,2.5,5.0,2003
6755,Bubba Ho-tep (2002),Comedy|Horror,"['Comedy', 'Horror']",2,2002.0,14,3.321428571428572,0.7495419846901085,1.5,4.0,2002
6760,In This World (2002),Adventure|Drama,"['Adventure', 'Drama']",2,2002.0,2,3.0,0.0,3.0,3.0,2002
6763,Duplex (2003),Comedy|Crime,"['Comedy', 'Crime']",2,2003.0,7,2.4285714285714284,1.2724180205607034,1.0,5.0,2003
6764,"Rundown, The (2003)",Action|Adventure|Comedy,"['Action', 'Adventure', 'Comedy']",3,2003.0,17,3.147058823529412,0.701888209634219,1.5,4.5,2003
6765,Under the Tuscan Sun (2003),Comedy|Drama|Romance,"['Comedy', 'Drama', 'Romance']",3,2003.0,9,3.2777777777777777,0.8700255424092125,2.0,5.0,2003
6768,Luther (2003),Drama,['Drama'],1,2003.0,1,4.0,0.0,4.0,4.0,2003
6769,Mambo Italiano (2003),Comedy,['Comedy'],1,2003.0,1,3.0,0.0,3.0,3.0,2003
6770,My Life Without Me (2003),Drama|Romance,"['Drama', 'Romance']",2,2003.0,2,3.5,0.0,3.5,3.5,2003
6772,To Be and to Have (Être et avoir) (2002),Documentary,['Documentary'],1,2002.0,1,3.0,0.0,3.0,3.0,2002
6773,"Triplets of Belleville, The (Les triplettes de Belleville) (2003)",Animation|Comedy|Fantasy,"['Animation', 'Comedy', 'Fantasy']",3,2003.0,22,3.704545454545455,0.5907842025866756,3.0,5.0,2003
6775,Life and Debt (2001),Documentary,['Documentary'],1,2001.0,1,4.0,0.0,4.0,4.0,2001
6776,Lagaan: Once Upon a Time in India (2001),Comedy|Drama|Musical|Romance,"['Comedy', 'Drama', 'Musical', 'Romance']",4,2001.0,3,4.166666666666667,0.2886751345948129,4.0,4.5,2001
6790,Avalon (2001),Drama|Fantasy|Sci-Fi,"['Drama', 'Fantasy', 'Sci-Fi']",3,2001.0,3,3.5,1.0,2.5,4.5,2001
6820,Ginger Snaps (2000),Drama|Horror|Thriller,"['Drama', 'Horror', 'Thriller']",3,2000.0,6,4.0,0.5477225575051662,3.5,5.0,2000
6862,Out of Time (2003),Crime|Drama|Thriller,"['Crime', 'Drama', 'Thriller']",3,2003.0,2,3.5,0.0,3.5,3.5,2003
6863,School of Rock (2003),Comedy|Musical,"['Comedy', 'Musical']",2,2003.0,66,3.4015151515151514,0.7806294155246039,1.0,5.0,2003
6867,"Station Agent, The (2003)",Comedy|Drama,"['Comedy', 'Drama']",2,2003.0,12,3.583333333333333,0.8483495563132981,1.5,4.5,2003
6868,Wonderland (2003),Crime|Drama|Mystery|Thriller,"['Crime', 'Drama', 'Mystery', 'Thriller']",4,2003.0,7,3.4285714285714284,0.7319250547114,2.0,4.0,2003
6869,Bus 174 (Ônibus 174) (2002),Crime|Documentary,"['Crime', 'Documentary']",2,2002.0,3,3.8333333333333335,0.7637626158259733,3.0,4.5,2002
6870,Mystic River (2003),Crime|Drama|Mystery,"['Crime', 'Drama', 'Mystery']",3,2003.0,52,3.7115384615384617,0.8185721298853497,1.0,5.0,2003
6872,"House of the Dead, The (2003)",Action|Horror,"['Action', 'Horror']",2,2003.0,4,1.125,0.6291528696058958,0.5,2.0,2003
6873,Intolerable Cruelty (2003),Comedy|Romance,"['Comedy', 'Romance']",2,2003.0,20,3.175,0.9770390284721968,1.0,5.0,2003
6874,Kill Bill: Vol. 1 (2003),Action|Crime|Thriller,"['Action', 'Crime', 'Thriller']",3,2003.0,131,3.9618320610687023,0.842656788904746,0.5,5.0,2003
6879,Runaway Jury (2003),Drama|Thriller,"['Drama', 'Thriller']",2,2003.0,17,3.4411764705882355,0.4637602068006317,2.5,4.0,2003
6880,"Texas Chainsaw Massacre, The (2003)",Horror,['Horror'],1,2003.0,7,1.8571428571428568,1.2149857925879115,0.5,3.5,2003
6881,Pieces of April (2003),Comedy|Drama,"['Comedy', 'Drama']",2,2003.0,7,3.071428571428572,1.3671311638052943,0.5,4.5,2003
6882,Returner (Ritaanaa) (2002),Action|Adventure|Sci-Fi,"['Action', 'Adventure', 'Sci-Fi']",3,2002.0,1,2.5,0.0,2.5,2.5,2002
6883,Sylvia (2003),Drama|Romance,"['Drama', 'Romance']",2,2003.0,1,3.0,0.0,3.0,3.0,2003
6884,Veronica Guerin (2003),Crime|Drama|Thriller,"['Crime', 'Drama', 'Thriller']",3,2003.0,2,3.0,0.7071067811865476,2.5,3.5,2003
6885,In the Cut (2003),Crime|Drama|Mystery|Romance|Thriller,"['Crime', 'Drama', 'Mystery', 'Romance', 'Thriller']",5,2003.0,3,2.833333333333333,0.7637626158259734,2.0,3.5,2003
6886,Beyond Borders (2003),Drama|Romance|War,"['Drama', 'Romance', 'War']",3,2003.0,1,3.5,0.0,3.5,3.5,2003
6887,Radio (2003),Drama,['Drama'],1,2003.0,5,4.1,0.5477225575051661,3.5,5.0,2003
6888,Scary Movie 3 (2003),Comedy|Horror,"['Comedy', 'Horror']",2,2003.0,20,2.275,1.312640969873131,0.5,5.0,2003
6889,Brother Bear (2003),Adventure|Animation|Children,"['Adventure', 'Animation', 'Children']",3,2003.0,2,3.0,0.0,3.0,3.0,2003
6890,Elephant (2003),Drama,['Drama'],1,2003.0,9,3.555555555555556,0.7264831572567789,2.0,4.5,2003
6898,Sweet Sixteen (2002),Drama,['Drama'],1,2002.0,3,3.333333333333333,0.7637626158259734,2.5,4.0,2002
6902,Interstate 60 (2002),Adventure|Comedy|Drama|Fantasy|Mystery|Sci-Fi|Thriller,"['Adventure', 'Comedy', 'Drama', 'Fantasy', 'Mystery', 'Sci-Fi', 'Thriller']",7,2002.0,2,4.0,0.0,4.0,4.0,2002
6909,"Eye, The (Gin gwai) (Jian gui) (2002)",Thriller,['Thriller'],1,2002.0,2,3.25,1.0606601717798212,2.5,4.0,2002
6927,"Human Stain, The (2003)",Drama|Romance|Thriller,"['Drama', 'Romance', 'Thriller']",3,2003.0,1,4.0,0.0,4.0,4.0,2003
6932,Shattered Glass (2003),Crime|Drama,"['Crime', 'Drama']",2,2003.0,7,3.5,1.1547005383792517,1.5,4.5,2003
6934,"Matrix Revolutions, The (2003)",Action|Adventure|Sci-Fi|Thriller|IMAX,"['Action', 'Adventure', 'Sci-Fi', 'Thriller', 'IMAX']",5,2003.0,79,3.151898734177215,1.1445367173254293,0.5,5.0,2003
6935,"Revolution Will Not Be Televised, The (a.k.a. Chavez: Inside the Coup) (2003)",Documentary,['Documentary'],1,2003.0,1,4.0,0.0,4.0,4.0,2003
6936,Elf (2003),Children|Comedy|Fantasy,"['Children', 'Comedy', 'Fantasy']",3,2003.0,39,3.692307692307693,0.7488182322428263,2.0,5.0,2003
6938,Billabong Odyssey (2003),Documentary,['Documentary'],1,2003.0,1,4.0,0.0,4.0,4.0,2003
6942,Love Actually (2003),Comedy|Drama|Romance,"['Comedy', 'Drama', 'Romance']",3,2003.0,59,3.788135593220339,0.8818250561042984,0.5,5.0,2003
6945,My Architect: A Son's Journey (2003),Documentary,['Documentary'],1,2003.0,2,4.25,1.0606601717798212,3.5,5.0,2003
6946,Looney Tunes: Back in Action (2003),Action|Animation|Children|Fantasy,"['Action', 'Animation', 'Children', 'Fantasy']",4,2003.0,2,2.75,1.7677669529663689,1.5,4.0,2003
6947,Master and Commander: The Far Side of the World (2003),Adventure|Drama|War,"['Adventure', 'Drama', 'War']",3,2003.0,36,3.638888888888889,0.907202222779394,0.5,5.0,2003
6948,Tupac: Resurrection (2003),Documentary,['Documentary'],1,2003.0,1,4.0,0.0,4.0,4.0,2003
6949,"Big Empty, The (2003)",Comedy|Mystery|Sci-Fi,"['Comedy', 'Mystery', 'Sci-Fi']",3,2003.0,1,3.5,0.0,3.5,3.5,2003
6950,"Missing, The (2003)",Adventure|Thriller|Western,"['Adventure', 'Thriller', 'Western']",3,2003.0,3,3.6666666666666665,0.2886751345948129,3.5,4.0,2003
6951,"Cat in the Hat, The (2003)",Children|Comedy,"['Children', 'Comedy']",2,2003.0,5,2.1,0.9617692030835672,0.5,3.0,2003
6952,Gothika (2003),Horror|Thriller,"['Horror', 'Thriller']",2,2003.0,9,3.111111111111111,1.2190615698606495,0.5,5.0,2003
6953,21 Grams (2003),Crime|Drama|Mystery|Romance|Thriller,"['Crime', 'Drama', 'Mystery', 'Romance', 'Thriller']",5,2003.0,25,3.3,0.816496580927726,1.0,4.5,2003
6954,"Barbarian Invasions, The (Les invasions barbares) (2003)",Comedy|Crime|Drama|Mystery|Romance,"['Comedy', 'Crime', 'Drama', 'Mystery', 'Romance']",5,2003.0,3,4.0,0.5,3.5,4.5,2003
6957,Bad Santa (2003),Comedy|Crime,"['Comedy', 'Crime']",2,2003.0,26,3.3653846153846154,1.179471850513545,0.5,5.0,2003
6958,"Haunted Mansion, The (2003)",Children|Comedy|Fantasy|Horror,"['Children', 'Comedy', 'Fantasy', 'Horror']",4,2003.0,10,2.5,0.7453559924999299,1.5,3.5,2003
6959,Timeline (2003),Action|Adventure|Sci-Fi,"['Action', 'Adventure', 'Sci-Fi']",3,2003.0,3,2.0,1.3228756555322954,0.5,3.0,2003
6962,OT: Our Town (2002),Documentary,['Documentary'],1,2002.0,1,3.5,0.0,3.5,3.5,2002
6963,Devil's Playground (2002),Documentary,['Documentary'],1,2002.0,2,4.25,0.3535533905932738,4.0,4.5,2002
6965,Journeys with George (2002),Documentary,['Documentary'],1,2002.0,1,3.5,0.0,3.5,3.5,2002
7022,Battle Royale (Batoru rowaiaru) (2000),Action|Drama|Horror|Thriller,"['Action', 'Drama', 'Horror', 'Thriller']",4,2000.0,30,3.933333333333333,0.8380327264341844,2.0,5.0,2000
7038,Things You Can Tell Just by Looking at Her (2000),Drama|Romance,"['Drama', 'Romance']",2,2000.0,1,4.0,0.0,4.0,4.0,2000
7090,Hero (Ying xiong) (2002),Action|Adventure|Drama,"['Action', 'Adventure', 'Drama']",3,2002.0,38,3.9210526315789473,0.7580764757601939,2.0,5.0,2002
7096,Rivers and Tides (2001),Documentary,['Documentary'],1,2001.0,1,5.0,0.0,5.0,5.0,2001
7137,"Cooler, The (2003)",Comedy|Drama|Romance,"['Comedy', 'Drama', 'Romance']",3,2003.0,10,3.55,0.4972144630058766,2.5,4.0,2003
7139,In America (2002),Drama|Romance,"['Drama', 'Romance']",2,2002.0,7,3.857142857142857,0.6900655593423543,2.5,4.5,2002
7141,My Flesh and Blood (2003),Documentary,['Documentary'],1,2003.0,1,4.0,0.0,4.0,4.0,2003
7142,Honey (2003),Drama|Romance,"['Drama', 'Romance']",2,2003.0,3,3.0,0.5,2.5,3.5,2003
7143,"Last Samurai, The (2003)",Action|Adventure|Drama|War,"['Action', 'Adventure', 'Drama', 'War']",4,2003.0,62,3.903225806451613,0.5925681096456431,2.0,5.0,2003
7147,Big Fish (2003),Drama|Fantasy|Romance,"['Drama', 'Fantasy', 'Romance']",3,2003.0,69,3.8333333333333335,0.9419420905558814,0.5,5.0,2003
7149,Something's Gotta Give (2003),Comedy|Drama|Romance,"['Comedy', 'Drama', 'Romance']",3,2003.0,17,3.647058823529412,0.6792621429341763,2.0,4.5,2003
7150,Stuck on You (2003),Comedy,['Comedy'],1,2003.0,10,2.8,1.0327955589886446,1.0,4.0,2003
7151,Girl with a Pearl Earring (2003),Drama|Romance,"['Drama', 'Romance']",2,2003.0,12,3.375,0.6440285143320343,2.0,4.5,2003
7153,"Lord of the Rings: The Return of the King, The (2003)",Action|Adventure|Drama|Fantasy,"['Action', 'Adventure', 'Drama', 'Fantasy']",4,2003.0,185,4.118918918918919,0.8498202616352362,1.0,5.0,2003
7154,Mona Lisa Smile (2003),Drama|Romance,"['Drama', 'Romance']",2,2003.0,10,2.8,1.085254706406647,0.5,4.0,2003
7155,Calendar Girls (2003),Comedy,['Comedy'],1,2003.0,8,2.625,1.620185174601965,0.5,5.0,2003
7156,"Fog of War: Eleven Lessons from the Life of Robert S. McNamara, The (2003)",Documentary|War,"['Documentary', 'War']",2,2003.0,13,4.307692307692308,0.4348592463114522,3.5,5.0,2003
7158,House of Sand and Fog (2003),Drama,['Drama'],1,2003.0,9,3.7777777777777777,0.5651941652604391,3.0,4.5,2003
7160,Monster (2003),Crime|Drama,"['Crime', 'Drama']",2,2003.0,17,3.5294117647058822,0.8921635961823039,1.0,5.0,2003
7161,Cheaper by the Dozen (2003),Children|Comedy,"['Children', 'Comedy']",2,2003.0,8,1.9375,0.9038607667745544,0.5,3.0,2003
7162,Cold Mountain (2003),Drama|Romance|War,"['Drama', 'Romance', 'War']",3,2003.0,12,3.2916666666666665,0.98761267097926,1.5,4.5,2003
7163,Paycheck (2003),Action|Sci-Fi|Thriller,"['Action', 'Sci-Fi', 'Thriller']",3,2003.0,17,2.911764705882353,0.870260272089029,1.5,4.5,2003
7164,Peter Pan (2003),Action|Adventure|Children|Fantasy,"['Action', 'Adventure', 'Children', 'Fantasy']",4,2003.0,6,3.083333333333333,1.0684880283216405,1.0,4.0,2003
7165,"Company, The (2003)",Drama|Musical,"['Drama', 'Musical']",2,2003.0,1,3.0,0.0,3.0,3.0,2003
7167,Japanese Story (2003),Drama,['Drama'],1,2003.0,1,3.0,0.0,3.0,3.0,2003
7169,Chasing Liberty (2004),Comedy|Romance,"['Comedy', 'Romance']",2,2004.0,8,3.9375,1.050085030570654,2.5,5.0,2004
7171,Aileen: Life and Death of a Serial Killer (2003),Documentary,['Documentary'],1,2003.0,2,3.5,0.7071067811865476,3.0,4.0,2003
7173,Along Came Polly (2004),Comedy|Romance,"['Comedy', 'Romance']",2,2004.0,24,3.0416666666666665,0.9770927002733856,1.0,5.0,2004
7175,Torque (2004),Action|Crime,"['Action', 'Crime']",2,2004.0,2,2.25,0.3535533905932738,2.0,2.5,2004
7176,Crimson Gold (Talaye sorgh) (2003),Drama,['Drama'],1,2003.0,1,3.5,0.0,3.5,3.5,2003
7177,Osama (2003),Drama,['Drama'],1,2003.0,1,3.5,0.0,3.5,3.5,2003
7202,Beyond Re-Animator (2003),Horror,['Horror'],1,2003.0,1,3.0,0.0,3.0,3.0,2003
7235,Ichi the Killer (Koroshiya 1) (2001),Action|Comedy|Crime|Drama|Horror|Thriller,"['Action', 'Comedy', 'Crime', 'Drama', 'Horror', 'Thriller']",6,2001.0,6,3.4166666666666665,0.917423929634859,2.0,4.5,2001
7248,"Suriyothai (a.k.a. Legend of Suriyothai, The) (2001)",Action|Adventure|Drama|War,"['Action', 'Adventure', 'Drama', 'War']",4,2001.0,1,3.5,0.0,3.5,3.5,2001
7254,The Butterfly Effect (2004),Drama|Sci-Fi|Thriller,"['Drama', 'Sci-Fi', 'Thriller']",3,2004.0,46,3.630434782608696,1.0351316749771802,0.5,5.0,2004
7255,Win a Date with Tad Hamilton! (2004),Comedy|Romance,"['Comedy', 'Romance']",2,2004.0,8,2.8125,1.032939633141398,0.5,4.0,2004
7256,Touching the Void (2003),Adventure|Documentary,"['Adventure', 'Documentary']",2,2003.0,8,4.0,0.5976143046671969,3.0,5.0,2003
7257,"Big Bounce, The (2004)",Comedy|Crime|Thriller,"['Comedy', 'Crime', 'Thriller']",3,2004.0,4,2.0,1.0801234497346437,0.5,3.0,2004
7258,"Perfect Score, The (2004)",Comedy|Crime,"['Comedy', 'Crime']",2,2004.0,4,2.75,0.8660254037844386,1.5,3.5,2004
7259,You Got Served (2004),Drama|Musical,"['Drama', 'Musical']",2,2004.0,4,2.125,1.25,0.5,3.5,2004
7260,Latter Days (2003),Comedy|Drama|Romance,"['Comedy', 'Drama', 'Romance']",3,2003.0,1,3.5,0.0,3.5,3.5,2003
7261,Barbershop 2: Back in Business (2004),Comedy,['Comedy'],1,2004.0,3,2.1666666666666665,1.2583057392117918,1.0,3.5,2004
7262,Catch That Kid (2004),Action|Adventure|Children|Comedy|Crime,"['Action', 'Adventure', 'Children', 'Comedy', 'Crime']",5,2004.0,1,2.0,0.0,2.0,2.0,2004
7263,Miracle (2004),Drama,['Drama'],1,2004.0,10,3.35,0.7090682462060882,2.0,4.5,2004
7264,An Amazing Couple (2002),Comedy|Romance,"['Comedy', 'Romance']",2,2002.0,1,4.0,0.0,4.0,4.0,2002
7265,"Dreamers, The (2003)",Drama,['Drama'],1,2003.0,13,3.730769230769231,0.5991446895152781,3.0,5.0,2003
7266,"Lost Skeleton of Cadavra, The (2002)",Comedy|Horror|Sci-Fi,"['Comedy', 'Horror', 'Sci-Fi']",3,2002.0,1,4.0,0.0,4.0,4.0,2002
7282,"Hip Hop Witch, Da (2000)",Comedy|Horror|Thriller,"['Comedy', 'Horror', 'Thriller']",3,2000.0,1,1.0,0.0,1.0,1.0,2000
7285,Thirteen (2003),Drama,['Drama'],1,2003.0,9,3.611111111111111,0.6009252125773314,2.5,4.5,2003
7293,50 First Dates (2004),Comedy|Romance,"['Comedy', 'Romance']",2,2004.0,47,3.5531914893617023,0.9568633230803808,0.5,5.0,2004
7294,Welcome to Mooseport (2004),Comedy,['Comedy'],1,2004.0,4,3.25,0.6454972243679029,2.5,4.0,2004
7297,Kitchen Stories (Salmer fra kjøkkenet) (2003),Comedy|Drama,"['Comedy', 'Drama']",2,2003.0,3,3.6666666666666665,0.2886751345948129,3.5,4.0,2003
7299,Monsieur Ibrahim (Monsieur Ibrahim et les fleurs du Coran) (2003),Drama,['Drama'],1,2003.0,3,3.6666666666666665,0.2886751345948129,3.5,4.0,2003
7306,"Herod's Law (Ley de Herodes, La) (2000)",Comedy|Crime|Mystery,"['Comedy', 'Crime', 'Mystery']",3,2000.0,1,3.0,0.0,3.0,3.0,2000
7315,Against the Ropes (2004),Comedy|Drama,"['Comedy', 'Drama']",2,2004.0,2,2.0,0.0,2.0,2.0,2004
7316,Confessions of a Teenage Drama Queen (2004),Comedy,['Comedy'],1,2004.0,4,2.375,0.75,1.5,3.0,2004
7317,EuroTrip (2004),Adventure|Comedy,"['Adventure', 'Comedy']",2,2004.0,15,3.1333333333333333,1.1720962092804172,0.5,4.5,2004
7318,"Passion of the Christ, The (2004)",Drama,['Drama'],1,2004.0,13,2.6153846153846154,1.401693115394233,0.5,5.0,2004
7319,Club Dread (2004),Comedy|Horror,"['Comedy', 'Horror']",2,2004.0,6,2.083333333333333,0.8010409893798611,1.0,3.0,2004
7320,Dirty Dancing: Havana Nights (2004),Romance,['Romance'],1,2004.0,5,3.4,0.8215838362577492,2.5,4.5,2004
7321,Twisted (2004),Thriller,['Thriller'],1,2004.0,2,2.75,1.0606601717798212,2.0,3.5,2004
7323,"Good bye, Lenin! (2003)",Comedy|Drama,"['Comedy', 'Drama']",2,2003.0,23,3.804347826086957,0.9137725303127414,1.5,5.0,2003
7324,Hidalgo (2004),Adventure|Drama,"['Adventure', 'Drama']",2,2004.0,11,3.3181818181818183,0.4045199174779452,3.0,4.0,2004
7325,Starsky & Hutch (2004),Action|Comedy|Crime|Thriller,"['Action', 'Comedy', 'Crime', 'Thriller']",4,2004.0,21,3.2857142857142856,0.7995534467974699,1.5,4.5,2004
7326,"Reckoning, The (2004)",Crime|Drama,"['Crime', 'Drama']",2,2004.0,1,3.5,0.0,3.5,3.5,2004
7345,Agent Cody Banks 2: Destination London (2004),Action|Adventure|Children|Comedy,"['Action', 'Adventure', 'Children', 'Comedy']",4,2004.0,1,4.0,0.0,4.0,4.0,2004
7346,"Girl Next Door, The (2004)",Comedy|Romance,"['Comedy', 'Romance']",2,2004.0,20,3.125,1.110654145798298,1.0,5.0,2004
7347,Secret Window (2004),Mystery|Thriller,"['Mystery', 'Thriller']",2,2004.0,15,3.3,0.9599107101332768,0.5,4.5,2004
7348,Spartan (2004),Thriller,['Thriller'],1,2004.0,3,3.5,0.0,3.5,3.5,2004
7349,Broken Wings (Knafayim Shvurot) (2002),Drama,['Drama'],1,2002.0,1,3.0,0.0,3.0,3.0,2002
7352,Wilbur Wants to Kill Himself (2002),Comedy|Drama|Romance,"['Comedy', 'Drama', 'Romance']",3,2002.0,2,4.0,0.0,4.0,4.0,2002
7360,Dawn of the Dead (2004),Action|Drama|Horror|Thriller,"['Action', 'Drama', 'Horror', 'Thriller']",4,2004.0,16,3.90625,1.0201102881551585,1.0,5.0,2004
7361,Eternal Sunshine of the Spotless Mind (2004),Drama|Romance|Sci-Fi,"['Drama', 'Romance', 'Sci-Fi']",3,2004.0,131,4.1603053435114505,0.7752596973633046,0.5,5.0,2004
7362,Taking Lives (2004),Crime|Drama|Thriller,"['Crime', 'Drama', 'Thriller']",3,2004.0,4,3.25,0.2886751345948129,3.0,3.5,2004
7364,Intermission (2003),Comedy|Crime|Drama,"['Comedy', 'Crime', 'Drama']",3,2003.0,1,4.0,0.0,4.0,4.0,2003
7366,Jersey Girl (2004),Comedy|Drama|Romance,"['Comedy', 'Drama', 'Romance']",3,2004.0,8,2.9375,0.9797047660246572,1.0,4.0,2004
7367,"Ladykillers, The (2004)",Comedy|Crime,"['Comedy', 'Crime']",2,2004.0,14,2.571428571428572,1.2688144505364485,0.5,4.5,2004
7368,Never Die Alone (2004),Crime|Drama|Thriller,"['Crime', 'Drama', 'Thriller']",3,2004.0,1,3.5,0.0,3.5,3.5,2004
7369,Scooby-Doo 2: Monsters Unleashed (2004),Action|Adventure|Children|Comedy|Mystery,"['Action', 'Adventure', 'Children', 'Comedy', 'Mystery']",5,2004.0,4,2.25,0.6454972243679028,1.5,3.0,2004
7371,Dogville (2003),Drama|Mystery|Thriller,"['Drama', 'Mystery', 'Thriller']",3,2003.0,20,4.025,0.9101041004655512,1.5,5.0,2003
7372,Ned Kelly (2003),Drama,['Drama'],1,2003.0,1,3.0,0.0,3.0,3.0,2003
7373,Hellboy (2004),Action|Adventure|Fantasy|Horror,"['Action', 'Adventure', 'Fantasy', 'Horror']",4,2004.0,41,3.3780487804878048,1.004866208786511,0.5,5.0,2004
7375,"Prince & Me, The (2004)",Comedy|Romance,"['Comedy', 'Romance']",2,2004.0,7,3.071428571428572,0.7319250547113999,2.0,4.0,2004
7376,Walking Tall (2004),Action,['Action'],1,2004.0,6,3.0,1.0488088481701516,1.0,4.0,2004
7377,"United States of Leland, The (2003)",Crime|Drama,"['Crime', 'Drama']",2,2003.0,1,3.5,0.0,3.5,3.5,2003
7379,The Alamo (2004),Drama|War|Western,"['Drama', 'War', 'Western']",3,2004.0,6,3.5,0.5477225575051661,3.0,4.5,2004
7380,Ella Enchanted (2004),Comedy|Fantasy|Romance,"['Comedy', 'Fantasy', 'Romance']",3,2004.0,7,3.357142857142857,0.3779644730092272,3.0,4.0,2004
7381,"Whole Ten Yards, The (2004)",Action|Comedy|Crime,"['Action', 'Comedy', 'Crime']",3,2004.0,7,3.142857142857143,1.1073348527841411,2.0,5.0,2004
7382,I'm Not Scared (Io non ho paura) (2003),Drama|Mystery|Thriller,"['Drama', 'Mystery', 'Thriller']",3,2003.0,2,4.25,0.3535533905932738,4.0,4.5,2003
7390,Prey for Rock & Roll (2003),Drama|Musical,"['Drama', 'Musical']",2,2003.0,1,1.5,0.0,1.5,1.5,2003
7438,Kill Bill: Vol. 2 (2004),Action|Drama|Thriller,"['Action', 'Drama', 'Thriller']",3,2004.0,110,3.868181818181818,0.9278496218500636,0.5,5.0,2004
7439,"Punisher, The (2004)",Action|Crime|Thriller,"['Action', 'Crime', 'Thriller']",3,2004.0,14,3.5,0.9607689228305228,2.0,5.0,2004
7440,Paper Clips (2004),Documentary,['Documentary'],1,2004.0,2,3.25,1.0606601717798212,2.5,4.0,2004
7443,This So-Called Disaster (2003),Documentary,['Documentary'],1,2003.0,1,3.5,0.0,3.5,3.5,2003
7444,13 Going on 30 (2004),Comedy|Fantasy|Romance,"['Comedy', 'Fantasy', 'Romance']",3,2004.0,21,3.1904761904761907,0.6417980694149539,2.0,5.0,2004
7445,Man on Fire (2004),Action|Crime|Drama|Mystery|Thriller,"['Action', 'Crime', 'Drama', 'Mystery', 'Thriller']",5,2004.0,35,3.628571428571429,0.9497898927321424,2.0,5.0,2004
7448,Envy (2004),Comedy,['Comedy'],1,2004.0,4,2.75,0.2886751345948129,2.5,3.0,2004
7449,Godsend (2004),Drama|Horror|Thriller,"['Drama', 'Horror', 'Thriller']",3,2004.0,2,2.5,0.0,2.5,2.5,2004
7450,Laws of Attraction (2004),Comedy|Romance,"['Comedy', 'Romance']",2,2004.0,4,2.75,1.4433756729740643,1.0,4.5,2004
7451,Mean Girls (2004),Comedy,['Comedy'],1,2004.0,39,3.756410256410256,0.6965308289526828,2.5,5.0,2004
7454,Van Helsing (2004),Action|Adventure|Fantasy|Horror,"['Action', 'Adventure', 'Fantasy', 'Horror']",4,2004.0,24,2.708333333333333,0.7790276362049131,1.5,4.5,2004
7455,"Mudge Boy, The (2003)",Drama,['Drama'],1,2003.0,1,3.0,0.0,3.0,3.0,2003
7457,Breakin' All the Rules (2004),Comedy|Romance,"['Comedy', 'Romance']",2,2004.0,1,3.5,0.0,3.5,3.5,2004
7458,Troy (2004),Action|Adventure|Drama|War,"['Action', 'Adventure', 'Drama', 'War']",4,2004.0,48,3.427083333333333,0.9339323369115548,0.5,5.0,2004
7459,Carandiru (2003),Crime|Drama,"['Crime', 'Drama']",2,2003.0,1,4.5,0.0,4.5,4.5,2003
7460,Coffee and Cigarettes (2003),Comedy|Drama,"['Comedy', 'Drama']",2,2003.0,6,3.583333333333333,0.3763863263545405,3.0,4.0,2003
7477,Eye See You (D-Tox) (2002),Horror|Thriller,"['Horror', 'Thriller']",2,2002.0,1,2.5,0.0,2.5,2.5,2002
7541,100 Girls (2000),Comedy|Romance,"['Comedy', 'Romance']",2,2000.0,4,3.25,0.5,2.5,3.5,2000
7572,Wit (2001),Drama,['Drama'],1,2001.0,1,4.5,0.0,4.5,4.5,2001
7646,Rose Red (2002),Horror|Mystery|Thriller,"['Horror', 'Mystery', 'Thriller']",3,2002.0,2,3.0,1.4142135623730951,2.0,4.0,2002
7657,Versus (2000),Action|Comedy|Fantasy|Horror,"['Action', 'Comedy', 'Fantasy', 'Horror']",4,2000.0,2,3.75,0.3535533905932738,3.5,4.0,2000
7767,"Best of Youth, The (La meglio gioventù) (2003)",Drama,['Drama'],1,2003.0,2,4.75,0.3535533905932738,4.5,5.0,2003
7773,"Bang, Bang, You're Dead (2002)",Drama,['Drama'],1,2002.0,2,4.0,0.0,4.0,4.0,2002
7789,"""11'09""""01 - September 11 (2002)""",Drama,['Drama'],1,2002.0,2,4.0,0.0,4.0,4.0,2002
7841,Children of Dune (2003),Fantasy|Sci-Fi,"['Fantasy', 'Sci-Fi']",2,2003.0,2,3.75,1.0606601717798212,3.0,4.5,2003
7842,Dune (2000),Drama|Fantasy|Sci-Fi,"['Drama', 'Fantasy', 'Sci-Fi']",3,2000.0,4,4.375,0.9464847243000456,3.0,5.0,2000
7843,Lammbock (2001),Comedy,['Comedy'],1,2001.0,1,4.5,0.0,4.5,4.5,2001
7846,Tremors 3: Back to Perfection (2001),Comedy|Horror|Sci-Fi,"['Comedy', 'Horror', 'Sci-Fi']",3,2001.0,3,3.0,0.5,2.5,3.5,2001
7879,Notorious C.H.O. (2002),Comedy,['Comedy'],1,2002.0,1,3.5,0.0,3.5,3.5,2002
7932,Dark Days (2000),Documentary,['Documentary'],1,2000.0,3,3.6666666666666665,0.5773502691896258,3.0,4.0,2000
7976,Ken Park (2002),Drama,['Drama'],1,2002.0,1,4.5,0.0,4.5,4.5,2002
7981,Infernal Affairs (Mou gaan dou) (2002),Crime|Drama|Thriller,"['Crime', 'Drama', 'Thriller']",3,2002.0,9,4.333333333333333,0.5590169943749476,3.5,5.0,2002
7982,"Tale of Two Sisters, A (Janghwa, Hongryeon) (2003)",Drama|Horror|Mystery|Thriller,"['Drama', 'Horror', 'Mystery', 'Thriller']",4,2003.0,4,3.25,1.8929694486000916,0.5,4.5,2003
8011,"Weather Underground, The (2002)",Documentary,['Documentary'],1,2002.0,4,4.0,0.0,4.0,4.0,2002
8014,"Spring, Summer, Fall, Winter... and Spring (Bom yeoreum gaeul gyeoul geurigo bom) (2003)",Drama,['Drama'],1,2003.0,10,4.25,0.5400617248673216,3.5,5.0,2003
8019,Dark Water (Honogurai mizu no soko kara) (2002),Drama|Horror|Mystery|Thriller,"['Drama', 'Horror', 'Mystery', 'Thriller']",4,2002.0,1,4.0,0.0,4.0,4.0,2002
8121,"Seducing Doctor Lewis (Grande séduction, La) (2003)",Comedy,['Comedy'],1,2003.0,2,2.0,1.4142135623730951,1.0,3.0,2003
8131,Pursuit of Happiness (2001),Comedy|Romance,"['Comedy', 'Romance']",2,2001.0,1,3.5,0.0,3.5,3.5,2001
8327,Dolls (2002),Drama|Romance,"['Drama', 'Romance']",2,2002.0,2,4.25,1.0606601717798212,3.5,5.0,2002
8360,Shrek 2 (2004),Adventure|Animation|Children|Comedy|Musical|Romance,"['Adventure', 'Animation', 'Children', 'Comedy', 'Musical', 'Romance']",6,2004.0,92,3.5760869565217392,0.93742335249663,0.5,5.0,2004
8361,"Day After Tomorrow, The (2004)",Action|Adventure|Drama|Sci-Fi|Thriller,"['Action', 'Adventure', 'Drama', 'Sci-Fi', 'Thriller']",5,2004.0,50,3.05,0.8762745818846642,1.0,4.5,2004
8362,Raising Helen (2004),Comedy|Drama|Romance,"['Comedy', 'Drama', 'Romance']",3,2004.0,4,2.75,0.6454972243679028,2.0,3.5,2004
8363,Soul Plane (2004),Comedy,['Comedy'],1,2004.0,2,3.75,1.0606601717798212,3.0,4.5,2004
8364,Baadasssss! (How to Get the Man's Foot Outta Your Ass) (2003),Drama,['Drama'],1,2003.0,4,3.375,0.6291528696058958,2.5,4.0,2003
8366,Saved! (2004),Comedy|Drama,"['Comedy', 'Drama']",2,2004.0,14,3.892857142857143,0.5941565265331838,3.0,5.0,2004
8368,Harry Potter and the Prisoner of Azkaban (2004),Adventure|Fantasy|IMAX,"['Adventure', 'Fantasy', 'IMAX']",3,2004.0,93,3.913978494623656,0.7321189315727836,2.0,5.0,2004
8369,Mindhunters (2004),Action|Crime|Horror|Mystery|Thriller,"['Action', 'Crime', 'Horror', 'Mystery', 'Thriller']",5,2004.0,3,2.6666666666666665,0.7637626158259734,2.0,3.5,2004
8370,"Blind Swordsman: Zatoichi, The (Zatôichi) (2003)",Action|Comedy|Crime|Drama,"['Action', 'Comedy', 'Crime', 'Drama']",4,2003.0,12,3.9583333333333335,0.4981024599478109,3.0,5.0,2003
8371,"Chronicles of Riddick, The (2004)",Action|Sci-Fi|Thriller,"['Action', 'Sci-Fi', 'Thriller']",3,2004.0,23,3.3043478260869565,0.9855677924515324,0.5,5.0,2004
8372,Garfield: The Movie (2004),Animation|Children|Comedy,"['Animation', 'Children', 'Comedy']",3,2004.0,5,2.3,1.7888543819998317,0.5,5.0,2004
8373,"Stepford Wives, The (2004)",Comedy|Fantasy|Thriller,"['Comedy', 'Fantasy', 'Thriller']",3,2004.0,12,2.25,0.7833494518006403,0.5,3.0,2004
8375,"Hunting of the President, The (2004)",Documentary,['Documentary'],1,2004.0,1,2.5,0.0,2.5,2.5,2004
8376,Napoleon Dynamite (2004),Comedy,['Comedy'],1,2004.0,37,3.324324324324324,1.1006072579882145,0.5,5.0,2004
8383,Hope Springs (2003),Comedy|Romance,"['Comedy', 'Romance']",2,2003.0,1,1.0,0.0,1.0,1.0,2003
8464,Super Size Me (2004),Comedy|Documentary|Drama,"['Comedy', 'Documentary', 'Drama']",3,2004.0,50,3.51,0.9448571860555522,0.5,5.0,2004
8495,Animal Factory (2000),Crime|Drama,"['Crime', 'Drama']",2,2000.0,1,2.5,0.0,2.5,2.5,2000
8506,Fear X (2003),Mystery|Thriller,"['Mystery', 'Thriller']",2,2003.0,2,2.25,0.3535533905932738,2.0,2.5,2003
8526,Around the World in 80 Days (2004),Adventure|Children|Comedy,"['Adventure', 'Children', 'Comedy']",3,2004.0,3,2.5,0.8660254037844386,1.5,3.0,2004
8528,Dodgeball: A True Underdog Story (2004),Comedy,['Comedy'],1,2004.0,39,3.551282051282051,1.011739459615493,0.5,5.0,2004
8529,"Terminal, The (2004)",Comedy|Drama|Romance,"['Comedy', 'Drama', 'Romance']",3,2004.0,47,3.3191489361702127,0.9579503249970152,0.5,5.0,2004
8530,Dear Frankie (2004),Drama|Romance,"['Drama', 'Romance']",2,2004.0,2,3.75,0.3535533905932738,3.5,4.0,2004
8531,White Chicks (2004),Action|Comedy|Crime,"['Action', 'Comedy', 'Crime']",3,2004.0,6,2.833333333333333,0.752772652709081,2.0,4.0,2004
8532,"Door in the Floor, The (2004)",Drama,['Drama'],1,2004.0,1,2.5,0.0,2.5,2.5,2004
8533,"Notebook, The (2004)",Drama|Romance,"['Drama', 'Romance']",2,2004.0,38,3.5657894736842106,1.1220821176746028,1.0,5.0,2004
8534,Two Brothers (Deux frères) (2004),Adventure|Children|Drama,"['Adventure', 'Children', 'Drama']",3,2004.0,1,3.5,0.0,3.5,3.5,2004
8535,De-Lovely (2004),Drama|Musical,"['Drama', 'Musical']",2,2004.0,1,4.0,0.0,4.0,4.0,2004
8575,"Happenstance (Battement d'ailes du papillon, Le) (2001)",Comedy|Drama,"['Comedy', 'Drama']",2,2001.0,1,3.0,0.0,3.0,3.0,2001
8577,Comandante (2003),Documentary,['Documentary'],1,2003.0,1,4.0,0.0,4.0,4.0,2003
8578,Undead (2003),Action|Comedy|Horror|Sci-Fi,"['Action', 'Comedy', 'Horror', 'Sci-Fi']",4,2003.0,2,3.25,0.3535533905932738,3.0,3.5,2003
8587,Mayor of the Sunset Strip (2003),Documentary,['Documentary'],1,2003.0,1,3.5,0.0,3.5,3.5,2003
8588,Killing Me Softly (2002),Drama|Mystery|Romance|Thriller,"['Drama', 'Mystery', 'Romance', 'Thriller']",4,2002.0,1,4.0,0.0,4.0,4.0,2002
8605,Taxi 3 (2003),Action|Comedy,"['Action', 'Comedy']",2,2003.0,2,3.25,1.7677669529663689,2.0,4.5,2003
8607,Tokyo Godfathers (2003),Adventure|Animation|Drama,"['Adventure', 'Animation', 'Drama']",3,2003.0,5,3.9,0.7416198487095663,3.0,5.0,2003
8622,Fahrenheit 9/11 (2004),Documentary,['Documentary'],1,2004.0,37,3.4864864864864864,0.7860457161437033,0.5,4.5,2004
8632,Secret Society (2002),Comedy,['Comedy'],1,2002.0,1,0.5,0.0,0.5,0.5,2002
8636,Spider-Man 2 (2004),Action|Adventure|Sci-Fi|IMAX,"['Action', 'Adventure', 'Sci-Fi', 'IMAX']",4,2004.0,79,3.8037974683544302,0.8298042768883677,1.0,5.0,2004
8638,Before Sunset (2004),Drama|Romance,"['Drama', 'Romance']",2,2004.0,15,3.7,1.0488088481701516,1.0,5.0,2004
8640,King Arthur (2004),Action|Adventure|Drama|War,"['Action', 'Adventure', 'Drama', 'War']",4,2004.0,13,2.9615384615384617,1.029998755289265,1.0,4.5,2004
8641,Anchorman: The Legend of Ron Burgundy (2004),Comedy,['Comedy'],1,2004.0,57,3.771929824561404,0.7323529559784174,1.5,5.0,2004
8643,"Cinderella Story, A (2004)",Comedy|Romance,"['Comedy', 'Romance']",2,2004.0,9,3.2777777777777777,0.905231707600018,2.5,5.0,2004
8644,"I, Robot (2004)",Action|Adventure|Sci-Fi|Thriller,"['Action', 'Adventure', 'Sci-Fi', 'Thriller']",4,2004.0,61,3.4918032786885247,0.928672005602124,0.5,5.0,2004
8645,"Maria Full of Grace (Maria, Llena eres de gracia) (2004)",Crime|Drama,"['Crime', 'Drama']",2,2004.0,8,3.9375,0.4172614801981402,3.0,4.5,2004
8665,"Bourne Supremacy, The (2004)",Action|Crime|Thriller,"['Action', 'Crime', 'Thriller']",3,2004.0,75,3.786666666666666,0.8429891046927184,0.5,5.0,2004
8666,Catwoman (2004),Action|Crime|Fantasy,"['Action', 'Crime', 'Fantasy']",3,2004.0,9,1.3333333333333333,0.6123724356957945,0.5,2.0,2004
8667,A Home at the End of the World (2004),Drama|Romance,"['Drama', 'Romance']",2,2004.0,1,3.5,0.0,3.5,3.5,2004
8730,To End All Wars (2001),Action|Drama|War,"['Action', 'Drama', 'War']",3,2001.0,2,4.0,0.7071067811865476,3.5,4.5,2001
8753,Unprecedented: The 2000 Presidential Election (2002),Documentary,['Documentary'],1,2002.0,1,3.5,0.0,3.5,3.5,2002
8781,"Manchurian Candidate, The (2004)",Thriller,['Thriller'],1,2004.0,12,3.0416666666666665,0.4981024599478109,2.0,3.5,2004
8782,Thunderbirds (2004),Action|Adventure|Fantasy|Sci-Fi,"['Action', 'Adventure', 'Fantasy', 'Sci-Fi']",4,2004.0,2,2.75,0.3535533905932738,2.5,3.0,2004
8783,"Village, The (2004)",Drama|Mystery|Thriller,"['Drama', 'Mystery', 'Thriller']",3,2004.0,26,3.1923076923076925,0.9281909617845142,1.0,5.0,2004
8784,Garden State (2004),Comedy|Drama|Romance,"['Comedy', 'Drama', 'Romance']",3,2004.0,48,3.7083333333333335,0.9215697369932696,0.5,5.0,2004
8795,Musa the Warrior (Musa) (2001),Action|Adventure|Drama|War,"['Action', 'Adventure', 'Drama', 'War']",4,2001.0,1,4.5,0.0,4.5,4.5,2001
8798,Collateral (2004),Action|Crime|Drama|Thriller,"['Action', 'Crime', 'Drama', 'Thriller']",4,2004.0,44,3.761363636363636,0.758583719863723,2.0,5.0,2004
8799,Little Black Book (2004),Comedy|Romance,"['Comedy', 'Romance']",2,2004.0,3,2.1666666666666665,0.7637626158259734,1.5,3.0,2004
8800,Code 46 (2003),Romance|Sci-Fi,"['Romance', 'Sci-Fi']",2,2003.0,1,4.5,0.0,4.5,4.5,2003
8807,Harold and Kumar Go to White Castle (2004),Adventure|Comedy,"['Adventure', 'Comedy']",2,2004.0,34,3.4558823529411766,0.940403258591788,0.5,5.0,2004
8808,"Princess Diaries 2: Royal Engagement, The (2004)",Comedy|Romance,"['Comedy', 'Romance']",2,2004.0,7,2.5,0.8660254037844387,1.5,3.5,2004
8809,Danny Deckchair (2003),Comedy|Romance,"['Comedy', 'Romance']",2,2003.0,2,3.25,1.0606601717798212,2.5,4.0,2003
8810,AVP: Alien vs. Predator (2004),Action|Horror|Sci-Fi|Thriller,"['Action', 'Horror', 'Sci-Fi', 'Thriller']",4,2004.0,17,2.823529411764706,1.1981910384850498,1.0,5.0,2004
8813,We Don't Live Here Anymore (2004),Drama,['Drama'],1,2004.0,2,4.0,0.7071067811865476,3.5,4.5,2004
8814,Without a Paddle (2004),Comedy,['Comedy'],1,2004.0,7,2.0,1.0801234497346437,0.5,3.0,2004
8815,Exorcist: The Beginning (2004),Horror|Thriller,"['Horror', 'Thriller']",2,2004.0,3,2.5,0.8660254037844386,2.0,3.5,2004
8830,Anacondas: The Hunt for the Blood Orchid (2004),Adventure|Drama|Horror|Sci-Fi|Thriller,"['Adventure', 'Drama', 'Horror', 'Sci-Fi', 'Thriller']",5,2004.0,2,1.75,0.3535533905932738,1.5,2.0,2004
8831,Suspect Zero (2004),Crime|Thriller,"['Crime', 'Thriller']",2,2004.0,1,3.5,0.0,3.5,3.5,2004
8832,Warriors of Heaven and Earth (Tian di ying xiong) (2003),Action|Adventure|Drama,"['Action', 'Adventure', 'Drama']",3,2003.0,2,3.25,0.3535533905932738,3.0,3.5,2003
8833,Vanity Fair (2004),Drama|Romance,"['Drama', 'Romance']",2,2004.0,3,3.5,0.0,3.5,3.5,2004
8835,Paparazzi (2004),Drama|Thriller,"['Drama', 'Thriller']",2,2004.0,3,2.333333333333333,1.1547005383792517,1.0,3.0,2004
8836,Wicker Park (2004),Drama|Romance|Thriller,"['Drama', 'Romance', 'Thriller']",3,2004.0,3,3.333333333333333,0.7637626158259733,2.5,4.0,2004
8860,Cellular (2004),Action|Crime|Drama|Mystery|Thriller,"['Action', 'Crime', 'Drama', 'Mystery', 'Thriller']",5,2004.0,7,2.857142857142857,0.8997354108424372,1.0,4.0,2004
8861,Resident Evil: Apocalypse (2004),Action|Horror|Sci-Fi|Thriller,"['Action', 'Horror', 'Sci-Fi', 'Thriller']",4,2004.0,14,2.9285714285714284,0.9972489631508746,2.0,5.0,2004
8864,Mr. 3000 (2004),Comedy|Drama,"['Comedy', 'Drama']",2,2004.0,3,2.6666666666666665,0.7637626158259734,2.0,3.5,2004
8865,Sky Captain and the World of Tomorrow (2004),Action|Adventure|Sci-Fi,"['Action', 'Adventure', 'Sci-Fi']",3,2004.0,18,2.638888888888889,1.026208836038454,1.0,4.0,2004
8866,Wimbledon (2004),Comedy|Romance,"['Comedy', 'Romance']",2,2004.0,9,3.111111111111111,1.024017143953709,1.5,4.5,2004
8869,First Daughter (2004),Comedy|Romance,"['Comedy', 'Romance']",2,2004.0,6,3.333333333333333,1.3291601358251257,2.0,5.0,2004
8870,"Forgotten, The (2004)",Drama|Mystery|Sci-Fi|Thriller,"['Drama', 'Mystery', 'Sci-Fi', 'Thriller']",4,2004.0,5,2.5,0.6123724356957945,2.0,3.5,2004
8873,"Motorcycle Diaries, The (Diarios de motocicleta) (2004)",Adventure|Drama,"['Adventure', 'Drama']",2,2004.0,27,3.796296296296296,0.8116846116761784,2.0,5.0,2004
8874,Shaun of the Dead (2004),Comedy|Horror,"['Comedy', 'Horror']",2,2004.0,77,4.0064935064935066,0.9301015312910258,1.0,5.0,2004
8907,Shark Tale (2004),Animation|Children|Comedy,"['Animation', 'Children', 'Comedy']",3,2004.0,13,2.3461538461538463,0.9657599638069014,0.5,3.5,2004
8908,Ladder 49 (2004),Action|Drama|Thriller,"['Action', 'Drama', 'Thriller']",3,2004.0,6,3.6666666666666665,0.5163977794943222,3.0,4.5,2004
8910,I Heart Huckabees (2004),Comedy,['Comedy'],1,2004.0,21,3.452380952380953,0.998808814347895,1.0,5.0,2004
8911,Raise Your Voice (2004),Romance,['Romance'],1,2004.0,1,5.0,0.0,5.0,5.0,2004
8912,Taxi (2004),Action|Comedy,"['Action', 'Comedy']",2,2004.0,2,1.75,0.3535533905932738,1.5,2.0,2004
8914,Primer (2004),Drama|Sci-Fi,"['Drama', 'Sci-Fi']",2,2004.0,17,3.794117647058824,0.8112263773411942,2.0,5.0,2004
8915,Stage Beauty (2004),Drama,['Drama'],1,2004.0,1,3.5,0.0,3.5,3.5,2004
8916,Shall We Dance? (2004),Comedy|Romance,"['Comedy', 'Romance']",2,2004.0,3,3.0,0.5,2.5,3.5,2004
8917,Team America: World Police (2004),Action|Adventure|Animation|Comedy,"['Action', 'Adventure', 'Animation', 'Comedy']",4,2004.0,32,3.46875,1.135479861613156,1.0,5.0,2004
8918,Eulogy (2004),Comedy|Crime|Drama,"['Comedy', 'Crime', 'Drama']",3,2004.0,1,3.0,0.0,3.0,3.0,2004
8919,P.S. (2004),Comedy|Drama|Fantasy|Romance,"['Comedy', 'Drama', 'Fantasy', 'Romance']",4,2004.0,2,4.25,0.3535533905932738,4.0,4.5,2004
8937,Friday Night Lights (2004),Action|Drama,"['Action', 'Drama']",2,2004.0,8,3.5625,0.6232117273791125,2.5,4.5,2004
8938,Tarnation (2003),Documentary,['Documentary'],1,2003.0,1,4.0,0.0,4.0,4.0,2003
8939,"Final Cut, The (2004)",Sci-Fi|Thriller,"['Sci-Fi', 'Thriller']",2,2004.0,3,3.6666666666666665,0.7637626158259733,3.0,4.5,2004
8943,Being Julia (2004),Comedy|Drama,"['Comedy', 'Drama']",2,2004.0,2,1.75,1.0606601717798212,1.0,2.5,2004
8946,Surviving Christmas (2004),Comedy,['Comedy'],1,2004.0,2,2.75,0.3535533905932738,2.5,3.0,2004
8947,"Grudge, The (2004)",Horror|Mystery|Thriller,"['Horror', 'Mystery', 'Thriller']",3,2004.0,10,2.3,0.4830458915396479,1.5,3.0,2004
8948,Alfie (2004),Comedy|Drama|Romance,"['Comedy', 'Drama', 'Romance']",3,2004.0,3,2.333333333333333,0.5773502691896258,2.0,3.0,2004
8949,Sideways (2004),Comedy|Drama|Romance,"['Comedy', 'Drama', 'Romance']",3,2004.0,39,3.743589743589744,0.923891902937292,1.0,5.0,2004
8950,The Machinist (2004),Drama|Mystery|Thriller,"['Drama', 'Mystery', 'Thriller']",3,2004.0,38,3.986842105263158,0.7304833840652696,2.0,5.0,2004
8951,Vera Drake (2004),Drama,['Drama'],1,2004.0,4,3.0,1.4142135623730951,1.0,4.0,2004
8952,Falling Angels (2003),Drama,['Drama'],1,2003.0,1,3.5,0.0,3.5,3.5,2003
8954,Lightning in a Bottle (2004),Documentary,['Documentary'],1,2004.0,1,4.0,0.0,4.0,4.0,2004
8955,Undertow (2004),Crime|Drama|Thriller,"['Crime', 'Drama', 'Thriller']",3,2004.0,1,3.0,0.0,3.0,3.0,2004
8957,Saw (2004),Horror|Mystery|Thriller,"['Horror', 'Mystery', 'Thriller']",3,2004.0,33,3.1818181818181817,1.2797593878964475,0.5,5.0,2004
8958,Ray (2004),Drama,['Drama'],1,2004.0,19,3.684210526315789,0.8029550685469661,1.5,5.0,2004
8959,Birth (2004),Drama|Mystery,"['Drama', 'Mystery']",2,2004.0,3,2.5,0.8660254037844386,2.0,3.5,2004
8961,"Incredibles, The (2004)",Action|Adventure|Animation|Children|Comedy,"['Action', 'Adventure', 'Animation', 'Children', 'Comedy']",5,2004.0,125,3.836,0.7587553475392148,0.5,5.0,2004
8964,Callas Forever (2002),Drama,['Drama'],1,2002.0,1,3.0,0.0,3.0,3.0,2002
8965,"Polar Express, The (2004)",Adventure|Animation|Children|Fantasy|IMAX,"['Adventure', 'Animation', 'Children', 'Fantasy', 'IMAX']",5,2004.0,11,3.136363636363636,1.0744977685158097,1.0,5.0,2004
8966,Kinsey (2004),Drama,['Drama'],1,2004.0,8,3.125,1.093813773650968,1.0,4.0,2004
8967,Seed of Chucky (Child's Play 5) (2004),Comedy|Horror,"['Comedy', 'Horror']",2,2004.0,4,1.75,1.0408329997330663,0.5,3.0,2004
8968,After the Sunset (2004),Action|Adventure|Comedy|Crime|Thriller,"['Action', 'Adventure', 'Comedy', 'Crime', 'Thriller']",5,2004.0,6,3.583333333333333,0.8612007121842542,2.5,5.0,2004
8969,Bridget Jones: The Edge of Reason (2004),Comedy|Drama|Romance,"['Comedy', 'Drama', 'Romance']",3,2004.0,20,3.025,0.9101041004655516,1.0,5.0,2004
8970,Finding Neverland (2004),Drama,['Drama'],1,2004.0,32,3.609375,0.8398768630944003,1.0,5.0,2004
8972,National Treasure (2004),Action|Adventure|Drama|Mystery|Thriller,"['Action', 'Adventure', 'Drama', 'Mystery', 'Thriller']",5,2004.0,38,3.263157894736842,0.9133901959574144,1.0,5.0,2004
8973,Bad Education (La mala educación) (2004),Drama|Thriller,"['Drama', 'Thriller']",2,2004.0,8,3.75,1.0,1.5,4.5,2004
8974,"SpongeBob SquarePants Movie, The (2004)",Adventure|Animation|Children|Comedy,"['Adventure', 'Animation', 'Children', 'Comedy']",4,2004.0,2,3.0,1.4142135623730951,2.0,4.0,2004
8977,Alexander (2004),Action|Adventure|Drama|War,"['Action', 'Adventure', 'Drama', 'War']",4,2004.0,10,2.2,0.9775252199076786,1.0,3.5,2004
8978,Christmas with the Kranks (2004),Children|Comedy,"['Children', 'Comedy']",2,2004.0,2,2.5,0.0,2.5,2.5,2004
8979,Guerrilla: The Taking of Patty Hearst (2004),Documentary,['Documentary'],1,2004.0,1,4.0,0.0,4.0,4.0,2004
8981,Closer (2004),Drama|Romance,"['Drama', 'Romance']",2,2004.0,16,3.71875,0.7295832143536928,1.5,4.5,2004
8982,I Am David (2003),Drama,['Drama'],1,2003.0,3,3.0,0.0,3.0,3.0,2003
8983,House of Flying Daggers (Shi mian mai fu) (2004),Action|Drama|Romance,"['Action', 'Drama', 'Romance']",3,2004.0,25,3.52,0.6370504951205466,2.0,4.5,2004
8984,Ocean's Twelve (2004),Action|Comedy|Crime|Thriller,"['Action', 'Comedy', 'Crime', 'Thriller']",4,2004.0,43,3.2906976744186047,1.0306756807085278,0.5,5.0,2004
8985,Blade: Trinity (2004),Action|Fantasy|Horror|Thriller,"['Action', 'Fantasy', 'Horror', 'Thriller']",4,2004.0,14,2.857142857142857,1.0456608405245906,0.5,4.5,2004
8987,Bush's Brain (2004),Documentary,['Documentary'],1,2004.0,1,3.0,0.0,3.0,3.0,2004
9010,Love Me If You Dare (Jeux d'enfants) (2003),Drama|Romance,"['Drama', 'Romance']",2,2003.0,5,4.1,1.0246950765959597,3.0,5.0,2003
9018,Control Room (2004),Documentary|War,"['Documentary', 'War']",2,2004.0,3,4.333333333333333,0.5773502691896258,4.0,5.0,2004
27134,Dark Portals: The Chronicles of Vidocq  (Vidocq) (2001),Action|Crime|Fantasy,"['Action', 'Crime', 'Fantasy']",3,2001.0,1,4.0,0.0,4.0,4.0,2001
27178,In July (Im Juli) (2000),Comedy|Romance,"['Comedy', 'Romance']",2,2000.0,1,4.0,0.0,4.0,4.0,2000
27193,Taxi 2 (2000),Action|Comedy,"['Action', 'Comedy']",2,2000.0,4,3.875,1.1086778913041724,2.5,5.0,2000
27246,If These Walls Could Talk 2 (2000),Drama|Romance,"['Drama', 'Romance']",2,2000.0,1,4.0,0.0,4.0,4.0,2000
27251,"10th Kingdom, The (2000)",Adventure|Comedy|Fantasy,"['Adventure', 'Comedy', 'Fantasy']",3,2000.0,2,2.75,2.4748737341529163,1.0,4.5,2000
27266,2046 (2004),Drama|Fantasy|Romance|Sci-Fi,"['Drama', 'Fantasy', 'Romance', 'Sci-Fi']",4,2004.0,7,4.071428571428571,0.3450327796711771,3.5,4.5,2004
27306,Bartleby (2001),Comedy|Drama,"['Comedy', 'Drama']",2,2001.0,1,1.5,0.0,1.5,1.5,2001
27311,Batman Beyond: Return of the Joker (2000),Action|Animation|Crime|Sci-Fi|Thriller,"['Action', 'Animation', 'Crime', 'Sci-Fi', 'Thriller']",5,2000.0,3,3.5,1.5,2.0,5.0,2000
27320,"Nine Lives of Tomas Katz, The (2000)",Comedy|Drama|Fantasy,"['Comedy', 'Drama', 'Fantasy']",3,2000.0,1,5.0,0.0,5.0,5.0,2000
27328,Monday (2000),Action|Comedy|Crime|Fantasy|Thriller,"['Action', 'Comedy', 'Crime', 'Fantasy', 'Thriller']",5,2000.0,1,4.5,0.0,4.5,4.5,2000
27329,Paradise Lost 2: Revelations (2000),Documentary,['Documentary'],1,2000.0,1,4.0,0.0,4.0,4.0,2000
27368,Asterix & Obelix: Mission Cleopatra (Astérix & Obélix: Mission Cléopâtre) (2002),Adventure|Comedy|Fantasy,"['Adventure', 'Comedy', 'Fantasy']",3,2002.0,3,4.0,0.5,3.5,4.5,2002
27369,Daria: Is It Fall Yet? (2000),Animation|Comedy,"['Animation', 'Comedy']",2,2000.0,1,4.0,0.0,4.0,4.0,2000
27370,Late Night Shopping (2001),Comedy,['Comedy'],1,2001.0,1,4.5,0.0,4.5,4.5,2001
27373,61* (2001),Drama,['Drama'],1,2001.0,1,5.0,0.0,5.0,5.0,2001
27397,Joint Security Area (Gongdong gyeongbi guyeok JSA) (2000),Crime|Drama|Mystery|Thriller|War,"['Crime', 'Drama', 'Mystery', 'Thriller', 'War']",5,2000.0,4,4.25,0.957427107756338,3.0,5.0,2000
27408,Ripley's Game (2002),Drama|Thriller,"['Drama', 'Thriller']",2,2002.0,3,3.333333333333333,0.7637626158259734,2.5,4.0,2002
27416,Jalla! Jalla! (2000),Comedy|Drama|Romance,"['Comedy', 'Drama', 'Romance']",3,2000.0,2,3.75,0.3535533905932738,3.5,4.0,2000
27420,Teknolust (2002),Comedy|Drama|Romance|Sci-Fi,"['Comedy', 'Drama', 'Romance', 'Sci-Fi']",4,2002.0,1,2.0,0.0,2.0,2.0,2002
27426,"Accidental Spy, The (Dak miu mai shing) (2001)",Action|Comedy|Thriller,"['Action', 'Comedy', 'Thriller']",3,2001.0,1,2.5,0.0,2.5,2.5,2001
27434,Darkness (2002),Horror|Mystery,"['Horror', 'Mystery']",2,2002.0,3,1.5,1.0,0.5,2.5,2002
27441,Blood: The Last Vampire (2000),Action|Animation|Horror,"['Action', 'Animation', 'Horror']",3,2000.0,2,3.25,1.0606601717798212,2.5,4.0,2000
27450,Blueberry (2004),Adventure|Western,"['Adventure', 'Western']",2,2004.0,1,2.5,0.0,2.5,2.5,2004
27473,American Psycho II: All American Girl (2002),Comedy|Crime|Horror|Mystery|Thriller,"['Comedy', 'Crime', 'Horror', 'Mystery', 'Thriller']",5,2002.0,1,2.5,0.0,2.5,2.5,2002
27478,Ali G Indahouse (2002),Comedy,['Comedy'],1,2002.0,3,3.0,0.8660254037844386,2.0,3.5,2002
27480,Dead or Alive 2: Tôbôsha (2000),Action|Crime|Thriller,"['Action', 'Crime', 'Thriller']",3,2000.0,1,4.5,0.0,4.5,4.5,2000
27482,Cube 2: Hypercube (2002),Horror|Mystery|Sci-Fi,"['Horror', 'Mystery', 'Sci-Fi']",3,2002.0,2,3.75,1.0606601717798212,3.0,4.5,2002
27491,Pulse (Kairo) (2001),Horror|Mystery|Thriller,"['Horror', 'Mystery', 'Thriller']",3,2001.0,1,3.0,0.0,3.0,3.0,2001
27513,Dog Days (Hundstage) (2001),Drama,['Drama'],1,2001.0,1,3.0,0.0,3.0,3.0,2001
27523,My Sassy Girl (Yeopgijeogin geunyeo) (2001),Comedy|Romance,"['Comedy', 'Romance']",2,2001.0,1,5.0,0.0,5.0,5.0,2001
27537,Nothing (2003),Comedy|Fantasy|Mystery|Sci-Fi,"['Comedy', 'Fantasy', 'Mystery', 'Sci-Fi']",4,2003.0,1,3.5,0.0,3.5,3.5,2003
27539,Undertaking Betty (Plots with a View) (2002),Comedy|Romance,"['Comedy', 'Romance']",2,2002.0,1,2.5,0.0,2.5,2.5,2002
27549,Dead or Alive: Final (2002),Comedy|Crime|Drama|Sci-Fi|Thriller,"['Comedy', 'Crime', 'Drama', 'Sci-Fi', 'Thriller']",5,2002.0,1,1.5,0.0,1.5,1.5,2002
27555,Fubar (2002),Comedy,['Comedy'],1,2002.0,2,3.75,1.0606601717798212,3.0,4.5,2002
27563,"Happiness of the Katakuris, The (Katakuri-ke no kôfuku) (2001)",Comedy|Horror|Musical,"['Comedy', 'Horror', 'Musical']",3,2001.0,3,4.333333333333333,0.2886751345948129,4.0,4.5,2001
27584,Dead End (2003),Comedy|Horror|Mystery|Thriller,"['Comedy', 'Horror', 'Mystery', 'Thriller']",4,2003.0,2,3.5,0.7071067811865476,3.0,4.0,2003
27592,Sympathy for Mr. Vengeance (Boksuneun naui geot) (2002),Crime|Drama,"['Crime', 'Drama']",2,2002.0,5,3.8,0.8366600265340756,3.0,5.0,2002
27595,Jesus Christ Vampire Hunter (2001),Action|Comedy|Horror|Musical,"['Action', 'Comedy', 'Horror', 'Musical']",4,2001.0,1,0.5,0.0,0.5,0.5,2001
27604,Suicide Club (Jisatsu saakuru) (2001),Horror|Mystery|Thriller,"['Horror', 'Mystery', 'Thriller']",3,2001.0,4,3.125,0.2499999999999999,3.0,3.5,2001
27611,Battlestar Galactica (2003),Drama|Sci-Fi|War,"['Drama', 'Sci-Fi', 'War']",3,2003.0,19,3.8157894736842106,1.238396435312276,0.5,5.0,2003
27618,"Sound of Thunder, A (2005)",Action|Adventure|Drama|Sci-Fi|Thriller,"['Action', 'Adventure', 'Drama', 'Sci-Fi', 'Thriller']",5,2005.0,2,2.75,1.0606601717798212,2.0,3.5,2005
27619,"Lion King 1½, The (2004)",Adventure|Animation|Children|Comedy,"['Adventure', 'Animation', 'Children', 'Comedy']",4,2004.0,2,4.5,0.0,4.5,4.5,2004
27627,Oasis (2002),Drama|Romance,"['Drama', 'Romance']",2,2002.0,1,4.5,0.0,4.5,4.5,2002
27644,Remember Me (Ricordati di me) (2003),Comedy|Drama|Romance,"['Comedy', 'Drama', 'Romance']",3,2003.0,1,3.5,0.0,3.5,3.5,2003
27660,"Animatrix, The (2003)",Action|Animation|Drama|Sci-Fi,"['Action', 'Animation', 'Drama', 'Sci-Fi']",4,2003.0,20,3.7,0.8645047258706176,1.5,5.0,2003
27664,"Brown Bunny, The (2003)",Drama,['Drama'],1,2003.0,2,3.25,0.3535533905932738,3.0,3.5,2003
27667,Ju-on: The Curse (2000),Horror,['Horror'],1,2000.0,1,3.0,0.0,3.0,3.0,2000
27674,11:14 (2003),Comedy|Crime|Drama|Mystery|Thriller,"['Comedy', 'Crime', 'Drama', 'Mystery', 'Thriller']",5,2003.0,4,3.75,0.5,3.0,4.0,2003
27683,Tremors 4: The Legend Begins (2004),Action|Comedy|Horror|Sci-Fi|Thriller|Western,"['Action', 'Comedy', 'Horror', 'Sci-Fi', 'Thriller', 'Western']",6,2004.0,1,2.0,0.0,2.0,2.0,2004
27685,Bring It On Again (2004),Comedy,['Comedy'],1,2004.0,2,1.75,0.3535533905932738,1.5,2.0,2004
27689,"Crimson Rivers 2: Angels of the Apocalypse (Rivières pourpres II - Les anges de l'apocalypse, Les) (2004)",Action|Crime|Thriller,"['Action', 'Crime', 'Thriller']",3,2004.0,1,2.5,0.0,2.5,2.5,2004
27692,And Starring Pancho Villa as Himself (2003),Action|Comedy|Drama|War,"['Action', 'Comedy', 'Drama', 'War']",4,2003.0,1,3.5,0.0,3.5,3.5,2003
27695,Nicotina (2003),Action|Comedy|Drama,"['Action', 'Comedy', 'Drama']",3,2003.0,1,3.0,0.0,3.0,3.0,2003
27704,Battle Royale 2: Requiem (Batoru rowaiaru II: Chinkonka) (2003),Action|Drama|Thriller|War,"['Action', 'Drama', 'Thriller', 'War']",4,2003.0,1,5.0,0.0,5.0,5.0,2003
27705,In Hell (2003),Action|Drama|Thriller,"['Action', 'Drama', 'Thriller']",3,2003.0,1,1.5,0.0,1.5,1.5,2003
27706,Lemony Snicket's A Series of Unfortunate Events (2004),Adventure|Children|Comedy|Fantasy,"['Adventure', 'Children', 'Comedy', 'Fantasy']",4,2004.0,25,3.16,0.7999999999999999,1.5,4.5,2004
27708,Helen of Troy (2003),Action|Adventure|Drama|Romance,"['Action', 'Adventure', 'Drama', 'Romance']",4,2003.0,1,4.0,0.0,4.0,4.0,2003
27716,"Green Butchers, The (Grønne slagtere, De) (2003)",Comedy|Crime|Drama|Romance,"['Comedy', 'Crime', 'Drama', 'Romance']",4,2003.0,1,4.5,0.0,4.5,4.5,2003
27721,"Very Long Engagement, A (Un long dimanche de fiançailles) (2004)",Drama|Mystery|Romance|War,"['Drama', 'Mystery', 'Romance', 'War']",4,2004.0,6,3.6666666666666665,0.752772652709081,3.0,5.0,2004
27722,Last Life in the Universe (Ruang rak noi nid mahasan) (2003),Drama|Romance,"['Drama', 'Romance']",2,2003.0,3,4.166666666666667,0.7637626158259733,3.5,5.0,2003
27728,Ghost in the Shell 2: Innocence (a.k.a. Innocence) (Inosensu) (2004),Action|Animation|Drama|Sci-Fi|Thriller,"['Action', 'Animation', 'Drama', 'Sci-Fi', 'Thriller']",5,2004.0,3,2.1666666666666665,1.4433756729740643,0.5,3.0,2004
27731,"Cat Returns, The (Neko no ongaeshi) (2002)",Adventure|Animation|Children|Fantasy,"['Adventure', 'Animation', 'Children', 'Fantasy']",4,2002.0,8,3.75,0.5976143046671968,3.0,5.0,2002
27741,"Twilight Samurai, The (Tasogare Seibei) (2002)",Drama|Romance,"['Drama', 'Romance']",2,2002.0,6,3.8333333333333335,0.6055300708194983,3.0,4.5,2002
27744,"Facing Windows (Finestra di fronte, La) (2003)",Drama|Romance,"['Drama', 'Romance']",2,2003.0,1,4.5,0.0,4.5,4.5,2003
27746,Ginger Snaps: Unleashed (2004),Horror|Thriller,"['Horror', 'Thriller']",2,2004.0,1,3.0,0.0,3.0,3.0,2004
27751,'Salem's Lot (2004),Drama|Horror|Mystery|Thriller,"['Drama', 'Horror', 'Mystery', 'Thriller']",4,2004.0,1,5.0,0.0,5.0,5.0,2004
27762,Comic Book: The Movie (2004),Comedy,['Comedy'],1,2004.0,1,2.5,0.0,2.5,2.5,2004
27768,Intimate Strangers (Confidences trop intimes) (2004),Drama,['Drama'],1,2004.0,2,3.75,1.0606601717798212,3.0,4.5,2004
27769,Down to the Bone (2004),Drama,['Drama'],1,2004.0,1,3.0,0.0,3.0,3.0,2004
27772,Ju-on: The Grudge (2002),Horror,['Horror'],1,2002.0,6,2.583333333333333,0.4915960401250876,2.0,3.0,2002
27773,Old Boy (2003),Mystery|Thriller,"['Mystery', 'Thriller']",2,2003.0,39,4.089743589743589,0.8650509178183406,1.0,5.0,2003
27776,Red Lights (Feux rouges) (2004),Drama,['Drama'],1,2004.0,1,4.5,0.0,4.5,4.5,2004
27778,Ginger Snaps Back: The Beginning (2004),Fantasy|Horror,"['Fantasy', 'Horror']",2,2004.0,1,3.0,0.0,3.0,3.0,2004
27784,One Missed Call (Chakushin ari) (2003),Horror|Mystery,"['Horror', 'Mystery']",2,2003.0,1,1.5,0.0,1.5,1.5,2003
27788,"Jacket, The (2005)",Drama|Mystery|Sci-Fi|Thriller,"['Drama', 'Mystery', 'Sci-Fi', 'Thriller']",4,2005.0,8,3.0,1.0,1.0,4.0,2005
27790,Millions (2004),Children|Comedy|Crime|Drama|Fantasy,"['Children', 'Comedy', 'Crime', 'Drama', 'Fantasy']",5,2004.0,4,3.5,0.5773502691896257,3.0,4.0,2004
27793,Starship Troopers 2: Hero of the Federation (2004),Action|Horror|Sci-Fi|War,"['Action', 'Horror', 'Sci-Fi', 'War']",4,2004.0,2,1.5,0.7071067811865476,1.0,2.0,2004
27801,Ong-Bak: The Thai Warrior (Ong Bak) (2003),Action|Thriller,"['Action', 'Thriller']",2,2003.0,12,4.0,0.5640760748177663,3.0,5.0,2003
27802,Infernal Affairs 2 (Mou gaan dou II) (2003),Action|Crime|Drama|Thriller,"['Action', 'Crime', 'Drama', 'Thriller']",4,2003.0,1,3.0,0.0,3.0,3.0,2003
27803,"Sea Inside, The (Mar adentro) (2004)",Drama,['Drama'],1,2004.0,8,4.0,0.7559289460184544,3.0,5.0,2004
27808,Spanglish (2004),Comedy|Drama|Romance,"['Comedy', 'Drama', 'Romance']",3,2004.0,11,3.363636363636364,0.6741998624632421,2.0,4.0,2004
27815,"Chorus, The (Choristes, Les) (2004)",Drama,['Drama'],1,2004.0,11,3.909090909090909,0.8312094145936335,2.5,5.0,2004
27816,Saints and Soldiers (2003),Action|Adventure|Drama|War,"['Action', 'Adventure', 'Drama', 'War']",4,2003.0,1,2.5,0.0,2.5,2.5,2003
27820,"Story of the Weeping Camel, The (Geschichte vom weinenden Kamel, Die) (2003)",Documentary|Drama,"['Documentary', 'Drama']",2,2003.0,2,4.0,0.0,4.0,4.0,2003
27821,"Interpreter, The (2005)",Drama|Thriller,"['Drama', 'Thriller']",2,2005.0,6,3.25,0.5244044240850757,2.5,4.0,2005
27822,Open Water (2003),Drama|Thriller,"['Drama', 'Thriller']",2,2003.0,5,2.7,1.6431676725154984,1.0,4.5,2003
27826,Touch of Pink (2004),Comedy|Drama|Romance,"['Comedy', 'Drama', 'Romance']",3,2004.0,1,4.0,0.0,4.0,4.0,2004
27829,Slasher (2004),Documentary,['Documentary'],1,2004.0,1,3.5,0.0,3.5,3.5,2004
27830,"Bobby Jones, Stroke of Genius (2004)",Drama,['Drama'],1,2004.0,1,2.5,0.0,2.5,2.5,2004
27831,Layer Cake (2004),Crime|Drama|Thriller,"['Crime', 'Drama', 'Thriller']",3,2004.0,19,3.8157894736842106,0.5580354010024182,3.0,5.0,2004
27834,"Return, The (Vozvrashcheniye) (2003)",Drama,['Drama'],1,2003.0,3,4.333333333333333,0.2886751345948129,4.0,4.5,2003
27837,Flight of the Phoenix (2004),Action|Adventure,"['Action', 'Adventure']",2,2004.0,4,2.875,0.25,2.5,3.0,2004
27838,Mean Creek (2004),Drama|Thriller,"['Drama', 'Thriller']",2,2004.0,2,3.75,1.0606601717798212,3.0,4.5,2004
27839,"Ring Two, The (2005)",Drama|Horror|Mystery|Thriller,"['Drama', 'Horror', 'Mystery', 'Thriller']",4,2005.0,5,2.3,0.758287544405155,1.5,3.5,2005
27846,"Corporation, The (2003)",Documentary,['Documentary'],1,2003.0,10,3.9,0.5163977794943222,3.0,5.0,2003
27850,"Yes Men, The (2003)",Documentary,['Documentary'],1,2003.0,2,3.75,0.3535533905932738,3.5,4.0,2003
27865,Azumi (2003),Action|Adventure|Drama|Thriller,"['Action', 'Adventure', 'Drama', 'Thriller']",4,2003.0,2,2.75,1.0606601717798212,2.0,3.5,2003
27866,In My Father's Den (2004),Drama,['Drama'],1,2004.0,1,3.5,0.0,3.5,3.5,2004
27869,Tae Guk Gi: The Brotherhood of War (Taegukgi hwinalrimyeo) (2004),Action|Drama|War,"['Action', 'Drama', 'War']",3,2004.0,1,4.5,0.0,4.5,4.5,2004
27873,Metallica: Some Kind of Monster (2004),Documentary,['Documentary'],1,2004.0,3,3.1666666666666665,0.5773502691896258,2.5,3.5,2004
27878,Born into Brothels (2004),Documentary,['Documentary'],1,2004.0,4,3.875,0.6291528696058958,3.0,4.5,2004
27879,DiG! (2004),Documentary,['Documentary'],1,2004.0,4,4.125,0.25,4.0,4.5,2004
27882,Riding Giants (2004),Documentary,['Documentary'],1,2004.0,4,4.0,0.7071067811865475,3.0,4.5,2004
27899,What the #$*! Do We Know!? (a.k.a. What the Bleep Do We Know!?) (2004),Comedy|Documentary|Drama,"['Comedy', 'Documentary', 'Drama']",3,2004.0,2,2.75,0.3535533905932738,2.5,3.0,2004
27904,"Scanner Darkly, A (2006)",Animation|Drama|Mystery|Sci-Fi|Thriller,"['Animation', 'Drama', 'Mystery', 'Sci-Fi', 'Thriller']",5,2006.0,22,3.613636363636364,0.9503360080195468,0.5,5.0,2006
27905,Casshern (2004),Action|Drama|Fantasy|Sci-Fi,"['Action', 'Drama', 'Fantasy', 'Sci-Fi']",4,2004.0,1,3.5,0.0,3.5,3.5,2004
27912,Outfoxed: Rupert Murdoch's War on Journalism (2004),Documentary,['Documentary'],1,2004.0,5,3.3,1.3964240043768943,1.0,4.5,2004
30707,Million Dollar Baby (2004),Drama,['Drama'],1,2004.0,52,3.8461538461538463,0.8137209471242821,0.5,5.0,2004
30745,Gozu (Gokudô kyôfu dai-gekijô: Gozu) (2003),Comedy|Crime|Drama|Horror|Mystery,"['Comedy', 'Crime', 'Drama', 'Horror', 'Mystery']",5,2003.0,2,4.75,0.3535533905932738,4.5,5.0,2003
30749,Hotel Rwanda (2004),Drama|War,"['Drama', 'War']",2,2004.0,48,3.7916666666666665,0.955573423330665,0.5,5.0,2004
30793,Charlie and the Chocolate Factory (2005),Adventure|Children|Comedy|Fantasy|IMAX,"['Adventure', 'Children', 'Comedy', 'Fantasy', 'IMAX']",5,2005.0,61,3.0,0.9036961141150638,0.5,4.5,2005
30803,3-Iron (Bin-jip) (2004),Drama|Romance,"['Drama', 'Romance']",2,2004.0,3,4.5,0.5,4.0,5.0,2004
30810,"Life Aquatic with Steve Zissou, The (2004)",Adventure|Comedy|Fantasy,"['Adventure', 'Comedy', 'Fantasy']",3,2004.0,37,3.4864864864864864,1.023925497008168,1.0,5.0,2004
30812,"Aviator, The (2004)",Drama,['Drama'],1,2004.0,35,3.5285714285714285,0.8396678014588405,1.0,5.0,2004
30816,"Phantom of the Opera, The (2004)",Drama|Musical|Romance,"['Drama', 'Musical', 'Romance']",3,2004.0,12,3.1666666666666665,0.984731927834662,1.0,5.0,2004
30818,Beyond the Sea (2004),Drama|Musical,"['Drama', 'Musical']",2,2004.0,1,2.0,0.0,2.0,2.0,2004
30820,"Woodsman, The (2004)",Drama,['Drama'],1,2004.0,3,3.8333333333333335,0.5773502691896258,3.5,4.5,2004
30822,In Good Company (2004),Comedy|Drama,"['Comedy', 'Drama']",2,2004.0,11,3.4545454545454546,0.6105139414683932,2.5,4.5,2004
30825,Meet the Fockers (2004),Comedy,['Comedy'],1,2004.0,33,3.106060606060606,0.9743393254981147,0.5,5.0,2004
30846,"Assassination of Richard Nixon, The (2004)",Crime|Drama|Thriller,"['Crime', 'Drama', 'Thriller']",3,2004.0,2,3.5,0.0,3.5,3.5,2004
30848,"Love Song for Bobby Long, A (2004)",Drama,['Drama'],1,2004.0,3,3.1666666666666665,0.5773502691896258,2.5,3.5,2004
30850,"Merchant of Venice, The (2004)",Drama,['Drama'],1,2004.0,4,3.75,0.6454972243679028,3.0,4.5,2004
30883,Fat Albert (2004),Comedy|Fantasy,"['Comedy', 'Fantasy']",2,2004.0,2,1.5,0.0,1.5,1.5,2004
30890,"Keys to the House, The (Chiavi di casa, Le) (2004)",Drama,['Drama'],1,2004.0,1,3.0,0.0,3.0,3.0,2004
30892,In the Realms of the Unreal (2004),Animation|Documentary,"['Animation', 'Documentary']",2,2004.0,0,0.0,0.0,0.0,0.0,2004
30894,White Noise (2005),Drama|Horror|Mystery|Sci-Fi|Thriller,"['Drama', 'Horror', 'Mystery', 'Sci-Fi', 'Thriller']",5,2005.0,8,2.5,0.7559289460184545,2.0,4.0,2005
30898,"Upside of Anger, The (2005)",Comedy|Drama|Romance,"['Comedy', 'Drama', 'Romance']",3,2005.0,3,3.1666666666666665,0.2886751345948129,3.0,3.5,2005
31101,Stander (2003),Action|Crime|Drama,"['Action', 'Crime', 'Drama']",3,2003.0,2,3.5,0.7071067811865476,3.0,4.0,2003
31114,Imaginary Heroes (2004),Comedy|Drama,"['Comedy', 'Drama']",2,2004.0,2,3.0,0.7071067811865476,2.5,3.5,2004
31123,Ruby & Quentin (Tais-toi!) (2003),Comedy|Crime,"['Comedy', 'Crime']",2,2003.0,1,2.5,0.0,2.5,2.5,2003
31162,"Life and Death of Peter Sellers, The (2004)",Comedy|Drama,"['Comedy', 'Drama']",2,2004.0,1,3.0,0.0,3.0,3.0,2004
31184,Appleseed (Appurushîdo) (2004),Action|Animation|Fantasy|Sci-Fi,"['Action', 'Animation', 'Fantasy', 'Sci-Fi']",4,2004.0,3,3.8333333333333335,0.7637626158259734,3.0,4.5,2004
31221,Elektra (2005),Action|Adventure|Crime|Drama,"['Action', 'Adventure', 'Crime', 'Drama']",4,2005.0,10,2.05,1.0124228365658294,0.5,4.0,2005
31223,Racing Stripes (2005),Children|Comedy,"['Children', 'Comedy']",2,2005.0,1,2.0,0.0,2.0,2.0,2005
31225,Coach Carter (2005),Drama,['Drama'],1,2005.0,7,3.071428571428572,0.3450327796711771,2.5,3.5,2005
31364,Memories of Murder (Salinui chueok) (2003),Crime|Drama|Mystery|Thriller,"['Crime', 'Drama', 'Mystery', 'Thriller']",4,2003.0,5,4.7,0.4472135954999579,4.0,5.0,2003
31410,"Downfall (Untergang, Der) (2004)",Drama|War,"['Drama', 'War']",2,2004.0,20,3.875,0.9441649053110652,1.0,5.0,2004
31420,Assault on Precinct 13 (2005),Action|Crime|Drama|Thriller,"['Action', 'Crime', 'Drama', 'Thriller']",4,2005.0,8,3.1875,0.5303300858899106,2.5,4.0,2005
31422,Are We There Yet? (2005),Children|Comedy,"['Children', 'Comedy']",2,2005.0,1,0.5,0.0,0.5,0.5,2005
31424,Alone in the Dark (2005),Action|Horror|Sci-Fi|Thriller,"['Action', 'Horror', 'Sci-Fi', 'Thriller']",4,2005.0,1,0.5,0.0,0.5,0.5,2005
31427,Hide and Seek (2005),Horror|Mystery|Thriller,"['Horror', 'Mystery', 'Thriller']",3,2005.0,6,2.333333333333333,0.7527726527090811,1.0,3.0,2005
31431,Boogeyman (2005),Drama|Horror|Mystery|Thriller,"['Drama', 'Horror', 'Mystery', 'Thriller']",4,2005.0,2,2.0,0.7071067811865476,1.5,2.5,2005
31433,"Wedding Date, The (2005)",Comedy|Romance,"['Comedy', 'Romance']",2,2005.0,11,3.136363636363636,0.9244162777371756,1.0,4.5,2005
31435,Rory O'Shea Was Here (Inside I'm Dancing) (2004),Drama,['Drama'],1,2004.0,1,4.5,0.0,4.5,4.5,2004
31437,Nobody Knows (Dare mo shiranai) (2004),Drama,['Drama'],1,2004.0,2,4.25,0.3535533905932738,4.0,4.5,2004
31445,Employee of the Month (2004),Comedy|Drama,"['Comedy', 'Drama']",2,2004.0,2,2.25,0.3535533905932738,2.0,2.5,2004
31610,Purple Butterfly (Zi hudie) (2003),Drama,['Drama'],1,2003.0,1,4.0,0.0,4.0,4.0,2003
31658,Howl's Moving Castle (Hauru no ugoku shiro) (2004),Adventure|Animation|Fantasy|Romance,"['Adventure', 'Animation', 'Fantasy', 'Romance']",4,2004.0,40,4.075,0.7210213553507238,2.5,5.0,2004
31660,Steamboy (Suchîmubôi) (2004),Action|Animation|Drama|Sci-Fi,"['Action', 'Animation', 'Drama', 'Sci-Fi']",4,2004.0,2,3.0,0.0,3.0,3.0,2004
31685,Hitch (2005),Comedy|Romance,"['Comedy', 'Romance']",2,2005.0,45,3.1666666666666665,0.7905694150420948,1.5,4.5,2005
31692,Uncle Nino (2003),Comedy,['Comedy'],1,2003.0,1,0.5,0.0,0.5,0.5,2003
31694,Bride & Prejudice (2004),Comedy|Musical|Romance,"['Comedy', 'Musical', 'Romance']",3,2004.0,2,3.25,0.3535533905932738,3.0,3.5,2004
31696,Constantine (2005),Action|Fantasy|Horror|Thriller,"['Action', 'Fantasy', 'Horror', 'Thriller']",4,2005.0,35,3.4714285714285715,0.8906611650478367,1.0,5.0,2005
31698,Son of the Mask (2005),Adventure|Children|Comedy|Fantasy,"['Adventure', 'Children', 'Comedy', 'Fantasy']",4,2005.0,1,1.0,0.0,1.0,1.0,2005
31700,Because of Winn-Dixie (2005),Children|Comedy|Drama,"['Children', 'Comedy', 'Drama']",3,2005.0,3,3.1666666666666665,0.2886751345948129,3.0,3.5,2005
31702,Turtles Can Fly (Lakposhtha hâm parvaz mikonand) (2004),Drama|War,"['Drama', 'War']",2,2004.0,1,4.0,0.0,4.0,4.0,2004
31804,Night Watch (Nochnoy dozor) (2004),Action|Fantasy|Horror|Mystery|Sci-Fi|Thriller,"['Action', 'Fantasy', 'Horror', 'Mystery', 'Sci-Fi', 'Thriller']",6,2004.0,4,3.25,1.0408329997330663,2.0,4.5,2004
31867,Man of the House (2005),Action|Comedy,"['Action', 'Comedy']",2,2005.0,1,3.0,0.0,3.0,3.0,2005
31878,Kung Fu Hustle (Gong fu) (2004),Action|Comedy,"['Action', 'Comedy']",2,2004.0,19,3.5789473684210527,1.3256356745050537,0.5,5.0,2004
31903,Zelary (2003),Drama|Romance,"['Drama', 'Romance']",2,2003.0,1,4.0,0.0,4.0,4.0,2003
31952,Control (Kontroll) (2003),Comedy|Crime|Drama|Mystery,"['Comedy', 'Crime', 'Drama', 'Mystery']",4,2003.0,1,3.5,0.0,3.5,3.5,2003
32009,Tyler Perry's Diary of a Mad Black Woman (2005),Comedy|Drama|Romance,"['Comedy', 'Drama', 'Romance']",3,2005.0,3,2.6666666666666665,1.1547005383792517,2.0,4.0,2005
32011,Cursed (2005),Horror|Thriller,"['Horror', 'Thriller']",2,2005.0,6,2.1666666666666665,0.5163977794943222,1.5,3.0,2005
32017,"Pacifier, The (2005)",Action|Comedy,"['Action', 'Comedy']",2,2005.0,7,2.7142857142857144,0.3933978962347215,2.0,3.0,2005
32019,Be Cool (2005),Comedy|Crime|Musical,"['Comedy', 'Crime', 'Musical']",3,2005.0,8,2.4375,1.050085030570654,0.5,4.0,2005
32022,Gunner Palace (2004),Documentary|War,"['Documentary', 'War']",2,2004.0,3,3.6666666666666665,0.5773502691896258,3.0,4.0,2004
32029,Hostage (2005),Action|Crime|Drama|Thriller,"['Action', 'Crime', 'Drama', 'Thriller']",4,2005.0,10,3.05,0.5502524673073059,2.0,4.0,2005
32031,Robots (2005),Adventure|Animation|Children|Comedy|Fantasy|Sci-Fi|IMAX,"['Adventure', 'Animation', 'Children', 'Comedy', 'Fantasy', 'Sci-Fi', 'IMAX']",7,2005.0,19,3.026315789473684,1.0202625507753482,0.5,5.0,2005
32213,Cube Zero (2004),Horror|Mystery|Sci-Fi|Thriller,"['Horror', 'Mystery', 'Sci-Fi', 'Thriller']",4,2004.0,3,2.6666666666666665,1.0408329997330663,1.5,3.5,2004
32243,Stealing Rembrandt (Rembrandt) (2003),Action|Comedy|Crime,"['Action', 'Comedy', 'Crime']",3,2003.0,1,3.5,0.0,3.5,3.5,2003
32289,Ice Princess (2005),Children|Comedy|Drama,"['Children', 'Comedy', 'Drama']",3,2005.0,4,3.375,1.181453906563152,2.5,5.0,2005
32291,Melinda and Melinda (2004),Comedy|Drama,"['Comedy', 'Drama']",2,2004.0,5,3.1,0.6519202405202649,2.5,4.0,2004
32294,Milk and Honey (2003),Drama,['Drama'],1,2003.0,1,3.5,0.0,3.5,3.5,2003
32296,Miss Congeniality 2: Armed and Fabulous (2005),Adventure|Comedy|Crime,"['Adventure', 'Comedy', 'Crime']",3,2005.0,8,2.25,0.8017837257372732,1.0,3.5,2005
32298,Guess Who (2005),Comedy|Romance,"['Comedy', 'Romance']",2,2005.0,3,2.333333333333333,0.7637626158259733,1.5,3.0,2005
32300,D.E.B.S. (2004),Action|Comedy,"['Action', 'Comedy']",2,2004.0,3,2.833333333333333,0.7637626158259733,2.0,3.5,2004
32302,"League of Ordinary Gentlemen, A (2004)",Documentary,['Documentary'],1,2004.0,1,4.0,0.0,4.0,4.0,2004
32314,Incident at Loch Ness (2004),Adventure|Comedy|Documentary,"['Adventure', 'Comedy', 'Documentary']",3,2004.0,1,3.5,0.0,3.5,3.5,2004
32392,800 Bullets (800 Balas) (2002),Comedy|Crime|Drama|Western,"['Comedy', 'Crime', 'Drama', 'Western']",4,2002.0,1,2.5,0.0,2.5,2.5,2002
32582,"Wild Parrots of Telegraph Hill, The (2003)",Documentary,['Documentary'],1,2003.0,2,4.75,0.3535533905932738,4.5,5.0,2003
32584,"Ballad of Jack and Rose, The (2005)",Drama,['Drama'],1,2005.0,4,3.125,0.6291528696058958,2.5,4.0,2005
32587,Sin City (2005),Action|Crime|Film-Noir|Mystery|Thriller,"['Action', 'Crime', 'Film-Noir', 'Mystery', 'Thriller']",5,2005.0,84,3.857142857142857,0.8557791791357984,0.5,5.0,2005
32589,Beauty Shop (2005),Comedy,['Comedy'],1,2005.0,1,2.0,0.0,2.0,2.0,2005
32596,Sahara (2005),Action|Adventure|Comedy,"['Action', 'Adventure', 'Comedy']",3,2005.0,7,3.071428571428572,0.5345224838248489,2.5,4.0,2005
32598,Fever Pitch (2005),Comedy|Romance,"['Comedy', 'Romance']",2,2005.0,8,2.9375,1.0835622468770048,0.5,4.0,2005
32600,Eros (2004),Drama,['Drama'],1,2004.0,1,3.5,0.0,3.5,3.5,2004
32620,Not on the Lips (Pas sur la bouche) (2003),Comedy|Musical|Romance,"['Comedy', 'Musical', 'Romance']",3,2003.0,1,3.5,0.0,3.5,3.5,2003
32659,Tanguy (2001),Comedy,['Comedy'],1,2001.0,1,2.5,0.0,2.5,2.5,2001
32666,National Lampoon's Lady Killers (National Lampoon's Gold Diggers) (2003),Comedy,['Comedy'],1,2003.0,1,1.0,0.0,1.0,1.0,2003
32743,Ringu 0: Bâsudei (2000),Drama|Horror|Thriller,"['Drama', 'Horror', 'Thriller']",3,2000.0,1,3.0,0.0,3.0,3.0,2000
32770,Brothers (Brødre) (2004),Drama,['Drama'],1,2004.0,2,4.25,0.3535533905932738,4.0,4.5,2004
32914,Carrie (2002),Drama|Horror|Thriller,"['Drama', 'Horror', 'Thriller']",3,2002.0,1,3.0,0.0,3.0,3.0,2002
33004,"Hitchhiker's Guide to the Galaxy, The (2005)",Adventure|Comedy|Sci-Fi,"['Adventure', 'Comedy', 'Sci-Fi']",3,2005.0,44,3.4204545454545454,0.9146303219294732,1.0,5.0,2005
33085,"Amityville Horror, The (2005)",Horror|Thriller,"['Horror', 'Thriller']",2,2005.0,6,2.25,0.9354143466934852,0.5,3.0,2005
33090,Mutant Aliens (2001),Animation|Comedy|Sci-Fi,"['Animation', 'Comedy', 'Sci-Fi']",3,2001.0,2,4.0,1.4142135623730951,3.0,5.0,2001
33124,Before the Fall (NaPolA - Elite für den Führer) (2004),Drama|War,"['Drama', 'War']",2,2004.0,1,3.5,0.0,3.5,3.5,2004
33132,State Property 2 (2005),Action|Crime|Drama,"['Action', 'Crime', 'Drama']",3,2005.0,1,1.5,0.0,1.5,1.5,2005
33138,Palindromes (2004),Adventure|Comedy|Drama,"['Adventure', 'Comedy', 'Drama']",3,2004.0,1,5.0,0.0,5.0,5.0,2004
33145,"Lot Like Love, A (2005)",Comedy|Drama|Romance,"['Comedy', 'Drama', 'Romance']",3,2005.0,6,3.0,1.0488088481701516,1.0,4.0,2005
33148,King's Ransom (2005),Comedy|Crime,"['Comedy', 'Crime']",2,2005.0,1,2.5,0.0,2.5,2.5,2005
33154,Enron: The Smartest Guys in the Room (2005),Documentary,['Documentary'],1,2005.0,6,4.0,0.7071067811865476,3.0,5.0,2005
33158,xXx: State of the Union (2005),Action|Crime|Thriller,"['Action', 'Crime', 'Thriller']",3,2005.0,5,2.0,0.5,1.5,2.5,2005
33162,Kingdom of Heaven (2005),Action|Drama|Romance|War,"['Action', 'Drama', 'Romance', 'War']",4,2005.0,17,3.5,0.8838834764831844,1.5,5.0,2005
33164,House of Wax (2005),Horror|Thriller,"['Horror', 'Thriller']",2,2005.0,6,1.8333333333333333,1.0801234497346437,0.5,3.0,2005
33166,Crash (2004),Crime|Drama,"['Crime', 'Drama']",2,2004.0,50,3.89,0.8099508677464734,1.5,5.0,2004
33171,Mysterious Skin (2004),Drama|Mystery,"['Drama', 'Mystery']",2,2004.0,2,2.0,2.1213203435596424,0.5,3.5,2004
33310,"Common Thread, A (a.k.a. Sequins) (Brodeuses) (2004)",Drama|Romance,"['Drama', 'Romance']",2,2004.0,1,4.5,0.0,4.5,4.5,2004
33421,Dear Wendy (2005),Drama,['Drama'],1,2005.0,3,3.6666666666666665,0.5773502691896258,3.0,4.0,2005
33435,Los Angeles Plays Itself (2003),Documentary,['Documentary'],1,2003.0,1,3.5,0.0,3.5,3.5,2003
33437,Unleashed (Danny the Dog) (2005),Action|Crime|Drama|Thriller,"['Action', 'Crime', 'Drama', 'Thriller']",4,2005.0,9,3.4444444444444446,0.768295371441074,2.5,5.0,2005
33493,Star Wars: Episode III - Revenge of the Sith (2005),Action|Adventure|Sci-Fi,"['Action', 'Adventure', 'Sci-Fi']",3,2005.0,78,3.4294871794871797,1.0802968536662927,0.5,5.0,2005
33495,Kicking & Screaming (2005),Comedy,['Comedy'],1,2005.0,7,2.642857142857143,1.1443442705426587,0.5,4.0,2005
33499,Monster-in-Law (2005),Comedy|Romance,"['Comedy', 'Romance']",2,2005.0,4,2.5,0.408248290463863,2.0,3.0,2005
33558,"Snow Walker, The (2003)",Adventure|Drama,"['Adventure', 'Drama']",2,2003.0,1,3.0,0.0,3.0,3.0,2003
33615,Madagascar (2005),Adventure|Animation|Children|Comedy,"['Adventure', 'Animation', 'Children', 'Comedy']",4,2005.0,40,3.375,0.8378084965689218,1.0,5.0,2005
33639,Mad Hot Ballroom (2005),Children|Documentary,"['Children', 'Documentary']",2,2005.0,3,3.333333333333333,0.2886751345948129,3.0,3.5,2005
33644,Dominion: Prequel to the Exorcist (2005),Horror|Thriller,"['Horror', 'Thriller']",2,2005.0,1,2.5,0.0,2.5,2.5,2005
33646,"Longest Yard, The (2005)",Comedy|Drama,"['Comedy', 'Drama']",2,2005.0,9,3.111111111111111,0.6508541396588878,2.5,4.5,2005
33649,Saving Face (2004),Comedy|Drama|Romance,"['Comedy', 'Drama', 'Romance']",3,2004.0,1,5.0,0.0,5.0,5.0,2004
33660,Cinderella Man (2005),Drama|Romance,"['Drama', 'Romance']",2,2005.0,17,4.088235294117647,0.2642970699354622,3.5,4.5,2005
33669,"Sisterhood of the Traveling Pants, The (2005)",Adventure|Comedy|Drama,"['Adventure', 'Comedy', 'Drama']",3,2005.0,7,3.071428571428572,1.2051476890327395,1.5,5.0,2005
33672,Lords of Dogtown (2005),Action|Comedy|Drama,"['Action', 'Comedy', 'Drama']",3,2005.0,7,3.0,1.0801234497346432,1.5,4.5,2005
33677,Rock School (2005),Documentary,['Documentary'],1,2005.0,3,3.5,0.0,3.5,3.5,2005
33679,Mr. & Mrs. Smith (2005),Action|Adventure|Comedy|Romance,"['Action', 'Adventure', 'Comedy', 'Romance']",4,2005.0,59,3.2796610169491527,0.996853612366732,0.5,5.0,2005
33681,"Adventures of Sharkboy and Lavagirl 3-D, The (2005)",Action|Adventure|Children|Fantasy,"['Action', 'Adventure', 'Children', 'Fantasy']",4,2005.0,2,1.75,1.0606601717798212,1.0,2.5,2005
33683,High Tension (Haute tension) (Switchblade Romance) (2003),Horror|Thriller,"['Horror', 'Thriller']",2,2003.0,2,3.75,0.3535533905932738,3.5,4.0,2003
33725,It's All Gone Pete Tong (2004),Comedy|Drama|Musical,"['Comedy', 'Drama', 'Musical']",3,2004.0,3,3.1666666666666665,1.0408329997330663,2.0,4.0,2004
33794,Batman Begins (2005),Action|Crime|IMAX,"['Action', 'Crime', 'IMAX']",3,2005.0,116,3.8620689655172415,0.8277423640779511,1.0,5.0,2005
33801,Godzilla: Final Wars (Gojira: Fainaru uôzu) (2004),Action|Adventure|Fantasy|Sci-Fi,"['Action', 'Adventure', 'Fantasy', 'Sci-Fi']",4,2004.0,1,3.0,0.0,3.0,3.0,2004
33815,"Perfect Man, The (2005)",Comedy|Drama|Romance,"['Comedy', 'Drama', 'Romance']",3,2005.0,2,3.0,0.0,3.0,3.0,2005
33826,Saint Ralph (2004),Comedy|Drama,"['Comedy', 'Drama']",2,2004.0,1,2.5,0.0,2.5,2.5,2004
33830,Herbie: Fully Loaded (2005),Adventure|Comedy|Romance,"['Adventure', 'Comedy', 'Romance']",3,2005.0,3,3.1666666666666665,1.2583057392117916,2.0,4.5,2005
33834,Land of the Dead (2005),Action|Horror|Thriller,"['Action', 'Horror', 'Thriller']",3,2005.0,4,3.125,1.6520189667999174,1.0,5.0,2005
33836,Bewitched (2005),Comedy|Fantasy|Romance,"['Comedy', 'Fantasy', 'Romance']",3,2005.0,13,2.269230769230769,0.6329621044272917,1.0,3.0,2005
33838,Rize (2005),Documentary,['Documentary'],1,2005.0,1,3.5,0.0,3.5,3.5,2005
33880,Me and You and Everyone We Know (2005),Comedy|Drama,"['Comedy', 'Drama']",2,2005.0,4,3.75,0.6454972243679028,3.0,4.5,2005
33893,"Perfect Crime, The (Crimen Ferpecto) (Ferpect Crime) (2004)",Comedy|Crime|Thriller,"['Comedy', 'Crime', 'Thriller']",3,2004.0,1,4.5,0.0,4.5,4.5,2004
33896,3 Extremes (Three... Extremes) (Saam gaang yi) (2004),Horror,['Horror'],1,2004.0,3,3.333333333333333,0.7637626158259733,2.5,4.0,2004
33903,"Edukators, The (Die Fetten Jahre sind vorbei) (2004)",Comedy|Crime|Drama|Romance,"['Comedy', 'Crime', 'Drama', 'Romance']",4,2004.0,5,4.0,0.5000000000000001,3.5,4.5,2004
34048,War of the Worlds (2005),Action|Adventure|Sci-Fi|Thriller,"['Action', 'Adventure', 'Sci-Fi', 'Thriller']",4,2005.0,50,3.15,0.8935711430854859,1.0,5.0,2005
34072,"March of the Penguins (Marche de l'empereur, La) (2005)",Documentary,['Documentary'],1,2005.0,18,3.555555555555556,0.7047921864945658,2.5,4.5,2005
34129,Rebound (2005),Comedy,['Comedy'],1,2005.0,1,3.0,0.0,3.0,3.0,2005
34143,Dark Water (2005),Drama|Horror|Thriller,"['Drama', 'Horror', 'Thriller']",3,2005.0,3,2.0,1.0,1.0,3.0,2005
34148,"Beat That My Heart Skipped, The (battre mon coeur s'est arrêté, De) (2005)",Drama,['Drama'],1,2005.0,2,3.0,0.0,3.0,3.0,2005
34150,Fantastic Four (2005),Action|Adventure|Sci-Fi,"['Action', 'Adventure', 'Sci-Fi']",3,2005.0,36,2.763888888888889,0.8492527060481814,0.5,4.0,2005
34153,Murderball (2005),Documentary,['Documentary'],1,2005.0,3,3.8333333333333335,0.2886751345948129,3.5,4.0,2005
34162,Wedding Crashers (2005),Comedy|Romance,"['Comedy', 'Romance']",2,2005.0,58,3.5086206896551726,0.7694346256006419,1.5,5.0,2005
34164,Happy Endings (2005),Comedy|Drama,"['Comedy', 'Drama']",2,2005.0,1,3.5,0.0,3.5,3.5,2005
34271,Hustle & Flow (2005),Crime|Drama,"['Crime', 'Drama']",2,2005.0,4,3.75,0.2886751345948129,3.5,4.0,2005
34312,"Calcium Kid, The (2004)",Comedy,['Comedy'],1,2004.0,1,5.0,0.0,5.0,5.0,2004
34319,"Island, The (2005)",Action|Sci-Fi|Thriller,"['Action', 'Sci-Fi', 'Thriller']",3,2005.0,31,3.3548387096774195,0.8582302370488621,1.5,4.5,2005
34321,Bad News Bears (2005),Children|Comedy,"['Children', 'Comedy']",2,2005.0,3,3.0,0.0,3.0,3.0,2005
34323,"Devil's Rejects, The (2005)",Action|Crime|Horror,"['Action', 'Crime', 'Horror']",3,2005.0,7,3.7142857142857135,0.7559289460184544,2.5,4.5,2005
34326,Last Days (2005),Drama,['Drama'],1,2005.0,2,3.0,1.4142135623730951,2.0,4.0,2005
34330,November (2004),Drama|Mystery,"['Drama', 'Mystery']",2,2004.0,1,3.0,0.0,3.0,3.0,2004
34332,Sky High (2005),Action|Adventure|Children|Comedy,"['Action', 'Adventure', 'Children', 'Comedy']",4,2005.0,6,2.9166666666666665,1.463443427901013,0.5,4.5,2005
34334,Stealth (2005),Action|Adventure|Sci-Fi|Thriller,"['Action', 'Adventure', 'Sci-Fi', 'Thriller']",4,2005.0,5,2.5,0.3535533905932738,2.0,3.0,2005
34336,Must Love Dogs (2005),Comedy|Romance,"['Comedy', 'Romance']",2,2005.0,4,2.0,1.0801234497346437,0.5,3.0,2005
34338,"Aristocrats, The (2005)",Comedy|Documentary,"['Comedy', 'Documentary']",2,2005.0,10,3.35,1.3133925536563698,1.0,5.0,2005
34397,"Order, The (2001)",Action|Adventure|Drama|Thriller,"['Action', 'Adventure', 'Drama', 'Thriller']",4,2001.0,1,3.0,0.0,3.0,3.0,2001
34405,Serenity (2005),Action|Adventure|Sci-Fi,"['Action', 'Adventure', 'Sci-Fi']",3,2005.0,50,3.94,0.8727156771029294,0.5,5.0,2005
34437,Broken Flowers (2005),Comedy|Drama,"['Comedy', 'Drama']",2,2005.0,21,3.4761904761904763,0.5804349764657208,2.5,4.5,2005
34520,"Dukes of Hazzard, The (2005)",Action|Adventure|Comedy,"['Action', 'Adventure', 'Comedy']",3,2005.0,12,2.083333333333333,0.596708141439855,1.0,3.0,2005
34523,The Chumscrubber (2005),Comedy|Drama,"['Comedy', 'Drama']",2,2005.0,3,2.0,0.0,2.0,2.0,2005
34528,Junebug (2005),Comedy|Drama,"['Comedy', 'Drama']",2,2005.0,3,3.6666666666666665,0.5773502691896258,3.0,4.0,2005
34530,Deuce Bigalow: European Gigolo (2005),Comedy,['Comedy'],1,2005.0,3,2.833333333333333,1.4433756729740643,2.0,4.5,2005
34532,"Skeleton Key, The (2005)",Drama|Horror|Mystery|Thriller,"['Drama', 'Horror', 'Mystery', 'Thriller']",4,2005.0,4,3.0,0.4082482904638629,2.5,3.5,2005
34534,Four Brothers (2005),Action|Crime|Drama,"['Action', 'Crime', 'Drama']",3,2005.0,7,3.571428571428572,0.5345224838248489,3.0,4.5,2005
34536,The Great Raid (2005),Action|Drama|War,"['Action', 'Drama', 'War']",3,2005.0,3,3.1666666666666665,0.7637626158259733,2.5,4.0,2005
34540,Pretty Persuasion (2005),Comedy|Drama,"['Comedy', 'Drama']",2,2005.0,1,3.0,0.0,3.0,3.0,2005
34542,Grizzly Man (2005),Documentary,['Documentary'],1,2005.0,5,3.7,0.2738612787525831,3.5,4.0,2005
34811,Pusher II: With Blood on My Hands (2004),Action|Crime|Drama|Thriller,"['Action', 'Crime', 'Drama', 'Thriller']",4,2004.0,1,2.5,0.0,2.5,2.5,2004
35015,Duma (2005),Adventure|Drama,"['Adventure', 'Drama']",2,2005.0,1,3.5,0.0,3.5,3.5,2005
35836,"40-Year-Old Virgin, The (2005)",Comedy|Romance,"['Comedy', 'Romance']",2,2005.0,74,3.5472972972972974,0.9296078084476496,0.5,5.0,2005
35957,Red Eye (2005),Horror|Thriller,"['Horror', 'Thriller']",2,2005.0,9,3.388888888888889,0.4166666666666667,3.0,4.0,2005
36276,Hidden (a.k.a. Cache) (Caché) (2005),Drama|Mystery|Thriller,"['Drama', 'Mystery', 'Thriller']",3,2005.0,2,2.5,1.4142135623730951,1.5,3.5,2005
36397,Valiant (2005),Adventure|Animation|Children|Comedy|Fantasy|War,"['Adventure', 'Animation', 'Children', 'Comedy', 'Fantasy', 'War']",6,2005.0,1,1.5,0.0,1.5,1.5,2005
36401,"Brothers Grimm, The (2005)",Comedy|Fantasy|Horror|Thriller,"['Comedy', 'Fantasy', 'Horror', 'Thriller']",4,2005.0,20,2.625,0.998353908349033,0.5,4.0,2005
36477,"Baxter, The (2005)",Comedy|Drama|Romance,"['Comedy', 'Drama', 'Romance']",3,2005.0,1,4.0,0.0,4.0,4.0,2005
36509,"Cave, The (2005)",Action|Adventure|Horror|Mystery|Sci-Fi|Thriller,"['Action', 'Adventure', 'Horror', 'Mystery', 'Sci-Fi', 'Thriller']",6,2005.0,3,2.6666666666666665,0.7637626158259734,2.0,3.5,2005
36517,"Constant Gardener, The (2005)",Drama|Thriller,"['Drama', 'Thriller']",2,2005.0,13,3.4615384615384617,0.900498437476399,2.5,5.0,2005
36519,Transporter 2 (2005),Action|Crime|Thriller,"['Action', 'Crime', 'Thriller']",3,2005.0,16,3.21875,0.5153882032022076,2.0,4.0,2005
36525,Just Like Heaven (2005),Comedy|Fantasy|Romance,"['Comedy', 'Fantasy', 'Romance']",3,2005.0,8,2.6875,1.032939633141398,1.0,4.0,2005
36527,Proof (2005),Drama,['Drama'],1,2005.0,7,3.571428571428572,0.6074928962939559,3.0,4.5,2005
36529,Lord of War (2005),Action|Crime|Drama|Thriller|War,"['Action', 'Crime', 'Drama', 'Thriller', 'War']",5,2005.0,35,3.7142857142857135,0.9016791059373804,1.0,5.0,2005
36533,Cry_Wolf (a.k.a. Cry Wolf) (2005),Drama|Horror|Mystery|Thriller,"['Drama', 'Horror', 'Mystery', 'Thriller']",4,2005.0,2,2.25,1.0606601717798212,1.5,3.0,2005
36535,Everything Is Illuminated (2005),Comedy|Drama,"['Comedy', 'Drama']",2,2005.0,9,3.7777777777777777,0.7120003121097942,2.0,4.5,2005
36537,Thumbsucker (2005),Comedy|Drama,"['Comedy', 'Drama']",2,2005.0,3,3.333333333333333,0.7637626158259734,2.5,4.0,2005
36708,Family Guy Presents Stewie Griffin: The Untold Story (2005),Adventure|Animation|Comedy,"['Adventure', 'Animation', 'Comedy']",3,2005.0,12,3.7083333333333335,0.5418123347254158,2.5,4.5,2005
36931,New Police Story (Xin jing cha gu shi) (2004),Action|Crime|Drama,"['Action', 'Crime', 'Drama']",3,2004.0,1,3.5,0.0,3.5,3.5,2004
37240,Why We Fight (2005),Documentary,['Documentary'],1,2005.0,4,3.5,1.0,2.0,4.0,2005
37380,Doom (2005),Action|Horror|Sci-Fi,"['Action', 'Horror', 'Sci-Fi']",3,2005.0,10,2.15,1.203005495507906,0.5,4.0,2005
37382,Domino (2005),Crime|Drama|Thriller,"['Crime', 'Drama', 'Thriller']",3,2005.0,8,2.875,0.6408699444616558,1.5,3.5,2005
37384,Waiting... (2005),Comedy,['Comedy'],1,2005.0,13,3.269230769230769,1.0726793675842867,2.0,5.0,2005
37386,Aeon Flux (2005),Action|Sci-Fi,"['Action', 'Sci-Fi']",2,2005.0,21,2.761904761904762,0.9167748853869144,1.0,4.5,2005
37475,"Unfinished Life, An (2005)",Drama,['Drama'],1,2005.0,1,3.0,0.0,3.0,3.0,2005
37477,"Man, The (2005)",Action|Comedy|Crime,"['Action', 'Comedy', 'Crime']",3,2005.0,1,2.5,0.0,2.5,2.5,2005
37495,Survive Style 5+ (2004),Fantasy|Mystery|Romance|Thriller,"['Fantasy', 'Mystery', 'Romance', 'Thriller']",4,2004.0,1,3.5,0.0,3.5,3.5,2004
37720,"Exorcism of Emily Rose, The (2005)",Crime|Drama|Horror|Thriller,"['Crime', 'Drama', 'Horror', 'Thriller']",4,2005.0,6,2.9166666666666665,0.8010409893798611,1.5,4.0,2005
37727,Flightplan (2005),Action|Drama|Thriller,"['Action', 'Drama', 'Thriller']",3,2005.0,11,2.863636363636364,0.8969645781999726,1.5,4.0,2005
37729,Corpse Bride (2005),Animation|Comedy|Fantasy|Musical|Romance,"['Animation', 'Comedy', 'Fantasy', 'Musical', 'Romance']",5,2005.0,44,3.534090909090909,0.6768405335250026,2.0,5.0,2005
37731,Green Street Hooligans (a.k.a. Hooligans) (2005),Crime|Drama,"['Crime', 'Drama']",2,2005.0,9,3.7222222222222223,0.754615428178118,2.5,5.0,2005
37733,"History of Violence, A (2005)",Action|Crime|Drama|Thriller,"['Action', 'Crime', 'Drama', 'Thriller']",4,2005.0,27,3.5,0.8660254037844386,1.5,5.0,2005
37736,Oliver Twist (2005),Drama,['Drama'],1,2005.0,3,3.5,0.0,3.5,3.5,2005
37739,"Greatest Game Ever Played, The (2005)",Drama,['Drama'],1,2005.0,5,3.3,0.570087712549569,2.5,4.0,2005
37741,Capote (2005),Crime|Drama,"['Crime', 'Drama']",2,2005.0,23,3.869565217391304,0.6071054892675689,2.0,4.5,2005
37830,Final Fantasy VII: Advent Children (2004),Action|Adventure|Animation|Fantasy|Sci-Fi,"['Action', 'Adventure', 'Animation', 'Fantasy', 'Sci-Fi']",5,2004.0,10,3.55,0.9846036991827952,2.0,5.0,2004
37844,Roll Bounce (2005),Comedy|Drama|Romance,"['Comedy', 'Drama', 'Romance']",3,2005.0,1,2.0,0.0,2.0,2.0,2005
37853,Into the Blue (2005),Action|Adventure|Crime|Thriller,"['Action', 'Adventure', 'Crime', 'Thriller']",4,2005.0,2,2.5,0.7071067811865476,2.0,3.0,2005
37857,MirrorMask (2005),Adventure|Children|Drama|Fantasy,"['Adventure', 'Children', 'Drama', 'Fantasy']",4,2005.0,9,3.611111111111111,0.6972166887783964,2.5,4.5,2005
38038,Wallace & Gromit in The Curse of the Were-Rabbit (2005),Adventure|Animation|Children|Comedy,"['Adventure', 'Animation', 'Children', 'Comedy']",4,2005.0,30,3.633333333333333,1.1136560892203082,0.5,5.0,2005
38061,Kiss Kiss Bang Bang (2005),Comedy|Crime|Mystery|Thriller,"['Comedy', 'Crime', 'Mystery', 'Thriller']",4,2005.0,35,4.071428571428571,0.6433238268698644,2.5,5.0,2005
38095,"Bittersweet Life, A (Dalkomhan insaeng) (2005)",Action|Crime|Drama,"['Action', 'Crime', 'Drama']",3,2005.0,3,4.166666666666667,0.7637626158259733,3.5,5.0,2005
38198,Darwin's Nightmare (2004),Documentary,['Documentary'],1,2004.0,1,4.0,0.0,4.0,4.0,2004
38294,Beowulf & Grendel (2005),Action|Adventure|Drama|Fantasy,"['Action', 'Adventure', 'Drama', 'Fantasy']",4,2005.0,1,2.5,0.0,2.5,2.5,2005
38304,No Direction Home: Bob Dylan (2005),Documentary,['Documentary'],1,2005.0,4,4.625,0.4787135538781691,4.0,5.0,2005
38388,Goal! The Dream Begins (Goal!) (2005),Drama,['Drama'],1,2005.0,2,4.25,1.0606601717798212,3.5,5.0,2005
38798,In Her Shoes (2005),Comedy|Drama,"['Comedy', 'Drama']",2,2005.0,4,3.125,0.8539125638299665,2.0,4.0,2005
38886,"Squid and the Whale, The (2005)",Comedy|Drama,"['Comedy', 'Drama']",2,2005.0,9,3.4444444444444446,0.8819171036881969,2.0,4.5,2005
38992,Two for the Money (2005),Drama,['Drama'],1,2005.0,1,3.5,0.0,3.5,3.5,2005
39183,Brokeback Mountain (2005),Drama|Romance,"['Drama', 'Romance']",2,2005.0,34,3.5588235294117645,0.8856148855400954,2.0,5.0,2005
39231,Elizabethtown (2005),Comedy|Drama|Romance,"['Comedy', 'Drama', 'Romance']",3,2005.0,4,3.5,0.408248290463863,3.0,4.0,2005
39234,North Country (2005),Drama,['Drama'],1,2005.0,4,3.5,0.7071067811865476,2.5,4.0,2005
39292,"Good Night, and Good Luck. (2005)",Crime|Drama,"['Crime', 'Drama']",2,2005.0,20,3.775,0.5954874164563804,2.5,4.5,2005
39307,Dreamer: Inspired by a True Story (2005),Children|Drama,"['Children', 'Drama']",2,2005.0,1,2.5,0.0,2.5,2.5,2005
39381,"Proposition, The (2005)",Crime|Drama|Western,"['Crime', 'Drama', 'Western']",3,2005.0,8,3.5625,0.5629958132298016,2.5,4.0,2005
39400,"Fog, The (2005)",Action|Horror|Mystery|Thriller,"['Action', 'Horror', 'Mystery', 'Thriller']",4,2005.0,5,2.1,1.140175425099138,1.0,3.5,2005
39414,Shopgirl (2005),Comedy|Drama|Romance,"['Comedy', 'Drama', 'Romance']",3,2005.0,7,3.0,0.816496580927726,1.5,4.0,2005
39427,Stay (2005),Thriller,['Thriller'],1,2005.0,4,3.0,1.6832508230603465,0.5,4.0,2005
39435,"Legend of Zorro, The (2005)",Action|Adventure|Drama|Western,"['Action', 'Adventure', 'Drama', 'Western']",4,2005.0,5,2.9,0.6519202405202649,2.0,3.5,2005
39444,"Weather Man, The (2005)",Comedy|Drama,"['Comedy', 'Drama']",2,2005.0,9,3.388888888888889,1.1395661942647786,1.0,5.0,2005
39446,Saw II (2005),Horror|Thriller,"['Horror', 'Thriller']",2,2005.0,13,2.8076923076923075,1.29965478651162,0.5,4.5,2005
39449,Prime (2005),Comedy|Drama|Romance,"['Comedy', 'Drama', 'Romance']",3,2005.0,5,2.6,0.8215838362577492,1.5,3.5,2005
39516,Don't Move (Non ti muovere) (2004),Drama,['Drama'],1,2004.0,1,4.5,0.0,4.5,4.5,2004
39715,American Pie Presents: Band Camp (American Pie 4: Band Camp) (2005),Comedy,['Comedy'],1,2005.0,7,2.142857142857143,1.0690449676496976,0.5,3.5,2005
39801,"Great Yokai War, The (Yôkai daisensô) (2005)",Adventure|Comedy|Fantasy|Horror,"['Adventure', 'Comedy', 'Fantasy', 'Horror']",4,2005.0,2,2.75,1.0606601717798212,2.0,3.5,2005
39869,Manderlay (2005),Drama,['Drama'],1,2005.0,4,4.125,0.25,4.0,4.5,2005
40148,Revolver (2005),Crime|Drama|Thriller,"['Crime', 'Drama', 'Thriller']",3,2005.0,7,3.357142857142857,1.313845682030609,2.0,5.0,2005
40278,Jarhead (2005),Action|Drama|War,"['Action', 'Drama', 'War']",3,2005.0,17,3.676470588235294,0.6359337738364604,2.0,4.5,2005
40339,Chicken Little (2005),Action|Adventure|Animation|Children|Comedy|Sci-Fi,"['Action', 'Adventure', 'Animation', 'Children', 'Comedy', 'Sci-Fi']",6,2005.0,7,2.2857142857142856,1.2535663410560174,0.5,4.0,2005
40412,Dead Man's Shoes (2004),Crime|Thriller,"['Crime', 'Thriller']",2,2004.0,2,4.75,0.3535533905932738,4.5,5.0,2004
40414,Joyeux Noël (Merry Christmas) (2005),Drama|War,"['Drama', 'War']",2,2005.0,5,3.7,0.570087712549569,3.0,4.5,2005
40581,Just Friends (2005),Comedy|Romance,"['Comedy', 'Romance']",2,2005.0,6,2.9166666666666665,1.1583033569262702,1.5,4.5,2005
40583,Syriana (2005),Drama|Thriller,"['Drama', 'Thriller']",2,2005.0,16,3.53125,0.694472221666689,2.5,5.0,2005
40597,One-Way Ticket to Mombasa (Menolippu Mombasaan) (2002),Comedy|Drama,"['Comedy', 'Drama']",2,2002.0,1,2.0,0.0,2.0,2.0,2002
40614,Derailed (2005),Drama|Thriller,"['Drama', 'Thriller']",2,2005.0,4,3.25,0.6454972243679028,2.5,4.0,2005
40617,Creep (2004),Horror|Thriller,"['Horror', 'Thriller']",2,2004.0,1,3.0,0.0,3.0,3.0,2004
40629,Pride & Prejudice (2005),Drama|Romance,"['Drama', 'Romance']",2,2005.0,27,3.555555555555556,1.137924336180484,0.5,5.0,2005
40723,Wolf Creek (2005),Crime|Horror|Thriller,"['Crime', 'Horror', 'Thriller']",3,2005.0,4,3.25,1.190238071423808,1.5,4.0,2005
40732,"Descent, The (2005)",Adventure|Drama|Horror|Thriller,"['Adventure', 'Drama', 'Horror', 'Thriller']",4,2005.0,11,3.5454545454545454,0.6875516509523286,2.5,5.0,2005
40815,Harry Potter and the Goblet of Fire (2005),Adventure|Fantasy|Thriller|IMAX,"['Adventure', 'Fantasy', 'Thriller', 'IMAX']",4,2005.0,71,3.816901408450704,0.7032548644883727,2.0,5.0,2005
40819,Walk the Line (2005),Drama|Musical|Romance,"['Drama', 'Musical', 'Romance']",3,2005.0,39,3.756410256410256,0.687020597176438,2.0,5.0,2005
40826,Rent (2005),Drama|Musical|Romance,"['Drama', 'Musical', 'Romance']",3,2005.0,10,3.15,0.7090682462060883,2.0,4.0,2005
40851,Zathura (2005),Action|Adventure|Children|Fantasy,"['Action', 'Adventure', 'Children', 'Fantasy']",4,2005.0,4,3.375,0.75,2.5,4.0,2005
40870,C.R.A.Z.Y. (2005),Drama,['Drama'],1,2005.0,2,3.5,0.0,3.5,3.5,2005
40946,Sarah Silverman: Jesus Is Magic (2005),Comedy|Musical,"['Comedy', 'Musical']",2,2005.0,2,2.0,0.7071067811865476,1.5,2.5,2005
40955,Breakfast on Pluto (2005),Comedy|Drama,"['Comedy', 'Drama']",2,2005.0,4,3.875,0.2499999999999999,3.5,4.0,2005
40959,"Ice Harvest, The (2005)",Action|Comedy|Crime|Thriller,"['Action', 'Comedy', 'Crime', 'Thriller']",4,2005.0,3,3.6666666666666665,0.7637626158259734,3.0,4.5,2005
40962,"Yours, Mine and Ours (2005)",Comedy|Romance,"['Comedy', 'Romance']",2,2005.0,3,3.333333333333333,1.0408329997330663,2.5,4.5,2005
40966,"Libertine, The (2004)",Drama,['Drama'],1,2004.0,1,3.5,0.0,3.5,3.5,2004
41285,Match Point (2005),Crime|Drama|Romance,"['Crime', 'Drama', 'Romance']",3,2005.0,17,3.4411764705882355,0.9663454503498036,0.5,5.0,2005
41527,Paradise Now (2005),Crime|Drama|Thriller|War,"['Crime', 'Drama', 'Thriller', 'War']",4,2005.0,2,4.0,0.0,4.0,4.0,2005
41566,"Chronicles of Narnia: The Lion, the Witch and the Wardrobe, The (2005)",Adventure|Children|Fantasy,"['Adventure', 'Children', 'Fantasy']",3,2005.0,62,3.443548387096774,0.936967723037325,0.5,5.0,2005
41569,King Kong (2005),Action|Adventure|Drama|Fantasy|Thriller,"['Action', 'Adventure', 'Drama', 'Fantasy', 'Thriller']",5,2005.0,40,3.4,0.7089175569585665,2.0,4.5,2005
41571,Memoirs of a Geisha (2005),Drama|Romance,"['Drama', 'Romance']",2,2005.0,12,3.583333333333333,0.4174235549683609,3.0,4.5,2005
41573,"Family Stone, The (2005)",Comedy|Drama|Romance,"['Comedy', 'Drama', 'Romance']",3,2005.0,8,2.875,1.0606601717798212,1.0,4.5,2005
41617,Havoc (2005),Crime|Drama|Romance,"['Crime', 'Drama', 'Romance']",3,2005.0,2,2.75,0.3535533905932738,2.5,3.0,2005
41716,"Matador, The (2005)",Comedy|Drama|Thriller,"['Comedy', 'Drama', 'Thriller']",3,2005.0,7,3.2142857142857144,0.9940297973880048,2.0,4.0,2005
41724,Wal-Mart: The High Cost of Low Price (2005),Documentary,['Documentary'],1,2005.0,1,4.5,0.0,4.5,4.5,2005
41769,Mozart and the Whale (2005),Comedy|Drama|Romance,"['Comedy', 'Drama', 'Romance']",3,2005.0,1,2.5,0.0,2.5,2.5,2005
41863,"Three Burials of Melquiades Estrada, The (2006)",Adventure|Crime|Drama,"['Adventure', 'Crime', 'Drama']",3,2006.0,5,4.0,0.5,3.5,4.5,2006
41997,Munich (2005),Action|Crime|Drama|Thriller,"['Action', 'Crime', 'Drama', 'Thriller']",4,2005.0,21,3.809523809523809,0.7660970969170695,2.0,5.0,2005
42002,"Producers, The (2005)",Comedy|Musical,"['Comedy', 'Musical']",2,2005.0,9,3.388888888888889,0.8207381501496754,2.0,4.5,2005
42004,Transamerica (2005),Adventure|Comedy|Drama,"['Adventure', 'Comedy', 'Drama']",3,2005.0,6,3.5,0.5477225575051661,2.5,4.0,2005
42007,Rumor Has It... (2005),Comedy|Drama|Romance,"['Comedy', 'Drama', 'Romance']",3,2005.0,3,2.833333333333333,0.2886751345948129,2.5,3.0,2005
42009,Cheaper by the Dozen 2 (2005),Adventure|Comedy,"['Adventure', 'Comedy']",2,2005.0,4,1.875,0.6291528696058958,1.0,2.5,2005
42011,Fun with Dick and Jane (2005),Comedy|Crime,"['Comedy', 'Crime']",2,2005.0,11,2.1818181818181817,0.716684284490991,1.0,3.0,2005
42013,"Ringer, The (2005)",Comedy,['Comedy'],1,2005.0,4,2.75,0.8660254037844386,1.5,3.5,2005
42015,Casanova (2005),Action|Adventure|Comedy|Drama|Romance,"['Action', 'Adventure', 'Comedy', 'Drama', 'Romance']",5,2005.0,3,3.0,0.5,2.5,3.5,2005
42018,Mrs. Henderson Presents (2005),Comedy|Drama,"['Comedy', 'Drama']",2,2005.0,2,2.0,2.1213203435596424,0.5,3.5,2005
42418,"New World, The (2005)",Adventure|Drama|Romance,"['Adventure', 'Drama', 'Romance']",3,2005.0,5,3.2,1.3038404810405295,1.0,4.0,2005
42422,Voices of a Distant Star (Hoshi no koe) (2003),Animation|Drama|Romance|Sci-Fi,"['Animation', 'Drama', 'Romance', 'Sci-Fi']",4,2003.0,1,4.5,0.0,4.5,4.5,2003
42602,"Boys of Baraka, The (2005)",Documentary,['Documentary'],1,2005.0,1,3.5,0.0,3.5,3.5,2005
42632,Lady Vengeance (Sympathy for Lady Vengeance) (Chinjeolhan geumjassi) (2005),Crime|Drama|Mystery|Thriller,"['Crime', 'Drama', 'Mystery', 'Thriller']",4,2005.0,5,4.0,0.7905694150420947,3.0,5.0,2005
42638,Grand Theft Parsons (2003),Comedy|Drama,"['Comedy', 'Drama']",2,2003.0,1,2.5,0.0,2.5,2.5,2003
42718,District 13 (Banlieue 13) (2004),Action|Crime|Sci-Fi,"['Action', 'Crime', 'Sci-Fi']",3,2004.0,5,3.8,0.4472135954999579,3.5,4.5,2004
42723,Hostel (2005),Horror,['Horror'],1,2005.0,11,2.863636363636364,1.3055824196677337,0.5,5.0,2005
42725,Grandma's Boy (2006),Comedy,['Comedy'],1,2006.0,7,2.571428571428572,1.096531327587567,0.5,4.0,2006
42728,Tristan & Isolde (2006),Drama|Romance,"['Drama', 'Romance']",2,2006.0,5,3.6,0.9617692030835672,2.5,5.0,2006
42730,Glory Road (2006),Drama,['Drama'],1,2006.0,2,3.75,1.7677669529663689,2.5,5.0,2006
42732,Last Holiday (2006),Comedy,['Comedy'],1,2006.0,3,3.5,0.5,3.0,4.0,2006
42734,Hoodwinked! (2005),Animation|Children|Comedy,"['Animation', 'Children', 'Comedy']",3,2005.0,4,3.25,1.1902380714238083,1.5,4.0,2005
42738,Underworld: Evolution (2006),Action|Fantasy|Horror,"['Action', 'Fantasy', 'Horror']",3,2006.0,16,3.09375,0.8003905296791061,2.0,4.5,2006
42740,Looking for Comedy in the Muslim World (2005),Comedy,['Comedy'],1,2005.0,1,3.5,0.0,3.5,3.5,2005
43333,Water (2005),Drama|Romance,"['Drama', 'Romance']",2,2005.0,1,3.5,0.0,3.5,3.5,2005
43376,Sophie Scholl: The Final Days (Sophie Scholl - Die letzten Tage) (2005),Drama|War,"['Drama', 'War']",2,2005.0,4,4.625,0.25,4.5,5.0,2005
43396,"World's Fastest Indian, The (2005)",Drama,['Drama'],1,2005.0,7,3.7857142857142856,0.3933978962347215,3.0,4.0,2005
43419,Bandidas (2006),Action|Comedy|Crime|Western,"['Action', 'Comedy', 'Crime', 'Western']",4,2006.0,1,1.0,0.0,1.0,1.0,2006
43460,Tristram Shandy: A Cock and Bull Story (2005),Comedy|Drama,"['Comedy', 'Drama']",2,2005.0,3,3.333333333333333,0.5773502691896258,3.0,4.0,2005
43549,Helter Skelter (2004),Action|Crime|Drama|Horror,"['Action', 'Crime', 'Drama', 'Horror']",4,2004.0,1,3.5,0.0,3.5,3.5,2004
43556,Annapolis (2006),Drama,['Drama'],1,2006.0,2,2.75,0.3535533905932738,2.5,3.0,2006
43558,Big Momma's House 2 (2006),Action|Comedy|Crime,"['Action', 'Comedy', 'Crime']",3,2006.0,1,2.0,0.0,2.0,2.0,2006
43560,Nanny McPhee (2005),Children|Comedy|Fantasy,"['Children', 'Comedy', 'Fantasy']",3,2005.0,6,3.1666666666666665,0.5163977794943223,2.5,4.0,2005
43679,Final Destination 3 (2006),Horror|Mystery|Thriller,"['Horror', 'Mystery', 'Thriller']",3,2006.0,9,2.833333333333333,0.968245836551854,1.0,4.0,2006
43684,Something New (2006),Comedy|Drama|Romance,"['Comedy', 'Drama', 'Romance']",3,2006.0,1,4.5,0.0,4.5,4.5,2006
43708,Block Party (a.k.a. Dave Chappelle's Block Party) (2005),Comedy|Documentary,"['Comedy', 'Documentary']",2,2005.0,3,3.1666666666666665,0.2886751345948129,3.0,3.5,2005
43744,Imagine Me & You (2005),Comedy|Drama|Romance,"['Comedy', 'Drama', 'Romance']",3,2005.0,1,3.5,0.0,3.5,3.5,2005
43836,"Pink Panther, The (2006)",Adventure|Comedy|Crime,"['Adventure', 'Comedy', 'Crime']",3,2006.0,7,2.857142857142857,0.8997354108424375,1.5,4.0,2006
43869,Curious George (2006),Adventure|Animation|Children|Comedy,"['Adventure', 'Animation', 'Children', 'Comedy']",4,2006.0,2,3.5,0.7071067811865476,3.0,4.0,2006
43871,Firewall (2006),Crime|Drama|Thriller,"['Crime', 'Drama', 'Thriller']",3,2006.0,8,2.75,0.5976143046671968,1.5,3.5,2006
43904,When a Stranger Calls (2006),Horror|Thriller,"['Horror', 'Thriller']",2,2006.0,5,1.3,0.6708203932499369,0.5,2.0,2006
43908,London (2005),Drama,['Drama'],1,2005.0,1,3.0,0.0,3.0,3.0,2005
43912,Freedomland (2006),Crime|Drama,"['Crime', 'Drama']",2,2006.0,1,2.0,0.0,2.0,2.0,2006
43914,Winter Passing (2005),Drama,['Drama'],1,2005.0,1,4.0,0.0,4.0,4.0,2005
43917,Eight Below (2006),Action|Adventure|Drama|Romance,"['Action', 'Adventure', 'Drama', 'Romance']",4,2006.0,4,3.0,0.7071067811865475,2.0,3.5,2006
43919,Date Movie (2006),Comedy|Romance,"['Comedy', 'Romance']",2,2006.0,3,0.8333333333333334,0.2886751345948129,0.5,1.0,2006
43921,Running Scared (2006),Action|Crime|Thriller,"['Action', 'Crime', 'Thriller']",3,2006.0,5,3.3,0.6708203932499369,2.5,4.0,2006
43928,Ultraviolet (2006),Action|Fantasy|Sci-Fi|Thriller,"['Action', 'Fantasy', 'Sci-Fi', 'Thriller']",4,2006.0,13,1.9230769230769231,0.996789718842316,0.5,3.5,2006
43930,Just My Luck (2006),Comedy|Romance,"['Comedy', 'Romance']",2,2006.0,1,3.0,0.0,3.0,3.0,2006
43932,Pulse (2006),Action|Drama|Fantasy|Horror|Mystery|Sci-Fi|Thriller,"['Action', 'Drama', 'Fantasy', 'Horror', 'Mystery', 'Sci-Fi', 'Thriller']",7,2006.0,2,1.75,0.3535533905932738,1.5,2.0,2006
43936,16 Blocks (2006),Crime|Thriller,"['Crime', 'Thriller']",2,2006.0,9,3.0,0.5,2.5,4.0,2006
44004,Failure to Launch (2006),Comedy|Romance,"['Comedy', 'Romance']",2,2006.0,6,3.25,0.758287544405155,2.0,4.0,2006
44020,Ultimate Avengers (2006),Action|Animation|Children|Sci-Fi,"['Action', 'Animation', 'Children', 'Sci-Fi']",4,2006.0,2,2.75,0.3535533905932738,2.5,3.0,2006
44022,Ice Age 2: The Meltdown (2006),Adventure|Animation|Children|Comedy,"['Adventure', 'Animation', 'Children', 'Comedy']",4,2006.0,23,3.217391304347826,0.8504823091062899,1.0,4.5,2006
44189,Ask the Dust (2006),Drama|Romance,"['Drama', 'Romance']",2,2006.0,1,4.0,0.0,4.0,4.0,2006
44191,V for Vendetta (2006),Action|Sci-Fi|Thriller|IMAX,"['Action', 'Sci-Fi', 'Thriller', 'IMAX']",4,2006.0,100,3.885,0.7877054005018614,0.5,5.0,2006
44193,She's the Man (2006),Comedy|Romance,"['Comedy', 'Romance']",2,2006.0,6,3.75,0.8215838362577491,3.0,5.0,2006
44195,Thank You for Smoking (2006),Comedy|Drama,"['Comedy', 'Drama']",2,2006.0,36,4.027777777777778,0.643033485513829,2.5,5.0,2006
44197,Find Me Guilty (2006),Comedy|Crime|Drama,"['Comedy', 'Crime', 'Drama']",3,2006.0,1,3.0,0.0,3.0,3.0,2006
44199,Inside Man (2006),Crime|Drama|Thriller,"['Crime', 'Drama', 'Thriller']",3,2006.0,40,3.8,0.9922778767136676,0.5,5.0,2006
44204,Tsotsi (2005),Crime|Drama,"['Crime', 'Drama']",2,2005.0,4,3.25,0.2886751345948129,3.0,3.5,2005
44225,Aquamarine (2006),Children|Comedy|Fantasy,"['Children', 'Comedy', 'Fantasy']",3,2006.0,2,2.0,1.4142135623730951,1.0,3.0,2006
44301,Lights in the Dusk (Laitakaupungin valot) (2006),Crime|Drama,"['Crime', 'Drama']",2,2006.0,1,3.5,0.0,3.5,3.5,2006
44397,"Hills Have Eyes, The (2006)",Drama|Horror|Thriller,"['Drama', 'Horror', 'Thriller']",3,2006.0,6,3.083333333333333,1.114300976696452,1.5,4.5,2006
44399,"Shaggy Dog, The (2006)",Adventure|Children|Comedy|Fantasy,"['Adventure', 'Children', 'Comedy', 'Fantasy']",4,2006.0,2,1.25,0.3535533905932738,1.0,1.5,2006
44511,Unknown White Male (2005),Documentary,['Documentary'],1,2005.0,1,3.5,0.0,3.5,3.5,2005
44555,"Lives of Others, The (Das leben der Anderen) (2006)",Drama|Romance|Thriller,"['Drama', 'Romance', 'Thriller']",3,2006.0,34,4.117647058823529,0.6969503213613096,1.5,5.0,2006
44613,Take the Lead (2006),Drama,['Drama'],1,2006.0,2,3.75,1.7677669529663689,2.5,5.0,2006
44633,"Devil and Daniel Johnston, The (2005)",Documentary,['Documentary'],1,2005.0,1,4.5,0.0,4.5,4.5,2005
44665,Lucky Number Slevin (2006),Crime|Drama|Mystery,"['Crime', 'Drama', 'Mystery']",3,2006.0,38,3.8552631578947367,0.6868248009897597,2.0,5.0,2006
44694,Volver (2006),Comedy|Drama,"['Comedy', 'Drama']",2,2006.0,8,3.8125,0.7039429765866794,2.5,4.5,2006
44709,Akeelah and the Bee (2006),Drama,['Drama'],1,2006.0,5,3.8,0.5700877125495689,3.0,4.5,2006
44719,Brainstorm (2001),Drama,['Drama'],1,2001.0,1,2.5,0.0,2.5,2.5,2001
44731,Stay Alive (2006),Horror|Sci-Fi|Thriller,"['Horror', 'Sci-Fi', 'Thriller']",3,2006.0,3,1.3333333333333333,0.7637626158259733,0.5,2.0,2006
44759,Basic Instinct 2 (2006),Crime|Drama|Mystery|Thriller,"['Crime', 'Drama', 'Mystery', 'Thriller']",4,2006.0,3,2.1666666666666665,1.0408329997330663,1.0,3.0,2006
44761,Brick (2005),Crime|Drama|Film-Noir|Mystery,"['Crime', 'Drama', 'Film-Noir', 'Mystery']",4,2005.0,12,3.875,0.882274951990076,2.0,5.0,2005
44773,"Dead Hate the Living!, The (2000)",Comedy|Horror,"['Comedy', 'Horror']",2,2000.0,1,3.0,0.0,3.0,3.0,2000
44777,Evil Aliens (2005),Comedy|Horror|Sci-Fi,"['Comedy', 'Horror', 'Sci-Fi']",3,2005.0,1,4.5,0.0,4.5,4.5,2005
44788,This Film Is Not Yet Rated (2006),Documentary,['Documentary'],1,2006.0,6,3.5,0.447213595499958,3.0,4.0,2006
44828,Slither (2006),Comedy|Horror|Sci-Fi,"['Comedy', 'Horror', 'Sci-Fi']",3,2006.0,5,3.0,0.9354143466934852,2.0,4.0,2006
44840,"Benchwarmers, The (2006)",Comedy,['Comedy'],1,2006.0,11,2.772727272727273,0.8174238913695991,1.0,4.0,2006
44849,Renaissance (2006),Action|Animation|Film-Noir|Sci-Fi|Thriller,"['Action', 'Animation', 'Film-Noir', 'Sci-Fi', 'Thriller']",5,2006.0,1,2.5,0.0,2.5,2.5,2006
44851,Go for Zucker! (Alles auf Zucker!) (2004),Comedy,['Comedy'],1,2004.0,1,5.0,0.0,5.0,5.0,2004
44864,Friends with Money (2006),Comedy|Drama|Romance,"['Comedy', 'Drama', 'Romance']",3,2006.0,4,3.25,0.6454972243679028,2.5,4.0,2006
44889,Reefer Madness: The Movie Musical (2005),Comedy|Drama|Musical,"['Comedy', 'Drama', 'Musical']",3,2005.0,2,4.75,0.3535533905932738,4.5,5.0,2005
44929,Candy (2006),Drama|Romance,"['Drama', 'Romance']",2,2006.0,2,4.25,0.3535533905932738,4.0,4.5,2006
44937,"Child, The (L'enfant) (2005)",Crime|Drama,"['Crime', 'Drama']",2,2005.0,1,4.0,0.0,4.0,4.0,2005
44943,9/11 (2002),Documentary,['Documentary'],1,2002.0,1,5.0,0.0,5.0,5.0,2002
44972,Scary Movie 4 (2006),Comedy|Horror,"['Comedy', 'Horror']",2,2006.0,12,2.25,1.3055824196677337,0.5,5.0,2006
44974,Hard Candy (2005),Drama|Thriller,"['Drama', 'Thriller']",2,2005.0,12,3.5,1.348399724926484,0.5,5.0,2005
45028,"Prairie Home Companion, A (2006)",Comedy|Drama|Musical,"['Comedy', 'Drama', 'Musical']",3,2006.0,6,3.6666666666666665,0.4082482904638629,3.0,4.0,2006
45062,"Sentinel, The (2006)",Crime|Drama|Thriller,"['Crime', 'Drama', 'Thriller']",3,2006.0,2,2.75,1.0606601717798212,2.0,3.5,2006
45074,"Wild, The (2006)",Adventure|Animation|Children|Comedy|Fantasy,"['Adventure', 'Animation', 'Children', 'Comedy', 'Fantasy']",5,2006.0,1,2.5,0.0,2.5,2.5,2006
45081,Silent Hill (2006),Fantasy|Horror|Thriller,"['Fantasy', 'Horror', 'Thriller']",3,2006.0,12,2.958333333333333,1.0966546927595373,1.0,5.0,2006
45106,American Dreamz (2006),Comedy|Drama,"['Comedy', 'Drama']",2,2006.0,1,3.0,0.0,3.0,3.0,2006
45175,Kinky Boots (2005),Comedy|Drama,"['Comedy', 'Drama']",2,2005.0,4,3.75,0.5,3.0,4.0,2005
45183,"Protector, The (a.k.a. Warrior King) (Tom yum goong) (2005)",Action|Comedy|Crime|Thriller,"['Action', 'Comedy', 'Crime', 'Thriller']",4,2005.0,1,3.0,0.0,3.0,3.0,2005
45186,Mission: Impossible III (2006),Action|Adventure|Thriller,"['Action', 'Adventure', 'Thriller']",3,2006.0,28,3.5892857142857144,0.6390613983800547,2.0,5.0,2006
45208,RV (2006),Adventure|Children|Comedy,"['Adventure', 'Children', 'Comedy']",3,2006.0,3,2.0,0.5,1.5,2.5,2006
45210,United 93 (2006),Crime|Drama,"['Crime', 'Drama']",2,2006.0,7,4.142857142857143,0.3779644730092272,3.5,4.5,2006
45221,Stick It (2006),Comedy,['Comedy'],1,2006.0,6,2.583333333333333,0.8612007121842542,1.5,4.0,2006
45361,"American Haunting, An (2005)",Drama|Horror|Mystery|Thriller,"['Drama', 'Horror', 'Mystery', 'Thriller']",4,2005.0,2,1.5,0.7071067811865476,1.0,2.0,2005
45382,Down in the Valley (2005),Drama|Romance,"['Drama', 'Romance']",2,2005.0,2,3.25,1.0606601717798212,2.5,4.0,2005
45431,Over the Hedge (2006),Adventure|Animation|Children|Comedy,"['Adventure', 'Animation', 'Children', 'Comedy']",4,2006.0,14,3.4285714285714284,0.8516306272526402,2.0,5.0,2006
45440,Art School Confidential (2006),Comedy|Drama,"['Comedy', 'Drama']",2,2006.0,6,3.333333333333333,0.9831920802501752,2.0,4.5,2006
45442,Poseidon (2006),Action|Adventure|Thriller|IMAX,"['Action', 'Adventure', 'Thriller', 'IMAX']",4,2006.0,4,2.875,0.6291528696058959,2.0,3.5,2006
45447,"Da Vinci Code, The (2006)",Drama|Mystery|Thriller,"['Drama', 'Mystery', 'Thriller']",3,2006.0,49,3.122448979591837,0.8510447760748865,0.5,4.0,2006
45499,X-Men: The Last Stand (2006),Action|Sci-Fi|Thriller,"['Action', 'Sci-Fi', 'Thriller']",3,2006.0,52,3.355769230769231,0.9617005896497776,0.5,5.0,2006
45501,"Break-Up, The (2006)",Comedy|Drama|Romance,"['Comedy', 'Drama', 'Romance']",3,2006.0,11,2.590909090909091,0.9700046860242948,1.0,4.0,2006
45503,Peaceful Warrior (2006),Drama,['Drama'],1,2006.0,1,5.0,0.0,5.0,5.0,2006
45517,Cars (2006),Animation|Children|Comedy,"['Animation', 'Children', 'Comedy']",3,2006.0,41,3.3780487804878048,0.8350186210863656,1.0,5.0,2006
45635,"Notorious Bettie Page, The (2005)",Drama,['Drama'],1,2005.0,2,3.0,0.0,3.0,3.0,2005
45648,Game 6 (2005),Comedy|Drama,"['Comedy', 'Drama']",2,2005.0,1,2.5,0.0,2.5,2.5,2005
45658,On a Clear Day (2005),Drama,['Drama'],1,2005.0,1,2.0,0.0,2.0,2.0,2005
45662,"Omen, The (2006)",Horror|Thriller,"['Horror', 'Thriller']",2,2006.0,5,2.3,0.2738612787525831,2.0,2.5,2006
45666,Nacho Libre (2006),Comedy,['Comedy'],1,2006.0,14,2.4642857142857144,0.9896441807011268,0.5,3.5,2006
45668,"Lake House, The (2006)",Drama|Fantasy|Romance,"['Drama', 'Fantasy', 'Romance']",3,2006.0,10,3.1,1.2202003478482084,1.0,5.0,2006
45672,Click (2006),Adventure|Comedy|Drama|Fantasy|Romance,"['Adventure', 'Comedy', 'Drama', 'Fantasy', 'Romance']",5,2006.0,23,2.9782608695652173,1.092102443471112,0.5,5.0,2006
45720,"Devil Wears Prada, The (2006)",Comedy|Drama,"['Comedy', 'Drama']",2,2006.0,34,3.5588235294117645,0.9905975078001624,0.5,5.0,2006
45722,Pirates of the Caribbean: Dead Man's Chest (2006),Action|Adventure|Fantasy,"['Action', 'Adventure', 'Fantasy']",3,2006.0,72,3.5069444444444446,0.897936035378174,1.0,5.0,2006
45726,"You, Me and Dupree (2006)",Comedy,['Comedy'],1,2006.0,6,2.1666666666666665,0.8755950357709131,0.5,3.0,2006
45728,Clerks II (2006),Comedy,['Comedy'],1,2006.0,13,3.8846153846153846,0.5828752780343235,2.5,5.0,2006
45730,Lady in the Water (2006),Drama|Fantasy|Mystery,"['Drama', 'Fantasy', 'Mystery']",3,2006.0,9,2.833333333333333,0.9354143466934852,0.5,3.5,2006
45732,My Super Ex-Girlfriend (2006),Comedy|Fantasy|Romance,"['Comedy', 'Fantasy', 'Romance']",3,2006.0,6,1.5833333333333333,1.2006942436218584,0.5,3.5,2006
45880,Marie Antoinette (2006),Drama|Romance,"['Drama', 'Romance']",2,2006.0,13,3.1923076923076925,0.969073043739513,0.5,4.0,2006
45928,Who Killed the Electric Car? (2006),Documentary,['Documentary'],1,2006.0,5,3.7,0.447213595499958,3.0,4.0,2006
45950,"Inconvenient Truth, An (2006)",Documentary,['Documentary'],1,2006.0,13,3.576923076923077,0.6405126152203485,2.5,4.5,2006
46062,High School Musical (2006),Children|Comedy|Drama|Musical|Romance,"['Children', 'Comedy', 'Drama', 'Musical', 'Romance']",5,2006.0,3,2.0,1.3228756555322954,1.0,3.5,2006
46105,I Am a Sex Addict (2005),Comedy|Documentary|Romance,"['Comedy', 'Documentary', 'Romance']",3,2005.0,1,4.5,0.0,4.5,4.5,2005
46231,Stoned (2005),Drama,['Drama'],1,2005.0,1,2.0,0.0,2.0,2.0,2005
46322,Jet Li's Fearless (Huo Yuan Jia) (2006),Action|Drama,"['Action', 'Drama']",2,2006.0,8,3.125,0.6943650748294136,2.0,4.0,2006
46335,"Fast and the Furious: Tokyo Drift, The (Fast and the Furious 3, The) (2006)",Action|Crime|Drama|Thriller,"['Action', 'Crime', 'Drama', 'Thriller']",4,2006.0,11,2.090909090909091,0.7006490497453707,1.0,3.0,2006
46337,Garfield: A Tail of Two Kitties (2006),Animation|Children|Comedy,"['Animation', 'Children', 'Comedy']",3,2006.0,2,2.25,2.4748737341529163,0.5,4.0,2006
46347,Metal: A Headbanger's Journey (2005),Documentary,['Documentary'],1,2005.0,2,4.0,0.7071067811865476,3.5,4.5,2005
46530,Superman Returns (2006),Action|Adventure|Sci-Fi|IMAX,"['Action', 'Adventure', 'Sci-Fi', 'IMAX']",4,2006.0,25,3.08,0.9966610925150704,0.5,5.0,2006
46559,"Road to Guantanamo, The (2006)",Drama|War,"['Drama', 'War']",2,2006.0,1,3.5,0.0,3.5,3.5,2006
46572,Edmond (2005),Drama|Thriller,"['Drama', 'Thriller']",2,2005.0,3,3.5,1.3228756555322954,2.0,4.5,2005
46574,"OH in Ohio, The (2006)",Comedy,['Comedy'],1,2006.0,1,2.5,0.0,2.5,2.5,2006
46578,Little Miss Sunshine (2006),Adventure|Comedy|Drama,"['Adventure', 'Comedy', 'Drama']",3,2006.0,77,3.883116883116883,0.8425216844628731,1.0,5.0,2006
46723,Babel (2006),Drama|Thriller,"['Drama', 'Thriller']",2,2006.0,31,3.5,0.7745966692414834,1.0,4.5,2006
46772,Strangers with Candy (2005),Comedy,['Comedy'],1,2005.0,1,2.5,0.0,2.5,2.5,2005
46850,Wordplay (2006),Documentary,['Documentary'],1,2006.0,3,4.0,0.0,4.0,4.0,2006
46865,Little Man (2006),Comedy,['Comedy'],1,2006.0,1,1.0,0.0,1.0,1.0,2006
46948,Monster House (2006),Animation|Children|Fantasy|Mystery,"['Animation', 'Children', 'Fantasy', 'Mystery']",4,2006.0,9,3.111111111111111,1.1118053386771944,0.5,4.0,2006
46965,Snakes on a Plane (2006),Action|Comedy|Horror|Thriller,"['Action', 'Comedy', 'Horror', 'Thriller']",4,2006.0,14,2.642857142857143,1.2469743601794927,0.5,5.0,2006
46967,Scoop (2006),Comedy|Fantasy|Mystery,"['Comedy', 'Fantasy', 'Mystery']",3,2006.0,4,3.375,0.8539125638299665,2.5,4.5,2006
46970,Talladega Nights: The Ballad of Ricky Bobby (2006),Action|Comedy,"['Action', 'Comedy']",2,2006.0,28,3.25,0.8871510790372951,1.5,5.0,2006
46972,Night at the Museum (2006),Action|Comedy|Fantasy|IMAX,"['Action', 'Comedy', 'Fantasy', 'IMAX']",4,2006.0,23,3.239130434782609,0.8902191407609,0.5,5.0,2006
46974,World Trade Center (2006),Drama,['Drama'],1,2006.0,6,2.6666666666666665,0.752772652709081,1.5,3.5,2006
46976,Stranger than Fiction (2006),Comedy|Drama|Fantasy|Romance,"['Comedy', 'Drama', 'Fantasy', 'Romance']",4,2006.0,44,3.6931818181818175,1.057728528778517,1.0,5.0,2006
47044,Miami Vice (2006),Action|Crime|Drama|Thriller,"['Action', 'Crime', 'Drama', 'Thriller']",4,2006.0,10,2.75,0.8897565210026093,1.5,4.0,2006
47099,"Pursuit of Happyness, The (2006)",Drama,['Drama'],1,2006.0,46,3.793478260869565,0.8665133643678091,2.0,5.0,2006
47122,John Tucker Must Die (2006),Comedy|Romance,"['Comedy', 'Romance']",2,2006.0,9,2.7222222222222223,1.3254978100489054,0.5,4.0,2006
47124,"Ant Bully, The (2006)",Adventure|Animation|Children|Comedy|Fantasy|IMAX,"['Adventure', 'Animation', 'Children', 'Comedy', 'Fantasy', 'IMAX']",6,2006.0,2,3.25,0.3535533905932738,3.0,3.5,2006
47200,Crank (2006),Action|Thriller,"['Action', 'Thriller']",2,2006.0,14,3.4285714285714284,1.0894095588038442,2.0,5.0,2006
47202,"Secret Life of Words, The (2005)",Drama|Romance,"['Drama', 'Romance']",2,2005.0,1,4.0,0.0,4.0,4.0,2005
47254,Chaos (2005),Action|Crime|Drama|Thriller,"['Action', 'Crime', 'Drama', 'Thriller']",4,2005.0,1,3.5,0.0,3.5,3.5,2005
47261,"Night Listener, The (2006)",Fantasy|Mystery|Thriller,"['Fantasy', 'Mystery', 'Thriller']",3,2006.0,3,2.833333333333333,0.2886751345948129,2.5,3.0,2006
47382,Step Up (2006),Drama|Romance,"['Drama', 'Romance']",2,2006.0,4,3.5,1.2909944487358056,2.0,5.0,2006
47384,Zoom (2006),Adventure|Comedy|Drama|Fantasy,"['Adventure', 'Comedy', 'Drama', 'Fantasy']",4,2006.0,1,2.5,0.0,2.5,2.5,2006
47404,Mind Game (2004),Adventure|Animation|Comedy|Fantasy|Romance|Sci-Fi,"['Adventure', 'Animation', 'Comedy', 'Fantasy', 'Romance', 'Sci-Fi']",6,2004.0,2,4.25,1.0606601717798212,3.5,5.0,2004
47423,Half Nelson (2006),Drama,['Drama'],1,2006.0,5,4.0,0.7071067811865476,3.0,5.0,2006
47446,"Moustache, La (2005)",Drama|Mystery|Thriller,"['Drama', 'Mystery', 'Thriller']",3,2005.0,1,3.5,0.0,3.5,3.5,2005
47465,Tideland (2005),Drama|Fantasy|Thriller,"['Drama', 'Fantasy', 'Thriller']",3,2005.0,3,3.0,1.3228756555322954,1.5,4.0,2005
47491,Adam's Apples (Adams æbler) (2005),Comedy|Drama,"['Comedy', 'Drama']",2,2005.0,3,4.166666666666667,0.2886751345948129,4.0,4.5,2005
47516,Material Girls (2006),Children|Comedy|Drama,"['Children', 'Comedy', 'Drama']",3,2006.0,1,2.0,0.0,2.0,2.0,2006
47518,Accepted (2006),Comedy,['Comedy'],1,2006.0,14,2.9285714285714284,0.9168747682531898,0.5,4.0,2006
47610,"Illusionist, The (2006)",Drama|Fantasy|Mystery|Romance,"['Drama', 'Fantasy', 'Mystery', 'Romance']",4,2006.0,43,3.779069767441861,0.8749307835303274,1.5,5.0,2006
47629,The Queen (2006),Drama,['Drama'],1,2006.0,13,3.730769230769231,0.7803680919760616,2.0,4.5,2006
47640,Beerfest (2006),Comedy,['Comedy'],1,2006.0,6,3.5,0.7071067811865476,2.5,4.5,2006
47644,Invincible (2006),Drama,['Drama'],1,2006.0,7,3.0,0.9999999999999998,1.0,4.0,2006
47646,Idlewild (2006),Crime|Drama|Musical,"['Crime', 'Drama', 'Musical']",3,2006.0,1,4.0,0.0,4.0,4.0,2006
47725,Angel-A (2005),Comedy|Drama|Fantasy|Romance,"['Comedy', 'Drama', 'Fantasy', 'Romance']",4,2005.0,3,3.5,0.5,3.0,4.0,2005
47793,"Puffy Chair, The (2006)",Drama|Romance,"['Drama', 'Romance']",2,2006.0,1,2.5,0.0,2.5,2.5,2006
47810,"Wicker Man, The (2006)",Horror|Mystery|Thriller,"['Horror', 'Mystery', 'Thriller']",3,2006.0,4,1.0,0.408248290463863,0.5,1.5,2006
47894,"Wind That Shakes the Barley, The (2006)",Drama|War,"['Drama', 'War']",2,2006.0,4,3.75,0.2886751345948129,3.5,4.0,2006
47937,Severance (2006),Comedy|Horror|Thriller,"['Comedy', 'Horror', 'Thriller']",3,2006.0,1,3.0,0.0,3.0,3.0,2006
47950,Hollywoodland (2006),Crime|Drama|Mystery|Thriller,"['Crime', 'Drama', 'Mystery', 'Thriller']",4,2006.0,5,3.2,0.273861278752583,3.0,3.5,2006
47952,"Covenant, The (2006)",Action|Horror|Thriller,"['Action', 'Horror', 'Thriller']",3,2006.0,1,3.0,0.0,3.0,3.0,2006
47970,"Last Kiss, The (2006)",Comedy|Drama,"['Comedy', 'Drama']",2,2006.0,3,3.8333333333333335,0.7637626158259733,3.0,4.5,2006
47978,SherryBaby (2006),Drama,['Drama'],1,2006.0,1,2.5,0.0,2.5,2.5,2006
47997,Idiocracy (2006),Adventure|Comedy|Sci-Fi|Thriller,"['Adventure', 'Comedy', 'Sci-Fi', 'Thriller']",4,2006.0,18,3.7222222222222223,1.227410260553666,0.5,5.0,2006
47999,Jesus Camp (2006),Documentary|Drama,"['Documentary', 'Drama']",2,2006.0,7,4.071428571428571,0.607492896293956,3.5,5.0,2006
48001,"Bow, The (Hwal) (2005)",Drama|Romance,"['Drama', 'Romance']",2,2005.0,1,4.0,0.0,4.0,4.0,2005
48032,"Tiger and the Snow, The (La tigre e la neve) (2005)",Comedy|Drama|Romance|War,"['Comedy', 'Drama', 'Romance', 'War']",4,2005.0,1,4.0,0.0,4.0,4.0,2005
48043,"Fountain, The (2006)",Drama|Fantasy|Romance,"['Drama', 'Fantasy', 'Romance']",3,2006.0,14,3.5,0.6793662204867574,2.0,4.5,2006
48082,"Science of Sleep, The (La science des rêves) (2006)",Comedy|Drama|Fantasy|Romance,"['Comedy', 'Drama', 'Fantasy', 'Romance']",4,2006.0,11,3.863636363636364,0.4522670168666454,3.5,4.5,2006
48142,"Black Dahlia, The (2006)",Crime|Drama|Mystery|Thriller,"['Crime', 'Drama', 'Mystery', 'Thriller']",4,2006.0,6,3.25,0.758287544405155,2.0,4.0,2006
48150,"Woods, The (2006)",Horror,['Horror'],1,2006.0,1,3.0,0.0,3.0,3.0,2006
48161,Gridiron Gang (2006),Drama,['Drama'],1,2006.0,2,3.0,0.0,3.0,3.0,2006
48214,Land of Plenty (Angst and Alienation in America) (2004),Drama,['Drama'],1,2004.0,1,3.5,0.0,3.5,3.5,2004
48262,"Bridge, The (2006)",Documentary,['Documentary'],1,2006.0,1,4.0,0.0,4.0,4.0,2006
48304,Apocalypto (2006),Adventure|Drama|Thriller,"['Adventure', 'Drama', 'Thriller']",3,2006.0,19,3.6052631578947367,0.7742190934602184,2.0,5.0,2006
48319,Flyboys (2006),Action|Adventure|Drama|War,"['Action', 'Adventure', 'Drama', 'War']",4,2006.0,1,2.0,0.0,2.0,2.0,2006
48322,Jackass Number Two (2006),Comedy|Documentary,"['Comedy', 'Documentary']",2,2006.0,7,3.571428571428572,1.3671311638052948,1.0,5.0,2006
48326,All the King's Men (2006),Drama,['Drama'],1,2006.0,3,3.0,0.5,2.5,3.5,2006
48342,Conversations with Other Women (2005),Comedy|Drama|Romance,"['Comedy', 'Drama', 'Romance']",3,2005.0,2,4.0,1.4142135623730951,3.0,5.0,2005
48385,Borat: Cultural Learnings of America for Make Benefit Glorious Nation of Kazakhstan (2006),Comedy,['Comedy'],1,2006.0,65,3.3461538461538463,1.1419660846371655,0.5,5.0,2006
48394,"Pan's Labyrinth (Laberinto del fauno, El) (2006)",Drama|Fantasy|Thriller,"['Drama', 'Fantasy', 'Thriller']",3,2006.0,81,3.814814814814815,0.926837514226619,0.5,5.0,2006
48412,"Guardian, The (2006)",Action|Adventure|Drama,"['Action', 'Adventure', 'Drama']",3,2006.0,4,3.0,0.4082482904638629,2.5,3.5,2006
48414,Open Season (2006),Adventure|Animation|Children|Comedy|IMAX,"['Adventure', 'Animation', 'Children', 'Comedy', 'IMAX']",5,2006.0,2,3.0,0.0,3.0,3.0,2006
48416,School for Scoundrels (2006),Comedy|Crime,"['Comedy', 'Crime']",2,2006.0,1,2.5,0.0,2.5,2.5,2006
48516,"Departed, The (2006)",Crime|Drama|Thriller,"['Crime', 'Drama', 'Thriller']",3,2006.0,107,4.252336448598131,0.6915044842748121,1.0,5.0,2006
48518,"Texas Chainsaw Massacre: The Beginning, The (2006)",Horror|Thriller,"['Horror', 'Thriller']",2,2006.0,2,2.5,0.7071067811865476,2.0,3.0,2006
48520,Employee of the Month (2006),Comedy,['Comedy'],1,2006.0,6,2.833333333333333,0.6831300510639732,2.0,4.0,2006
48560,Running With Scissors (2006),Comedy|Drama,"['Comedy', 'Drama']",2,2006.0,1,2.5,0.0,2.5,2.5,2006
48593,Man of the Year (2006),Comedy|Thriller,"['Comedy', 'Thriller']",2,2006.0,3,2.5,0.5,2.0,3.0,2006
48596,"Marine, The (2006)",Action|Drama|Thriller,"['Action', 'Drama', 'Thriller']",3,2006.0,2,2.75,0.3535533905932738,2.5,3.0,2006
48598,Infamous (2006),Drama,['Drama'],1,2006.0,2,3.75,0.3535533905932738,3.5,4.0,2006
48678,Feast (2005),Action|Comedy|Horror|Thriller,"['Action', 'Comedy', 'Horror', 'Thriller']",4,2005.0,2,2.75,0.3535533905932738,2.5,3.0,2005
48696,Little Children (2006),Drama|Romance,"['Drama', 'Romance']",2,2006.0,4,3.875,0.629152869605896,3.0,4.5,2006
48698,Deliver Us from Evil (2006),Documentary,['Documentary'],1,2006.0,2,4.5,0.7071067811865476,4.0,5.0,2006
48738,"Last King of Scotland, The (2006)",Drama|Thriller,"['Drama', 'Thriller']",2,2006.0,20,3.975,0.9101041004655512,1.0,5.0,2006
48741,"U.S. vs. John Lennon, The (2006)",Documentary,['Documentary'],1,2006.0,1,4.0,0.0,4.0,4.0,2006
48744,Shortbus (2006),Comedy|Drama|Romance,"['Comedy', 'Drama', 'Romance']",3,2006.0,3,4.0,0.5,3.5,4.5,2006
48774,Children of Men (2006),Action|Adventure|Drama|Sci-Fi|Thriller,"['Action', 'Adventure', 'Drama', 'Sci-Fi', 'Thriller']",5,2006.0,64,3.9453125,0.855037303094163,1.5,5.0,2006
48780,"Prestige, The (2006)",Drama|Mystery|Sci-Fi|Thriller,"['Drama', 'Mystery', 'Sci-Fi', 'Thriller']",4,2006.0,90,4.005555555555556,0.7914374791452292,1.5,5.0,2006
48783,Flags of Our Fathers (2006),Drama|War,"['Drama', 'War']",2,2006.0,11,3.4545454545454546,1.0112997936948631,1.0,4.5,2006
48872,13 Tzameti (2005),Film-Noir|Thriller,"['Film-Noir', 'Thriller']",2,2005.0,1,4.5,0.0,4.5,4.5,2005
48877,Saw III (2006),Crime|Horror|Thriller,"['Crime', 'Horror', 'Thriller']",3,2006.0,11,3.0454545454545454,1.1927813180660036,0.5,5.0,2006
48879,Catch a Fire (2006),Drama|Thriller,"['Drama', 'Thriller']",2,2006.0,2,3.25,1.0606601717798212,2.5,4.0,2006
48883,Death of a President (2006),Crime|Drama|Mystery|Thriller,"['Crime', 'Drama', 'Mystery', 'Thriller']",4,2006.0,2,3.25,0.3535533905932738,3.0,3.5,2006
48982,Flushed Away (2006),Animation|Comedy,"['Animation', 'Comedy']",2,2006.0,7,3.5,0.8660254037844387,2.5,5.0,2006
48997,Perfume: The Story of a Murderer (2006),Crime|Drama|Thriller,"['Crime', 'Drama', 'Thriller']",3,2006.0,8,3.25,0.4629100498862756,2.5,4.0,2006
49013,"Santa Clause 3: The Escape Clause, The (2006)",Comedy|Fantasy,"['Comedy', 'Fantasy']",2,2006.0,2,2.75,1.0606601717798212,2.0,3.5,2006
49130,"Good Year, A (2006)",Comedy|Drama|Romance,"['Comedy', 'Drama', 'Romance']",3,2006.0,3,3.6666666666666665,0.5773502691896258,3.0,4.0,2006
49132,Shut Up & Sing (2006),Documentary,['Documentary'],1,2006.0,3,3.0,0.8660254037844386,2.0,3.5,2006
49220,For Your Consideration (2006),Comedy,['Comedy'],1,2006.0,4,2.375,0.8539125638299665,1.5,3.5,2006
49263,Fuck (2005),Comedy|Documentary,"['Comedy', 'Documentary']",2,2005.0,1,3.0,0.0,3.0,3.0,2005
49265,Shooting Dogs (a.k.a. Beyond the Gates) (2005),Documentary|Drama|War,"['Documentary', 'Drama', 'War']",3,2005.0,1,4.0,0.0,4.0,4.0,2005
49272,Casino Royale (2006),Action|Adventure|Thriller,"['Action', 'Adventure', 'Thriller']",3,2006.0,81,3.9444444444444446,0.8100925873009824,1.5,5.0,2006
49274,Happy Feet (2006),Adventure|Animation|Children|Comedy|IMAX,"['Adventure', 'Animation', 'Children', 'Comedy', 'IMAX']",5,2006.0,11,2.6818181818181817,1.365150674334655,0.5,5.0,2006
49276,Let's Go to Prison (2006),Comedy,['Comedy'],1,2006.0,3,1.3333333333333333,1.4433756729740643,0.5,3.0,2006
49278,Déjà Vu (Deja Vu) (2006),Action|Sci-Fi|Thriller,"['Action', 'Sci-Fi', 'Thriller']",3,2006.0,20,3.3,0.8175702126616277,1.5,4.5,2006
49280,Bobby (2006),Drama,['Drama'],1,2006.0,3,3.8333333333333335,0.5773502691896258,3.5,4.5,2006
49284,10 Items or Less (2006),Comedy|Drama|Romance,"['Comedy', 'Drama', 'Romance']",3,2006.0,3,2.6666666666666665,1.0408329997330663,1.5,3.5,2006
49286,"Holiday, The (2006)",Comedy|Romance,"['Comedy', 'Romance']",2,2006.0,24,3.208333333333333,1.1123483449799842,0.5,5.0,2006
49314,Harsh Times (2006),Action|Crime|Drama,"['Action', 'Crime', 'Drama']",3,2006.0,1,3.0,0.0,3.0,3.0,2006
49347,Fast Food Nation (2006),Drama,['Drama'],1,2006.0,3,3.8333333333333335,1.0408329997330663,3.0,5.0,2006
49396,Tenacious D in The Pick of Destiny (2006),Adventure|Comedy|Musical,"['Adventure', 'Comedy', 'Musical']",3,2006.0,9,3.4444444444444446,0.5270462766947299,2.5,4.0,2006
49524,"Nativity Story, The (2006)",Drama,['Drama'],1,2006.0,2,3.5,0.0,3.5,3.5,2006
49530,Blood Diamond (2006),Action|Adventure|Crime|Drama|Thriller|War,"['Action', 'Adventure', 'Crime', 'Drama', 'Thriller', 'War']",6,2006.0,53,3.7641509433962255,0.788156158780792,1.0,5.0,2006
49647,Charlotte's Web (2006),Children|Comedy|Drama|Fantasy,"['Children', 'Comedy', 'Drama', 'Fantasy']",4,2006.0,3,3.333333333333333,0.7637626158259733,2.5,4.0,2006
49649,Eragon (2006),Action|Adventure|Fantasy,"['Action', 'Adventure', 'Fantasy']",3,2006.0,12,2.333333333333333,0.9847319278346618,1.0,4.5,2006
49651,Rocky Balboa (2006),Action|Drama,"['Action', 'Drama']",2,2006.0,14,3.321428571428572,0.9116161231812192,2.0,5.0,2006
49666,Fur: An Imaginary Portrait of Diane Arbus (2006),Drama|Fantasy|Romance,"['Drama', 'Fantasy', 'Romance']",3,2006.0,1,3.0,0.0,3.0,3.0,2006
49735,Another Gay Movie (2006),Comedy,['Comedy'],1,2006.0,1,3.5,0.0,3.5,3.5,2006
49772,"Painted Veil, The (2006)",Drama|Romance,"['Drama', 'Romance']",2,2006.0,4,4.0,1.0801234497346437,2.5,5.0,2006
49793,We Are Marshall (2006),Drama,['Drama'],1,2006.0,2,3.75,0.3535533905932738,3.5,4.0,2006
49822,"Good Shepherd, The (2006)",Drama|Thriller,"['Drama', 'Thriller']",2,2006.0,7,3.142857142857143,0.8521681032463466,1.5,4.0,2006
49824,Dreamgirls (2006),Drama|Musical,"['Drama', 'Musical']",2,2006.0,5,3.1,0.6519202405202649,2.5,4.0,2006
49910,Freedom Writers (2007),Drama,['Drama'],1,2007.0,4,3.75,1.0408329997330663,2.5,5.0,2007
49917,When the Levees Broke: A Requiem in Four Acts (2006),Documentary,['Documentary'],1,2006.0,1,4.0,0.0,4.0,4.0,2006
49932,Inland Empire (2006),Drama|Mystery|Thriller,"['Drama', 'Mystery', 'Thriller']",3,2006.0,6,3.6666666666666665,1.4023789311975088,1.0,5.0,2006
49957,"History Boys, The (2006)",Comedy|Drama,"['Comedy', 'Drama']",2,2006.0,2,3.0,0.0,3.0,3.0,2006
49961,Notes on a Scandal (2006),Drama,['Drama'],1,2006.0,4,3.75,0.5,3.0,4.0,2006
50003,DOA: Dead or Alive (2006),Action|Adventure,"['Action', 'Adventure']",2,2006.0,2,2.0,1.4142135623730951,1.0,3.0,2006
50005,Curse of the Golden Flower (Man cheng jin dai huang jin jia) (2006),Action|Drama,"['Action', 'Drama']",2,2006.0,3,2.5,0.5,2.0,3.0,2006
50064,"Good German, The (2006)",Drama|Mystery|Thriller,"['Drama', 'Mystery', 'Thriller']",3,2006.0,1,3.0,0.0,3.0,3.0,2006
50068,Letters from Iwo Jima (2006),Drama|War,"['Drama', 'War']",2,2006.0,17,3.7058823529411766,0.5320603680919276,3.0,4.5,2006
50147,Black Christmas (2006),Action|Horror|Thriller,"['Action', 'Horror', 'Thriller']",3,2006.0,1,2.0,0.0,2.0,2.0,2006
50158,Stomp the Yard (2007),Drama|Musical,"['Drama', 'Musical']",2,2007.0,2,2.5,0.0,2.5,2.5,2007
50160,Miss Potter (2006),Drama,['Drama'],1,2006.0,2,3.75,0.3535533905932738,3.5,4.0,2006
50189,American Pie Presents The Naked Mile (American Pie 5: The Naked Mile) (2006),Comedy|Romance,"['Comedy', 'Romance']",2,2006.0,3,1.1666666666666667,0.7637626158259734,0.5,2.0,2006
50274,Venus (2006),Drama|Romance,"['Drama', 'Romance']",2,2006.0,2,3.5,0.7071067811865476,3.0,4.0,2006
50440,Primeval (2007),Horror|Thriller,"['Horror', 'Thriller']",2,2007.0,1,2.0,0.0,2.0,2.0,2007
50442,Alpha Dog (2007),Crime|Drama,"['Crime', 'Drama']",2,2007.0,8,3.125,0.9543135154205276,2.0,4.0,2007
50445,"Hitcher, The (2007)",Action|Horror|Thriller,"['Action', 'Horror', 'Thriller']",3,2007.0,2,2.5,0.0,2.5,2.5,2007
50514,After the Wedding (Efter brylluppet) (2006),Drama,['Drama'],1,2006.0,1,3.5,0.0,3.5,3.5,2006
50601,Bridge to Terabithia (2007),Adventure|Children|Fantasy,"['Adventure', 'Children', 'Fantasy']",3,2007.0,9,2.7777777777777777,1.1211353372561426,0.5,4.0,2007
50610,Beer League (2006),Comedy,['Comedy'],1,2006.0,1,4.0,0.0,4.0,4.0,2006
50613,Dead Meat (2004),Horror,['Horror'],1,2004.0,1,4.5,0.0,4.5,4.5,2004
50658,49 Up (2005),Documentary,['Documentary'],1,2005.0,2,4.0,0.0,4.0,4.0,2005
50685,Waitress (2007),Comedy|Drama|Romance,"['Comedy', 'Drama', 'Romance']",3,2007.0,6,3.8333333333333335,0.408248290463863,3.5,4.5,2007
50792,Catch and Release (2006),Comedy|Drama|Romance,"['Comedy', 'Drama', 'Romance']",3,2006.0,2,2.25,0.3535533905932738,2.0,2.5,2006
50794,Smokin' Aces (2006),Action|Crime|Drama|Thriller,"['Action', 'Crime', 'Drama', 'Thriller']",4,2006.0,10,3.1,0.8755950357709131,2.0,4.5,2006
50796,Blood and Chocolate (2007),Drama|Fantasy|Horror|Romance,"['Drama', 'Fantasy', 'Horror', 'Romance']",4,2007.0,2,2.0,0.0,2.0,2.0,2007
50798,Epic Movie (2007),Adventure|Comedy,"['Adventure', 'Comedy']",2,2007.0,4,1.125,0.478713553878169,0.5,1.5,2007
50800,"Messengers, The (2007)",Drama|Horror|Thriller,"['Drama', 'Horror', 'Thriller']",3,2007.0,2,2.5,0.7071067811865476,2.0,3.0,2007
50802,Because I Said So (2007),Comedy|Drama|Romance,"['Comedy', 'Drama', 'Romance']",3,2007.0,3,3.0,0.5,2.5,3.5,2007
50804,Hannibal Rising (2007),Drama|Horror|Thriller,"['Drama', 'Horror', 'Thriller']",3,2007.0,3,3.5,1.3228756555322954,2.5,5.0,2007
50806,Norbit (2007),Comedy|Romance,"['Comedy', 'Romance']",2,2007.0,1,1.0,0.0,1.0,1.0,2007
50842,"Boss of It All, The (Direktøren for det hele) (2006)",Comedy|Drama,"['Comedy', 'Drama']",2,2006.0,2,4.5,0.0,4.5,4.5,2006
50851,Cocaine Cowboys (2006),Documentary,['Documentary'],1,2006.0,2,4.5,0.7071067811865476,4.0,5.0,2006
50872,Ratatouille (2007),Animation|Children|Drama,"['Animation', 'Children', 'Drama']",3,2007.0,72,3.8680555555555554,0.7690906261529304,1.5,5.0,2007
50912,"Paris, I Love You (Paris, je t'aime) (2006)",Romance,['Romance'],1,2006.0,8,2.9375,0.6781013409302689,2.0,4.0,2006
50923,"Astronaut Farmer, The (2007)",Drama,['Drama'],1,2007.0,2,2.25,0.3535533905932738,2.0,2.5,2007
50942,"Wake Up, Ron Burgundy (2004)",Comedy,['Comedy'],1,2004.0,1,3.5,0.0,3.5,3.5,2004
50954,It's a Boy Girl Thing (2006),Comedy|Romance,"['Comedy', 'Romance']",2,2006.0,2,1.0,0.0,1.0,1.0,2006
50999,"Ugly Duckling and Me!, The (2006)",Animation|Comedy,"['Animation', 'Comedy']",2,2006.0,1,5.0,0.0,5.0,5.0,2006
51037,Unknown (2006),Drama|Mystery|Thriller,"['Drama', 'Mystery', 'Thriller']",3,2006.0,4,3.0,0.7071067811865476,2.0,3.5,2006
51077,Ghost Rider (2007),Action|Fantasy|Thriller,"['Action', 'Fantasy', 'Thriller']",3,2007.0,12,2.25,0.8118441408859887,1.0,3.5,2007
51080,Breach (2007),Drama|Thriller,"['Drama', 'Thriller']",2,2007.0,8,3.5625,1.0835622468770048,2.0,4.5,2007
51082,Tyler Perry's Daddy's Little Girls (2007),Comedy|Romance,"['Comedy', 'Romance']",2,2007.0,1,2.0,0.0,2.0,2.0,2007
51084,Music and Lyrics (2007),Comedy|Romance,"['Comedy', 'Romance']",2,2007.0,10,3.1,0.9660917830792958,0.5,4.0,2007
51086,"Number 23, The (2007)",Drama|Mystery|Thriller,"['Drama', 'Mystery', 'Thriller']",3,2007.0,14,2.9285714285714284,0.937614461876991,0.5,4.0,2007
51088,Reno 911!: Miami (2007),Comedy,['Comedy'],1,2007.0,2,3.0,1.4142135623730951,2.0,4.0,2007
51091,Black Snake Moan (2006),Drama,['Drama'],1,2006.0,4,3.5,0.5773502691896257,3.0,4.0,2006
51167,My Father and My Son (Babam ve oglum) (2005),Drama,['Drama'],1,2005.0,1,4.5,0.0,4.5,4.5,2005
51174,Factory Girl (2006),Drama,['Drama'],1,2006.0,1,3.5,0.0,3.5,3.5,2006
51255,Hot Fuzz (2007),Action|Comedy|Crime|Mystery,"['Action', 'Comedy', 'Crime', 'Mystery']",4,2007.0,61,4.0,0.9128709291752768,1.0,5.0,2007
51314,Golden Door (Nuovomondo) (2006),Adventure|Drama|Romance,"['Adventure', 'Drama', 'Romance']",3,2006.0,1,4.5,0.0,4.5,4.5,2006
51412,Next (2007),Action|Sci-Fi|Thriller,"['Action', 'Sci-Fi', 'Thriller']",3,2007.0,14,2.821428571428572,1.1702587297283855,0.5,4.5,2007
51471,Amazing Grace (2006),Drama|Romance,"['Drama', 'Romance']",2,2006.0,1,3.0,0.0,3.0,3.0,2006
51498,2001 Maniacs (2005),Comedy|Horror,"['Comedy', 'Horror']",2,2005.0,2,3.25,0.3535533905932738,3.0,3.5,2005
51540,Zodiac (2007),Crime|Drama|Thriller,"['Crime', 'Drama', 'Thriller']",3,2007.0,38,3.710526315789474,0.8824993602889377,0.5,5.0,2007
51545,Pusher III: I'm the Angel of Death (2005),Action|Comedy|Drama|Horror|Thriller,"['Action', 'Comedy', 'Drama', 'Horror', 'Thriller']",5,2005.0,1,2.5,0.0,2.5,2.5,2005
51575,Wild Hogs (2007),Adventure|Comedy,"['Adventure', 'Comedy']",2,2007.0,5,2.3,0.570087712549569,1.5,3.0,2007
51662,300 (2007),Action|Fantasy|War|IMAX,"['Action', 'Fantasy', 'War', 'IMAX']",4,2007.0,80,3.68125,0.928602291182761,0.5,5.0,2007
51666,"Abandoned, The (2006)",Horror|Mystery|Thriller,"['Horror', 'Mystery', 'Thriller']",3,2006.0,1,2.0,0.0,2.0,2.0,2006
51694,Starter for 10 (2006),Drama|Romance,"['Drama', 'Romance']",2,2006.0,1,3.5,0.0,3.5,3.5,2006
51698,"Last Mimzy, The (2007)",Adventure|Children|Sci-Fi,"['Adventure', 'Children', 'Sci-Fi']",3,2007.0,2,3.0,0.7071067811865476,2.5,3.5,2007
51705,Priceless (Hors de prix) (2006),Comedy|Romance,"['Comedy', 'Romance']",2,2006.0,2,4.25,0.3535533905932738,4.0,4.5,2006
51709,"Host, The (Gwoemul) (2006)",Comedy|Drama|Horror|Sci-Fi|Thriller,"['Comedy', 'Drama', 'Horror', 'Sci-Fi', 'Thriller']",5,2006.0,7,4.0,0.7637626158259734,3.0,5.0,2006
51834,Becoming Jane (2007),Drama|Romance,"['Drama', 'Romance']",2,2007.0,6,2.9166666666666665,0.8010409893798611,1.5,4.0,2007
51884,"Namesake, The (2006)",Drama|Romance,"['Drama', 'Romance']",2,2006.0,3,3.6666666666666665,0.5773502691896258,3.0,4.0,2006
51903,I Think I Love My Wife (2007),Comedy|Drama|Romance,"['Comedy', 'Drama', 'Romance']",3,2007.0,1,2.5,0.0,2.5,2.5,2007
51925,Premonition (2007),Drama|Fantasy|Mystery|Thriller,"['Drama', 'Fantasy', 'Mystery', 'Thriller']",4,2007.0,3,3.5,0.0,3.5,3.5,2007
51927,Dead Silence (2007),Horror|Mystery|Thriller,"['Horror', 'Mystery', 'Thriller']",3,2007.0,2,3.25,0.3535533905932738,3.0,3.5,2007
51931,Reign Over Me (2007),Drama,['Drama'],1,2007.0,5,4.1,0.8944271909999161,3.0,5.0,2007
51933,Pride (2007),Drama,['Drama'],1,2007.0,1,2.5,0.0,2.5,2.5,2007
51935,Shooter (2007),Action|Drama|Thriller,"['Action', 'Drama', 'Thriller']",3,2007.0,25,3.86,0.7,2.5,5.0,2007
51937,"Hills Have Eyes II, The (2007)",Horror|Thriller,"['Horror', 'Thriller']",2,2007.0,2,2.5,0.7071067811865476,2.0,3.0,2007
51939,TMNT (Teenage Mutant Ninja Turtles) (2007),Action|Adventure|Animation|Children|Comedy|Fantasy,"['Action', 'Adventure', 'Animation', 'Children', 'Comedy', 'Fantasy']",6,2007.0,6,3.083333333333333,0.5845225972250061,2.5,4.0,2007
52042,Black Book (Zwartboek) (2006),Drama|Thriller|War,"['Drama', 'Thriller', 'War']",3,2006.0,1,2.5,0.0,2.5,2.5,2006
52241,"Lookout, The (2007)",Crime|Drama|Thriller,"['Crime', 'Drama', 'Thriller']",3,2007.0,6,3.25,0.8215838362577492,2.0,4.0,2007
52245,Blades of Glory (2007),Comedy|Romance,"['Comedy', 'Romance']",2,2007.0,17,3.088235294117647,0.9393364366277244,0.5,4.5,2007
52279,Are We Done Yet? (2007),Comedy,['Comedy'],1,2007.0,1,1.5,0.0,1.5,1.5,2007
52281,Grindhouse (2007),Action|Crime|Horror|Sci-Fi|Thriller,"['Action', 'Crime', 'Horror', 'Sci-Fi', 'Thriller']",5,2007.0,27,3.425925925925926,1.149445549482476,0.5,5.0,2007
52283,"Reaping, The (2007)",Horror|Thriller,"['Horror', 'Thriller']",2,2007.0,3,2.5,0.5,2.0,3.0,2007
52287,Meet the Robinsons (2007),Action|Adventure|Animation|Children|Comedy|Sci-Fi,"['Action', 'Adventure', 'Animation', 'Children', 'Comedy', 'Sci-Fi']",6,2007.0,11,3.5454545454545454,0.6875516509523287,2.0,4.5,2007
52299,American Hardcore (2006),Documentary,['Documentary'],1,2006.0,1,3.5,0.0,3.5,3.5,2006
52328,Sunshine (2007),Adventure|Drama|Sci-Fi|Thriller,"['Adventure', 'Drama', 'Sci-Fi', 'Thriller']",4,2007.0,14,3.642857142857143,0.8864052604279181,2.5,5.0,2007
52375,"Hoax, The (2007)",Crime|Drama,"['Crime', 'Drama']",2,2007.0,2,3.5,0.0,3.5,3.5,2007
52458,Disturbia (2007),Drama|Thriller,"['Drama', 'Thriller']",2,2007.0,10,3.15,0.7090682462060883,2.5,4.5,2007
52462,Aqua Teen Hunger Force Colon Movie Film for Theaters (2007),Action|Adventure|Animation|Comedy|Fantasy|Mystery|Sci-Fi,"['Action', 'Adventure', 'Animation', 'Comedy', 'Fantasy', 'Mystery', 'Sci-Fi']",7,2007.0,1,3.0,0.0,3.0,3.0,2007
52579,"Vie en Rose, La (Môme, La) (2007)",Drama|Musical,"['Drama', 'Musical']",2,2007.0,2,3.25,0.3535533905932738,3.0,3.5,2007
52604,Fracture (2007),Crime|Drama|Mystery|Thriller,"['Crime', 'Drama', 'Mystery', 'Thriller']",4,2007.0,12,3.6666666666666665,0.834847109936722,2.0,4.5,2007
52644,Vacancy (2007),Horror|Thriller,"['Horror', 'Thriller']",2,2007.0,2,3.75,0.3535533905932738,3.5,4.0,2007
52668,In the Land of Women (2007),Comedy|Drama|Romance,"['Comedy', 'Drama', 'Romance']",3,2007.0,2,4.0,0.0,4.0,4.0,2007
52694,Mr. Bean's Holiday (2007),Comedy,['Comedy'],1,2007.0,4,2.875,1.0307764064044151,1.5,4.0,2007
52712,"Invisible, The (2007)",Crime|Drama|Fantasy|Mystery|Thriller,"['Crime', 'Drama', 'Fantasy', 'Mystery', 'Thriller']",5,2007.0,3,2.333333333333333,1.6072751268321592,0.5,3.5,2007
52715,Kickin It Old Skool (2007),Comedy,['Comedy'],1,2007.0,1,2.0,0.0,2.0,2.0,2007
52722,Spider-Man 3 (2007),Action|Adventure|Sci-Fi|Thriller|IMAX,"['Action', 'Adventure', 'Sci-Fi', 'Thriller', 'IMAX']",5,2007.0,44,3.0,0.9584386527904591,1.0,5.0,2007
52724,Lucky You (2007),Comedy|Drama,"['Comedy', 'Drama']",2,2007.0,1,3.0,0.0,3.0,3.0,2007
52730,It's a Very Merry Muppet Christmas Movie (2002),Children|Comedy,"['Children', 'Comedy']",2,2002.0,2,1.5,1.4142135623730951,0.5,2.5,2002
52784,Sharkwater (2006),Documentary,['Documentary'],1,2006.0,1,4.0,0.0,4.0,4.0,2006
52867,"Ex, The (2007)",Comedy|Romance,"['Comedy', 'Romance']",2,2007.0,1,4.0,0.0,4.0,4.0,2007
52885,Paprika (Papurika) (2006),Animation|Mystery|Sci-Fi,"['Animation', 'Mystery', 'Sci-Fi']",3,2006.0,9,3.7777777777777777,0.8700255424092125,3.0,5.0,2006
52950,Day Watch (Dnevnoy dozor) (2006),Action|Fantasy|Horror|Thriller,"['Action', 'Fantasy', 'Horror', 'Thriller']",4,2006.0,2,2.5,0.7071067811865476,2.0,3.0,2006
52952,This Is England (2006),Drama,['Drama'],1,2006.0,8,4.0,0.5345224838248488,3.5,5.0,2006
52967,Away from Her (2006),Drama,['Drama'],1,2006.0,4,3.625,0.75,3.0,4.5,2006
52973,Knocked Up (2007),Comedy|Drama|Romance,"['Comedy', 'Drama', 'Romance']",3,2007.0,52,3.6538461538461537,0.7445123521701547,2.0,5.0,2007
52975,Hairspray (2007),Comedy|Drama|Musical,"['Comedy', 'Drama', 'Musical']",3,2007.0,15,3.5,0.5345224838248488,2.0,4.0,2007
53000,28 Weeks Later (2007),Horror|Sci-Fi|Thriller,"['Horror', 'Sci-Fi', 'Thriller']",3,2007.0,21,3.595238095238096,0.903037203262518,1.5,4.5,2007
53024,Jonestown: The Life and Death of Peoples Temple (2006),Documentary,['Documentary'],1,2006.0,4,3.875,0.629152869605896,3.0,4.5,2006
53121,Shrek the Third (2007),Adventure|Animation|Children|Comedy|Fantasy,"['Adventure', 'Animation', 'Children', 'Comedy', 'Fantasy']",5,2007.0,21,3.023809523809524,1.0425472468453223,1.0,5.0,2007
53123,Once (2006),Drama|Musical|Romance,"['Drama', 'Musical', 'Romance']",3,2006.0,9,3.9444444444444446,0.682112730989371,3.0,5.0,2006
53125,Pirates of the Caribbean: At World's End (2007),Action|Adventure|Comedy|Fantasy,"['Action', 'Adventure', 'Comedy', 'Fantasy']",4,2007.0,56,3.4375,0.9632449891335584,0.5,5.0,2007
53127,Bug (2007),Drama|Horror|Thriller,"['Drama', 'Horror', 'Thriller']",3,2007.0,4,2.875,1.600781059358212,0.5,4.0,2007
53129,Mr. Brooks (2007),Crime|Drama|Thriller,"['Crime', 'Drama', 'Thriller']",3,2007.0,7,4.0,0.5773502691896257,3.0,4.5,2007
53138,"Librarian: Return to King Solomon's Mines, The (2006)",Action|Adventure|Fantasy,"['Action', 'Adventure', 'Fantasy']",3,2006.0,2,3.5,0.0,3.5,3.5,2006
53140,"Librarian: Quest for the Spear, The (2004)",Action|Adventure|Comedy|Fantasy|Romance,"['Action', 'Adventure', 'Comedy', 'Fantasy', 'Romance']",5,2004.0,2,3.75,0.3535533905932738,3.5,4.0,2004
53143,Fay Grim (2006),Action|Thriller,"['Action', 'Thriller']",2,2006.0,1,2.0,0.0,2.0,2.0,2006
53161,"I'm a Cyborg, But That's OK (Saibogujiman kwenchana) (2006)",Comedy|Drama|Romance|Sci-Fi,"['Comedy', 'Drama', 'Romance', 'Sci-Fi']",4,2006.0,2,3.0,0.0,3.0,3.0,2006
53280,"Breed, The (2006)",Horror|Thriller,"['Horror', 'Thriller']",2,2006.0,1,5.0,0.0,5.0,5.0,2006
53318,Cashback (2006),Comedy|Drama|Romance,"['Comedy', 'Drama', 'Romance']",3,2006.0,4,3.25,1.1902380714238083,2.5,5.0,2006
53322,Ocean's Thirteen (2007),Crime|Thriller,"['Crime', 'Thriller']",2,2007.0,33,3.484848484848485,0.9226731585863748,1.0,5.0,2007
53326,Them (Ils) (2006),Horror,['Horror'],1,2006.0,1,2.0,0.0,2.0,2.0,2006
53435,Hostel: Part II (2007),Crime|Horror|Thriller,"['Crime', 'Horror', 'Thriller']",3,2007.0,4,2.0,1.2909944487358056,0.5,3.5,2007
53447,Paranoid Park (2007),Crime|Drama,"['Crime', 'Drama']",2,2007.0,1,4.0,0.0,4.0,4.0,2007
53460,Surf's Up (2007),Animation|Children|Comedy,"['Animation', 'Children', 'Comedy']",3,2007.0,7,3.5,0.4082482904638631,3.0,4.0,2007
53464,Fantastic Four: Rise of the Silver Surfer (2007),Action|Adventure|Sci-Fi,"['Action', 'Adventure', 'Sci-Fi']",3,2007.0,20,2.575,0.6742442162583931,1.0,3.5,2007
53466,Nancy Drew (2007),Adventure|Crime|Thriller,"['Adventure', 'Crime', 'Thriller']",3,2007.0,3,2.833333333333333,0.2886751345948129,2.5,3.0,2007
53468,Fido (2006),Comedy|Horror|Thriller,"['Comedy', 'Horror', 'Thriller']",3,2006.0,7,3.2857142857142856,0.5669467095138409,2.5,4.0,2006
53519,Death Proof (2007),Action|Adventure|Crime|Horror|Thriller,"['Action', 'Adventure', 'Crime', 'Horror', 'Thriller']",5,2007.0,26,3.1346153846153846,1.2771663345679942,0.5,5.0,2007
53550,Rescue Dawn (2006),Action|Adventure|Drama|War,"['Action', 'Adventure', 'Drama', 'War']",4,2006.0,3,3.333333333333333,0.7637626158259734,2.5,4.0,2006
53574,"TV Set, The (2006)",Comedy|Drama,"['Comedy', 'Drama']",2,2006.0,2,4.0,0.0,4.0,4.0,2006
53578,"Valet, The (La doublure) (2006)",Comedy,['Comedy'],1,2006.0,1,5.0,0.0,5.0,5.0,2006
53808,Bring It On: All or Nothing (2006),Comedy,['Comedy'],1,2006.0,1,2.0,0.0,2.0,2.0,2006
53883,"Power of Nightmares, The: The Rise of the Politics of Fear (2004)",Documentary,['Documentary'],1,2004.0,1,4.5,0.0,4.5,4.5,2004
53894,Sicko (2007),Documentary|Drama,"['Documentary', 'Drama']",2,2007.0,14,3.7142857142857135,0.5081749287811809,3.0,5.0,2007
53921,"Mighty Heart, A (2007)",Drama|Thriller,"['Drama', 'Thriller']",2,2007.0,1,3.5,0.0,3.5,3.5,2007
53953,1408 (2007),Drama|Horror|Thriller,"['Drama', 'Horror', 'Thriller']",3,2007.0,25,3.16,1.1339459128782698,0.5,5.0,2007
53956,Death at a Funeral (2007),Comedy,['Comedy'],1,2007.0,4,3.25,0.6454972243679029,2.5,4.0,2007
53972,Live Free or Die Hard (2007),Action|Adventure|Crime|Thriller,"['Action', 'Adventure', 'Crime', 'Thriller']",4,2007.0,32,3.40625,0.7120789644505047,1.5,4.5,2007
53974,License to Wed (2007),Comedy|Romance,"['Comedy', 'Romance']",2,2007.0,3,2.333333333333333,1.1547005383792517,1.0,3.0,2007
53993,Evan Almighty (2007),Comedy|Fantasy,"['Comedy', 'Fantasy']",2,2007.0,13,2.5384615384615383,1.1266014242982163,0.5,4.5,2007
53996,Transformers (2007),Action|Sci-Fi|Thriller|IMAX,"['Action', 'Sci-Fi', 'Thriller', 'IMAX']",4,2007.0,39,3.3461538461538463,1.0951678924030817,0.5,5.0,2007
54001,Harry Potter and the Order of the Phoenix (2007),Adventure|Drama|Fantasy|IMAX,"['Adventure', 'Drama', 'Fantasy', 'IMAX']",4,2007.0,58,3.8620689655172415,0.887501437845516,0.5,5.0,2007
54004,I Now Pronounce You Chuck and Larry (2007),Comedy|Romance,"['Comedy', 'Romance']",2,2007.0,11,3.4545454545454546,1.2135597524338355,0.5,5.0,2007
54116,First Snow (2006),Drama|Thriller,"['Drama', 'Thriller']",2,2006.0,2,3.25,0.3535533905932738,3.0,3.5,2006
54185,Manufactured Landscapes (2006),Documentary,['Documentary'],1,2006.0,2,3.75,0.3535533905932738,3.5,4.0,2006
54190,Across the Universe (2007),Drama|Fantasy|Musical|Romance,"['Drama', 'Fantasy', 'Musical', 'Romance']",4,2007.0,11,4.045454545454546,0.7229988054812211,3.0,5.0,2007
54256,Hot Rod (2007),Comedy,['Comedy'],1,2007.0,7,3.142857142857143,1.1443442705426587,1.5,4.5,2007
54259,Stardust (2007),Adventure|Comedy|Fantasy|Romance,"['Adventure', 'Comedy', 'Fantasy', 'Romance']",4,2007.0,34,3.602941176470588,0.967497645167488,1.0,5.0,2007
54272,"Simpsons Movie, The (2007)",Animation|Comedy,"['Animation', 'Comedy']",2,2007.0,46,3.619565217391304,0.7467320105982961,1.5,5.0,2007
54274,I Know Who Killed Me (2007),Crime|Drama|Thriller,"['Crime', 'Drama', 'Thriller']",3,2007.0,1,0.5,0.0,0.5,0.5,2007
54276,No Reservations (2007),Comedy|Drama|Romance,"['Comedy', 'Drama', 'Romance']",3,2007.0,2,3.25,0.3535533905932738,3.0,3.5,2007
54281,Charlie Bartlett (2007),Comedy|Drama,"['Comedy', 'Drama']",2,2007.0,5,3.5,0.6123724356957945,3.0,4.5,2007
54286,"Bourne Ultimatum, The (2007)",Action|Crime|Thriller,"['Action', 'Crime', 'Thriller']",3,2007.0,81,3.697530864197531,0.9639729390187746,0.5,5.0,2007
54354,China Blue (2005),Documentary,['Documentary'],1,2005.0,1,4.0,0.0,4.0,4.0,2005
54372,Tell No One (Ne le dis à personne) (2006),Crime|Drama|Mystery|Thriller,"['Crime', 'Drama', 'Mystery', 'Thriller']",4,2006.0,3,3.8333333333333335,0.2886751345948129,3.5,4.0,2006
54503,Superbad (2007),Comedy,['Comedy'],1,2007.0,55,3.863636363636364,0.8998690514537712,1.0,5.0,2007
54617,"Brice Man, The (Brice de Nice) (2005)",Comedy,['Comedy'],1,2005.0,1,3.5,0.0,3.5,3.5,2005
54648,Rush Hour 3 (2007),Action|Comedy|Crime|Thriller,"['Action', 'Comedy', 'Crime', 'Thriller']",4,2007.0,5,2.7,1.680773631397161,1.0,4.5,2007
54686,"Last Legion, The (2007)",Action|Adventure|Fantasy|War,"['Action', 'Adventure', 'Fantasy', 'War']",4,2007.0,1,3.0,0.0,3.0,3.0,2007
54732,Balls of Fury (2007),Comedy,['Comedy'],1,2007.0,3,2.833333333333333,0.7637626158259734,2.0,3.5,2007
54734,Sydney White (2007),Comedy,['Comedy'],1,2007.0,2,2.5,1.4142135623730951,1.5,3.5,2007
54736,"Kingdom, The (2007)",Action|Drama|Thriller,"['Action', 'Drama', 'Thriller']",3,2007.0,8,3.8125,0.8425090080061035,2.5,5.0,2007
54745,Rocket Science (2007),Comedy|Drama,"['Comedy', 'Drama']",2,2007.0,2,3.25,0.3535533905932738,3.0,3.5,2007
54768,Daddy Day Camp (2007),Children|Comedy,"['Children', 'Comedy']",2,2007.0,1,0.5,0.0,0.5,0.5,2007
54771,"Invasion, The (2007)",Action|Drama|Horror|Sci-Fi|Thriller,"['Action', 'Drama', 'Horror', 'Sci-Fi', 'Thriller']",5,2007.0,2,3.0,1.4142135623730951,2.0,4.0,2007
54780,"Nanny Diaries, The (2007)",Comedy|Drama|Romance,"['Comedy', 'Drama', 'Romance']",3,2007.0,3,3.1666666666666665,0.2886751345948129,3.0,3.5,2007
54785,Halloween (2007),Horror,['Horror'],1,2007.0,4,3.25,0.2886751345948129,3.0,3.5,2007
54787,Death Sentence (2007),Drama|Thriller,"['Drama', 'Thriller']",2,2007.0,1,3.5,0.0,3.5,3.5,2007
54796,2 Days in Paris (2007),Comedy|Drama|Romance,"['Comedy', 'Drama', 'Romance']",3,2007.0,1,3.5,0.0,3.5,3.5,2007
54881,"King of Kong, The (2007)",Documentary,['Documentary'],1,2007.0,12,3.9166666666666665,0.6685579234215216,3.0,5.0,2007
54908,Taxi 4 (2007),Action|Comedy,"['Action', 'Comedy']",2,2007.0,1,2.0,0.0,2.0,2.0,2007
54910,Behind the Mask: The Rise of Leslie Vernon (2006),Comedy|Horror|Thriller,"['Comedy', 'Horror', 'Thriller']",3,2006.0,1,4.0,0.0,4.0,4.0,2006
54934,"Brothers Solomon, The (2007)",Comedy,['Comedy'],1,2007.0,1,0.5,0.0,0.5,0.5,2007
54962,"Nines, The (2007)",Drama|Mystery,"['Drama', 'Mystery']",2,2007.0,1,2.5,0.0,2.5,2.5,2007
54995,Planet Terror (2007),Action|Horror|Sci-Fi,"['Action', 'Horror', 'Sci-Fi']",3,2007.0,22,3.7954545454545454,1.0763595047890753,0.5,5.0,2007
54997,3:10 to Yuma (2007),Action|Crime|Drama|Western,"['Action', 'Crime', 'Drama', 'Western']",4,2007.0,25,4.06,0.768114574786861,2.0,5.0,2007
54999,Shoot 'Em Up (2007),Action|Comedy|Crime,"['Action', 'Comedy', 'Crime']",3,2007.0,12,3.458333333333333,0.9404624909956256,1.5,5.0,2007
55020,"Ten, The (2007)",Comedy,['Comedy'],1,2007.0,1,4.5,0.0,4.5,4.5,2007
55052,Atonement (2007),Drama|Romance|War,"['Drama', 'Romance', 'War']",3,2007.0,13,3.5384615384615383,0.92334397846312,1.5,5.0,2007
55061,Electroma (2006),Drama|Sci-Fi,"['Drama', 'Sci-Fi']",2,2006.0,1,1.0,0.0,1.0,1.0,2006
55067,Requiem (2006),Drama|Thriller,"['Drama', 'Thriller']",2,2006.0,1,3.5,0.0,3.5,3.5,2006
55069,"4 Months, 3 Weeks and 2 Days (4 luni, 3 saptamâni si 2 zile) (2007)",Drama,['Drama'],1,2007.0,3,4.0,0.0,4.0,4.0,2007
55071,No End in Sight (2007),Documentary,['Documentary'],1,2007.0,1,4.0,0.0,4.0,4.0,2007
55080,"Brave One, The (2007)",Crime|Drama|Thriller,"['Crime', 'Drama', 'Thriller']",3,2007.0,2,3.25,1.0606601717798212,2.5,4.0,2007
55094,In the Valley of Elah (2007),Drama|Mystery,"['Drama', 'Mystery']",2,2007.0,3,3.5,0.5,3.0,4.0,2007
55110,December Boys (2007),Drama,['Drama'],1,2007.0,1,3.0,0.0,3.0,3.0,2007
55112,Shanghai Kiss (2007),Comedy|Drama|Romance,"['Comedy', 'Drama', 'Romance']",3,2007.0,1,4.0,0.0,4.0,4.0,2007
55116,"Hunting Party, The (2007)",Action|Adventure|Comedy|Drama|Thriller,"['Action', 'Adventure', 'Comedy', 'Drama', 'Thriller']",5,2007.0,3,2.6666666666666665,0.2886751345948129,2.5,3.0,2007
55118,Eastern Promises (2007),Crime|Drama|Thriller,"['Crime', 'Drama', 'Thriller']",3,2007.0,19,4.026315789473684,0.7354832917984064,2.0,5.0,2007
55156,"Unreasonable Man, An (2006)",Documentary,['Documentary'],1,2006.0,1,4.0,0.0,4.0,4.0,2006
55167,Tekkonkinkreet (Tekkon kinkurîto) (2006),Action|Adventure|Animation|Crime|Fantasy,"['Action', 'Adventure', 'Animation', 'Crime', 'Fantasy']",5,2006.0,4,4.625,0.4787135538781689,4.0,5.0,2006
55190,Love and Other Disasters (2006),Comedy|Romance,"['Comedy', 'Romance']",2,2006.0,1,3.0,0.0,3.0,3.0,2006
55205,Interview (2007),Drama,['Drama'],1,2007.0,1,2.5,0.0,2.5,2.5,2007
55207,Cashback (2004),Comedy|Drama,"['Comedy', 'Drama']",2,2004.0,1,3.0,0.0,3.0,3.0,2004
55232,Resident Evil: Extinction (2007),Action|Horror|Sci-Fi|Thriller,"['Action', 'Horror', 'Sci-Fi', 'Thriller']",4,2007.0,10,2.95,0.6433419688539593,1.5,3.5,2007
55241,Mr. Woodcock (2007),Comedy,['Comedy'],1,2007.0,3,2.6666666666666665,2.0207259421636903,0.5,4.5,2007
55245,Good Luck Chuck (2007),Comedy|Romance,"['Comedy', 'Romance']",2,2007.0,4,3.25,0.8660254037844386,2.5,4.5,2007
55247,Into the Wild (2007),Action|Adventure|Drama,"['Action', 'Adventure', 'Drama']",3,2007.0,41,3.902439024390244,0.8818978979672332,1.5,5.0,2007
55250,"Game Plan, The (2007)",Comedy,['Comedy'],1,2007.0,3,2.6666666666666665,0.7637626158259733,2.0,3.5,2007
55253,"Lust, Caution (Se, jie) (2007)",Drama|Romance|Thriller|War,"['Drama', 'Romance', 'Thriller', 'War']",4,2007.0,4,3.75,0.2886751345948129,3.5,4.0,2007
55259,"Seeker: The Dark Is Rising, The (2007)",Action|Adventure|Drama|Fantasy,"['Action', 'Adventure', 'Drama', 'Fantasy']",4,2007.0,1,1.0,0.0,1.0,1.0,2007
55261,"Heartbreak Kid, The (2007)",Comedy|Drama|Romance,"['Comedy', 'Drama', 'Romance']",3,2007.0,8,2.5,0.8864052604279183,1.0,3.5,2007
55267,Dan in Real Life (2007),Comedy|Drama|Romance,"['Comedy', 'Drama', 'Romance']",3,2007.0,9,3.388888888888889,0.8207381501496754,2.5,5.0,2007
55269,"Darjeeling Limited, The (2007)",Adventure|Comedy|Drama,"['Adventure', 'Comedy', 'Drama']",3,2007.0,21,3.4285714285714284,0.7464200272921789,2.0,4.5,2007
55272,We Own the Night (2007),Crime|Drama,"['Crime', 'Drama']",2,2007.0,2,3.75,0.3535533905932738,3.5,4.0,2007
55274,Elizabeth: The Golden Age (2007),Drama,['Drama'],1,2007.0,2,2.75,0.3535533905932738,2.5,3.0,2007
55276,Michael Clayton (2007),Drama|Thriller,"['Drama', 'Thriller']",2,2007.0,17,3.911764705882353,0.9879792210246482,1.5,5.0,2007
55278,Sleuth (2007),Drama|Mystery|Thriller,"['Drama', 'Mystery', 'Thriller']",3,2007.0,2,4.25,0.3535533905932738,4.0,4.5,2007
55280,Lars and the Real Girl (2007),Comedy|Drama,"['Comedy', 'Drama']",2,2007.0,8,3.5625,1.3211872366495652,0.5,5.0,2007
55282,30 Days of Night (2007),Horror|Thriller,"['Horror', 'Thriller']",2,2007.0,11,3.1818181818181817,0.7166842844909908,2.0,4.5,2007
55290,Gone Baby Gone (2007),Crime|Drama|Mystery,"['Crime', 'Drama', 'Mystery']",3,2007.0,20,3.45,1.02469507659596,1.0,5.0,2007
55292,"Comebacks, The (2007)",Comedy,['Comedy'],1,2007.0,2,0.75,0.3535533905932738,0.5,1.0,2007
55294,Weirdsville (2007),Comedy|Crime|Drama,"['Comedy', 'Crime', 'Drama']",3,2007.0,1,2.5,0.0,2.5,2.5,2007
55363,"Assassination of Jesse James by the Coward Robert Ford, The (2007)",Crime|Drama|Western,"['Crime', 'Drama', 'Western']",3,2007.0,10,4.1,0.9067647005823628,3.0,5.0,2007
55391,10th & Wolf (2006),Crime|Drama|Thriller,"['Crime', 'Drama', 'Thriller']",3,2006.0,1,4.5,0.0,4.5,4.5,2006
55442,Persepolis (2007),Animation|Drama,"['Animation', 'Drama']",2,2007.0,11,4.181818181818182,0.4622081388685877,3.5,5.0,2007
55444,Control (2007),Drama,['Drama'],1,2007.0,3,4.166666666666667,0.7637626158259734,3.5,5.0,2007
55451,The Jane Austen Book Club (2007),Comedy|Drama|Romance,"['Comedy', 'Drama', 'Romance']",3,2007.0,2,3.5,0.0,3.5,3.5,2007
55492,"Last Winter, The (2006)",Horror,['Horror'],1,2006.0,1,4.0,0.0,4.0,4.0,2006
55553,Black Sheep (2006),Comedy|Horror,"['Comedy', 'Horror']",2,2006.0,3,2.333333333333333,1.1547005383792517,1.0,3.0,2006
55555,"Edge of Heaven, The (Auf der anderen Seite) (2007)",Drama,['Drama'],1,2007.0,1,3.5,0.0,3.5,3.5,2007
55577,Saw IV (2007),Crime|Horror|Thriller,"['Crime', 'Horror', 'Thriller']",3,2007.0,5,3.2,0.8366600265340756,2.5,4.5,2007
55620,For the Bible Tells Me So (2007),Documentary,['Documentary'],1,2007.0,2,3.25,0.3535533905932738,3.0,3.5,2007
55687,My Kid Could Paint That (2007),Documentary,['Documentary'],1,2007.0,1,4.5,0.0,4.5,4.5,2007
55721,Elite Squad (Tropa de Elite) (2007),Action|Crime|Drama|Thriller,"['Action', 'Crime', 'Drama', 'Thriller']",4,2007.0,10,4.3,0.5868938953886337,3.5,5.0,2007
55729,King of California (2007),Comedy,['Comedy'],1,2007.0,1,3.0,0.0,3.0,3.0,2007
55765,American Gangster (2007),Crime|Drama|Thriller,"['Crime', 'Drama', 'Thriller']",3,2007.0,37,3.905405405405405,0.8806392709421523,1.0,5.0,2007
55768,Bee Movie (2007),Animation|Comedy,"['Animation', 'Comedy']",2,2007.0,10,3.15,0.5296749527356901,2.5,4.0,2007
55805,Before the Devil Knows You're Dead (2007),Crime|Drama|Thriller,"['Crime', 'Drama', 'Thriller']",3,2007.0,1,3.0,0.0,3.0,3.0,2007
55814,"Diving Bell and the Butterfly, The (Scaphandre et le papillon, Le) (2007)",Drama,['Drama'],1,2007.0,5,4.1,0.5477225575051662,3.5,5.0,2007
55820,No Country for Old Men (2007),Crime|Drama,"['Crime', 'Drama']",2,2007.0,64,3.8984375,1.0086124662836848,0.5,5.0,2007
55830,Be Kind Rewind (2008),Comedy,['Comedy'],1,2008.0,10,3.4,0.6992058987801011,2.0,4.5,2008
55844,Itty Bitty Titty Committee (2007),Comedy|Drama|Romance,"['Comedy', 'Drama', 'Romance']",3,2007.0,1,3.5,0.0,3.5,3.5,2007
55872,August Rush (2007),Drama|Musical,"['Drama', 'Musical']",2,2007.0,6,3.5,0.6324555320336759,3.0,4.5,2007
55908,"Man from Earth, The (2007)",Drama|Sci-Fi,"['Drama', 'Sci-Fi']",2,2007.0,8,4.1875,0.7529703086538578,3.0,5.0,2007
55946,Lions For Lambs (2007),Drama|Thriller|War,"['Drama', 'Thriller', 'War']",3,2007.0,2,4.0,1.4142135623730951,3.0,5.0,2007
55995,Beowulf (2007),Action|Adventure|Animation|Fantasy|IMAX,"['Action', 'Adventure', 'Animation', 'Fantasy', 'IMAX']",5,2007.0,8,2.5625,0.6781013409302689,1.5,3.5,2007
56003,Southland Tales (2006),Comedy|Drama|Sci-Fi|Thriller,"['Comedy', 'Drama', 'Sci-Fi', 'Thriller']",4,2006.0,2,3.0,0.0,3.0,3.0,2006
56012,"Evening with Kevin Smith 2: Evening Harder, An (2006)",Comedy|Documentary,"['Comedy', 'Documentary']",2,2006.0,2,2.75,1.0606601717798212,2.0,3.5,2006
56060,I Served the King of England (Obsluhoval jsem anglického krále) (2006),Comedy|Drama|Romance|War,"['Comedy', 'Drama', 'Romance', 'War']",4,2006.0,1,4.5,0.0,4.5,4.5,2006
56145,"Mist, The (2007)",Horror|Sci-Fi,"['Horror', 'Sci-Fi']",2,2007.0,14,3.4285714285714284,1.3134971356172518,0.5,5.0,2007
56152,Enchanted (2007),Adventure|Animation|Children|Comedy|Fantasy|Musical|Romance,"['Adventure', 'Animation', 'Children', 'Comedy', 'Fantasy', 'Musical', 'Romance']",7,2007.0,17,3.676470588235294,0.5285941398709243,3.0,4.5,2007
56156,Hitman (2007),Action|Crime|Thriller,"['Action', 'Crime', 'Thriller']",3,2007.0,7,3.2857142857142856,0.8591246929842246,2.0,4.5,2007
56169,Awake (2007),Drama|Thriller,"['Drama', 'Thriller']",2,2007.0,1,4.0,0.0,4.0,4.0,2007
56171,"Golden Compass, The (2007)",Adventure|Children|Fantasy,"['Adventure', 'Children', 'Fantasy']",3,2007.0,18,3.111111111111111,0.9633818428657448,0.5,5.0,2007
56174,I Am Legend (2007),Action|Horror|Sci-Fi|Thriller|IMAX,"['Action', 'Horror', 'Sci-Fi', 'Thriller', 'IMAX']",5,2007.0,62,3.4838709677419355,0.7942815184924804,1.0,5.0,2007
56176,Alvin and the Chipmunks (2007),Children|Comedy,"['Children', 'Comedy']",2,2007.0,3,1.5,0.8660254037844386,0.5,2.0,2007
56251,Futurama: Bender's Big Score (2007),Animation|Comedy|Sci-Fi,"['Animation', 'Comedy', 'Sci-Fi']",3,2007.0,10,3.9,0.6146362971528592,3.0,5.0,2007
56274,Margot at the Wedding (2007),Drama,['Drama'],1,2007.0,1,3.0,0.0,3.0,3.0,2007
56286,I'm Not There (2007),Drama,['Drama'],1,2007.0,2,3.5,0.7071067811865476,3.0,4.0,2007
56333,"Savages, The (2007)",Comedy|Drama,"['Comedy', 'Drama']",2,2007.0,1,3.5,0.0,3.5,3.5,2007
56336,Wrong Turn 2: Dead End (2007),Action|Horror|Thriller,"['Action', 'Horror', 'Thriller']",3,2007.0,2,3.0,1.4142135623730951,2.0,4.0,2007
56339,"Orphanage, The (Orfanato, El) (2007)",Drama|Horror|Mystery|Thriller,"['Drama', 'Horror', 'Mystery', 'Thriller']",4,2007.0,8,3.875,0.4432026302139591,3.5,4.5,2007
56367,Juno (2007),Comedy|Drama|Romance,"['Comedy', 'Drama', 'Romance']",3,2007.0,65,3.769230769230769,0.9103438699406182,0.5,5.0,2007
56379,"Maxed Out: Hard Times, Easy Credit and the Era of Predatory Lenders (2006)",Documentary,['Documentary'],1,2006.0,2,3.0,0.7071067811865476,2.5,3.5,2006
56389,My Blueberry Nights (2007),Drama|Romance,"['Drama', 'Romance']",2,2007.0,1,4.0,0.0,4.0,4.0,2007
56563,Helvetica (2007),Documentary,['Documentary'],1,2007.0,4,3.25,0.6454972243679028,2.5,4.0,2007
56587,"Bucket List, The (2007)",Comedy|Drama,"['Comedy', 'Drama']",2,2007.0,13,3.230769230769231,0.7531983087525439,2.0,4.5,2007
56607,"Kite Runner, The (2007)",Drama,['Drama'],1,2007.0,3,3.333333333333333,0.7637626158259734,2.5,4.0,2007
56620,"Deaths of Ian Stone, The (2007)",Horror|Thriller,"['Horror', 'Thriller']",2,2007.0,1,3.0,0.0,3.0,3.0,2007
56715,Wristcutters: A Love Story (2006),Drama|Fantasy|Romance,"['Drama', 'Fantasy', 'Romance']",3,2006.0,6,4.0,0.7071067811865477,3.0,5.0,2006
56757,Sweeney Todd: The Demon Barber of Fleet Street (2007),Drama|Horror|Musical|Thriller,"['Drama', 'Horror', 'Musical', 'Thriller']",4,2007.0,30,3.716666666666667,0.8578575290978595,1.0,5.0,2007
56775,National Treasure: Book of Secrets (2007),Action|Adventure,"['Action', 'Adventure']",2,2007.0,24,3.0416666666666665,0.919790461329983,0.5,4.0,2007
56782,There Will Be Blood (2007),Drama|Western,"['Drama', 'Western']",2,2007.0,28,4.142857142857143,0.8034317926884931,2.0,5.0,2007
56788,Charlie Wilson's War (2007),Comedy|Drama|War,"['Comedy', 'Drama', 'War']",3,2007.0,8,3.375,1.246423454758225,1.0,4.5,2007
56801,AVPR: Aliens vs. Predator - Requiem (2007),Action|Horror|Sci-Fi,"['Action', 'Horror', 'Sci-Fi']",3,2007.0,6,2.583333333333333,1.114300976696452,1.0,4.0,2007
56805,Walk Hard: The Dewey Cox Story (2007),Comedy|Musical,"['Comedy', 'Musical']",2,2007.0,5,3.3,0.758287544405155,2.5,4.5,2007
56837,As You Like It (2006),Comedy|Drama|Romance,"['Comedy', 'Drama', 'Romance']",3,2006.0,1,3.0,0.0,3.0,3.0,2006
56869,Drained (O cheiro do Ralo) (2006),Comedy,['Comedy'],1,2006.0,1,4.0,0.0,4.0,4.0,2006
56908,Dedication (2007),Comedy|Drama|Romance,"['Comedy', 'Drama', 'Romance']",3,2007.0,1,4.0,0.0,4.0,4.0,2007
56915,"Water Horse: Legend of the Deep, The (2007)",Adventure|Children|Fantasy,"['Adventure', 'Children', 'Fantasy']",3,2007.0,1,4.0,0.0,4.0,4.0,2007
56921,Battlestar Galactica: Razor (2007),Action|Drama|Sci-Fi|Thriller,"['Action', 'Drama', 'Sci-Fi', 'Thriller']",4,2007.0,5,3.8,1.1510864433221335,2.0,5.0,2007
56941,P.S. I Love You (2007),Comedy|Drama|Romance,"['Comedy', 'Drama', 'Romance']",3,2007.0,11,3.090909090909091,1.2210278829367864,0.5,5.0,2007
56949,27 Dresses (2008),Comedy|Romance,"['Comedy', 'Romance']",2,2008.0,20,3.3,0.937521929568078,0.5,5.0,2008
57147,Cassandra's Dream (2007),Crime|Drama|Thriller,"['Crime', 'Drama', 'Thriller']",3,2007.0,1,4.0,0.0,4.0,4.0,2007
57183,Like Stars on Earth (Taare Zameen Par) (2007),Drama,['Drama'],1,2007.0,2,4.5,0.7071067811865476,4.0,5.0,2007
57243,"Band's Visit, The (Bikur Ha-Tizmoret) (2007)",Comedy|Drama,"['Comedy', 'Drama']",2,2007.0,3,3.5,0.5,3.0,4.0,2007
57274,[REC] (2007),Drama|Horror|Thriller,"['Drama', 'Horror', 'Thriller']",3,2007.0,8,4.0625,0.8210402808980464,3.0,5.0,2007
57326,In the Name of the King: A Dungeon Siege Tale (2008),Action|Adventure|Fantasy,"['Action', 'Adventure', 'Fantasy']",3,2008.0,1,0.5,0.0,0.5,0.5,2008
57368,Cloverfield (2008),Action|Mystery|Sci-Fi|Thriller,"['Action', 'Mystery', 'Sci-Fi', 'Thriller']",4,2008.0,27,3.351851851851852,0.8859459830600762,2.0,5.0,2008
57421,Hatchet (2006),Comedy|Horror,"['Comedy', 'Horror']",2,2006.0,1,4.0,0.0,4.0,4.0,2006
57502,Cat Soup (Nekojiru-so) (2001),Adventure|Animation|Drama|Horror,"['Adventure', 'Animation', 'Drama', 'Horror']",4,2001.0,1,4.0,0.0,4.0,4.0,2001
57504,"Girl Who Leapt Through Time, The (Toki o kakeru shôjo) (2006)",Animation|Comedy|Drama|Romance|Sci-Fi,"['Animation', 'Comedy', 'Drama', 'Romance', 'Sci-Fi']",5,2006.0,10,4.1,0.737864787372622,3.0,5.0,2006
57522,First Sunday (2008),Comedy|Crime,"['Comedy', 'Crime']",2,2008.0,1,3.5,0.0,3.5,3.5,2008
57526,Untraceable (2008),Crime|Thriller,"['Crime', 'Thriller']",2,2008.0,1,3.0,0.0,3.0,3.0,2008
57528,Rambo (Rambo 4) (2008),Action|Drama|Thriller|War,"['Action', 'Drama', 'Thriller', 'War']",4,2008.0,9,3.2777777777777777,0.7120003121097942,2.0,4.0,2008
57532,Meet the Spartans (2008),Comedy,['Comedy'],1,2008.0,3,2.5,1.7320508075688772,0.5,3.5,2008
57536,Strange Wilderness (2008),Comedy,['Comedy'],1,2008.0,2,3.25,0.3535533905932738,3.0,3.5,2008
57637,"Signal, The (2007)",Horror|Sci-Fi|Thriller,"['Horror', 'Sci-Fi', 'Thriller']",3,2007.0,1,3.5,0.0,3.5,3.5,2007
57640,Hellboy II: The Golden Army (2008),Action|Adventure|Fantasy|Sci-Fi,"['Action', 'Adventure', 'Fantasy', 'Sci-Fi']",4,2008.0,18,3.8055555555555554,0.4582219115902663,3.0,4.5,2008
57669,In Bruges (2008),Comedy|Crime|Drama|Thriller,"['Comedy', 'Crime', 'Drama', 'Thriller']",4,2008.0,41,4.158536585365853,0.6748983663323308,2.5,5.0,2008
57843,Rise of the Footsoldier (2007),Action|Crime|Drama,"['Action', 'Crime', 'Drama']",3,2007.0,1,4.5,0.0,4.5,4.5,2007
57910,Teeth (2007),Comedy|Horror,"['Comedy', 'Horror']",2,2007.0,1,2.0,0.0,2.0,2.0,2007
57951,Fool's Gold (2008),Action|Adventure|Comedy|Romance,"['Action', 'Adventure', 'Comedy', 'Romance']",4,2008.0,3,2.333333333333333,1.6072751268321592,0.5,3.5,2008
58025,Jumper (2008),Action|Adventure|Drama|Sci-Fi|Thriller,"['Action', 'Adventure', 'Drama', 'Sci-Fi', 'Thriller']",5,2008.0,18,3.0,0.857492925712544,1.5,4.5,2008
58047,"Definitely, Maybe (2008)",Comedy|Drama|Romance,"['Comedy', 'Drama', 'Romance']",3,2008.0,14,3.4285714285714284,0.8052028616141701,2.0,5.0,2008
58078,"Air I Breathe, The (2007)",Crime|Drama|Romance|Thriller,"['Crime', 'Drama', 'Romance', 'Thriller']",4,2007.0,1,3.0,0.0,3.0,3.0,2007
58103,Vantage Point (2008),Action|Drama|Thriller,"['Action', 'Drama', 'Thriller']",3,2008.0,6,3.4166666666666665,0.5845225972250061,2.5,4.0,2008
58105,"Spiderwick Chronicles, The (2008)",Adventure|Children|Drama|Fantasy|IMAX,"['Adventure', 'Children', 'Drama', 'Fantasy', 'IMAX']",5,2008.0,5,3.4,0.8215838362577492,2.0,4.0,2008
58107,Step Up 2 the Streets (2008),Drama|Musical|Romance,"['Drama', 'Musical', 'Romance']",3,2008.0,2,3.25,1.0606601717798212,2.5,4.0,2008
58154,"Other Boleyn Girl, The (2008)",Drama|Romance,"['Drama', 'Romance']",2,2008.0,7,3.7857142857142856,0.4879500364742665,3.0,4.5,2008
58156,Semi-Pro (2008),Comedy,['Comedy'],1,2008.0,10,2.9,0.6582805886043832,1.5,3.5,2008
58162,Run Fatboy Run (2007),Comedy|Romance,"['Comedy', 'Romance']",2,2007.0,7,3.0,0.8660254037844386,1.5,4.0,2007
58191,Taxi to the Dark Side (2007),Documentary,['Documentary'],1,2007.0,1,4.0,0.0,4.0,4.0,2007
58287,Descent (2007),Drama|Thriller,"['Drama', 'Thriller']",2,2007.0,1,1.0,0.0,1.0,1.0,2007
58291,College Road Trip (2008),Comedy,['Comedy'],1,2008.0,1,4.5,0.0,4.5,4.5,2008
58293,"10,000 BC (2008)",Adventure|Romance|Thriller,"['Adventure', 'Romance', 'Thriller']",3,2008.0,17,2.7058823529411766,0.9363964092701966,0.5,4.0,2008
58295,"Bank Job, The (2008)",Action|Crime|Thriller,"['Action', 'Crime', 'Thriller']",3,2008.0,13,3.615384615384616,0.8454250941056752,2.0,5.0,2008
58297,Doomsday (2008),Action|Drama|Sci-Fi|Thriller,"['Action', 'Drama', 'Sci-Fi', 'Thriller']",4,2008.0,1,4.0,0.0,4.0,4.0,2008
58299,Horton Hears a Who! (2008),Adventure|Animation|Children|Comedy,"['Adventure', 'Animation', 'Children', 'Comedy']",4,2008.0,8,3.4375,0.4955156044825574,3.0,4.0,2008
58301,Funny Games U.S. (2007),Drama|Thriller,"['Drama', 'Thriller']",2,2007.0,4,4.375,0.629152869605896,3.5,5.0,2007
58303,"Counterfeiters, The (Die Fälscher) (2007)",Crime|Drama|War,"['Crime', 'Drama', 'War']",3,2007.0,3,3.333333333333333,1.607275126832159,1.5,4.5,2007
58306,Mongol (2007),Drama|War,"['Drama', 'War']",2,2007.0,1,2.5,0.0,2.5,2.5,2007
58309,War Dance (2007),Documentary,['Documentary'],1,2007.0,1,4.5,0.0,4.5,4.5,2007
58315,"Love Guru, The (2008)",Comedy,['Comedy'],1,2008.0,4,2.125,1.25,0.5,3.5,2008
58332,Diary of the Dead (2007),Horror|Sci-Fi,"['Horror', 'Sci-Fi']",2,2007.0,3,2.833333333333333,0.7637626158259733,2.0,3.5,2007
58347,Penelope (2006),Comedy|Fantasy|Romance,"['Comedy', 'Fantasy', 'Romance']",3,2006.0,4,3.5,1.0801234497346437,2.0,4.5,2006
58351,City of Men (Cidade dos Homens) (2007),Drama,['Drama'],1,2007.0,1,4.0,0.0,4.0,4.0,2007
58376,Zeitgeist: The Movie (2007),Documentary|War,"['Documentary', 'War']",2,2007.0,2,3.75,1.0606601717798212,3.0,4.5,2007
58404,Justice League: The New Frontier (2008) ,Action|Adventure|Animation|Fantasy|Sci-Fi,"['Action', 'Adventure', 'Animation', 'Fantasy', 'Sci-Fi']",5,2008.0,2,2.75,0.3535533905932738,2.5,3.0,2008
58425,Heima (2007),Documentary,['Documentary'],1,2007.0,3,4.166666666666667,0.7637626158259734,3.5,5.0,2007
58492,Snow Angels (2007),Drama,['Drama'],1,2007.0,1,3.0,0.0,3.0,3.0,2007
58554,"Class, The (Klass) (2007)",Drama,['Drama'],1,2007.0,2,3.5,2.1213203435596424,2.0,5.0,2007
58559,"Dark Knight, The (2008)",Action|Crime|Drama|IMAX,"['Action', 'Crime', 'Drama', 'IMAX']",4,2008.0,149,4.238255033557047,0.7249974198869505,2.0,5.0,2008
58627,Never Back Down (2008),Action,['Action'],1,2008.0,1,3.5,0.0,3.5,3.5,2008
58655,Drillbit Taylor (2008),Comedy,['Comedy'],1,2008.0,2,3.5,2.1213203435596424,2.0,5.0,2008
58783,Youth Without Youth (2007),Drama|Romance|Sci-Fi,"['Drama', 'Romance', 'Sci-Fi']",3,2007.0,1,2.5,0.0,2.5,2.5,2007
58803,21 (2008),Crime|Drama|Romance|Thriller,"['Crime', 'Drama', 'Romance', 'Thriller']",4,2008.0,18,3.75,0.6697233845138647,2.0,5.0,2008
58806,Smart People (2008),Comedy|Drama|Romance,"['Comedy', 'Drama', 'Romance']",3,2008.0,2,2.75,0.3535533905932738,2.5,3.0,2008
58826,"Shepherd: Border Patrol, The (2008)",Action|Crime|Thriller,"['Action', 'Crime', 'Thriller']",3,2008.0,1,2.5,0.0,2.5,2.5,2008
58839,Leatherheads (2008),Comedy|Drama|Romance,"['Comedy', 'Drama', 'Romance']",3,2008.0,4,2.375,0.9464847243000456,1.0,3.0,2008
58842,Assembly (Ji jie hao) (2007) ,Action|Drama|War,"['Action', 'Drama', 'War']",3,2007.0,1,4.5,0.0,4.5,4.5,2007
58870,Zebraman (2004),Comedy,['Comedy'],1,2004.0,2,3.5,0.7071067811865476,3.0,4.0,2004
58876,Stop-Loss (2008),Drama|War,"['Drama', 'War']",2,2008.0,2,3.25,0.3535533905932738,3.0,3.5,2008
58879,Shine a Light (2008),Documentary|Musical|IMAX,"['Documentary', 'Musical', 'IMAX']",3,2008.0,1,3.5,0.0,3.5,3.5,2008
58964,Inside (À l'intérieur) (2007),Horror|Thriller,"['Horror', 'Thriller']",2,2007.0,1,4.0,0.0,4.0,4.0,2007
58972,Nim's Island (2008),Adventure|Comedy|Fantasy,"['Adventure', 'Comedy', 'Fantasy']",3,2008.0,2,3.0,0.7071067811865476,2.5,3.5,2008
58975,"Ruins, The (2008)",Horror|Thriller,"['Horror', 'Thriller']",2,2008.0,1,3.5,0.0,3.5,3.5,2008
58998,Forgetting Sarah Marshall (2008),Comedy|Romance,"['Comedy', 'Romance']",2,2008.0,39,3.769230769230769,0.9448346683982798,1.0,5.0,2008
59014,Superhero Movie (2008),Action|Comedy|Sci-Fi,"['Action', 'Comedy', 'Sci-Fi']",3,2008.0,3,2.0,1.5,0.5,3.5,2008
59016,Street Kings (2008),Crime|Drama|Thriller,"['Crime', 'Drama', 'Thriller']",3,2008.0,1,2.5,0.0,2.5,2.5,2008
59018,"Visitor, The (2007)",Drama|Romance,"['Drama', 'Romance']",2,2007.0,1,4.5,0.0,4.5,4.5,2007
59022,Harold & Kumar Escape from Guantanamo Bay (2008),Adventure|Comedy,"['Adventure', 'Comedy']",2,2008.0,13,3.3076923076923075,0.6626481450231066,2.0,4.0,2008
59026,99 francs (2007),Comedy,['Comedy'],1,2007.0,1,4.0,0.0,4.0,4.0,2007
59037,Speed Racer (2008),Action|Children|Sci-Fi|IMAX,"['Action', 'Children', 'Sci-Fi', 'IMAX']",4,2008.0,3,3.1666666666666665,0.7637626158259734,2.5,4.0,2008
59103,"Forbidden Kingdom, The (2008)",Action|Adventure|Comedy|Fantasy,"['Action', 'Adventure', 'Comedy', 'Fantasy']",4,2008.0,3,3.8333333333333335,0.7637626158259733,3.0,4.5,2008
59118,Happy-Go-Lucky (2008),Comedy|Drama,"['Comedy', 'Drama']",2,2008.0,1,3.5,0.0,3.5,3.5,2008
59126,Religulous (2008),Comedy|Documentary,"['Comedy', 'Documentary']",2,2008.0,5,3.8,0.570087712549569,3.0,4.5,2008
59129,Outpost (2008),Action|Horror,"['Action', 'Horror']",2,2008.0,2,2.0,0.7071067811865476,1.5,2.5,2008
59131,Are You Scared? (2006),Horror,['Horror'],1,2006.0,1,3.5,0.0,3.5,3.5,2006
59141,Son of Rambow (2007),Children|Comedy|Drama,"['Children', 'Comedy', 'Drama']",3,2007.0,3,4.666666666666667,0.2886751345948129,4.5,5.0,2007
59143,Super High Me (2007),Comedy|Documentary,"['Comedy', 'Documentary']",2,2007.0,2,4.25,0.3535533905932738,4.0,4.5,2007
59220,Outsourced (2006),Comedy|Romance,"['Comedy', 'Romance']",2,2006.0,1,3.5,0.0,3.5,3.5,2006
59258,Baby Mama (2008),Comedy,['Comedy'],1,2008.0,11,3.136363636363636,1.1851352051751118,0.5,4.5,2008
59295,Expelled: No Intelligence Allowed (2008),Documentary,['Documentary'],1,2008.0,1,1.0,0.0,1.0,1.0,2008
59306,Prom Night (2008),Horror|Mystery|Thriller,"['Horror', 'Mystery', 'Thriller']",3,2008.0,2,0.75,0.3535533905932738,0.5,1.0,2008
59315,Iron Man (2008),Action|Adventure|Sci-Fi,"['Action', 'Adventure', 'Sci-Fi']",3,2008.0,94,3.824468085106383,0.8382888575234115,0.5,5.0,2008
59333,Made of Honor (2008),Comedy|Romance,"['Comedy', 'Romance']",2,2008.0,4,2.875,0.478713553878169,2.5,3.5,2008
59336,Redbelt (2008),Action|Drama,"['Action', 'Drama']",2,2008.0,1,3.0,0.0,3.0,3.0,2008
59369,Taken (2008),Action|Crime|Drama|Thriller,"['Action', 'Crime', 'Drama', 'Thriller']",4,2008.0,42,3.619047619047619,1.1032630306279143,0.5,5.0,2008
59387,"Fall, The (2006)",Adventure|Drama|Fantasy,"['Adventure', 'Drama', 'Fantasy']",3,2006.0,11,3.954545454545455,0.9341987329938276,2.0,5.0,2006
59421,What Happens in Vegas... (2008),Comedy|Romance,"['Comedy', 'Romance']",2,2008.0,8,2.75,1.164964745021435,0.5,4.0,2008
59429,American Pie Presents Beta House (American Pie 6: Beta House) (2007),Comedy,['Comedy'],1,2007.0,2,2.75,0.3535533905932738,2.5,3.0,2007
59440,Bella (2006),Drama|Romance,"['Drama', 'Romance']",2,2006.0,1,3.5,0.0,3.5,3.5,2006
59501,"Chronicles of Narnia: Prince Caspian, The (2008)",Adventure|Children|Fantasy,"['Adventure', 'Children', 'Fantasy']",3,2008.0,12,3.5416666666666665,0.5418123347254158,2.5,4.0,2008
59549,Shelter (2007),Drama|Romance,"['Drama', 'Romance']",2,2007.0,1,4.0,0.0,4.0,4.0,2007
59604,"Girl Next Door, The (2007)",Crime|Drama|Horror|Thriller,"['Crime', 'Drama', 'Horror', 'Thriller']",4,2007.0,2,3.75,0.3535533905932738,3.5,4.0,2007
59615,Indiana Jones and the Kingdom of the Crystal Skull (2008),Action|Adventure|Comedy|Sci-Fi,"['Action', 'Adventure', 'Comedy', 'Sci-Fi']",4,2008.0,39,2.833333333333333,1.053398843177178,0.5,5.0,2008
59667,Nina's Heavenly Delights (2006),Comedy,['Comedy'],1,2006.0,1,4.0,0.0,4.0,4.0,2006
59725,Sex and the City (2008),Comedy|Romance,"['Comedy', 'Romance']",2,2008.0,11,2.409090909090909,1.0202495238465394,0.5,3.5,2008
59727,"Strangers, The (2008)",Horror|Thriller,"['Horror', 'Thriller']",2,2008.0,3,3.1666666666666665,1.2583057392117918,2.0,4.5,2008
59731,"Bigger, Stronger, Faster* (2008)",Documentary,['Documentary'],1,2008.0,1,3.5,0.0,3.5,3.5,2008
59738,All the Boys Love Mandy Lane (2006),Horror|Mystery|Thriller,"['Horror', 'Mystery', 'Thriller']",3,2006.0,1,3.0,0.0,3.0,3.0,2006
59784,Kung Fu Panda (2008),Action|Animation|Children|Comedy|IMAX,"['Action', 'Animation', 'Children', 'Comedy', 'IMAX']",5,2008.0,54,3.4444444444444446,0.950008275369452,0.5,5.0,2008
59810,Recount (2008),Drama,['Drama'],1,2008.0,1,3.5,0.0,3.5,3.5,2008
59814,Ex Drummer (2007),Comedy|Crime|Drama|Horror,"['Comedy', 'Crime', 'Drama', 'Horror']",4,2007.0,1,5.0,0.0,5.0,5.0,2007
59900,You Don't Mess with the Zohan (2008),Comedy,['Comedy'],1,2008.0,15,2.8666666666666667,1.1720962092804172,0.5,5.0,2008
59915,Stuck (2007),Horror|Thriller,"['Horror', 'Thriller']",2,2007.0,1,3.5,0.0,3.5,3.5,2007
59985,Chaos Theory (2007),Comedy|Drama|Romance,"['Comedy', 'Drama', 'Romance']",3,2007.0,1,4.0,0.0,4.0,4.0,2007
59995,Boy A (2007),Crime|Drama,"['Crime', 'Drama']",2,2007.0,1,4.0,0.0,4.0,4.0,2007
60030,Spiral (2007),Drama|Horror|Thriller,"['Drama', 'Horror', 'Thriller']",3,2007.0,1,4.5,0.0,4.5,4.5,2007
60037,"Happening, The (2008)",Drama|Sci-Fi|Thriller,"['Drama', 'Sci-Fi', 'Thriller']",3,2008.0,5,3.0,0.7071067811865476,2.0,3.5,2008
60040,"Incredible Hulk, The (2008)",Action|Sci-Fi,"['Action', 'Sci-Fi']",2,2008.0,35,3.1714285714285717,0.8129725516571265,0.5,4.5,2008
60046,"Children of Huang Shi, The (2008)",Drama|War,"['Drama', 'War']",2,2008.0,1,3.5,0.0,3.5,3.5,2008
60069,WALL·E (2008),Adventure|Animation|Children|Romance|Sci-Fi,"['Adventure', 'Animation', 'Children', 'Romance', 'Sci-Fi']",5,2008.0,104,4.057692307692308,0.8598591336079368,0.5,5.0,2008
60072,Wanted (2008),Action|Thriller,"['Action', 'Thriller']",2,2008.0,22,3.159090909090909,0.9048331026896306,1.5,5.0,2008
60074,Hancock (2008),Action|Adventure|Comedy|Crime|Fantasy,"['Action', 'Adventure', 'Comedy', 'Crime', 'Fantasy']",5,2008.0,29,3.034482758620689,0.8444253591597769,1.0,5.0,2008
60126,Get Smart (2008),Action|Comedy,"['Action', 'Comedy']",2,2008.0,16,3.46875,0.6446898479113813,2.5,5.0,2008
60128,Young People Fucking (a.k.a. YPF) (2007),Comedy,['Comedy'],1,2007.0,2,2.25,1.7677669529663689,1.0,3.5,2007
60141,St. Trinian's (2007),Children|Comedy,"['Children', 'Comedy']",2,2007.0,1,2.5,0.0,2.5,2.5,2007
60161,Futurama: The Beast with a Billion Backs (2008),Action|Animation|Comedy|Romance|Sci-Fi,"['Action', 'Animation', 'Comedy', 'Romance', 'Sci-Fi']",5,2008.0,6,3.5,0.4472135954999579,3.0,4.0,2008
60289,Kit Kittredge: An American Girl (2008),Children|Comedy|Drama|Mystery,"['Children', 'Comedy', 'Drama', 'Mystery']",4,2008.0,2,3.0,1.4142135623730951,2.0,4.0,2008
60291,Gonzo: The Life and Work of Dr. Hunter S. Thompson (2008),Documentary,['Documentary'],1,2008.0,2,3.75,0.3535533905932738,3.5,4.0,2008
60293,"Wackness, The (2008)",Comedy|Drama|Romance,"['Comedy', 'Drama', 'Romance']",3,2008.0,3,4.0,1.0,3.0,5.0,2008
60303,Strange Circus (Kimyô na sâkasu) (2005),Horror|Mystery|Thriller,"['Horror', 'Mystery', 'Thriller']",3,2005.0,1,4.0,0.0,4.0,4.0,2005
60333,Encounters at the End of the World (2008),Documentary,['Documentary'],1,2008.0,3,4.5,0.5,4.0,5.0,2008
60363,Zombie Strippers! (2008),Comedy|Horror,"['Comedy', 'Horror']",2,2008.0,1,0.5,0.0,0.5,0.5,2008
60389,Battle for Haditha (2007),War,['War'],1,2007.0,1,4.0,0.0,4.0,4.0,2007
60397,Mamma Mia! (2008),Comedy|Musical|Romance,"['Comedy', 'Musical', 'Romance']",3,2008.0,14,2.9642857142857144,0.9700175596008898,0.5,4.5,2008
60408,Welcome to the Sticks (Bienvenue chez les Ch'tis) (2008),Comedy,['Comedy'],1,2008.0,2,4.5,0.7071067811865476,4.0,5.0,2008
60471,Rogue (2007),Action|Adventure|Horror|Sci-Fi|Thriller,"['Action', 'Adventure', 'Horror', 'Sci-Fi', 'Thriller']",5,2007.0,1,3.5,0.0,3.5,3.5,2007
60514,Journey to the Center of the Earth (2008),Action|Adventure|Sci-Fi,"['Action', 'Adventure', 'Sci-Fi']",3,2008.0,5,2.5,1.1726039399558574,0.5,3.5,2008
60516,Meet Dave (2008),Adventure|Children|Comedy|Romance|Sci-Fi,"['Adventure', 'Children', 'Comedy', 'Romance', 'Sci-Fi']",5,2008.0,2,3.5,1.4142135623730951,2.5,4.5,2008
60522,"Machine Girl, The (Kataude mashin gâru) (2008)",Action|Comedy|Fantasy|Horror|Thriller,"['Action', 'Comedy', 'Fantasy', 'Horror', 'Thriller']",5,2008.0,2,2.25,1.0606601717798212,1.5,3.0,2008
60538,Shrooms (2007),Horror|Thriller,"['Horror', 'Thriller']",2,2007.0,1,3.5,0.0,3.5,3.5,2007
60647,Transsiberian (2008),Crime|Drama|Thriller,"['Crime', 'Drama', 'Thriller']",3,2008.0,1,2.5,0.0,2.5,2.5,2008
60674,Stargate: Continuum (2008),Sci-Fi,['Sci-Fi'],1,2008.0,1,2.5,0.0,2.5,2.5,2008
60684,Watchmen (2009),Action|Drama|Mystery|Sci-Fi|Thriller|IMAX,"['Action', 'Drama', 'Mystery', 'Sci-Fi', 'Thriller', 'IMAX']",6,2009.0,43,3.988372093023256,0.7277523461301214,2.0,5.0,2009
60735,Shotgun Stories (2007),Drama|Thriller,"['Drama', 'Thriller']",2,2007.0,1,2.5,0.0,2.5,2.5,2007
60737,Watching the Detectives (2007),Comedy|Romance,"['Comedy', 'Romance']",2,2007.0,1,5.0,0.0,5.0,5.0,2007
60753,Felon (2008),Crime|Drama,"['Crime', 'Drama']",2,2008.0,2,3.5,0.7071067811865476,3.0,4.0,2008
60756,Step Brothers (2008),Comedy,['Comedy'],1,2008.0,28,3.5535714285714284,0.906144515846056,1.5,5.0,2008
60760,"X-Files: I Want to Believe, The (2008)",Drama|Mystery|Sci-Fi|Thriller,"['Drama', 'Mystery', 'Sci-Fi', 'Thriller']",4,2008.0,4,2.875,0.478713553878169,2.5,3.5,2008
60766,Man on Wire (2008),Documentary,['Documentary'],1,2008.0,8,3.6875,1.3871218918527466,0.5,5.0,2008
60818,Hogfather (Terry Pratchett's Hogfather) (2006),Adventure|Fantasy|Thriller,"['Adventure', 'Fantasy', 'Thriller']",3,2006.0,1,4.0,0.0,4.0,4.0,2006
60832,Pathology (2008),Crime|Horror|Thriller,"['Crime', 'Horror', 'Thriller']",3,2008.0,1,4.0,0.0,4.0,4.0,2008
60857,"Tracey Fragments, The (2007)",Drama,['Drama'],1,2007.0,1,3.0,0.0,3.0,3.0,2007
60885,"Zone, The (La Zona) (2007)",Drama|Thriller,"['Drama', 'Thriller']",2,2007.0,2,3.5,0.0,3.5,3.5,2007
60894,"Edge of Love, The (2008)",Drama|Romance|War,"['Drama', 'Romance', 'War']",3,2008.0,1,3.0,0.0,3.0,3.0,2008
60937,"Mummy: Tomb of the Dragon Emperor, The (2008)",Action|Adventure|Fantasy|Thriller,"['Action', 'Adventure', 'Fantasy', 'Thriller']",4,2008.0,7,2.642857142857143,0.4755948656056709,2.0,3.5,2008
60941,"Midnight Meat Train, The (2008)",Horror|Mystery|Thriller,"['Horror', 'Mystery', 'Thriller']",3,2008.0,4,2.875,0.6291528696058959,2.0,3.5,2008
60943,Frozen River (2008),Drama,['Drama'],1,2008.0,1,4.5,0.0,4.5,4.5,2008
60950,Vicky Cristina Barcelona (2008),Comedy|Drama|Romance,"['Comedy', 'Drama', 'Romance']",3,2008.0,16,3.09375,1.1138334704972732,1.0,5.0,2008
60979,Batman: Gotham Knight (2008),Action|Animation|Crime,"['Action', 'Animation', 'Crime']",3,2008.0,3,3.5,0.8660254037844386,2.5,4.0,2008
61011,"Walker, The (2007)",Drama|Mystery,"['Drama', 'Mystery']",2,2007.0,1,2.0,0.0,2.0,2.0,2007
61024,Pineapple Express (2008),Action|Comedy|Crime,"['Action', 'Comedy', 'Crime']",3,2008.0,31,3.6774193548387095,0.8421043788903111,2.0,5.0,2008
61026,Red Cliff (Chi bi) (2008),Action|Adventure|Drama|War,"['Action', 'Adventure', 'Drama', 'War']",4,2008.0,3,4.0,0.8660254037844386,3.5,5.0,2008
61071,"Sisterhood of the Traveling Pants 2, The (2008)",Adventure|Comedy|Drama|Romance,"['Adventure', 'Comedy', 'Drama', 'Romance']",4,2008.0,1,2.5,0.0,2.5,2.5,2008
61073,Hell Ride (2008),Action|Drama|Thriller,"['Action', 'Drama', 'Thriller']",3,2008.0,1,2.0,0.0,2.0,2.0,2008
61123,High School Musical 2 (2007),Comedy|Drama|Musical|Romance,"['Comedy', 'Drama', 'Musical', 'Romance']",4,2007.0,1,2.0,0.0,2.0,2.0,2007
61132,Tropic Thunder (2008),Action|Adventure|Comedy|War,"['Action', 'Adventure', 'Comedy', 'War']",4,2008.0,33,3.5,1.0532687216470449,0.5,5.0,2008
61160,Star Wars: The Clone Wars (2008),Action|Adventure|Animation|Sci-Fi,"['Action', 'Adventure', 'Animation', 'Sci-Fi']",4,2008.0,7,2.357142857142857,0.9880235200593536,1.0,4.0,2008
61167,Henry Poole is Here (2008),Drama|Mystery,"['Drama', 'Mystery']",2,2008.0,1,4.0,0.0,4.0,4.0,2008
61210,Mutant Chronicles (2008),Action|Adventure|Sci-Fi,"['Action', 'Adventure', 'Sci-Fi']",3,2008.0,1,3.5,0.0,3.5,3.5,2008
61236,Waltz with Bashir (Vals im Bashir) (2008),Animation|Documentary|Drama|War,"['Animation', 'Documentary', 'Drama', 'War']",4,2008.0,5,3.0,0.7071067811865475,2.5,4.0,2008
61240,Let the Right One In (Låt den rätte komma in) (2008),Drama|Fantasy|Horror|Romance,"['Drama', 'Fantasy', 'Horror', 'Romance']",4,2008.0,17,3.911764705882353,0.9225524056531804,2.0,5.0,2008
61246,Hamlet 2 (2008),Comedy,['Comedy'],1,2008.0,1,2.0,0.0,2.0,2.0,2008
61248,Death Race (2008),Action|Adventure|Sci-Fi|Thriller,"['Action', 'Adventure', 'Sci-Fi', 'Thriller']",4,2008.0,9,3.2222222222222223,0.5068968775248516,2.0,3.5,2008
61250,"House Bunny, The (2008)",Comedy,['Comedy'],1,2008.0,10,2.5,1.0540925533894598,0.5,4.0,2008
61255,"Rocker, The (2008)",Comedy,['Comedy'],1,2008.0,2,2.75,1.7677669529663689,1.5,4.0,2008
61257,I.O.U.S.A. (a.k.a. IOUSA) (2008),Documentary,['Documentary'],1,2008.0,1,4.0,0.0,4.0,4.0,2008
61262,Mirrors (2008),Horror|Mystery|Thriller,"['Horror', 'Mystery', 'Thriller']",3,2008.0,1,1.5,0.0,1.5,1.5,2008
61289,Sukiyaki Western Django (2008),Action|Western,"['Action', 'Western']",2,2008.0,3,3.333333333333333,1.0408329997330663,2.5,4.5,2008
61319,Somers Town (2008),Drama,['Drama'],1,2008.0,1,3.5,0.0,3.5,3.5,2008
61323,Burn After Reading (2008),Comedy|Crime|Drama,"['Comedy', 'Crime', 'Drama']",3,2008.0,39,3.4871794871794872,0.9282636555984476,0.5,5.0,2008
61348,Disaster Movie (2008),Comedy,['Comedy'],1,2008.0,3,0.8333333333333334,0.2886751345948129,0.5,1.0,2008
61350,Babylon A.D. (2008),Action|Adventure|Sci-Fi|Thriller,"['Action', 'Adventure', 'Sci-Fi', 'Thriller']",4,2008.0,3,2.333333333333333,1.6072751268321592,0.5,3.5,2008
61352,Traitor (2008),Crime|Drama|Thriller,"['Crime', 'Drama', 'Thriller']",3,2008.0,4,3.375,0.478713553878169,3.0,4.0,2008
61394,"Onion Movie, The (2008)",Comedy,['Comedy'],1,2008.0,1,4.0,0.0,4.0,4.0,2008
61401,"Spirit, The (2008)",Action|Comedy|Fantasy|Thriller,"['Action', 'Comedy', 'Fantasy', 'Thriller']",4,2008.0,2,2.5,0.0,2.5,2.5,2008
61406,John Adams (2008),Drama,['Drama'],1,2008.0,2,4.0,0.0,4.0,4.0,2008
61465,Bangkok Dangerous (2008),Action|Crime|Thriller,"['Action', 'Crime', 'Thriller']",3,2008.0,2,3.25,0.3535533905932738,3.0,3.5,2008
61628,Sunflower (Xiang ri kui) (2005),Drama,['Drama'],1,2005.0,1,2.0,0.0,2.0,2.0,2005
61692,Altered (2006),Horror|Sci-Fi|Thriller,"['Horror', 'Sci-Fi', 'Thriller']",3,2006.0,1,3.0,0.0,3.0,3.0,2006
61697,Righteous Kill (2008),Crime|Mystery|Thriller,"['Crime', 'Mystery', 'Thriller']",3,2008.0,1,3.0,0.0,3.0,3.0,2008
61705,Lakeview Terrace (2008),Drama|Thriller,"['Drama', 'Thriller']",2,2008.0,2,3.0,0.7071067811865476,2.5,3.5,2008
61729,Ghost Town (2008),Comedy|Fantasy|Romance,"['Comedy', 'Fantasy', 'Romance']",3,2008.0,2,2.0,2.1213203435596424,0.5,3.5,2008
61818,"Crow, The: Wicked Prayer (2005)",Action|Adventure|Fantasy|Thriller,"['Action', 'Adventure', 'Fantasy', 'Thriller']",4,2005.0,1,0.5,0.0,0.5,0.5,2005
61986,Appaloosa (2008),Western,['Western'],1,2008.0,1,3.0,0.0,3.0,3.0,2008
62008,Dead Fury (2008),Action|Animation|Comedy|Horror,"['Action', 'Animation', 'Comedy', 'Horror']",4,2008.0,1,3.0,0.0,3.0,3.0,2008
62081,Eagle Eye (2008),Action|Crime|Thriller|IMAX,"['Action', 'Crime', 'Thriller', 'IMAX']",4,2008.0,8,3.0625,0.6232117273791125,2.5,4.0,2008
62113,How to Lose Friends & Alienate People (2008),Comedy,['Comedy'],1,2008.0,6,2.833333333333333,1.3291601358251257,1.0,4.5,2008
62155,Nick and Norah's Infinite Playlist (2008),Comedy|Drama|Romance,"['Comedy', 'Drama', 'Romance']",3,2008.0,10,3.35,1.055409346599171,1.0,4.5,2008
62250,Gomorrah (Gomorra) (2008),Crime|Drama,"['Crime', 'Drama']",2,2008.0,5,3.7,1.2041594578792294,2.0,5.0,2008
62293,"Duchess, The (2008)",Drama|Romance,"['Drama', 'Romance']",2,2008.0,4,3.5,1.2909944487358056,2.0,5.0,2008
62299,Alone in the Dark II (2008),Action|Horror,"['Action', 'Horror']",2,2008.0,1,3.5,0.0,3.5,3.5,2008
62336,FLCL (2000),Animation|Comedy|Fantasy|Sci-Fi,"['Animation', 'Comedy', 'Fantasy', 'Sci-Fi']",4,2000.0,9,4.277777777777778,0.7949493345141213,3.0,5.0,2000
62344,Rachel Getting Married (2008),Drama|Romance,"['Drama', 'Romance']",2,2008.0,2,2.75,1.7677669529663689,1.5,4.0,2008
62374,Body of Lies (2008),Action|Drama|Thriller,"['Action', 'Drama', 'Thriller']",3,2008.0,11,3.772727272727273,0.6842381297339531,2.5,4.5,2008
62376,City of Ember (2008),Adventure|Children|Sci-Fi,"['Adventure', 'Children', 'Sci-Fi']",3,2008.0,3,2.833333333333333,0.5773502691896258,2.5,3.5,2008
62394,Max Payne (2008),Action|Crime|Drama|Thriller,"['Action', 'Crime', 'Drama', 'Thriller']",4,2008.0,3,2.1666666666666665,0.2886751345948129,2.0,2.5,2008
62434,Zack and Miri Make a Porno (2008),Comedy|Drama|Romance,"['Comedy', 'Drama', 'Romance']",3,2008.0,21,3.523809523809524,0.8728715609439693,1.5,5.0,2008
62437,W. (2008),Drama,['Drama'],1,2008.0,1,2.5,0.0,2.5,2.5,2008
62439,My Best Friend's Girl (2008),Comedy|Romance,"['Comedy', 'Romance']",2,2008.0,3,4.0,0.8660254037844386,3.0,4.5,2008
62511,"Synecdoche, New York (2008)",Comedy|Drama,"['Comedy', 'Drama']",2,2008.0,4,3.125,1.1086778913041726,1.5,4.0,2008
62553,"Secret Life of Bees, The (2008)",Drama,['Drama'],1,2008.0,1,4.0,0.0,4.0,4.0,2008
62586,"American Carol, An (2008)",Comedy|Fantasy,"['Comedy', 'Fantasy']",2,2008.0,1,2.0,0.0,2.0,2.0,2008
62644,"Wave, The (Welle, Die) (2008)",Drama,['Drama'],1,2008.0,7,3.571428571428572,0.6074928962939559,2.5,4.0,2008
62718,"Angus, Thongs and Perfect Snogging (2008)",Comedy|Romance,"['Comedy', 'Romance']",2,2008.0,1,2.5,0.0,2.5,2.5,2008
62792,Pride and Glory (2008),Crime|Drama,"['Crime', 'Drama']",2,2008.0,2,3.0,0.7071067811865476,2.5,3.5,2008
62799,"Express, The (2008)",Drama,['Drama'],1,2008.0,1,3.0,0.0,3.0,3.0,2008
62834,Babylon 5: The Legend of the Rangers: To Live and Die in Starlight (2002),Sci-Fi,['Sci-Fi'],1,2002.0,1,4.0,0.0,4.0,4.0,2002
62836,Babylon 5: The Lost Tales - Voices in the Dark (2007),Sci-Fi,['Sci-Fi'],1,2007.0,1,4.0,0.0,4.0,4.0,2007
62849,RocknRolla (2008),Action|Crime,"['Action', 'Crime']",2,2008.0,13,3.769230769230769,0.6329621044272916,3.0,5.0,2008
62956,Futurama: Bender's Game (2008),Action|Adventure|Animation|Comedy|Fantasy|Sci-Fi,"['Action', 'Adventure', 'Animation', 'Comedy', 'Fantasy', 'Sci-Fi']",6,2008.0,9,3.4444444444444446,0.726483157256779,2.0,4.0,2008
62970,Tin Man (2007),Adventure|Fantasy|Sci-Fi,"['Adventure', 'Fantasy', 'Sci-Fi']",3,2007.0,2,2.25,1.0606601717798212,1.5,3.0,2007
62999,Madagascar: Escape 2 Africa (2008),Action|Adventure|Animation|Children|Comedy|IMAX,"['Action', 'Adventure', 'Animation', 'Children', 'Comedy', 'IMAX']",6,2008.0,13,3.692307692307693,0.7227972727092276,3.0,5.0,2008
63033,Blindness (2008),Drama|Mystery|Romance|Thriller,"['Drama', 'Mystery', 'Romance', 'Thriller']",4,2008.0,1,3.5,0.0,3.5,3.5,2008
63062,Changeling (2008),Crime|Drama|Mystery,"['Crime', 'Drama', 'Mystery']",3,2008.0,8,3.4375,0.4955156044825575,3.0,4.0,2008
63072,"Road, The (2009)",Adventure|Drama|Thriller,"['Adventure', 'Drama', 'Thriller']",3,2009.0,9,3.888888888888889,0.4166666666666667,3.0,4.5,2009
63082,Slumdog Millionaire (2008),Crime|Drama|Romance,"['Crime', 'Drama', 'Romance']",3,2008.0,71,3.8098591549295775,1.0769208658521976,0.5,5.0,2008
63113,Quantum of Solace (2008),Action|Adventure|Thriller,"['Action', 'Adventure', 'Thriller']",3,2008.0,35,3.4571428571428573,0.8434124363649885,0.5,4.5,2008
63131,Role Models (2008),Comedy,['Comedy'],1,2008.0,20,3.625,0.7232055833505944,2.0,4.5,2008
63179,Tokyo! (2008),Drama,['Drama'],1,2008.0,1,3.5,0.0,3.5,3.5,2008
63222,JCVD (2008),Action|Drama|Thriller,"['Action', 'Drama', 'Thriller']",3,2008.0,2,3.25,1.0606601717798212,2.5,4.0,2008
63276,Crows Zero (Kurôzu zero) (2007),Action,['Action'],1,2007.0,2,4.0,0.7071067811865476,3.5,4.5,2007
63312,Krabat (2008),Drama|Fantasy,"['Drama', 'Fantasy']",2,2008.0,1,2.0,0.0,2.0,2.0,2008
63393,Camp Rock (2008),Comedy|Musical|Romance,"['Comedy', 'Musical', 'Romance']",3,2008.0,1,1.0,0.0,1.0,1.0,2008
63433,Farscape: The Peacekeeper Wars (2004),Action|Adventure|Sci-Fi,"['Action', 'Adventure', 'Sci-Fi']",3,2004.0,4,3.5,1.0,2.0,4.0,2004
63436,Saw V (2008),Crime|Horror|Thriller,"['Crime', 'Horror', 'Thriller']",3,2008.0,3,3.1666666666666665,1.2583057392117916,2.0,4.5,2008
63479,Sex Drive (2008),Comedy,['Comedy'],1,2008.0,4,3.625,1.1086778913041726,2.0,4.5,2008
63515,The Island (2006),Drama|Mystery,"['Drama', 'Mystery']",2,2006.0,1,4.0,0.0,4.0,4.0,2006
63540,Beverly Hills Chihuahua (2008),Adventure|Children|Comedy,"['Adventure', 'Children', 'Comedy']",3,2008.0,4,2.125,1.0307764064044151,1.0,3.5,2008
63808,"Class, The (Entre les murs) (2008)",Drama,['Drama'],1,2008.0,2,2.75,0.3535533905932738,2.5,3.0,2008
63826,Splinter (2008),Action|Horror|Thriller,"['Action', 'Horror', 'Thriller']",3,2008.0,1,4.0,0.0,4.0,4.0,2008
63853,Australia (2008),Adventure|Drama|War|Western,"['Adventure', 'Drama', 'War', 'Western']",4,2008.0,5,3.2,1.036822067666386,2.0,4.5,2008
63859,Bolt (2008),Action|Adventure|Animation|Children|Comedy,"['Action', 'Adventure', 'Animation', 'Children', 'Comedy']",5,2008.0,18,3.388888888888889,0.7775443160352294,2.0,5.0,2008
63876,Milk (2008),Drama,['Drama'],1,2008.0,11,3.5454545454545454,0.8790490729915326,1.5,5.0,2008
63992,Twilight (2008),Drama|Fantasy|Romance|Thriller,"['Drama', 'Fantasy', 'Romance', 'Thriller']",4,2008.0,22,2.409090909090909,1.2405486846395988,0.5,5.0,2008
64010,"Children, The (2008)",Horror,['Horror'],1,2008.0,1,3.5,0.0,3.5,3.5,2008
64030,Transporter 3 (2008),Action|Adventure|Crime|Thriller,"['Action', 'Adventure', 'Crime', 'Thriller']",4,2008.0,6,2.6666666666666665,0.752772652709081,2.0,3.5,2008
64032,Four Christmases (2008),Comedy,['Comedy'],1,2008.0,3,2.833333333333333,0.5773502691896258,2.5,3.5,2008
64034,"Boy in the Striped Pajamas, The (Boy in the Striped Pyjamas, The) (2008)",Drama|War,"['Drama', 'War']",2,2008.0,6,3.4166666666666665,1.2812754062521714,1.0,4.5,2008
64114,Fireproof (2008),Drama|Romance,"['Drama', 'Romance']",2,2008.0,1,1.0,0.0,1.0,1.0,2008
64116,Igor (2008),Animation|Comedy,"['Animation', 'Comedy']",2,2008.0,2,3.5,0.0,3.5,3.5,2008
64167,Dinotopia (2002),Adventure|Fantasy,"['Adventure', 'Fantasy']",2,2002.0,3,3.333333333333333,0.2886751345948129,3.0,3.5,2002
64197,Hunger (2008),Drama,['Drama'],1,2008.0,2,4.75,0.3535533905932738,4.5,5.0,2008
64231,Punisher: War Zone (2008),Action|Crime|Drama|Thriller,"['Action', 'Crime', 'Drama', 'Thriller']",4,2008.0,6,3.0,0.7071067811865476,2.0,4.0,2008
64249,Shrek the Halls (2007),Adventure|Animation|Comedy|Fantasy,"['Adventure', 'Animation', 'Comedy', 'Fantasy']",4,2007.0,2,2.5,0.7071067811865476,2.0,3.0,2007
64278,"Pervert's Guide to Cinema, The (2006)",Documentary,['Documentary'],1,2006.0,1,3.5,0.0,3.5,3.5,2006
64285,Wallace and Gromit in 'A Matter of Loaf and Death' (2008),Animation|Comedy,"['Animation', 'Comedy']",2,2008.0,5,3.7,1.036822067666386,2.5,5.0,2008
64497,"Day the Earth Stood Still, The (2008)",Drama|Sci-Fi|Thriller|IMAX,"['Drama', 'Sci-Fi', 'Thriller', 'IMAX']",4,2008.0,7,2.7857142857142856,0.2672612419124243,2.5,3.0,2008
64499,Che: Part One (2008),Drama|War,"['Drama', 'War']",2,2008.0,1,5.0,0.0,5.0,5.0,2008
64501,Che: Part Two (2008),Drama|War,"['Drama', 'War']",2,2008.0,1,5.0,0.0,5.0,5.0,2008
64575,Doubt (2008),Drama|Mystery,"['Drama', 'Mystery']",2,2008.0,7,3.357142857142857,0.8521681032463467,2.5,5.0,2008
64614,Gran Torino (2008),Crime|Drama,"['Crime', 'Drama']",2,2008.0,46,3.945652173913044,0.6256397691746799,2.0,5.0,2008
64620,Frost/Nixon (2008),Drama,['Drama'],1,2008.0,9,3.9444444444444446,0.3004626062886658,3.5,4.5,2008
64622,"Reader, The (2008)",Drama|Romance,"['Drama', 'Romance']",2,2008.0,7,3.2142857142857144,0.9063269671749656,1.5,4.0,2008
64695,Sword of the Stranger (Sutorejia: Mukô hadan) (2007),Action|Adventure|Animation,"['Action', 'Adventure', 'Animation']",3,2007.0,1,4.0,0.0,4.0,4.0,2007
64716,Seven Pounds (2008),Drama,['Drama'],1,2008.0,11,4.136363636363637,0.4522670168666454,3.5,5.0,2008
64839,"Wrestler, The (2008)",Drama,['Drama'],1,2008.0,34,3.735294117647059,0.7999554354788948,1.0,5.0,2008
64957,"Curious Case of Benjamin Button, The (2008)",Drama|Fantasy|Mystery|Romance,"['Drama', 'Fantasy', 'Mystery', 'Romance']",4,2008.0,37,3.5945945945945947,0.8402863089930012,1.0,5.0,2008
64969,Yes Man (2008),Comedy,['Comedy'],1,2008.0,34,3.6176470588235294,0.9050265652338422,0.5,5.0,2008
64983,Valkyrie (2008),Drama|Thriller|War,"['Drama', 'Thriller', 'War']",3,2008.0,11,3.409090909090909,0.4908249086070214,2.5,4.0,2008
64993,5 Centimeters per Second (Byôsoku 5 senchimêtoru) (2007),Animation|Drama|Romance,"['Animation', 'Drama', 'Romance']",3,2007.0,3,3.5,1.0,2.5,4.5,2007
64997,War of the Worlds (2005),Action|Sci-Fi,"['Action', 'Sci-Fi']",2,2005.0,2,3.0,0.7071067811865476,2.5,3.5,2005
65037,Ben X (2007),Drama,['Drama'],1,2007.0,1,3.5,0.0,3.5,3.5,2007
65088,Bedtime Stories (2008),Adventure|Children|Comedy,"['Adventure', 'Children', 'Comedy']",3,2008.0,11,3.363636363636364,0.6741998624632421,2.0,4.0,2008
65126,Choke (2008),Comedy|Drama,"['Comedy', 'Drama']",2,2008.0,3,3.5,0.5,3.0,4.0,2008
65130,Revolutionary Road (2008),Drama|Romance,"['Drama', 'Romance']",2,2008.0,5,3.7,0.8366600265340756,3.0,5.0,2008
65188,Dear Zachary: A Letter to a Son About His Father (2008),Documentary,['Documentary'],1,2008.0,4,3.875,1.1086778913041724,2.5,5.0,2008
65193,Wild Child (2008),Drama|Romance,"['Drama', 'Romance']",2,2008.0,1,3.0,0.0,3.0,3.0,2008
65216,Defiance (2008),Drama|Thriller|War,"['Drama', 'Thriller', 'War']",3,2008.0,7,3.928571428571429,0.4498677054212185,3.5,4.5,2008
65225,Zeitgeist: Addendum (2008),Documentary,['Documentary'],1,2008.0,1,4.5,0.0,4.5,4.5,2008
65230,Marley & Me (2008),Comedy|Drama,"['Comedy', 'Drama']",2,2008.0,14,3.142857142857143,1.15072838853303,0.5,5.0,2008
65261,Ponyo (Gake no ue no Ponyo) (2008),Adventure|Animation|Children|Fantasy,"['Adventure', 'Animation', 'Children', 'Fantasy']",4,2008.0,11,4.0,1.0723805294763606,2.0,5.0,2008
65359,Earthsea (Legend of Earthsea) (2004),Adventure|Drama|Fantasy,"['Adventure', 'Drama', 'Fantasy']",3,2004.0,1,3.0,0.0,3.0,3.0,2004
65514,Ip Man (2008),Action|Drama|War,"['Action', 'Drama', 'War']",3,2008.0,10,3.95,0.864420165325996,2.0,5.0,2008
65577,"Tale of Despereaux, The (2008)",Adventure|Animation|Children|Comedy|Fantasy,"['Adventure', 'Animation', 'Children', 'Comedy', 'Fantasy']",5,2008.0,1,3.0,0.0,3.0,3.0,2008
65585,Bride Wars (2009),Comedy|Romance,"['Comedy', 'Romance']",2,2009.0,4,3.5,0.0,3.5,3.5,2009
65588,"Gamers, The: Dorkness Rising (2008)",Action|Adventure|Comedy|Fantasy,"['Action', 'Adventure', 'Comedy', 'Fantasy']",4,2008.0,1,2.5,0.0,2.5,2.5,2008
65596,Mesrine: Killer Instinct (L'instinct de mort) (2008),Action|Crime|Drama|Thriller,"['Action', 'Crime', 'Drama', 'Thriller']",4,2008.0,1,4.0,0.0,4.0,4.0,2008
65601,My Bloody Valentine 3-D (2009),Horror|Thriller,"['Horror', 'Thriller']",2,2009.0,1,2.0,0.0,2.0,2.0,2009
65631,Battle in Seattle (2007),Action|Drama,"['Action', 'Drama']",2,2007.0,1,4.0,0.0,4.0,4.0,2007
65642,"Timecrimes (Cronocrímenes, Los) (2007)",Sci-Fi|Thriller,"['Sci-Fi', 'Thriller']",2,2007.0,4,4.25,0.6454972243679028,3.5,5.0,2007
65651,Fire and Ice (2008),Adventure|Fantasy,"['Adventure', 'Fantasy']",2,2008.0,1,2.0,0.0,2.0,2.0,2008
65682,Underworld: Rise of the Lycans (2009),Action|Fantasy|Horror|Thriller,"['Action', 'Fantasy', 'Horror', 'Thriller']",4,2009.0,7,3.642857142857143,0.7480132415430957,2.5,4.5,2009
65685,Inkheart (2008),Adventure|Fantasy,"['Adventure', 'Fantasy']",2,2008.0,5,3.5,0.5,3.0,4.0,2008
65802,Paul Blart: Mall Cop (2009),Action|Comedy|Crime,"['Action', 'Comedy', 'Crime']",3,2009.0,7,2.7142857142857144,1.185226520443204,0.5,4.0,2009
65810,Notorious (2009),Drama|Musical,"['Drama', 'Musical']",2,2009.0,1,3.0,0.0,3.0,3.0,2009
65882,"Uninvited, The (2009)",Drama|Horror|Mystery|Thriller,"['Drama', 'Horror', 'Mystery', 'Thriller']",4,2009.0,1,3.5,0.0,3.5,3.5,2009
65982,Outlander (2008),Action|Adventure|Sci-Fi,"['Action', 'Adventure', 'Sci-Fi']",3,2008.0,3,3.333333333333333,0.5773502691896258,3.0,4.0,2008
66090,Eden Lake (2008),Horror|Thriller,"['Horror', 'Thriller']",2,2008.0,1,4.0,0.0,4.0,4.0,2008
66097,Coraline (2009),Animation|Fantasy|Thriller,"['Animation', 'Fantasy', 'Thriller']",3,2009.0,35,3.7,0.917156731746671,1.0,5.0,2009
66171,Push (2009),Sci-Fi|Thriller,"['Sci-Fi', 'Thriller']",2,2009.0,2,3.0,0.7071067811865476,2.5,3.5,2009
66198,"International, The (2009)",Drama|Thriller,"['Drama', 'Thriller']",2,2009.0,2,3.0,0.0,3.0,3.0,2009
66203,He's Just Not That Into You (2009),Comedy|Drama|Romance,"['Comedy', 'Drama', 'Romance']",3,2009.0,11,2.8181818181818183,1.031327476428493,0.5,4.0,2009
66240,Dead Like Me: Life After Death (2009),Comedy|Fantasy,"['Comedy', 'Fantasy']",2,2009.0,1,3.5,0.0,3.5,3.5,2009
66297,Futurama: Into the Wild Green Yonder (2009),Action|Animation|Comedy|Sci-Fi,"['Action', 'Animation', 'Comedy', 'Sci-Fi']",4,2009.0,6,3.5,0.4472135954999579,3.0,4.0,2009
66310,Frontière(s) (2007),Drama|Horror|Thriller,"['Drama', 'Horror', 'Thriller']",3,2007.0,1,3.5,0.0,3.5,3.5,2007
66320,"11th Hour, The (2007)",Documentary,['Documentary'],1,2007.0,1,4.0,0.0,4.0,4.0,2007
66335,Afro Samurai: Resurrection (2009),Animation,['Animation'],1,2009.0,1,2.5,0.0,2.5,2.5,2009
66371,Departures (Okuribito) (2008),Drama,['Drama'],1,2008.0,5,4.1,1.08397416943394,2.5,5.0,2008
66427,My Name Is Bruce (2007),Comedy|Horror,"['Comedy', 'Horror']",2,2007.0,1,3.0,0.0,3.0,3.0,2007
66509,Funny People (2009),Comedy|Drama,"['Comedy', 'Drama']",2,2009.0,5,3.5,0.0,3.5,3.5,2009
66511,Berlin Calling (2008),Comedy|Drama,"['Comedy', 'Drama']",2,2008.0,2,4.25,1.0606601717798212,3.5,5.0,2008
66544,Nuremberg (2000),Drama|War,"['Drama', 'War']",2,2000.0,1,4.0,0.0,4.0,4.0,2000
66665,Away We Go (2009),Comedy|Drama|Romance,"['Comedy', 'Drama', 'Romance']",3,2009.0,4,3.5,0.5773502691896257,3.0,4.0,2009
66744,"Divo, Il (2008)",Drama,['Drama'],1,2008.0,2,4.0,0.0,4.0,4.0,2008
66783,Friday the 13th (2009),Horror,['Horror'],1,2009.0,2,3.0,0.0,3.0,3.0,2009
66785,"Good, the Bad, the Weird, The (Joheunnom nabbeunnom isanghannom) (2008)",Action|Adventure|Comedy|Western,"['Action', 'Adventure', 'Comedy', 'Western']",4,2008.0,5,3.8,0.5700877125495691,3.0,4.5,2008
66798,"Pink Panther 2, The (2009)",Adventure|Comedy|Mystery,"['Adventure', 'Comedy', 'Mystery']",3,2009.0,2,2.75,1.0606601717798212,2.0,3.5,2009
66934,Dr. Horrible's Sing-Along Blog (2008),Comedy|Drama|Musical|Sci-Fi,"['Comedy', 'Drama', 'Musical', 'Sci-Fi']",4,2008.0,24,3.9166666666666665,1.0072203103706698,0.5,5.0,2008
66943,"Cottage, The (2008)",Comedy|Crime|Horror|Thriller,"['Comedy', 'Crime', 'Horror', 'Thriller']",4,2008.0,2,4.25,1.0606601717798212,3.5,5.0,2008
67087,"I Love You, Man (2009)",Comedy,['Comedy'],1,2009.0,17,3.5294117647058822,0.6488111299545816,2.0,4.5,2009
67168,Dance of the Dead (2008),Adventure|Comedy|Horror,"['Adventure', 'Comedy', 'Horror']",3,2008.0,1,3.5,0.0,3.5,3.5,2008
67186,"Haunting in Connecticut, The (2009)",Horror|Thriller,"['Horror', 'Thriller']",2,2009.0,2,2.5,0.7071067811865476,2.0,3.0,2009
67193,Duplicity (2009),Crime|Romance|Thriller,"['Crime', 'Romance', 'Thriller']",3,2009.0,1,2.5,0.0,2.5,2.5,2009
67197,Knowing (2009),Action|Drama|Mystery|Sci-Fi|Thriller,"['Action', 'Drama', 'Mystery', 'Sci-Fi', 'Thriller']",5,2009.0,9,2.833333333333333,0.4330127018922194,2.0,3.5,2009
67255,"Girl with the Dragon Tattoo, The (Män som hatar kvinnor) (2009)",Crime|Drama|Mystery|Thriller,"['Crime', 'Drama', 'Mystery', 'Thriller']",4,2009.0,25,3.94,0.8455767262643883,2.0,5.0,2009
67267,Sunshine Cleaning (2008),Comedy|Drama,"['Comedy', 'Drama']",2,2008.0,4,3.375,0.9464847243000456,2.0,4.0,2008
67295,Kung Fu Panda: Secrets of the Furious Five (2008),Action|Animation|Children|Comedy,"['Action', 'Animation', 'Children', 'Comedy']",4,2008.0,4,2.875,1.3149778198382918,1.0,4.0,2008
67361,Echelon Conspiracy (2009),Action|Mystery|Thriller,"['Action', 'Mystery', 'Thriller']",3,2009.0,1,2.0,0.0,2.0,2.0,2009
67408,Monsters vs. Aliens (2009),Animation|Sci-Fi|IMAX,"['Animation', 'Sci-Fi', 'IMAX']",3,2009.0,8,3.25,0.7559289460184544,2.0,4.0,2009
67508,"Baader Meinhof Komplex, Der (2008)",Action|Crime|Drama|Thriller,"['Action', 'Crime', 'Drama', 'Thriller']",4,2008.0,1,4.0,0.0,4.0,4.0,2008
67534,Big Stan (2007),Comedy,['Comedy'],1,2007.0,2,2.75,0.3535533905932738,2.5,3.0,2007
67618,Strictly Sexual (2008),Comedy|Drama|Romance,"['Comedy', 'Drama', 'Romance']",3,2008.0,1,5.0,0.0,5.0,5.0,2008
67665,Anvil! The Story of Anvil (2008),Documentary|Musical,"['Documentary', 'Musical']",2,2008.0,2,3.75,0.3535533905932738,3.5,4.0,2008
67695,Observe and Report (2009),Action|Comedy,"['Action', 'Comedy']",2,2009.0,4,2.625,1.8874586088176872,0.5,5.0,2009
67734,Adventureland (2009),Comedy|Drama,"['Comedy', 'Drama']",2,2009.0,15,3.333333333333333,0.9193683131575152,2.0,5.0,2009
67788,Confessions of a Shopaholic (2009),Comedy|Romance,"['Comedy', 'Romance']",2,2009.0,4,3.5,1.0801234497346437,2.5,5.0,2009
67799,The Butterfly Effect 3: Revelations (2009),Drama|Fantasy|Sci-Fi|Thriller,"['Drama', 'Fantasy', 'Sci-Fi', 'Thriller']",4,2009.0,1,0.5,0.0,0.5,0.5,2009
67923,"Fast & Furious (Fast and the Furious 4, The) (2009)",Action|Crime|Drama|Thriller,"['Action', 'Crime', 'Drama', 'Thriller']",4,2009.0,10,3.25,0.7905694150420949,1.5,4.0,2009
67997,In the Loop (2009),Comedy,['Comedy'],1,2009.0,5,4.3,0.4472135954999578,4.0,5.0,2009
68073,Pirate Radio (2009),Comedy|Drama,"['Comedy', 'Drama']",2,2009.0,5,3.4,1.6733200530681511,0.5,4.5,2009
68135,17 Again (2009),Comedy|Drama,"['Comedy', 'Drama']",2,2009.0,10,3.55,0.550252467307306,2.5,4.5,2009
68157,Inglourious Basterds (2009),Action|Drama|War,"['Action', 'Drama', 'War']",3,2009.0,88,4.136363636363637,0.8190521320308775,0.5,5.0,2009
68159,State of Play (2009),Crime|Drama|Thriller,"['Crime', 'Drama', 'Thriller']",3,2009.0,3,4.0,0.0,4.0,4.0,2009
68194,"Damned United, The (2009)",Drama,['Drama'],1,2009.0,2,4.25,0.3535533905932738,4.0,4.5,2009
68205,Crank: High Voltage (2009),Action|Comedy|Crime,"['Action', 'Comedy', 'Crime']",3,2009.0,8,2.9375,1.1160357137142674,1.0,4.0,2009
68237,Moon (2009),Drama|Mystery|Sci-Fi|Thriller,"['Drama', 'Mystery', 'Sci-Fi', 'Thriller']",4,2009.0,32,3.96875,0.9240295694193396,1.0,5.0,2009
68269,"Young Victoria, The (2009)",Drama|Romance,"['Drama', 'Romance']",2,2009.0,2,4.25,0.3535533905932738,4.0,4.5,2009
68319,X-Men Origins: Wolverine (2009),Action|Sci-Fi|Thriller,"['Action', 'Sci-Fi', 'Thriller']",3,2009.0,26,2.8653846153846154,0.9649631320179264,0.5,4.0,2009
68347,Sin Nombre (2009),Crime|Drama|Thriller,"['Crime', 'Drama', 'Thriller']",3,2009.0,1,4.0,0.0,4.0,4.0,2009
68358,Star Trek (2009),Action|Adventure|Sci-Fi|IMAX,"['Action', 'Adventure', 'Sci-Fi', 'IMAX']",4,2009.0,59,3.864406779661017,0.819116999740323,0.5,5.0,2009
68444,"Great Buck Howard, The (2008)",Comedy,['Comedy'],1,2008.0,1,3.5,0.0,3.5,3.5,2008
68486,Red Cliff Part II (Chi Bi Xia: Jue Zhan Tian Xia) (2009),Action|Drama|War,"['Action', 'Drama', 'War']",3,2009.0,3,4.0,0.8660254037844386,3.5,5.0,2009
68522,Earth (2007),Documentary,['Documentary'],1,2007.0,1,3.5,0.0,3.5,3.5,2007
68536,Stanley Kubrick: A Life in Pictures (2001),Documentary,['Documentary'],1,2001.0,1,4.0,0.0,4.0,4.0,2001
68552,Crossing Over (2009),Drama,['Drama'],1,2009.0,1,2.0,0.0,2.0,2.0,2009
68554,Angels & Demons (2009),Crime|Drama|Mystery|Thriller,"['Crime', 'Drama', 'Mystery', 'Thriller']",4,2009.0,17,3.264705882352941,0.9539006607546906,0.5,4.5,2009
68600,Balls Out: Gary the Tennis Coach (2009),Comedy,['Comedy'],1,2009.0,1,2.0,0.0,2.0,2.0,2009
68650,Powder Blue (2009),Drama,['Drama'],1,2009.0,1,2.0,0.0,2.0,2.0,2009
68659,Fanboys (2009),Adventure|Comedy|Drama,"['Adventure', 'Comedy', 'Drama']",3,2009.0,8,2.875,1.246423454758225,0.5,4.5,2009
68791,Terminator Salvation (2009),Action|Adventure|Sci-Fi|Thriller,"['Action', 'Adventure', 'Sci-Fi', 'Thriller']",4,2009.0,18,3.25,0.6913328984437153,2.0,4.5,2009
68793,Night at the Museum: Battle of the Smithsonian (2009),Action|Comedy|IMAX,"['Action', 'Comedy', 'IMAX']",3,2009.0,10,3.1,1.0488088481701516,0.5,4.0,2009
68835,Were the World Mine (2008),Adventure|Fantasy|Musical|Romance,"['Adventure', 'Fantasy', 'Musical', 'Romance']",4,2008.0,1,3.5,0.0,3.5,3.5,2008
68848,"Brothers Bloom, The (2008)",Adventure|Comedy|Crime|Romance,"['Adventure', 'Comedy', 'Crime', 'Romance']",4,2008.0,3,4.333333333333333,0.5773502691896258,4.0,5.0,2008
68886,I Do: How to Get Married and Stay Single (Prête-moi ta main) (2006),Comedy|Romance,"['Comedy', 'Romance']",2,2006.0,1,4.0,0.0,4.0,4.0,2006
68932,"Soloist, The (2009)",Drama|Musical,"['Drama', 'Musical']",2,2009.0,2,3.5,0.0,3.5,3.5,2009
68952,Drag Me to Hell (2009),Comedy|Horror,"['Comedy', 'Horror']",2,2009.0,6,3.75,0.758287544405155,2.5,4.5,2009
68954,Up (2009),Adventure|Animation|Children|Drama,"['Adventure', 'Animation', 'Children', 'Drama']",4,2009.0,105,4.004761904761905,0.815991722287972,0.5,5.0,2009
68959,Fullmetal Alchemist the Movie: Conqueror of Shamballa (Gekijô-ban hagane no renkinjutsushi: Shanbara wo yuku mono) (2005),Action|Adventure|Animation|Drama,"['Action', 'Adventure', 'Animation', 'Drama']",4,2005.0,2,2.75,1.0606601717798212,2.0,3.5,2005
69069,Fired Up (2009),Comedy,['Comedy'],1,2009.0,6,3.583333333333333,1.3197221929886105,1.5,5.0,2009
69118,In the Electric Mist (2009),Drama|Mystery,"['Drama', 'Mystery']",2,2009.0,1,1.5,0.0,1.5,1.5,2009
69122,"Hangover, The (2009)",Comedy|Crime,"['Comedy', 'Crime']",2,2009.0,76,3.631578947368421,1.030755131130026,0.5,5.0,2009
69131,Killshot (2008),Action|Crime|Drama|Thriller,"['Action', 'Crime', 'Drama', 'Thriller']",4,2008.0,1,2.5,0.0,2.5,2.5,2008
69134,Antichrist (2009),Drama|Fantasy,"['Drama', 'Fantasy']",2,2009.0,5,3.8,0.8366600265340756,3.0,5.0,2009
69140,Sweeney Todd (2006),Crime|Drama|Horror|Thriller,"['Crime', 'Drama', 'Horror', 'Thriller']",4,2006.0,1,4.0,0.0,4.0,4.0,2006
69211,Boy Eats Girl (2005),Comedy|Horror,"['Comedy', 'Horror']",2,2005.0,1,5.0,0.0,5.0,5.0,2005
69251,Special (2006),Drama|Fantasy,"['Drama', 'Fantasy']",2,2006.0,1,3.5,0.0,3.5,3.5,2006
69275,Dead Snow (Død snø) (2009),Action|Adventure|Comedy|Horror,"['Action', 'Adventure', 'Comedy', 'Horror']",4,2009.0,4,4.25,0.4999999999999999,4.0,5.0,2009
69278,Land of the Lost (2009),Action|Adventure|Comedy|Sci-Fi,"['Action', 'Adventure', 'Comedy', 'Sci-Fi']",4,2009.0,7,3.2142857142857144,1.14953406710222,1.0,4.5,2009
69304,Imagine That (2009),Comedy|Drama|Fantasy,"['Comedy', 'Drama', 'Fantasy']",3,2009.0,1,4.0,0.0,4.0,4.0,2009
69306,"Taking of Pelham 1 2 3, The (2009)",Crime|Drama|Thriller,"['Crime', 'Drama', 'Thriller']",3,2009.0,6,3.1666666666666665,0.5163977794943222,2.5,4.0,2009
69394,"Stoning of Soraya M., The (2008)",Crime|Drama,"['Crime', 'Drama']",2,2008.0,1,4.5,0.0,4.5,4.5,2008
69406,"Proposal, The (2009)",Comedy|Romance,"['Comedy', 'Romance']",2,2009.0,16,3.5,0.9309493362512627,1.5,5.0,2009
69436,Year One (2009),Adventure|Comedy,"['Adventure', 'Comedy']",2,2009.0,7,2.7857142857142856,1.1126972805283737,0.5,4.0,2009
69469,Garfield's Pet Force (2009),Animation,['Animation'],1,2009.0,1,5.0,0.0,5.0,5.0,2009
69481,"Hurt Locker, The (2008)",Action|Drama|Thriller|War,"['Action', 'Drama', 'Thriller', 'War']",4,2008.0,34,4.0588235294117645,0.8049534701624435,1.0,5.0,2008
69495,Breakfast with Scot (2007),Drama|Romance,"['Drama', 'Romance']",2,2007.0,1,3.5,0.0,3.5,3.5,2007
69516,"Limits of Control, The (2009)",Crime|Drama|Film-Noir,"['Crime', 'Drama', 'Film-Noir']",3,2009.0,2,2.75,0.3535533905932738,2.5,3.0,2009
69526,Transformers: Revenge of the Fallen (2009),Action|Adventure|Sci-Fi|IMAX,"['Action', 'Adventure', 'Sci-Fi', 'IMAX']",4,2009.0,20,2.425,1.003611898148514,1.0,4.0,2009
69529,Home (2009),Documentary,['Documentary'],1,2009.0,2,4.5,0.7071067811865476,4.0,5.0,2009
69604,Whatever Works (2009),Comedy|Romance,"['Comedy', 'Romance']",2,2009.0,2,3.0,0.0,3.0,3.0,2009
69606,Ghosts of Girlfriends Past (2009),Comedy|Fantasy|Romance,"['Comedy', 'Fantasy', 'Romance']",3,2009.0,3,2.5,1.0,1.5,3.5,2009
69640,Public Enemies (2009),Crime|Drama|Thriller,"['Crime', 'Drama', 'Thriller']",3,2009.0,9,3.055555555555556,0.9166666666666664,1.0,4.0,2009
69644,Ice Age: Dawn of the Dinosaurs (2009),Action|Adventure|Animation|Children|Comedy|Romance,"['Action', 'Adventure', 'Animation', 'Children', 'Comedy', 'Romance']",6,2009.0,14,2.607142857142857,1.4166397325601634,0.5,4.0,2009
69654,Prison Break: The Final Break (2009),Action|Drama|Thriller,"['Action', 'Drama', 'Thriller']",3,2009.0,1,3.5,0.0,3.5,3.5,2009
69685,Daria: Is It College Yet? (2002),Animation|Comedy,"['Animation', 'Comedy']",2,2002.0,1,1.0,0.0,1.0,1.0,2002
69712,My Sister's Keeper (2009),Drama,['Drama'],1,2009.0,1,4.0,0.0,4.0,4.0,2009
69720,Hood of Horror (2006),Comedy|Drama|Horror,"['Comedy', 'Drama', 'Horror']",3,2006.0,1,4.5,0.0,4.5,4.5,2006
69746,Watchmen: Tales of the Black Freighter (2009),Action|Adventure|Animation|Horror,"['Action', 'Adventure', 'Animation', 'Horror']",4,2009.0,1,3.5,0.0,3.5,3.5,2009
69757,(500) Days of Summer (2009),Comedy|Drama|Romance,"['Comedy', 'Drama', 'Romance']",3,2009.0,42,3.6666666666666665,1.0573013661495896,0.5,5.0,2009
69784,Brüno (Bruno) (2009),Comedy,['Comedy'],1,2009.0,10,3.65,0.8834905520465715,2.0,4.5,2009
69805,"Librarian, The: The Curse of the Judas Chalice (2008)",Action|Adventure|Fantasy,"['Action', 'Adventure', 'Fantasy']",3,2008.0,2,3.75,0.3535533905932738,3.5,4.0,2008
69844,Harry Potter and the Half-Blood Prince (2009),Adventure|Fantasy|Mystery|Romance|IMAX,"['Adventure', 'Fantasy', 'Mystery', 'Romance', 'IMAX']",5,2009.0,58,3.8879310344827593,0.8113401489298907,1.5,5.0,2009
69860,Eichmann (2007),Drama|War,"['Drama', 'War']",2,2007.0,1,5.0,0.0,5.0,5.0,2007
69904,Open Water 2: Adrift (2006),Drama|Thriller,"['Drama', 'Thriller']",2,2006.0,1,2.5,0.0,2.5,2.5,2006
69951,"Imaginarium of Doctor Parnassus, The (2009)",Drama|Fantasy,"['Drama', 'Fantasy']",2,2009.0,16,3.8125,0.6551081335677849,2.5,5.0,2009
69953,9to5: Days in Porn (a.k.a. 9 to 5: Days in Porn) (2008),Documentary,['Documentary'],1,2008.0,1,3.5,0.0,3.5,3.5,2008
69988,Humpday (2009),Comedy,['Comedy'],1,2009.0,1,2.5,0.0,2.5,2.5,2009
70015,Polytechnique (2009),Crime|Drama,"['Crime', 'Drama']",2,2009.0,1,1.5,0.0,1.5,1.5,2009
70159,Orphan (2009),Drama|Horror|Mystery|Thriller,"['Drama', 'Horror', 'Mystery', 'Thriller']",4,2009.0,4,3.0,0.9128709291752768,2.0,4.0,2009
70183,"Ugly Truth, The (2009)",Comedy|Drama|Romance,"['Comedy', 'Drama', 'Romance']",3,2009.0,12,3.6666666666666665,0.5773502691896257,3.0,5.0,2009
70206,"Collector, The (2009)",Crime|Horror|Thriller,"['Crime', 'Horror', 'Thriller']",3,2009.0,1,3.5,0.0,3.5,3.5,2009
70208,"Perfect Getaway, A (2009)",Horror|Thriller,"['Horror', 'Thriller']",2,2009.0,1,4.0,0.0,4.0,4.0,2009
70286,District 9 (2009),Mystery|Sci-Fi|Thriller,"['Mystery', 'Sci-Fi', 'Thriller']",3,2009.0,65,3.776923076923077,0.9922778767136672,0.5,5.0,2009
70293,Julie & Julia (2009),Comedy|Drama|Romance,"['Comedy', 'Drama', 'Romance']",3,2009.0,12,2.958333333333333,1.2146517146403688,0.5,4.5,2009
70301,Obsessed (2009),Crime|Drama|Thriller,"['Crime', 'Drama', 'Thriller']",3,2009.0,1,3.5,0.0,3.5,3.5,2009
70305,Race to Witch Mountain (2009),Adventure|Children|Fantasy|Sci-Fi|Thriller,"['Adventure', 'Children', 'Fantasy', 'Sci-Fi', 'Thriller']",5,2009.0,2,3.5,0.0,3.5,3.5,2009
70334,Hannah Montana: The Movie (2009),Comedy|Drama|Musical|Romance,"['Comedy', 'Drama', 'Musical', 'Romance']",4,2009.0,1,3.5,0.0,3.5,3.5,2009
70336,G.I. Joe: The Rise of Cobra (2009),Action|Adventure|Sci-Fi|Thriller,"['Action', 'Adventure', 'Sci-Fi', 'Thriller']",4,2009.0,8,2.625,0.6408699444616557,1.5,3.5,2009
70361,12 Rounds (2009),Action|Thriller,"['Action', 'Thriller']",2,2009.0,3,3.0,0.0,3.0,3.0,2009
70451,Max Manus (2008),Action|Drama|War,"['Action', 'Drama', 'War']",3,2008.0,1,5.0,0.0,5.0,5.0,2008
70521,Lost in Austen (2008),Drama|Fantasy|Romance|Sci-Fi,"['Drama', 'Fantasy', 'Romance', 'Sci-Fi']",4,2008.0,3,3.6666666666666665,0.5773502691896258,3.0,4.0,2008
70533,Evangelion: 1.0 You Are (Not) Alone (Evangerion shin gekijôban: Jo) (2007),Action|Animation|Sci-Fi,"['Action', 'Animation', 'Sci-Fi']",3,2007.0,3,3.8333333333333335,0.2886751345948129,3.5,4.0,2007
70545,"Deal, The (2008)",Comedy,['Comedy'],1,2008.0,1,2.0,0.0,2.0,2.0,2008
70565,"Goods: Live Hard, Sell Hard, The (2009)",Comedy,['Comedy'],1,2009.0,4,3.625,0.8539125638299665,2.5,4.5,2009
70599,"Time Traveler's Wife, The (2009)",Drama|Romance|Sci-Fi,"['Drama', 'Romance', 'Sci-Fi']",3,2009.0,5,3.9,0.4183300132670378,3.5,4.5,2009
70637,I Can't Think Straight (2007),Drama|Romance,"['Drama', 'Romance']",2,2007.0,1,4.0,0.0,4.0,4.0,2007
70641,Miss March (2009),Comedy,['Comedy'],1,2009.0,3,2.833333333333333,2.0816659994661326,0.5,4.5,2009
70663,"I Love You, Beth Cooper (2009)",Comedy|Romance,"['Comedy', 'Romance']",2,2009.0,1,2.5,0.0,2.5,2.5,2009
70687,Paper Heart (2009),Comedy|Documentary|Drama|Romance,"['Comedy', 'Documentary', 'Drama', 'Romance']",4,2009.0,2,2.75,2.4748737341529163,1.0,4.5,2009
70697,G-Force (2009),Action|Adventure|Children|Fantasy,"['Action', 'Adventure', 'Children', 'Fantasy']",4,2009.0,1,3.5,0.0,3.5,3.5,2009
70708,Tetro (2009),Drama|Mystery,"['Drama', 'Mystery']",2,2009.0,1,4.5,0.0,4.5,4.5,2009
70728,Bronson (2009),Action|Comedy|Drama|Thriller,"['Action', 'Comedy', 'Drama', 'Thriller']",4,2009.0,3,3.8333333333333335,0.2886751345948129,3.5,4.0,2009
70862,It Might Get Loud (2008),Documentary,['Documentary'],1,2008.0,2,3.75,1.0606601717798212,3.0,4.5,2008
70932,My Life in Ruins (2009),Comedy,['Comedy'],1,2009.0,1,2.0,0.0,2.0,2.0,2009
70984,Taking Woodstock (2009),Comedy,['Comedy'],1,2009.0,3,3.0,0.8660254037844386,2.0,3.5,2009
70994,Halloween II (2009),Horror|Thriller,"['Horror', 'Thriller']",2,2009.0,3,3.0,1.8027756377319943,1.0,4.5,2009
71033,"Secret in Their Eyes, The (El secreto de sus ojos) (2009)",Crime|Drama|Mystery|Romance|Thriller,"['Crime', 'Drama', 'Mystery', 'Romance', 'Thriller']",5,2009.0,7,3.857142857142857,1.313845682030609,1.0,5.0,2009
71057,9 (2009),Adventure|Animation|Sci-Fi,"['Adventure', 'Animation', 'Sci-Fi']",3,2009.0,14,3.642857142857143,0.8644378215075665,1.5,5.0,2009
71106,Frequently Asked Questions About Time Travel (2009),Comedy|Sci-Fi,"['Comedy', 'Sci-Fi']",2,2009.0,5,3.6,0.8215838362577491,2.5,4.5,2009
71108,"White Ribbon, The (Das weiße Band) (2009)",Drama|Mystery,"['Drama', 'Mystery']",2,2009.0,1,4.5,0.0,4.5,4.5,2009
71129,Green Lantern: First Flight (2009),Action|Adventure|Animation|Fantasy|Sci-Fi,"['Action', 'Adventure', 'Animation', 'Fantasy', 'Sci-Fi']",5,2009.0,1,3.5,0.0,3.5,3.5,2009
71131,"Most Hated Family in America, The (2007)",Documentary,['Documentary'],1,2007.0,2,4.5,0.7071067811865476,4.0,5.0,2007
71135,Pandorum (2009),Horror|Sci-Fi|Thriller,"['Horror', 'Sci-Fi', 'Thriller']",3,2009.0,5,3.4,0.8215838362577492,2.0,4.0,2009
71156,"Men Who Stare at Goats, The (2009)",Action|Comedy|Drama,"['Action', 'Comedy', 'Drama']",3,2009.0,9,3.388888888888889,0.6508541396588878,2.5,4.5,2009
71160,"Hunt For Gollum, The (2009)",Action|Adventure|Fantasy,"['Action', 'Adventure', 'Fantasy']",3,2009.0,1,3.0,0.0,3.0,3.0,2009
71205,Jennifer's Body (2009),Comedy|Horror|Sci-Fi|Thriller,"['Comedy', 'Horror', 'Sci-Fi', 'Thriller']",4,2009.0,2,1.0,0.7071067811865476,0.5,1.5,2009
71211,"Informant!, The (2009)",Comedy|Crime|Drama|Thriller,"['Comedy', 'Crime', 'Drama', 'Thriller']",4,2009.0,3,3.6666666666666665,0.7637626158259734,3.0,4.5,2009
71248,Extract (2009),Comedy,['Comedy'],1,2009.0,2,2.0,1.4142135623730951,1.0,3.0,2009
71252,"Final Destination, The (Final Destination 4) (Final Destination in 3-D, The) (2009)",Horror|Thriller,"['Horror', 'Thriller']",2,2009.0,3,2.6666666666666665,0.5773502691896258,2.0,3.0,2009
71254,Gamer (2009),Action|Sci-Fi|Thriller,"['Action', 'Sci-Fi', 'Thriller']",3,2009.0,7,3.4285714285714284,0.3450327796711771,3.0,4.0,2009
71264,Cloudy with a Chance of Meatballs (2009),Animation|Children|Fantasy|IMAX,"['Animation', 'Children', 'Fantasy', 'IMAX']",4,2009.0,17,3.5294117647058822,0.9265289430735236,2.0,5.0,2009
71268,Tyler Perry's I Can Do Bad All by Myself (2009),Comedy|Drama,"['Comedy', 'Drama']",2,2009.0,1,5.0,0.0,5.0,5.0,2009
71282,"Food, Inc. (2008)",Documentary,['Documentary'],1,2008.0,8,3.6875,0.6512350903146596,3.0,4.5,2008
71304,Thirst (Bakjwi) (2009),Drama|Horror,"['Drama', 'Horror']",2,2009.0,3,4.0,0.8660254037844386,3.0,4.5,2009
71327,Bright Star (2009),Drama|Romance,"['Drama', 'Romance']",2,2009.0,1,3.5,0.0,3.5,3.5,2009
71341,Blood Creek (a.k.a. Town Creek) (2009),Horror,['Horror'],1,2009.0,1,3.0,0.0,3.0,3.0,2009
71379,Paranormal Activity (2009),Horror|Thriller,"['Horror', 'Thriller']",2,2009.0,5,3.4,1.2942179105544784,2.0,5.0,2009
71429,World's Greatest Dad (2009),Comedy|Drama,"['Comedy', 'Drama']",2,2009.0,2,3.0,2.1213203435596424,1.5,4.5,2009
71438,Still Walking (Aruitemo aruitemo) (2008),Drama,['Drama'],1,2008.0,1,1.0,0.0,1.0,1.0,2008
71462,"Cove, The (2009)",Documentary,['Documentary'],1,2009.0,4,4.25,0.4999999999999999,4.0,5.0,2009
71464,"Serious Man, A (2009)",Comedy|Drama,"['Comedy', 'Drama']",2,2009.0,11,3.227272727272727,1.169693044427391,0.5,4.5,2009
71466,City Island (2009),Comedy|Drama,"['Comedy', 'Drama']",2,2009.0,1,4.0,0.0,4.0,4.0,2009
71468,Ink (2009),Action|Fantasy|Sci-Fi,"['Action', 'Fantasy', 'Sci-Fi']",3,2009.0,1,3.5,0.0,3.5,3.5,2009
71484,Metropia (2009),Animation|Sci-Fi,"['Animation', 'Sci-Fi']",2,2009.0,1,2.5,0.0,2.5,2.5,2009
71494,"Haunted World of El Superbeasto, The (2009)",Action|Animation|Comedy|Horror|Thriller,"['Action', 'Animation', 'Comedy', 'Horror', 'Thriller']",5,2009.0,1,3.5,0.0,3.5,3.5,2009
71500,Trick 'r Treat (2007),Comedy|Horror|Thriller,"['Comedy', 'Horror', 'Thriller']",3,2007.0,1,2.5,0.0,2.5,2.5,2007
71518,Whip It (2009),Comedy|Drama,"['Comedy', 'Drama']",2,2009.0,5,3.1,1.2449899597988732,1.0,4.0,2009
71520,"Invention of Lying, The (2009)",Comedy,['Comedy'],1,2009.0,6,2.333333333333333,1.570562531918633,0.5,4.5,2009
71530,Surrogates (2009),Action|Sci-Fi|Thriller,"['Action', 'Sci-Fi', 'Thriller']",3,2009.0,14,3.0357142857142856,1.2475250223216692,0.5,5.0,2009
71535,Zombieland (2009),Action|Comedy|Horror,"['Action', 'Comedy', 'Horror']",3,2009.0,53,3.8773584905660377,0.8765407334942289,1.0,5.0,2009
71550,Assassination of a High School President (2008),Comedy|Drama|Mystery,"['Comedy', 'Drama', 'Mystery']",3,2008.0,1,1.0,0.0,1.0,1.0,2008
71579,"Education, An (2009)",Drama|Romance,"['Drama', 'Romance']",2,2009.0,6,3.8333333333333335,0.6831300510639732,3.0,5.0,2009
71619,Coco Before Chanel (Coco avant Chanel) (2009),Drama,['Drama'],1,2009.0,1,4.0,0.0,4.0,4.0,2009
71640,Burma VJ: Reporting from a Closed Country (Burma VJ: Reporter i et lukket land) (2008),Documentary,['Documentary'],1,2008.0,1,3.5,0.0,3.5,3.5,2008
71668,Couples Retreat (2009),Comedy|Romance,"['Comedy', 'Romance']",2,2009.0,3,3.333333333333333,1.0408329997330663,2.5,4.5,2009
71732,I Sell the Dead (2008),Comedy|Horror,"['Comedy', 'Horror']",2,2008.0,2,2.5,1.4142135623730951,1.5,3.5,2008
71745,Where the Wild Things Are (2009),Adventure|Children|Drama|Fantasy|IMAX,"['Adventure', 'Children', 'Drama', 'Fantasy', 'IMAX']",5,2009.0,12,2.6666666666666665,1.2492421945347751,0.5,4.5,2009
71823,"New York, I Love You (2009)",Drama|Romance,"['Drama', 'Romance']",2,2009.0,4,3.5,0.816496580927726,2.5,4.5,2009
71838,Law Abiding Citizen (2009),Drama|Thriller,"['Drama', 'Thriller']",2,2009.0,8,3.0625,0.7288689868556625,2.0,4.0,2009
71867,"Misfortunates, The (De helaasheid der dingen) (2009)",Drama,['Drama'],1,2009.0,1,3.0,0.0,3.0,3.0,2009
71899,Mary and Max (2009),Animation|Comedy|Drama,"['Animation', 'Comedy', 'Drama']",3,2009.0,10,4.2,0.6324555320336759,3.0,5.0,2009
71902,Spread (2009),Drama|Romance,"['Drama', 'Romance']",2,2009.0,1,3.5,0.0,3.5,3.5,2009
71910,"Tournament, The (2009)",Action,['Action'],1,2009.0,1,2.5,0.0,2.5,2.5,2009
72011,Up in the Air (2009),Drama|Romance,"['Drama', 'Romance']",2,2009.0,32,3.71875,0.7177192819911804,1.5,5.0,2009
72129,Saw VI (2009),Crime|Horror|Mystery|Thriller,"['Crime', 'Horror', 'Mystery', 'Thriller']",4,2009.0,3,3.5,0.8660254037844386,3.0,4.5,2009
72142,Love Exposure (Ai No Mukidashi) (2008),Action|Comedy|Drama|Romance,"['Action', 'Comedy', 'Drama', 'Romance']",4,2008.0,1,5.0,0.0,5.0,5.0,2008
72165,Cirque du Freak: The Vampire's Assistant (2009),Action|Adventure|Comedy|Fantasy|Horror|Thriller,"['Action', 'Adventure', 'Comedy', 'Fantasy', 'Horror', 'Thriller']",6,2009.0,1,2.0,0.0,2.0,2.0,2009
72167,"Boondock Saints II: All Saints Day, The (2009)",Action|Crime|Drama|Thriller,"['Action', 'Crime', 'Drama', 'Thriller']",4,2009.0,4,3.375,1.7017148213885114,1.0,5.0,2009
72171,Black Dynamite (2009),Action|Comedy,"['Action', 'Comedy']",2,2009.0,2,3.5,2.1213203435596424,2.0,5.0,2009
72178,Welcome to Dongmakgol (2005),Comedy|Drama|War,"['Comedy', 'Drama', 'War']",3,2005.0,1,4.5,0.0,4.5,4.5,2005
72224,Gentlemen Broncos (2009),Comedy,['Comedy'],1,2009.0,2,2.25,1.7677669529663689,1.0,3.5,2009
72226,Fantastic Mr. Fox (2009),Adventure|Animation|Children|Comedy|Crime,"['Adventure', 'Animation', 'Children', 'Comedy', 'Crime']",5,2009.0,18,4.083333333333333,0.8952488973661425,1.5,5.0,2009
72294,"Christmas Carol, A (2009)",Animation|Children|Drama|Fantasy|IMAX,"['Animation', 'Children', 'Drama', 'Fantasy', 'IMAX']",5,2009.0,2,3.0,0.7071067811865476,2.5,3.5,2009
72308,Battlestar Galactica: The Plan (2009),Action|Adventure|Drama|Sci-Fi,"['Action', 'Adventure', 'Drama', 'Sci-Fi']",4,2009.0,2,4.25,0.3535533905932738,4.0,4.5,2009
72330,"Private Lives of Pippa Lee, The (2009)",Drama,['Drama'],1,2009.0,1,3.5,0.0,3.5,3.5,2009
72356,Partly Cloudy (2009),Animation|Children|Comedy|Fantasy,"['Animation', 'Children', 'Comedy', 'Fantasy']",4,2009.0,4,4.375,0.25,4.0,4.5,2009
72378,2012 (2009),Action|Drama|Sci-Fi|Thriller,"['Action', 'Drama', 'Sci-Fi', 'Thriller']",4,2009.0,21,2.619047619047619,1.1281041829631904,0.5,4.0,2009
72395,Precious (2009),Drama,['Drama'],1,2009.0,3,3.5,0.5,3.0,4.0,2009
72405,Bad Lieutenant: Port of Call New Orleans (2009),Crime|Drama,"['Crime', 'Drama']",2,2009.0,2,2.25,0.3535533905932738,2.0,2.5,2009
72407,"Twilight Saga: New Moon, The (2009)",Drama|Fantasy|Horror|Romance|Thriller,"['Drama', 'Fantasy', 'Horror', 'Romance', 'Thriller']",5,2009.0,9,2.6666666666666665,0.7905694150420948,1.5,4.0,2009
72424,Derailed (2002),Action|Thriller,"['Action', 'Thriller']",2,2002.0,1,0.5,0.0,0.5,0.5,2002
72479,"Messenger, The (2009)",Drama|Romance|War,"['Drama', 'Romance', 'War']",3,2009.0,1,3.5,0.0,3.5,3.5,2009
72489,Ninja Assassin (2009),Action|Crime|Drama|Thriller,"['Action', 'Crime', 'Drama', 'Thriller']",4,2009.0,3,4.166666666666667,0.2886751345948129,4.0,4.5,2009
72554,Cell 211 (Celda 211) (2009),Action|Drama,"['Action', 'Drama']",2,2009.0,1,4.5,0.0,4.5,4.5,2009
72601,Teenage Mutant Ninja Turtles: Turtles Forever (2009),Action|Adventure|Animation|Comedy|Thriller,"['Action', 'Adventure', 'Animation', 'Comedy', 'Thriller']",5,2009.0,1,3.0,0.0,3.0,3.0,2009
72603,Merry Madagascar (2009),Animation,['Animation'],1,2009.0,1,3.0,0.0,3.0,3.0,2009
72605,Brothers (2009),Drama|Thriller|War,"['Drama', 'Thriller', 'War']",3,2009.0,5,3.5,0.6123724356957946,2.5,4.0,2009
72624,Garage (2007),Drama,['Drama'],1,2007.0,1,3.5,0.0,3.5,3.5,2007
72641,"Blind Side, The  (2009)",Drama,['Drama'],1,2009.0,31,3.6774193548387095,1.0210157287131134,1.0,5.0,2009
72694,Shrink (2009),Drama,['Drama'],1,2009.0,1,2.0,0.0,2.0,2.0,2009
72696,Old Dogs (2009),Comedy,['Comedy'],1,2009.0,1,0.5,0.0,0.5,0.5,2009
72701,Planet 51 (2009),Adventure|Animation|Children|Comedy|Sci-Fi,"['Adventure', 'Animation', 'Children', 'Comedy', 'Sci-Fi']",5,2009.0,3,3.0,1.3228756555322954,1.5,4.0,2009
72714,Earthlings (2006),Documentary,['Documentary'],1,2006.0,1,4.0,0.0,4.0,4.0,2006
72720,"Single Man, A (2009)",Drama,['Drama'],1,2009.0,3,3.8333333333333335,0.2886751345948129,3.5,4.0,2009
72731,"Lovely Bones, The (2009)",Crime|Drama|Fantasy|Horror|Thriller,"['Crime', 'Drama', 'Fantasy', 'Horror', 'Thriller']",5,2009.0,3,3.1666666666666665,0.2886751345948129,3.0,3.5,2009
72733,Invictus (2009),Drama,['Drama'],1,2009.0,7,3.857142857142857,0.6900655593423541,3.0,5.0,2009
72737,"Princess and the Frog, The (2009)",Animation|Children|Fantasy|Musical|Romance,"['Animation', 'Children', 'Fantasy', 'Musical', 'Romance']",5,2009.0,12,3.75,0.7537783614444091,2.0,5.0,2009
72919,Did You Hear About the Morgans? (2009),Comedy|Crime|Drama|Romance,"['Comedy', 'Crime', 'Drama', 'Romance']",4,2009.0,1,3.0,0.0,3.0,3.0,2009
72982,Alice (2009),Action|Adventure|Fantasy,"['Action', 'Adventure', 'Fantasy']",3,2009.0,1,4.0,0.0,4.0,4.0,2009
72998,Avatar (2009),Action|Adventure|Sci-Fi|IMAX,"['Action', 'Adventure', 'Sci-Fi', 'IMAX']",4,2009.0,97,3.6030927835051543,1.0678496312925083,0.5,5.0,2009
73015,It's Complicated (2009),Comedy|Romance,"['Comedy', 'Romance']",2,2009.0,4,2.75,1.1902380714238083,1.5,4.0,2009
73017,Sherlock Holmes (2009),Action|Crime|Mystery|Thriller,"['Action', 'Crime', 'Mystery', 'Thriller']",4,2009.0,58,3.853448275862069,0.7666778452063868,2.0,5.0,2009
73023,Crazy Heart (2009),Drama|Romance,"['Drama', 'Romance']",2,2009.0,5,4.1,0.5477225575051661,3.5,5.0,2009
73042,Alvin and the Chipmunks: The Squeakquel (2009),Animation|Children|Comedy|Musical,"['Animation', 'Children', 'Comedy', 'Musical']",4,2009.0,3,2.6666666666666665,2.0816659994661326,1.0,5.0,2009
73106,American Pie Presents: The Book of Love (American Pie 7: The Book of Love) (2009),Comedy,['Comedy'],1,2009.0,3,2.1666666666666665,0.7637626158259733,1.5,3.0,2009
73211,Pontypool (2008),Horror|Thriller,"['Horror', 'Thriller']",2,2008.0,2,3.75,0.3535533905932738,3.5,4.0,2008
73266,Youth in Revolt (2009),Comedy|Drama|Romance,"['Comedy', 'Drama', 'Romance']",3,2009.0,5,3.0,1.5411035007422442,0.5,4.5,2009
73290,Hachiko: A Dog's Story (a.k.a. Hachi: A Dog's Tale) (2009),Drama,['Drama'],1,2009.0,2,3.5,2.1213203435596424,2.0,5.0,2009
73323,"Girl Who Kicked the Hornet's Nest, The (Luftslottet som sprängdes) (2009)",Action|Crime|Mystery,"['Action', 'Crime', 'Mystery']",3,2009.0,5,4.2,0.5700877125495689,3.5,5.0,2009
73344,"Prophet, A (Un Prophète) (2009)",Crime|Drama,"['Crime', 'Drama']",2,2009.0,4,4.25,0.4999999999999999,4.0,5.0,2009
73386,Staten Island (2009),Crime|Drama,"['Crime', 'Drama']",2,2009.0,1,1.5,0.0,1.5,1.5,2009
73431,"Maiden Heist, The (2009)",Comedy|Crime,"['Comedy', 'Crime']",2,2009.0,1,2.5,0.0,2.5,2.5,2009
73488,Blood: The Last Vampire (2009),Action|Horror|Thriller,"['Action', 'Horror', 'Thriller']",3,2009.0,1,2.0,0.0,2.0,2.0,2009
73515,Bart Got a Room (2008),Comedy|Romance,"['Comedy', 'Romance']",2,2008.0,1,3.5,0.0,3.5,3.5,2008
73676,Robin-B-Hood (Bo bui gai wak) (2006),Action|Comedy|Drama,"['Action', 'Comedy', 'Drama']",3,2006.0,1,3.0,0.0,3.0,3.0,2006
73681,"Concert, Le (2009)",Comedy|Drama,"['Comedy', 'Drama']",2,2009.0,1,3.0,0.0,3.0,3.0,2009
73741,Ninja (2009),Action|Crime|Drama|Thriller,"['Action', 'Crime', 'Drama', 'Thriller']",4,2009.0,1,3.0,0.0,3.0,3.0,2009
73804,Asterix at the Olympic Games (Astérix aux jeux olympiques) (2008),Adventure|Children|Comedy|Fantasy,"['Adventure', 'Children', 'Comedy', 'Fantasy']",4,2008.0,1,4.0,0.0,4.0,4.0,2008
73808,"Chaser, The (Chugyeogja) (2008)",Crime|Drama|Thriller,"['Crime', 'Drama', 'Thriller']",3,2008.0,1,3.0,0.0,3.0,3.0,2008
73858,"Dennis the Menace Christmas, A (2007)",Comedy,['Comedy'],1,2007.0,1,1.5,0.0,1.5,1.5,2007
73876,Undisputed II: Last Man Standing (2006),Action|Crime|Drama,"['Action', 'Crime', 'Drama']",3,2006.0,1,4.0,0.0,4.0,4.0,2006
73881,3 Idiots (2009),Comedy|Drama|Romance,"['Comedy', 'Drama', 'Romance']",3,2009.0,2,4.75,0.3535533905932738,4.5,5.0,2009
74075,Stan Helsing (2009),Comedy|Horror,"['Comedy', 'Horror']",2,2009.0,2,1.0,0.0,1.0,1.0,2009
74228,Triangle (2009),Drama|Horror|Mystery|Thriller,"['Drama', 'Horror', 'Mystery', 'Thriller']",4,2009.0,2,4.0,0.7071067811865476,3.5,4.5,2009
74275,I Love You Phillip Morris (2009),Comedy|Drama|Romance,"['Comedy', 'Drama', 'Romance']",3,2009.0,2,1.5,1.4142135623730951,0.5,2.5,2009
74370,"House of the Devil, The (2009)",Horror|Thriller,"['Horror', 'Thriller']",2,2009.0,1,4.0,0.0,4.0,4.0,2009
74508,Persuasion (2007),Drama|Romance,"['Drama', 'Romance']",2,2007.0,3,3.333333333333333,1.2583057392117916,2.0,4.5,2007
74510,"Girl Who Played with Fire, The (Flickan som lekte med elden) (2009)",Action|Crime|Drama|Mystery|Thriller,"['Action', 'Crime', 'Drama', 'Mystery', 'Thriller']",5,2009.0,4,4.25,0.6454972243679027,3.5,5.0,2009
74553,"Secret of Kells, The (2009)",Animation|Fantasy,"['Animation', 'Fantasy']",2,2009.0,2,4.0,0.7071067811865476,3.5,4.5,2009
74624,Agora (2009),Adventure|Drama|Romance,"['Adventure', 'Drama', 'Romance']",3,2009.0,1,4.0,0.0,4.0,4.0,2009
74647,Motherhood (2009),Comedy,['Comedy'],1,2009.0,1,1.0,0.0,1.0,1.0,2009
74668,District 13: Ultimatum (Banlieue 13 - Ultimatum) (2009),Action|Sci-Fi,"['Action', 'Sci-Fi']",2,2009.0,2,3.75,0.3535533905932738,3.5,4.0,2009
74677,"Yes Men Fix the World, The (2009)",Documentary,['Documentary'],1,2009.0,1,4.0,0.0,4.0,4.0,2009
74683,Mike Bassett: England Manager (2001),Comedy,['Comedy'],1,2001.0,1,4.0,0.0,4.0,4.0,2001
74696,Last Train Home (2009),Documentary|Drama,"['Documentary', 'Drama']",2,2009.0,1,3.0,0.0,3.0,3.0,2009
74750,[REC]² (2009),Horror|Thriller,"['Horror', 'Thriller']",2,2009.0,3,3.6666666666666665,0.7637626158259734,3.0,4.5,2009
74754,"Room, The (2003)",Comedy|Drama|Romance,"['Comedy', 'Drama', 'Romance']",3,2003.0,3,3.6666666666666665,2.309401076758504,1.0,5.0,2003
74791,"Town Called Panic, A (Panique au village) (2009)",Animation,['Animation'],1,2009.0,2,3.75,0.3535533905932738,3.5,4.0,2009
74868,Dorian Gray (2009),Drama|Horror|Sci-Fi,"['Drama', 'Horror', 'Sci-Fi']",3,2009.0,5,3.0,0.3535533905932738,2.5,3.5,2009
74948,Harry Brown (2009),Crime|Drama|Thriller,"['Crime', 'Drama', 'Thriller']",3,2009.0,2,4.0,0.0,4.0,4.0,2009
75389,"Burrowers, The (2008)",Horror|Thriller|Western,"['Horror', 'Thriller', 'Western']",3,2008.0,1,3.0,0.0,3.0,3.0,2008
75446,Little Ashes (2008),Drama,['Drama'],1,2008.0,1,2.5,0.0,2.5,2.5,2008
75813,Leaves of Grass (2009),Comedy|Crime|Drama|Thriller,"['Comedy', 'Crime', 'Drama', 'Thriller']",4,2009.0,3,3.1666666666666665,0.2886751345948129,3.0,3.5,2009
75816,Women in Trouble (2009),Comedy,['Comedy'],1,2009.0,1,2.0,0.0,2.0,2.0,2009
76030,Case 39 (2009),Horror|Thriller,"['Horror', 'Thriller']",2,2009.0,1,0.5,0.0,0.5,0.5,2009
76054,Oceans (Océans) (2009),Documentary|Drama,"['Documentary', 'Drama']",2,2009.0,1,4.0,0.0,4.0,4.0,2009
76060,"Slammin' Salmon, The (2009)",Comedy,['Comedy'],1,2009.0,2,3.5,1.4142135623730951,2.5,4.5,2009
76091,Mother (Madeo) (2009),Crime|Drama|Mystery|Thriller,"['Crime', 'Drama', 'Mystery', 'Thriller']",4,2009.0,1,5.0,0.0,5.0,5.0,2009
76143,"Bone Man, The (Der Knochenmann) (2009)",Crime|Thriller,"['Crime', 'Thriller']",2,2009.0,1,4.5,0.0,4.5,4.5,2009
76173,Micmacs (Micmacs à tire-larigot) (2009),Comedy|Crime,"['Comedy', 'Crime']",2,2009.0,2,3.75,1.0606601717798212,3.0,4.5,2009
76301,"Emperor's New Groove 2: Kronk's New Groove, The (2005)",Animation|Children|Comedy|Romance,"['Animation', 'Children', 'Comedy', 'Romance']",4,2005.0,1,4.5,0.0,4.5,4.5,2005
76743,Mortadelo & Filemon: The Big Adventure (La gran aventura de Mortadelo y Filemón) (2003),Action|Adventure|Comedy,"['Action', 'Adventure', 'Comedy']",3,2003.0,1,3.5,0.0,3.5,3.5,2003
76751,American Drug War: The Last White Hope (2007),Crime|Documentary,"['Crime', 'Documentary']",2,2007.0,1,3.0,0.0,3.0,3.0,2007
77177,Wild China (2008),Documentary,['Documentary'],1,2008.0,1,4.0,0.0,4.0,4.0,2008
77201,Valhalla Rising (2009),Action|Drama|War,"['Action', 'Drama', 'War']",3,2009.0,1,2.5,0.0,2.5,2.5,2009
77233,"Union: The Business Behind Getting High, The (2007)",Comedy|Documentary,"['Comedy', 'Documentary']",2,2007.0,1,3.5,0.0,3.5,3.5,2007
77266,Disgrace (2008),Drama,['Drama'],1,2008.0,1,3.5,0.0,3.5,3.5,2008
77427,"Human Centipede, The (First Sequence) (2009)",Horror,['Horror'],1,2009.0,1,0.5,0.0,0.5,0.5,2009
77709,"Sky Crawlers, The (Sukai kurora) (2008)",Adventure|Animation|Drama,"['Adventure', 'Animation', 'Drama']",3,2008.0,1,2.5,0.0,2.5,2.5,2008
77795,Cargo (2009),Sci-Fi,['Sci-Fi'],1,2009.0,1,3.5,0.0,3.5,3.5,2009
77841,St Trinian's 2: The Legend of Fritton's Gold (2009),Adventure|Comedy,"['Adventure', 'Comedy']",2,2009.0,1,2.0,0.0,2.0,2.0,2009
77881,Lovers & Leavers (Kuutamolla) (2002),Drama|Romance,"['Drama', 'Romance']",2,2002.0,1,3.5,0.0,3.5,3.5,2002
77893,Merantau (2009),Action|Drama,"['Action', 'Drama']",2,2009.0,1,4.0,0.0,4.0,4.0,2009
77931,Stingray Sam (2009),Comedy|Musical|Sci-Fi|Western,"['Comedy', 'Musical', 'Sci-Fi', 'Western']",4,2009.0,1,4.0,0.0,4.0,4.0,2009
78103,Shake Hands with the Devil (2007),Drama|War,"['Drama', 'War']",2,2007.0,1,2.5,0.0,2.5,2.5,2007
78142,Baarìa (2009),Comedy|Drama|War,"['Comedy', 'Drama', 'War']",3,2009.0,1,4.5,0.0,4.5,4.5,2009
78160,Ricky Gervais Live: Animals (2003),Comedy,['Comedy'],1,2003.0,1,3.5,0.0,3.5,3.5,2003
78266,Splice (2009),Horror|Sci-Fi|Thriller,"['Horror', 'Sci-Fi', 'Thriller']",3,2009.0,3,3.5,0.5,3.0,4.0,2009
78349,Exam (2009),Mystery|Thriller,"['Mystery', 'Thriller']",2,2009.0,5,3.8,0.4472135954999579,3.5,4.5,2009
78544,Ricky Gervais Live 3: Fame (2007),Comedy,['Comedy'],1,2007.0,1,3.0,0.0,3.0,3.0,2007
78626,Barking Dogs Never Bite (Flandersui gae) (2000),Comedy|Horror,"['Comedy', 'Horror']",2,2000.0,1,3.5,0.0,3.5,3.5,2000
78703,TiMER (2009),Comedy|Drama|Fantasy|Romance,"['Comedy', 'Drama', 'Fantasy', 'Romance']",4,2009.0,2,3.75,0.3535533905932738,3.5,4.0,2009
78746,Best Worst Movie (2009),Documentary,['Documentary'],1,2009.0,1,4.0,0.0,4.0,4.0,2009
78836,Enter the Void (2009),Drama,['Drama'],1,2009.0,2,5.0,0.0,5.0,5.0,2009
78959,Endgame (2009),Drama,['Drama'],1,2009.0,1,3.0,0.0,3.0,3.0,2009
79006,Empire of Dreams: The Story of the 'Star Wars' Trilogy (2004),Documentary,['Documentary'],1,2004.0,1,4.5,0.0,4.5,4.5,2004
79008,South Park: Imaginationland (2008),Animation|Comedy|Fantasy,"['Animation', 'Comedy', 'Fantasy']",3,2008.0,8,4.0,0.3779644730092272,3.5,4.5,2008
79073,When You're Strange (2009),Documentary,['Documentary'],1,2009.0,1,4.0,0.0,4.0,4.0,2009
79259,Cherrybomb (2009),Drama|Thriller,"['Drama', 'Thriller']",2,2009.0,1,2.5,0.0,2.5,2.5,2009
79299,"No. 1 Ladies' Detective Agency, The (2008)",Comedy|Crime|Mystery,"['Comedy', 'Crime', 'Mystery']",3,2008.0,1,3.0,0.0,3.0,3.0,2008
79357,Mr. Nobody (2009),Drama|Fantasy|Romance|Sci-Fi,"['Drama', 'Fantasy', 'Romance', 'Sci-Fi']",4,2009.0,7,4.142857142857143,0.5563486402641868,3.5,5.0,2009
79501,Deadly Outlaw: Rekka (a.k.a. Violent Fire) (Jitsuroku Andô Noboru kyôdô-den: Rekka) (2002),Crime|Drama|Thriller,"['Crime', 'Drama', 'Thriller']",3,2002.0,1,4.0,0.0,4.0,4.0,2002
79536,Hellsinki (Rööperi) (2009),Crime,['Crime'],1,2009.0,1,3.0,0.0,3.0,3.0,2009
79590,"Rebound, The (2009)",Comedy|Romance,"['Comedy', 'Romance']",2,2009.0,1,2.5,0.0,2.5,2.5,2009
79684,Paper Man (2009),Comedy|Drama,"['Comedy', 'Drama']",2,2009.0,1,4.0,0.0,4.0,4.0,2009
79798,I Killed My Mother (J'ai tué ma mère) (2009),Drama,['Drama'],1,2009.0,2,3.5,0.7071067811865476,3.0,4.0,2009
79868,Heartless (2009),Fantasy|Horror|Mystery|Thriller,"['Fantasy', 'Horror', 'Mystery', 'Thriller']",4,2009.0,1,2.5,0.0,2.5,2.5,2009
79897,Get Low (2009),Comedy|Drama|Mystery,"['Comedy', 'Drama', 'Mystery']",3,2009.0,1,5.0,0.0,5.0,5.0,2009
79946,"Joneses, The (2009)",Comedy|Drama,"['Comedy', 'Drama']",2,2009.0,1,3.5,0.0,3.5,3.5,2009
80124,Sisters (Syostry) (2001),Action|Crime|Drama,"['Action', 'Crime', 'Drama']",3,2001.0,1,5.0,0.0,5.0,5.0,2001
80139,Jackass 2.5 (2007),Comedy|Documentary,"['Comedy', 'Documentary']",2,2007.0,3,4.166666666666667,1.0408329997330663,3.0,5.0,2007
80162,"Horde, The (La Horde) (2009)",Action|Horror|Thriller,"['Action', 'Horror', 'Thriller']",3,2009.0,1,2.5,0.0,2.5,2.5,2009
80584,"Patrik Age 1.5 (Patrik 1,5) (2008)",Comedy|Drama|Romance,"['Comedy', 'Drama', 'Romance']",3,2008.0,1,4.0,0.0,4.0,4.0,2008
80727,Middle Men (2009),Comedy|Crime|Drama,"['Comedy', 'Crime', 'Drama']",3,2009.0,2,3.25,1.0606601717798212,2.5,4.0,2009
81087,Luck by Chance (2009),Drama,['Drama'],1,2009.0,1,4.5,0.0,4.5,4.5,2009
81910,"Art of the Steal, The (2009)",Documentary,['Documentary'],1,2009.0,2,4.0,0.0,4.0,4.0,2009
82041,"Loved Ones, The (2009)",Horror,['Horror'],1,2009.0,2,4.25,0.3535533905932738,4.0,4.5,2009
82684,Trash Humpers (2009),Drama,['Drama'],1,2009.0,1,0.5,0.0,0.5,0.5,2009
82857,Sweetgrass (2009),Adventure|Documentary|Western,"['Adventure', 'Documentary', 'Western']",3,2009.0,1,4.5,0.0,4.5,4.5,2009
83601,Amer (2009),Drama|Horror,"['Drama', 'Horror']",2,2009.0,1,0.5,0.0,0.5,0.5,2009
83796,Anything for Her (Pour elle) (2008),Crime|Drama|Thriller,"['Crime', 'Drama', 'Thriller']",3,2008.0,1,2.5,0.0,2.5,2.5,2008
84187,Evangelion: 2.0 You Can (Not) Advance (Evangerion shin gekijôban: Ha) (2009),Action|Animation|Drama|Sci-Fi,"['Action', 'Animation', 'Drama', 'Sci-Fi']",4,2009.0,3,3.5,0.5,3.0,4.0,2009
84716,Castaway on the Moon (Kimssi pyoryugi) (2009),Comedy|Drama|Romance,"['Comedy', 'Drama', 'Romance']",3,2009.0,1,4.0,0.0,4.0,4.0,2009
84844,Brother 2 (Brat 2) (2000),Crime|Drama,"['Crime', 'Drama']",2,2000.0,1,4.5,0.0,4.5,4.5,2000
84847,Emma (2009),Comedy|Drama|Romance,"['Comedy', 'Drama', 'Romance']",3,2009.0,2,2.5,2.8284271247461903,0.5,4.5,2009
85179,Summer Wars (Samâ wôzu) (2009),Adventure|Animation|Comedy|Sci-Fi,"['Adventure', 'Animation', 'Comedy', 'Sci-Fi']",4,2009.0,3,3.8333333333333335,0.7637626158259734,3.0,4.5,2009
85354,Mesrine: Public Enemy #1 (L'ennemi public n°1) (2008),Action|Crime,"['Action', 'Crime']",2,2008.0,3,3.5,1.3228756555322954,2.0,4.5,2008
85736,BURN-E (2008),Adventure|Animation|Children|Sci-Fi,"['Adventure', 'Animation', 'Children', 'Sci-Fi']",4,2008.0,3,4.5,0.5,4.0,5.0,2008
86066,Playing the Victim (Izobrazhaya zhertvu) (2006),Comedy,['Comedy'],1,2006.0,1,4.0,0.0,4.0,4.0,2006
86068,Films to Keep You Awake: The Christmas Tale (Películas para no dormir: Cuento de navidad) (2005),Horror|Thriller,"['Horror', 'Thriller']",2,2005.0,1,0.5,0.0,0.5,0.5,2005
86290,American: The Bill Hicks Story (2009),Comedy|Documentary,"['Comedy', 'Documentary']",2,2009.0,3,4.0,1.0,3.0,5.0,2009
86347,Louis C.K.: Chewed Up (2008),Comedy,['Comedy'],1,2008.0,7,3.2857142857142856,1.8676443018131796,0.5,5.0,2008
86377,Louis C.K.: Shameless (2007),Comedy,['Comedy'],1,2007.0,7,4.0,1.6072751268321592,0.5,5.0,2007
86504,Voices from the List (2004),Documentary,['Documentary'],1,2004.0,5,4.3,0.8366600265340756,3.0,5.0,2004
86668,Louis Theroux: Law & Disorder (2008),Documentary,['Documentary'],1,2008.0,1,5.0,0.0,5.0,5.0,2008
86721,Idiots and Angels (2008),Animation|Drama|Fantasy,"['Animation', 'Drama', 'Fantasy']",3,2008.0,1,5.0,0.0,5.0,5.0,2008
86960,Across the Hall (2009),Thriller,['Thriller'],1,2009.0,1,2.0,0.0,2.0,2.0,2009
87834,My Life as McDull (Mak dau goo si) (2001),Animation|Comedy|Drama,"['Animation', 'Comedy', 'Drama']",3,2001.0,1,5.0,0.0,5.0,5.0,2001
87960,Between the Folds (2008),Documentary,['Documentary'],1,2008.0,1,3.0,0.0,3.0,3.0,2008
88345,Mike's New Car (2002),Animation|Comedy,"['Animation', 'Comedy']",2,2002.0,1,4.0,0.0,4.0,4.0,2002
89208,Walled In (2009),Horror|Thriller,"['Horror', 'Thriller']",2,2009.0,1,3.5,0.0,3.5,3.5,2009
89678,Northanger Abbey (2007),Drama|Romance,"['Drama', 'Romance']",2,2007.0,1,4.0,0.0,4.0,4.0,2007
90384,Behind Enemy Lines II: Axis of Evil (2006),Action|Thriller|War,"['Action', 'Thriller', 'War']",3,2006.0,1,2.0,0.0,2.0,2.0,2006
90769,Starsuckers (2009),Documentary,['Documentary'],1,2009.0,1,4.0,0.0,4.0,4.0,2009
91233,Lifted (2006),Animation|Comedy|Sci-Fi,"['Animation', 'Comedy', 'Sci-Fi']",3,2006.0,1,4.0,0.0,4.0,4.0,2006
91261,Hipsters (Stilyagi) (2008),Drama|Musical|Romance,"['Drama', 'Musical', 'Romance']",3,2008.0,1,3.5,0.0,3.5,3.5,2008
91266,Another Cinderella Story (2008),Children|Comedy|Musical|Romance,"['Children', 'Comedy', 'Musical', 'Romance']",4,2008.0,1,2.5,0.0,2.5,2.5,2008
91337,Play the Game (2009),Comedy|Romance,"['Comedy', 'Romance']",2,2009.0,1,4.0,0.0,4.0,4.0,2009
91355,Asterix and the Vikings (Astérix et les Vikings) (2006),Adventure|Animation|Children|Comedy|Fantasy,"['Adventure', 'Animation', 'Children', 'Comedy', 'Fantasy']",5,2006.0,1,5.0,0.0,5.0,5.0,2006
91947,"Revenant, The (2009)",Comedy|Horror,"['Comedy', 'Horror']",2,2009.0,1,4.5,0.0,4.5,4.5,2009
92046,Contact High (2009),Comedy,['Comedy'],1,2009.0,1,3.0,0.0,3.0,3.0,2009
92094,Einstein and Eddington (2008),Drama,['Drama'],1,2008.0,1,3.5,0.0,3.5,3.5,2008
92494,Dylan Moran: Monster (2004),Comedy|Documentary,"['Comedy', 'Documentary']",2,2004.0,1,5.0,0.0,5.0,5.0,2004
92730,Rollo and the Woods Sprite (Rölli ja metsänhenki) (2001),Children|Fantasy,"['Children', 'Fantasy']",2,2001.0,1,2.0,0.0,2.0,2.0,2001
92954,Prayers for Bobby (2009),Drama,['Drama'],1,2009.0,1,3.5,0.0,3.5,3.5,2009
93006,"Very Potter Musical, A (2009)",Comedy|Musical,"['Comedy', 'Musical']",2,2009.0,2,4.25,0.3535533905932738,4.0,4.5,2009
93988,North & South (2004),Drama|Romance,"['Drama', 'Romance']",2,2004.0,1,4.5,0.0,4.5,4.5,2004
94661,Rocket Singh: Salesman of the Year (2009),Comedy|Drama,"['Comedy', 'Drama']",2,2009.0,1,4.0,0.0,4.0,4.0,2009
94735,Walking with Monsters (2005),Documentary,['Documentary'],1,2005.0,1,4.0,0.0,4.0,4.0,2005
95004,Superman/Doomsday (2007) ,Action|Animation,"['Action', 'Animation']",2,2007.0,1,4.0,0.0,4.0,4.0,2007
95149,Superman/Batman: Public Enemies (2009),Action|Animation|Fantasy,"['Action', 'Animation', 'Fantasy']",3,2009.0,1,5.0,0.0,5.0,5.0,2009
95175,Front of the Class (2008),Drama,['Drama'],1,2008.0,1,5.0,0.0,5.0,5.0,2008
95311,Presto (2008),Animation|Children|Comedy|Fantasy,"['Animation', 'Children', 'Comedy', 'Fantasy']",4,2008.0,1,5.0,0.0,5.0,5.0,2008
95313,Jack-Jack Attack (2005),Adventure|Animation|Children|Comedy,"['Adventure', 'Animation', 'Children', 'Comedy']",4,2005.0,1,4.5,0.0,4.5,4.5,2005
95377,One Man Band (2005),Animation|Comedy|Musical,"['Animation', 'Comedy', 'Musical']",3,2005.0,3,3.8333333333333335,0.7637626158259734,3.0,4.5,2005
95624,"Firm, The (2009)",Drama,['Drama'],1,2009.0,1,3.0,0.0,3.0,3.0,2009
95633,Spirit Camp (2009),Horror,['Horror'],1,2009.0,1,4.5,0.0,4.5,4.5,2009
95796,Anaconda: The Offspring (2008),Action|Horror|Sci-Fi|Thriller,"['Action', 'Horror', 'Sci-Fi', 'Thriller']",4,2008.0,1,0.5,0.0,0.5,0.5,2008
95858,For the Birds (2000),Animation|Children|Comedy,"['Animation', 'Children', 'Comedy']",3,2000.0,5,3.9,0.2236067977499789,3.5,4.0,2000
96518,Prime Suspect 6: The Last Witness (2003),Drama|Thriller,"['Drama', 'Thriller']",2,2003.0,1,3.0,0.0,3.0,3.0,2003
96935,My Left Eye Sees Ghosts (Ngo joh aan gin diy gwai) (2002),Comedy|Fantasy|Romance,"['Comedy', 'Fantasy', 'Romance']",3,2002.0,1,5.0,0.0,5.0,5.0,2002
97757,'Hellboy': The Seeds of Creation (2004),Action|Adventure|Comedy|Documentary|Fantasy,"['Action', 'Adventure', 'Comedy', 'Documentary', 'Fantasy']",5,2004.0,1,4.0,0.0,4.0,4.0,2004
98607,Redline (2009),Action|Animation|Sci-Fi,"['Action', 'Animation', 'Sci-Fi']",3,2009.0,1,4.5,0.0,4.5,4.5,2009
99532,"Misérables, Les (2000)",Drama|Romance,"['Drama', 'Romance']",2,2000.0,2,2.25,1.0606601717798212,1.5,3.0,2000
99638,Fish Story (Fisshu sutôrî) (2009),Comedy,['Comedy'],1,2009.0,1,3.0,0.0,3.0,3.0,2009
102007,"Invincible Iron Man, The (2007)",Animation,['Animation'],1,2007.0,1,3.0,0.0,3.0,3.0,2007
102058,Hulk Vs. (2009),Animation,['Animation'],1,2009.0,1,3.0,0.0,3.0,3.0,2009
102590,Darkon (2006),Documentary|Fantasy,"['Documentary', 'Fantasy']",2,2006.0,1,3.0,0.0,3.0,3.0,2006
102742,Tie Xi Qu: West of the Tracks (Tiexi qu) (2003),Documentary,['Documentary'],1,2003.0,1,4.0,0.0,4.0,4.0,2003
102760,Down Terrace (2009),Comedy|Crime|Drama,"['Comedy', 'Crime', 'Drama']",3,2009.0,1,4.0,0.0,4.0,4.0,2009
102823,As I Was Moving Ahead Occasionally I Saw Brief Glimpses of Beauty (2000),Documentary,['Documentary'],1,2000.0,1,3.5,0.0,3.5,3.5,2000
103245,Adam and Eve (National Lampoon's Adam & Eve) (2005),Comedy|Drama|Romance,"['Comedy', 'Drama', 'Romance']",3,2005.0,1,2.5,0.0,2.5,2.5,2005
104141,Batman: Mystery of the Batwoman (2003),Action|Animation|Children|Crime,"['Action', 'Animation', 'Children', 'Crime']",4,2003.0,1,3.0,0.0,3.0,3.0,2003
105250,"Century of the Self, The (2002)",Documentary,['Documentary'],1,2002.0,2,3.75,0.3535533905932738,3.5,4.0,2002
106927,RoboGeisha (Robo-geisha) (2009),Action|Comedy|Sci-Fi,"['Action', 'Comedy', 'Sci-Fi']",3,2009.0,1,3.0,0.0,3.0,3.0,2009
107449,"Muppet Christmas: Letters to Santa, A (2008)",Children|Comedy,"['Children', 'Comedy']",2,2008.0,1,1.5,0.0,1.5,1.5,2008
107723,Highlander: The Search for Vengeance (2007),Action|Adventure|Fantasy,"['Action', 'Adventure', 'Fantasy']",3,2007.0,1,3.0,0.0,3.0,3.0,2007
108192,Hotel Chevalier (Part 1 of 'The Darjeeling Limited') (2007),Drama,['Drama'],1,2007.0,1,3.5,0.0,3.5,3.5,2007
108795,Wonder Woman (2009),Action|Adventure|Animation|Fantasy,"['Action', 'Adventure', 'Animation', 'Fantasy']",4,2009.0,1,5.0,0.0,5.0,5.0,2009
109313,Chouchou (2003),Comedy,['Comedy'],1,2003.0,1,4.0,0.0,4.0,4.0,2003
109416,Bring It On: Fight to the Finish (2009),Comedy,['Comedy'],1,2009.0,1,2.0,0.0,2.0,2.0,2009
110781,Mulan II (2004),Action|Animation|Children|Comedy|Musical,"['Action', 'Animation', 'Children', 'Comedy', 'Musical']",5,2004.0,1,2.5,0.0,2.5,2.5,2004
111785,Midnight Chronicles (2009),Action|Adventure|Fantasy,"['Action', 'Adventure', 'Fantasy']",3,2009.0,1,0.5,0.0,0.5,0.5,2009
114126,Beautiful Losers (2008),Documentary,['Documentary'],1,2008.0,1,2.5,0.0,2.5,2.5,2008
115111,Ward 13 (2003),Action|Animation|Comedy|Horror,"['Action', 'Animation', 'Comedy', 'Horror']",4,2003.0,1,3.5,0.0,3.5,3.5,2003
117133,Painted Skin (2008),Action|Drama|Thriller,"['Action', 'Drama', 'Thriller']",3,2008.0,1,3.5,0.0,3.5,3.5,2008
117368,The Madagascar Penguins in a Christmas Caper (2005),Animation|Comedy,"['Animation', 'Comedy']",2,2005.0,1,3.5,0.0,3.5,3.5,2005
117646,Dragonheart 2: A New Beginning (2000),Action|Adventure|Comedy|Drama|Fantasy|Thriller,"['Action', 'Adventure', 'Comedy', 'Drama', 'Fantasy', 'Thriller']",6,2000.0,1,4.5,0.0,4.5,4.5,2000
118512,Bring It On: In It To Win It (2007),Comedy,['Comedy'],1,2007.0,1,1.5,0.0,1.5,1.5,2007
118784,Good Copy Bad Copy (2007),Documentary,['Documentary'],1,2007.0,1,3.5,0.0,3.5,3.5,2007
118834,National Lampoon's Bag Boy (2007),Comedy,['Comedy'],1,2007.0,1,5.0,0.0,5.0,5.0,2007
118888,Dave Chappelle: For What it's Worth (2004),Comedy,['Comedy'],1,2004.0,2,4.25,0.3535533905932738,4.0,4.5,2004
120813,Patton Oswalt: My Weakness Is Strong (2009),Comedy,['Comedy'],1,2009.0,1,4.5,0.0,4.5,4.5,2009
121007,Space Buddies (2009),Adventure|Children|Fantasy|Sci-Fi,"['Adventure', 'Children', 'Fantasy', 'Sci-Fi']",4,2009.0,1,4.0,0.0,4.0,4.0,2009
121099,101 Dalmatians II: Patch's London Adventure (2003),Animation|Children,"['Animation', 'Children']",2,2003.0,1,2.5,0.0,2.5,2.5,2003
121374,Bill Burr: Why Do I Do This? (2008),Comedy,['Comedy'],1,2008.0,1,4.5,0.0,4.5,4.5,2008
121469,Killer Movie (2008),Comedy|Horror|Mystery|Thriller,"['Comedy', 'Horror', 'Mystery', 'Thriller']",4,2008.0,1,4.5,0.0,4.5,4.5,2008
121781,Stuart Little 3: Call of the Wild (2005),Animation|Children|Comedy|Fantasy,"['Animation', 'Children', 'Comedy', 'Fantasy']",4,2005.0,1,5.0,0.0,5.0,5.0,2005
122092,Guy X (2005),Comedy|War,"['Comedy', 'War']",2,2005.0,1,5.0,0.0,5.0,5.0,2005
122260,The Diary of Anne Frank (2009),Drama|War,"['Drama', 'War']",2,2009.0,1,2.5,0.0,2.5,2.5,2009
123200,Jim Jefferies: I Swear to God (2009),Comedy,['Comedy'],1,2009.0,1,4.5,0.0,4.5,4.5,2009
125974,Halloweentown High (2004),Adventure|Children|Comedy|Fantasy,"['Adventure', 'Children', 'Comedy', 'Fantasy']",4,2004.0,2,3.75,0.3535533905932738,3.5,4.0,2004
126921,The Fox and the Hound 2 (2006),Adventure|Animation|Children|Comedy,"['Adventure', 'Animation', 'Children', 'Comedy']",4,2006.0,1,5.0,0.0,5.0,5.0,2006
127390,Family Guy Presents: Blue Harvest (2007),Animation|Comedy,"['Animation', 'Comedy']",2,2007.0,1,4.0,0.0,4.0,4.0,2007
128089,Kevin Hart: I'm a Grown Little Man (2009),Comedy,['Comedy'],1,2009.0,1,4.5,0.0,4.5,4.5,2009
128968,Stitch! The Movie (2003),Animation|Children|Comedy,"['Animation', 'Children', 'Comedy']",3,2003.0,2,4.0,1.4142135623730951,3.0,5.0,2003
129514,George Carlin: It's Bad for Ya! (2008),Comedy,['Comedy'],1,2008.0,1,5.0,0.0,5.0,5.0,2008
130518,The Amazing Screw-On Head (2006),Action|Adventure|Animation|Comedy|Sci-Fi,"['Action', 'Adventure', 'Animation', 'Comedy', 'Sci-Fi']",5,2006.0,3,4.0,1.3228756555322954,2.5,5.0,2006
130970,George Carlin: Life Is Worth Losing (2005),Comedy,['Comedy'],1,2005.0,1,5.0,0.0,5.0,5.0,2005
131130,Tom and Jerry: A Nutcracker Tale (2007),Animation|Comedy,"['Animation', 'Comedy']",2,2007.0,1,5.0,0.0,5.0,5.0,2007
132584,The Even Stevens Movie (2003),Children|Comedy,"['Children', 'Comedy']",2,2003.0,1,3.5,0.0,3.5,3.5,2003
134004,What Love Is (2007),Comedy|Romance,"['Comedy', 'Romance']",2,2007.0,1,5.0,0.0,5.0,5.0,2007
134095,My Love (2006),Animation|Drama,"['Animation', 'Drama']",2,2006.0,1,5.0,0.0,5.0,5.0,2006
134109,Radio Day (2008),Comedy,['Comedy'],1,2008.0,1,5.0,0.0,5.0,5.0,2008
134184,Elections Day (2007),Comedy,['Comedy'],1,2007.0,1,4.5,0.0,4.5,4.5,2007
134334,Phir Hera Pheri (2006),Comedy,['Comedy'],1,2006.0,1,4.5,0.0,4.5,4.5,2006
135456,Ghost in the Shell: Stand Alone Complex - The Laughing Man (2005),Action|Animation|Crime|Sci-Fi,"['Action', 'Animation', 'Crime', 'Sci-Fi']",4,2005.0,2,3.25,0.3535533905932738,3.0,3.5,2005
135777,Golmaal (2006),Children|Comedy,"['Children', 'Comedy']",2,2006.0,1,4.5,0.0,4.5,4.5,2006
135787,Bruce Lee: A Warrior's Journey (2000),Documentary,['Documentary'],1,2000.0,1,3.5,0.0,3.5,3.5,2000
136341,Scooby-Doo! and the Samurai Sword (2009),Animation|Children|Comedy,"['Animation', 'Children', 'Comedy']",3,2009.0,1,5.0,0.0,5.0,5.0,2009
136353,Scooby-Doo! and the Loch Ness Monster (2004),Animation|Children|Comedy,"['Animation', 'Children', 'Comedy']",3,2004.0,1,5.0,0.0,5.0,5.0,2004
136443,Gabriel Iglesias: Hot and Fluffy (2007),Comedy,['Comedy'],1,2007.0,1,1.5,0.0,1.5,1.5,2007
136449,Ghost in the Shell 2.0 (2008),Action|Animation|Sci-Fi,"['Action', 'Animation', 'Sci-Fi']",3,2008.0,2,3.75,0.3535533905932738,3.5,4.0,2008
136503,Tom and Jerry: Shiver Me Whiskers (2006),Animation|Children|Comedy,"['Animation', 'Children', 'Comedy']",3,2006.0,1,5.0,0.0,5.0,5.0,2006
136834,The Eye: Infinity (2005),Horror,['Horror'],1,2005.0,1,5.0,0.0,5.0,5.0,2005
136838,Kiss me Kismet (2006),Comedy|Romance,"['Comedy', 'Romance']",2,2006.0,1,2.5,0.0,2.5,2.5,2006
138966,Nasu: Summer in Andalusia (2003),Animation,['Animation'],1,2003.0,1,5.0,0.0,5.0,5.0,2003
139130,Afro Samurai (2007),Action|Adventure|Animation|Drama|Fantasy,"['Action', 'Adventure', 'Animation', 'Drama', 'Fantasy']",5,2007.0,1,2.5,0.0,2.5,2.5,2007
139511,Exte: Hair Extensions (2007),Horror,['Horror'],1,2007.0,1,3.0,0.0,3.0,3.0,2007
140359,Doctor Who: The Waters of Mars (2009),Adventure|Children|Sci-Fi,"['Adventure', 'Children', 'Sci-Fi']",3,2009.0,4,4.0,0.7071067811865475,3.0,4.5,2009
140481,"Family Guy Presents: Something, Something, Something, Dark Side (2009)",Animation|Comedy|Sci-Fi,"['Animation', 'Comedy', 'Sci-Fi']",3,2009.0,1,4.5,0.0,4.5,4.5,2009
140737,The Lost Room (2006),Action|Fantasy|Mystery,"['Action', 'Fantasy', 'Mystery']",3,2006.0,1,3.5,0.0,3.5,3.5,2006
142115,The Blue Planet (2001),Documentary,['Documentary'],1,2001.0,2,4.75,0.3535533905932738,4.5,5.0,2001
142196,Cornered! (2009),Comedy|Horror,"['Comedy', 'Horror']",2,2009.0,1,4.5,0.0,4.5,4.5,2009
142366,Cigarette Burns (2005),Horror|Thriller,"['Horror', 'Thriller']",2,2005.0,1,3.0,0.0,3.0,3.0,2005
142558,If I Were a Rich Man (2002),Comedy,['Comedy'],1,2002.0,1,3.0,0.0,3.0,3.0,2002
142831,Garam Masala (2005),Comedy,['Comedy'],1,2005.0,1,4.5,0.0,4.5,4.5,2005
143031,Jump In! (2007),Comedy|Drama|Romance,"['Comedy', 'Drama', 'Romance']",3,2007.0,1,5.0,0.0,5.0,5.0,2007
144522,Sky High (2003),Action|Horror|Thriller,"['Action', 'Horror', 'Thriller']",3,2003.0,1,2.0,0.0,2.0,2.0,2003
144606,Confessions of a Dangerous Mind (2002),Comedy|Crime|Drama|Romance|Thriller,"['Comedy', 'Crime', 'Drama', 'Romance', 'Thriller']",5,2002.0,1,4.0,0.0,4.0,4.0,2002
145491,Our Lips Are Sealed (2000),Children|Comedy|Drama,"['Children', 'Comedy', 'Drama']",3,2000.0,1,3.5,0.0,3.5,3.5,2000
147002,Eros (2004),Drama|Romance,"['Drama', 'Romance']",2,2004.0,1,4.0,0.0,4.0,4.0,2004
147142,Those Happy Days (2006),Children|Comedy,"['Children', 'Comedy']",2,2006.0,1,3.0,0.0,3.0,3.0,2006
147378,Doctor Who: Planet of the Dead (2009),Adventure|Children|Drama|Sci-Fi,"['Adventure', 'Children', 'Drama', 'Sci-Fi']",4,2009.0,4,3.0,1.4719601443879744,1.0,4.5,2009
147380,Doctor Who: The Next Doctor (2008),Adventure|Children|Drama|Sci-Fi,"['Adventure', 'Children', 'Drama', 'Sci-Fi']",4,2008.0,4,2.875,1.4361406616345072,1.0,4.5,2008
147382,Doctor Who: Voyage Of The Damned (2007),Action|Sci-Fi,"['Action', 'Sci-Fi']",2,2007.0,3,4.5,0.5,4.0,5.0,2007
147384,Doctor Who: The Runaway Bride (2007),Sci-Fi,['Sci-Fi'],1,2007.0,4,4.0,0.7071067811865476,3.0,4.5,2007
148671,Saw (2003),Crime|Horror,"['Crime', 'Horror']",2,2003.0,2,4.5,0.7071067811865476,4.0,5.0,2003
148775,Wizards of Waverly Place: The Movie (2009),Adventure|Children|Comedy|Drama|Fantasy|Sci-Fi,"['Adventure', 'Children', 'Comedy', 'Drama', 'Fantasy', 'Sci-Fi']",6,2009.0,1,4.0,0.0,4.0,4.0,2009
151763,Death Note Rewrite: Genshisuru Kami (2007),Mystery,['Mystery'],1,2007.0,2,4.0,0.0,4.0,4.0,2007
151781,Ghost in the Shell: Solid State Society (2006),Action|Animation|Crime|Sci-Fi|Thriller,"['Action', 'Animation', 'Crime', 'Sci-Fi', 'Thriller']",5,2006.0,1,3.5,0.0,3.5,3.5,2006
153070,Rabbits (2002),Comedy|Drama|Fantasy,"['Comedy', 'Drama', 'Fantasy']",3,2002.0,1,3.5,0.0,3.5,3.5,2002
153236,Genius Party (2007),Animation,['Animation'],1,2007.0,1,3.0,0.0,3.0,3.0,2007
153408,Tears for Sale (2008),Comedy|Drama|Fantasy,"['Comedy', 'Drama', 'Fantasy']",3,2008.0,1,4.0,0.0,4.0,4.0,2008
156781,Jimmy Carr: Telling Jokes (2009),Comedy,['Comedy'],1,2009.0,1,4.0,0.0,4.0,4.0,2009
159817,Planet Earth (2006),Documentary,['Documentary'],1,2006.0,7,4.214285714285714,0.906326967174966,3.0,5.0,2006
160836,Hazard (2005),Action|Drama|Thriller,"['Action', 'Drama', 'Thriller']",3,2005.0,1,3.0,0.0,3.0,3.0,2005
160978,Hellevator (2004),Horror|Sci-Fi,"['Horror', 'Sci-Fi']",2,2004.0,1,1.0,0.0,1.0,1.0,2004
164707,Go Figure (2005),Children|Comedy|Drama,"['Children', 'Comedy', 'Drama']",3,2005.0,1,4.0,0.0,4.0,4.0,2005
165529,Flowers for Algernon (2000),Drama,['Drama'],1,2000.0,1,2.0,0.0,2.0,2.0,2000
165959,Alesha Popovich and Tugarin the Dragon (2004),Animation|Comedy|Drama,"['Animation', 'Comedy', 'Drama']",3,2004.0,1,5.0,0.0,5.0,5.0,2004
167706,Shakespeare Behind Bars (2005),Documentary,['Documentary'],1,2005.0,1,2.5,0.0,2.5,2.5,2005
168144,Joe Rogan: Live (2006),Comedy,['Comedy'],1,2006.0,1,4.0,0.0,4.0,4.0,2006
170289,Species III (2004),Action|Horror|Sci-Fi,"['Action', 'Horror', 'Sci-Fi']",3,2004.0,1,1.0,0.0,1.0,1.0,2004
170297,Ultimate Avengers 2 (2006),Action|Animation|Sci-Fi,"['Action', 'Animation', 'Sci-Fi']",3,2006.0,1,2.0,0.0,2.0,2.0,2006
170705,Band of Brothers (2001),Action|Drama|War,"['Action', 'Drama', 'War']",3,2001.0,7,4.285714285714286,0.9940297973880048,2.5,5.0,2001
170837,Life-Size (2000),Children|Comedy|Fantasy,"['Children', 'Comedy', 'Fantasy']",3,2000.0,1,4.0,0.0,4.0,4.0,2000
170993,Mini's First Time (2006),Comedy|Crime|Drama,"['Comedy', 'Crime', 'Drama']",3,2006.0,1,4.0,0.0,4.0,4.0,2006
171695,Robin Williams: Live on Broadway (2002),Comedy,['Comedy'],1,2002.0,1,3.0,0.0,3.0,3.0,2002
171751,Munna bhai M.B.B.S. (2003),Comedy,['Comedy'],1,2003.0,1,2.5,0.0,2.5,2.5,2003
172233,The Prime Gig (2000),Drama|Romance,"['Drama', 'Romance']",2,2000.0,1,2.5,0.0,2.5,2.5,2000
172321,Late Night with Conan O'Brien: The Best of Triumph the Insult Comic Dog (2004),Comedy,['Comedy'],1,2004.0,1,2.0,0.0,2.0,2.0,2004
172875,A Detective Story (2003),Animation|Sci-Fi,"['Animation', 'Sci-Fi']",2,2003.0,1,5.0,0.0,5.0,5.0,2003
172881,Final Flight of the Osiris (2003),Action|Animation|Sci-Fi,"['Action', 'Animation', 'Sci-Fi']",3,2003.0,1,3.5,0.0,3.5,3.5,2003
172887,Kid's Story (2003),Animation|Sci-Fi,"['Animation', 'Sci-Fi']",2,2003.0,1,3.0,0.0,3.0,3.0,2003
173963,Empties (2007),Comedy,['Comedy'],1,2007.0,1,5.0,0.0,5.0,5.0,2007
178613,Dave Chappelle: Killin' Them Softly (2000),Comedy,['Comedy'],1,2000.0,1,4.0,0.0,4.0,4.0,2000
180777,Die Frauen von Ravensbrück (2005),Documentary,['Documentary'],1,2005.0,1,4.5,0.0,4.5,4.5,2005
182639,The Second Renaissance Part II (2003),Animation|Sci-Fi,"['Animation', 'Sci-Fi']",2,2003.0,1,4.0,0.0,4.0,4.0,2003
182731,Pixel Perfect (2004),Children|Comedy|Sci-Fi,"['Children', 'Comedy', 'Sci-Fi']",3,2004.0,1,4.5,0.0,4.5,4.5,2004
182793,The Purple Sea (2009),Drama,['Drama'],1,2009.0,1,3.5,0.0,3.5,3.5,2009
184053,Battle Planet (2008),Action|Sci-Fi,"['Action', 'Sci-Fi']",2,2008.0,1,2.0,0.0,2.0,2.0,2008
184349,Elsa & Fred (2005),Comedy|Drama|Romance,"['Comedy', 'Drama', 'Romance']",3,2005.0,1,3.5,0.0,3.5,3.5,2005
190221,Hommage à Zgougou (et salut à Sabine Mamou) (2002),Documentary,['Documentary'],1,2002.0,1,1.0,0.0,1.0,1.0,2002
