movieId,rating_count,avg_rating,std_rating,min_rating,max_rating
1580,165,3.487878787878788,0.9172325740912886,0.5,5.0
2366,25,3.64,0.99498743710662,1.5,5.0
3175,75,3.58,1.0398804505092647,1.0,5.0
1088,42,3.369047619047619,0.994248851226354,1.0,5.0
32460,4,4.25,0.6454972243679028,3.5,5.0
44022,23,3.217391304347826,0.8504823091062899,1.0,4.5
96488,4,4.25,0.2886751345948128,4.0,4.5
1238,9,4.055555555555555,0.8079466429027216,3.0,5.0
1342,11,2.5,1.0488088481701516,1.0,4.0
1591,26,2.6346153846153846,1.1185498854113956,1.0,5.0
1645,51,3.411764705882353,0.988462858952936,1.0,5.0
4519,9,3.3333333333333335,0.7500000000000001,2.0,4.0
2142,10,2.7,0.7888106377466155,1.0,3.5
471,40,3.55,1.1082441645256373,1.0,5.0
3997,12,1.8333333333333333,0.937436866561092,0.5,3.0
833,6,2.0,1.3038404810405297,0.5,4.0
3918,9,3.2777777777777777,1.3017082793177757,1.0,5.0
7982,4,3.25,1.8929694486000914,0.5,4.5
1959,15,3.6666666666666665,0.6172133998483676,3.0,5.0
68135,10,3.55,0.550252467307306,2.5,4.5
5300,1,4.0,,4.0,4.0
2659,1,2.0,,2.0,2.0
5803,7,2.5,0.8660254037844386,1.5,4.0
76143,1,4.5,,4.5,4.5
140541,1,4.0,,4.0,4.0
2122,11,2.4545454545454546,1.1716344450071756,1.0,4.0
6620,18,3.8333333333333335,0.9548637106322311,2.0,5.0
54190,11,4.045454545454546,0.7229988054812211,3.0,5.0
8638,15,3.7,1.0488088481701516,1.0,5.0
4900,5,3.0,1.0606601717798212,1.5,4.0
1829,2,3.25,0.3535533905932738,3.0,3.5
160563,6,3.0833333333333335,0.6645800679125629,2.0,3.5
36525,8,2.6875,1.032939633141398,1.0,4.0
6658,4,3.375,1.0307764064044151,2.0,4.5
148,1,5.0,,5.0,5.0
496,1,5.0,,5.0,5.0
175197,1,3.5,,3.5,3.5
3794,2,2.5,0.7071067811865476,2.0,3.0
2866,5,3.6,0.4183300132670378,3.0,4.0
91784,1,4.5,,4.5,4.5
6654,1,3.5,,3.5,3.5
166558,1,3.0,,3.0,3.0
5156,1,2.5,,2.5,2.5
7993,1,2.5,,2.5,2.5
4818,1,2.0,,2.0,2.0
7340,4,2.75,0.9574271077563381,2.0,4.0
141422,1,2.5,,2.5,2.5
150604,1,2.5,,2.5,2.5
6466,3,3.5,1.3228756555322954,2.0,4.5
6336,1,3.0,,3.0,3.0
6357,2,3.0,0.0,3.0,3.0
7833,1,3.5,,3.5,3.5
139747,1,3.5,,3.5,3.5
179749,1,1.5,,1.5,1.5
31367,1,2.0,,2.0,2.0
144522,1,2.0,,2.0,2.0
153236,1,3.0,,3.0,3.0
1025,25,3.58,0.7994789970140972,2.0,5.0
1127,62,3.475806451612903,0.9251823894390694,0.5,5.0
2387,16,3.4375,1.1672617529928753,1.0,5.0
2580,39,3.9615384615384617,0.806100223824682,2.5,5.0
1084,35,4.071428571428571,0.6981367759853319,3.0,5.0
243,1,3.0,,3.0,3.0
540,18,2.6666666666666665,0.90748521297303,1.0,4.0
1721,140,3.414285714285714,1.0524771347724904,0.5,5.0
858,192,4.2890625,0.9043438836790151,1.0,5.0
48780,90,4.0055555555555555,0.7914374791452292,1.5,5.0
166635,6,3.6666666666666665,0.408248290463863,3.0,4.0
3698,34,3.2205882352941178,0.9784896870872913,1.5,5.0
4161,23,3.347826086956522,0.697964290059046,2.0,5.0
6773,22,3.7045454545454546,0.5907842025866756,3.0,5.0
43921,5,3.3,0.6708203932499369,2.5,4.0
56941,11,3.090909090909091,1.2210278829367864,0.5,5.0
737,20,2.65,1.3964240043768943,0.5,5.0
4929,4,2.375,0.47871355387816905,2.0,3.0
8928,3,3.6666666666666665,0.5773502691896258,3.0,4.0
69481,34,4.0588235294117645,0.8049534701624435,1.0,5.0
897,2,3.75,0.3535533905932738,3.5,4.0
4158,6,2.0833333333333335,1.3934369977385652,0.5,4.0
1395,5,3.0,0.7071067811865476,2.0,4.0
3179,3,3.3333333333333335,0.5773502691896258,3.0,4.0
91690,3,3.6666666666666665,1.0408329997330663,2.5,4.5
1483,11,3.090909090909091,1.513574937328539,1.0,5.0
2563,3,4.166666666666667,1.0408329997330663,3.0,5.0
4219,3,3.3333333333333335,0.5773502691896258,3.0,4.0
1460,2,3.25,0.3535533905932738,3.0,3.5
92008,3,2.8333333333333335,0.2886751345948129,2.5,3.0
101362,8,2.875,0.9161253813129043,1.5,4.5
185435,1,3.0,,3.0,3.0
74452,2,2.25,2.4748737341529163,0.5,4.0
71468,1,3.5,,3.5,3.5
51927,2,3.25,0.3535533905932738,3.0,3.5
4190,2,4.0,0.0,4.0,4.0
1507,1,3.5,,3.5,3.5
3475,2,4.5,0.7071067811865476,4.0,5.0
100068,1,3.5,,3.5,3.5
50954,2,1.0,0.0,1.0,1.0
1990,1,4.0,,4.0,4.0
45183,1,3.0,,3.0,3.0
5614,1,4.5,,4.5,4.5
1270,171,4.038011695906433,0.8744844665374804,1.0,5.0
80906,12,4.291666666666667,0.8382431122004613,2.0,5.0
31,38,3.1842105263157894,0.989273912220329,0.5,5.0
516,18,3.0555555555555554,0.9531509492342458,2.0,5.0
6266,8,3.0625,0.6232117273791123,2.0,4.0
61250,10,2.5,1.0540925533894598,0.5,4.0
2572,54,3.5277777777777777,1.047983988547331,0.5,5.0
3000,48,3.9583333333333335,0.9555734233306651,0.5,5.0
82459,28,3.75,0.9670497325294006,1.0,5.0
74948,2,4.0,0.0,4.0,4.0
1322,3,1.5,0.8660254037844386,0.5,2.0
1339,29,3.4655172413793105,0.8857103130373326,2.0,5.0
2393,33,3.1515151515151514,1.100318480066457,0.5,5.0
3213,13,4.115384615384615,0.820412654142367,2.5,5.0
3704,24,3.2708333333333335,0.8966018779459655,2.0,5.0
4489,24,3.4583333333333335,0.764947663266077,2.0,5.0
1303,17,4.029411764705882,0.6724625508925691,3.0,5.0
55363,10,4.1,0.9067647005823629,3.0,5.0
7387,20,3.975,1.0062305898749053,2.0,5.0
27266,7,4.071428571428571,0.3450327796711771,3.5,4.5
67618,1,5.0,,5.0,5.0
99130,1,3.5,,3.5,3.5
150554,1,5.0,,5.0,5.0
6482,11,1.9545454545454546,1.3314380468978917,0.5,5.0
135137,6,2.5833333333333335,1.0206207261596574,1.0,4.0
168144,1,4.0,,4.0,4.0
2996,4,3.125,0.8539125638299665,2.0,4.0
3761,1,4.0,,4.0,4.0
7879,1,3.5,,3.5,3.5
6559,4,2.5,0.9128709291752768,1.5,3.5
1699,2,4.0,1.4142135623730951,3.0,5.0
55272,2,3.75,0.3535533905932738,3.5,4.0
176751,2,4.5,0.7071067811865476,4.0,5.0
87028,1,2.0,,2.0,2.0
31435,1,4.5,,4.5,4.5
5984,2,3.5,0.7071067811865476,3.0,4.0
5071,1,4.0,,4.0,4.0
5345,1,3.0,,3.0,3.0
50792,2,2.25,0.3535533905932738,2.0,2.5
71732,2,2.5,1.4142135623730951,1.5,3.5
1650,2,3.75,0.3535533905932738,3.5,4.0
59667,1,4.0,,4.0,4.0
40578,1,3.0,,3.0,3.0
56022,1,2.0,,2.0,2.0
172253,1,3.0,,3.0,3.0
1352,2,2.25,0.3535533905932738,2.0,2.5
1265,143,3.944055944055944,0.8498237081162134,1.0,5.0
4239,51,3.8137254901960786,0.7871517281549059,1.5,5.0
251,3,3.0,0.5,2.5,3.5
33615,40,3.375,0.8378084965689218,1.0,5.0
150548,10,3.85,1.2258783698955529,1.0,5.0
3986,20,2.8,0.9920738512408184,0.5,4.0
1884,46,3.967391304347826,0.8459194466052471,2.0,5.0
808,2,3.5,0.7071067811865476,3.0,4.0
2231,36,3.861111111111111,0.7330085861035922,2.0,5.0
71106,5,3.6,0.8215838362577491,2.5,4.5
580,5,2.8,1.0954451150103321,1.0,4.0
2443,8,3.375,0.8762745818846642,2.0,4.5
1975,7,2.5,1.1180339887498947,1.0,4.0
3098,24,3.6458333333333335,0.699054744803212,2.0,5.0
5308,19,2.8157894736842106,0.974829419776003,1.0,5.0
51086,14,2.9285714285714284,0.937614461876991,0.5,4.0
33437,9,3.4444444444444446,0.768295371441074,2.5,5.0
76293,11,3.3181818181818183,0.5134553180524705,2.5,4.0
3089,16,4.125,1.161895003862225,0.5,5.0
142444,1,5.0,,5.0,5.0
157775,1,5.0,,5.0,5.0
85,7,3.857142857142857,1.5735915849388864,1.0,5.0
91653,5,3.3,0.5700877125495689,2.5,4.0
75341,1,4.0,,4.0,4.0
101088,2,3.75,0.3535533905932738,3.5,4.0
4042,4,3.375,0.47871355387816905,3.0,4.0
2748,6,1.8333333333333333,0.9309493362512629,0.5,3.0
8911,1,5.0,,5.0,5.0
2025,7,3.9285714285714284,0.6725927091345493,3.0,5.0
5155,1,4.5,,4.5,4.5
123553,1,1.0,,1.0,1.0
2525,3,2.0,1.0,1.0,3.0
26375,3,3.6666666666666665,0.5773502691896258,3.0,4.0
83613,9,3.0,0.8291561975888498,1.5,4.0
26736,1,4.5,,4.5,4.5
2259,8,3.1875,1.0669549461635468,2.0,5.0
50610,1,4.0,,4.0,4.0
32554,3,3.8333333333333335,0.7637626158259733,3.0,4.5
5074,3,3.1666666666666665,1.0408329997330663,2.0,4.0
4078,1,4.0,,4.0,4.0
2488,3,3.0,2.29128784747792,0.5,5.0
6598,1,3.5,,3.5,3.5
6597,1,3.0,,3.0,3.0
8743,2,3.0,0.7071067811865476,2.5,3.5
32291,5,3.1,0.6519202405202649,2.5,4.0
111680,1,1.5,,1.5,1.5
451,1,4.0,,4.0,4.0
8650,1,3.5,,3.5,3.5
113829,1,5.0,,5.0,5.0
27255,1,3.5,,3.5,3.5
137,1,3.0,,3.0,3.0
27480,1,4.5,,4.5,4.5
34450,1,4.5,,4.5,4.5
2096,22,3.409090909090909,0.6480072684109491,2.0,4.0
65,31,2.532258064516129,1.0562156019721836,1.0,5.0
458,5,2.8,0.4472135954999579,2.0,3.0
6934,79,3.151898734177215,1.1445367173254293,0.5,5.0
8665,75,3.7866666666666666,0.8429891046927184,0.5,5.0
32296,8,2.25,0.8017837257372732,1.0,3.5
1223,28,4.089285714285714,1.0891176468486996,0.5,5.0
4383,5,3.5,0.7071067811865476,2.5,4.0
104241,11,3.4545454545454546,0.650174801670499,2.5,4.5
879,4,3.0,1.8257418583505538,1.0,5.0
2249,11,3.1818181818181817,1.0787197799411874,2.0,5.0
2622,11,3.1363636363636362,0.7103136311133658,2.0,5.0
103883,3,4.0,0.5,3.5,4.5
108932,31,3.870967741935484,0.8657149447661152,1.0,5.0
5682,2,3.25,1.0606601717798212,2.5,4.0
76751,1,3.0,,3.0,3.0
6301,5,4.0,0.3535533905932738,3.5,4.5
3425,5,3.4,0.8215838362577492,2.5,4.5
8501,4,3.625,0.47871355387816905,3.0,4.0
27803,8,4.0,0.7559289460184544,3.0,5.0
173963,1,5.0,,5.0,5.0
101142,9,3.7777777777777777,0.754615428178118,2.5,5.0
159441,2,3.5,1.4142135623730951,2.5,4.5
168326,4,4.0,0.816496580927726,3.0,5.0
2924,10,4.05,0.8959786703810407,3.0,5.0
7324,11,3.3181818181818183,0.40451991747794525,3.0,4.0
2392,8,1.9375,0.7288689868556626,0.5,3.0
7333,2,4.25,0.3535533905932738,4.0,4.5
46974,6,2.6666666666666665,0.752772652709081,1.5,3.5
4307,1,4.5,,4.5,4.5
3834,2,3.0,0.0,3.0,3.0
81132,2,3.75,0.3535533905932738,3.5,4.0
36533,2,2.25,1.0606601717798212,1.5,3.0
52712,3,2.3333333333333335,1.6072751268321592,0.5,3.5
4957,2,3.5,2.1213203435596424,2.0,5.0
3566,8,2.875,1.3296078906418776,1.0,4.5
146210,1,3.0,,3.0,3.0
4000,3,3.0,0.0,3.0,3.0
5433,3,2.6666666666666665,0.5773502691896258,2.0,3.0
65037,1,3.5,,3.5,3.5
4294,2,4.0,1.4142135623730951,3.0,5.0
2656,1,3.0,,3.0,3.0
27683,1,2.0,,2.0,2.0
162598,1,3.5,,3.5,3.5
1977,6,2.5833333333333335,0.9174239296348591,1.5,4.0
8577,1,4.0,,4.0,4.0
27708,1,4.0,,4.0,4.0
152711,1,5.0,,5.0,5.0
6962,1,3.5,,3.5,3.5
26965,2,3.5,0.7071067811865476,3.0,4.0
5513,1,5.0,,5.0,5.0
2655,1,2.0,,2.0,2.0
184997,1,4.0,,4.0,4.0
110281,1,4.0,,4.0,4.0
130050,1,3.0,,3.0,3.0
804,8,3.25,1.0350983390135313,2.0,5.0
588,183,3.7923497267759565,0.8805258469397965,0.5,5.0
898,29,4.310344827586207,0.7839209269463556,2.0,5.0
799,23,3.4565217391304346,0.9404187108829004,0.5,5.0
48997,8,3.25,0.46291004988627565,2.5,4.0
70293,12,2.9583333333333335,1.2146517146403688,0.5,4.5
2027,9,1.8333333333333333,0.7905694150420949,1.0,3.0
5995,46,4.108695652173913,0.8226855986358935,1.0,5.0
112183,26,3.3461538461538463,1.2146541134761843,0.5,5.0
2802,13,3.0384615384615383,0.4311582492512881,2.0,4.0
5110,24,3.6041666666666665,1.0105870728858835,1.0,5.0
481,19,3.1578947368421053,0.8342100651206134,1.5,5.0
3105,22,3.6818181818181817,0.6463349888014092,2.0,4.5
6552,12,3.625,0.678400525299968,2.5,4.5
63033,1,3.5,,3.5,3.5
26729,5,3.8,0.27386127875258304,3.5,4.0
4477,8,1.9375,1.050085030570654,1.0,4.0
92427,1,1.0,,1.0,1.0
67734,15,3.3333333333333335,0.9193683131575153,2.0,5.0
255,7,2.0714285714285716,1.5391710817994273,0.5,5.0
6832,5,3.6,0.41833001326703784,3.0,4.0
53,2,5.0,0.0,5.0,5.0
171811,1,4.0,,4.0,4.0
4092,2,2.25,0.3535533905932738,2.0,2.5
48872,1,4.5,,4.5,4.5
2247,12,3.0,0.8528028654224418,1.0,4.0
3028,2,2.5,0.7071067811865476,2.0,3.0
5847,1,3.5,,3.5,3.5
5527,4,3.5,0.9128709291752769,2.5,4.5
6890,9,3.5555555555555554,0.7264831572567789,2.0,4.5
7810,3,3.3333333333333335,0.5773502691896258,3.0,4.0
3042,2,2.5,0.7071067811865476,2.0,3.0
27822,5,2.7,1.6431676725154984,1.0,4.5
30745,2,4.75,0.3535533905932738,4.5,5.0
2559,1,3.0,,3.0,3.0
71867,1,3.0,,3.0,3.0
110127,5,2.8,1.680773631397161,0.5,5.0
107997,2,2.25,1.0606601717798212,1.5,3.0
116887,2,2.75,1.0606601717798212,2.0,3.5
7987,1,2.5,,2.5,2.5
3790,2,4.0,0.0,4.0,4.0
71902,1,3.5,,3.5,3.5
72694,1,2.0,,2.0,2.0
103755,1,2.5,,2.5,2.5
970,1,3.5,,3.5,3.5
7584,2,4.0,0.0,4.0,4.0
70932,1,2.0,,2.0,2.0
6722,1,2.5,,2.5,2.5
159403,1,3.0,,3.0,3.0
25923,1,3.5,,3.5,3.5
2156,1,4.0,,4.0,4.0
4357,1,4.5,,4.5,4.5
7109,1,3.0,,3.0,3.0
31309,1,3.5,,3.5,3.5
133217,1,3.5,,3.5,3.5
134158,1,1.5,,1.5,1.5
296,307,4.197068403908795,0.9519971466349251,0.5,5.0
2542,67,4.052238805970149,0.8796277120490309,1.0,5.0
3062,11,4.0,0.38729833462074165,3.0,4.5
1466,52,3.7403846153846154,0.7241654061365725,2.0,5.0
2874,3,3.6666666666666665,0.5773502691896258,3.0,4.0
472,6,2.5833333333333335,0.6645800679125629,1.5,3.0
8950,38,3.986842105263158,0.7304833840652696,2.0,5.0
1718,2,3.25,1.7677669529663689,2.0,4.5
1888,3,2.6666666666666665,1.1547005383792517,2.0,4.0
95738,1,3.0,,3.0,3.0
4396,10,2.75,1.3176156917368247,1.0,5.0
7206,3,3.8333333333333335,0.2886751345948129,3.5,4.0
4291,11,2.727272727272727,0.9839623052646977,1.5,5.0
26350,1,5.0,,5.0,5.0
3306,4,4.125,0.4787135538781691,3.5,4.5
57183,2,4.5,0.7071067811865476,4.0,5.0
121715,1,3.5,,3.5,3.5
128097,1,4.0,,4.0,4.0
173255,1,2.5,,2.5,2.5
8640,13,2.9615384615384617,1.0299987552892653,1.0,4.5
4799,10,3.25,0.950146187582615,1.5,5.0
7222,2,3.25,1.0606601717798212,2.5,4.0
2035,3,3.6666666666666665,1.1547005383792517,3.0,5.0
5670,2,3.0,0.0,3.0,3.0
54372,3,3.8333333333333335,0.2886751345948129,3.5,4.0
4612,1,4.5,,4.5,4.5
4583,1,4.0,,4.0,4.0
5178,1,4.0,,4.0,4.0
46347,2,4.0,0.7071067811865476,3.5,4.5
97742,1,1.5,,1.5,1.5
165139,1,2.0,,2.0,2.0
6376,2,3.5,1.4142135623730951,2.5,4.5
8450,1,3.0,,3.0,3.0
8482,2,2.0,2.1213203435596424,0.5,3.5
8534,1,3.5,,3.5,3.5
3691,1,3.0,,3.0,3.0
6557,1,0.5,,0.5,0.5
26913,1,1.5,,1.5,1.5
33966,1,1.5,,1.5,1.5
119828,1,3.0,,3.0,3.0
5929,1,3.0,,3.0,3.0
3703,40,4.0375,0.8725698855267726,1.5,5.0
41285,17,3.4411764705882355,0.9663454503498037,0.5,5.0
68954,105,4.004761904761905,0.815991722287972,0.5,5.0
72407,9,2.6666666666666665,0.7905694150420948,1.5,4.0
6378,59,3.6186440677966103,0.721223714938759,2.0,5.0
62434,21,3.5238095238095237,0.8728715609439693,1.5,5.0
106487,26,3.6346153846153846,0.8894682940689038,0.5,5.0
513,4,3.375,0.47871355387816905,3.0,4.0
1016,5,2.9,0.5477225575051661,2.0,3.5
2396,92,3.777173913043478,1.0360643262380964,0.5,5.0
78,3,3.3333333333333335,0.5773502691896258,3.0,4.0
322,10,3.55,1.065885130354632,2.0,5.0
1005,8,2.1875,0.9613049166924837,1.0,3.5
89753,8,3.8125,1.1630471062809844,1.5,5.0
48342,2,4.0,1.4142135623730951,3.0,5.0
86377,7,4.0,1.6072751268321592,0.5,5.0
5867,2,4.5,0.7071067811865476,4.0,5.0
918,10,4.1,0.6992058987801009,3.0,5.0
25887,1,5.0,,5.0,5.0
4624,3,3.0,0.0,3.0,3.0
6678,1,3.5,,3.5,3.5
95720,9,3.0,1.0307764064044151,1.0,4.0
4167,10,3.0,1.3743685418725533,0.5,5.0
178111,1,2.0,,2.0,2.0
31364,5,4.7,0.4472135954999579,4.0,5.0
5949,2,4.25,1.0606601717798212,3.5,5.0
71462,4,4.25,0.49999999999999994,4.0,5.0
9018,3,4.333333333333333,0.5773502691896258,4.0,5.0
37720,6,2.9166666666666665,0.8010409893798611,1.5,4.0
53127,4,2.875,1.6007810593582121,0.5,4.0
4531,3,2.6666666666666665,0.5773502691896258,2.0,3.0
33132,1,1.5,,1.5,1.5
4697,4,2.625,1.1086778913041726,1.5,4.0
26713,1,4.5,,4.5,4.5
32906,1,3.5,,3.5,3.5
117364,1,4.0,,4.0,4.0
2848,1,4.0,,4.0,4.0
6911,1,3.5,,3.5,3.5
3577,2,2.0,1.4142135623730951,1.0,3.0
26796,1,3.5,,3.5,3.5
362,34,3.5294117647058822,1.079710795106504,1.0,5.0
673,53,2.707547169811321,1.128451808146517,0.5,5.0
58559,149,4.238255033557047,0.7249974198869505,2.0,5.0
7169,8,3.9375,1.050085030570654,2.5,5.0
3087,24,3.1666666666666665,1.0598058340078627,1.0,5.0
187593,12,3.875,1.2270622715175534,1.0,5.0
56921,5,3.8,1.1510864433221337,2.0,5.0
613,8,3.1875,1.3076014027873435,1.0,5.0
188301,3,3.6666666666666665,0.5773502691896258,3.0,4.0
6939,1,4.0,,4.0,4.0
321,2,4.0,0.0,4.0,4.0
5529,2,3.25,1.0606601717798212,2.5,4.0
67888,1,4.5,,4.5,4.5
104875,2,4.0,0.7071067811865476,3.5,4.5
2625,2,2.5,1.4142135623730951,1.5,3.5
4126,4,3.5,0.5773502691896257,3.0,4.0
147300,1,5.0,,5.0,5.0
163134,3,4.0,0.5,3.5,4.5
175577,1,1.5,,1.5,1.5
4259,4,3.5,0.5773502691896257,3.0,4.0
5222,4,3.375,1.9737865470545017,0.5,5.0
2971,6,4.083333333333333,0.6645800679125629,3.0,5.0
5427,3,2.5,1.3228756555322954,1.5,4.0
8042,7,4.0,0.8660254037844386,2.5,5.0
62299,1,3.5,,3.5,3.5
54256,7,3.142857142857143,1.1443442705426587,1.5,4.5
89047,1,4.0,,4.0,4.0
1533,2,4.5,0.7071067811865476,4.0,5.0
5543,2,2.25,0.3535533905932738,2.0,2.5
84273,1,5.0,,5.0,5.0
26528,3,4.5,0.5,4.0,5.0
80241,3,3.1666666666666665,0.7637626158259734,2.5,4.0
4725,4,3.625,0.75,2.5,4.0
6145,1,2.0,,2.0,2.0
98122,2,3.0,0.0,3.0,3.0
150993,1,4.0,,4.0,4.0
633,1,5.0,,5.0,5.0
43419,1,1.0,,1.0,1.0
961,1,4.0,,4.0,4.0
6237,1,4.0,,4.0,4.0
7131,1,3.0,,3.0,3.0
99721,1,1.5,,1.5,1.5
4061,2,4.0,1.4142135623730951,3.0,5.0
593,279,4.161290322580645,0.853983335734232,0.5,5.0
2797,91,3.71978021978022,0.8794214992722051,0.5,5.0
3441,14,3.4285714285714284,1.1743597741411613,1.0,5.0
1199,59,4.177966101694915,0.8395540270574218,2.0,5.0
597,135,3.4851851851851854,0.8484857907427303,0.5,5.0
1653,86,3.953488372093023,0.8066922548164498,2.0,5.0
1212,24,4.229166666666667,0.977787727771069,1.0,5.0
148626,26,3.9615384615384617,0.8114564304148059,2.5,5.0
2513,10,2.85,1.1559027256266468,1.0,5.0
6157,32,2.5,0.861356769214109,0.5,4.0
73106,3,2.1666666666666665,0.7637626158259733,1.5,3.0
60647,1,2.5,,2.5,2.5
64983,11,3.409090909090909,0.4908249086070214,2.5,4.0
1468,5,2.6,1.816590212458495,1.0,5.0
4474,5,2.9,1.1937336386313322,1.5,4.5
140715,7,4.214285714285714,0.4879500364742666,3.5,5.0
4713,7,3.5714285714285716,1.096531327587567,2.0,5.0
7132,9,4.111111111111111,0.5464532103585,3.5,5.0
6188,39,3.5128205128205128,1.009736674161684,1.0,5.0
26778,3,3.0,1.0,2.0,4.0
50685,6,3.8333333333333335,0.408248290463863,3.5,4.5
57951,3,2.3333333333333335,1.6072751268321592,0.5,3.5
164707,1,4.0,,4.0,4.0
1417,2,3.25,0.3535533905932738,3.0,3.5
105593,2,4.5,0.7071067811865476,4.0,5.0
111375,1,2.5,,2.5,2.5
66297,6,3.5,0.4472135954999579,3.0,4.0
5298,5,3.5,0.6123724356957945,2.5,4.0
106873,3,2.5,0.5,2.0,3.0
33138,1,5.0,,5.0,5.0
101531,1,2.0,,2.0,2.0
4782,2,2.5,0.7071067811865476,2.0,3.0
34330,1,3.0,,3.0,3.0
53974,3,2.3333333333333335,1.1547005383792517,1.0,3.0
124853,1,4.0,,4.0,4.0
2835,1,1.0,,1.0,1.0
6689,1,4.0,,4.0,4.0
99574,1,3.0,,3.0,3.0
165343,1,1.5,,1.5,1.5
976,1,3.0,,3.0,3.0
4796,2,3.25,0.3535533905932738,3.0,3.5
4798,1,3.5,,3.5,3.5
5375,1,3.0,,3.0,3.0
6732,2,3.75,1.7677669529663689,2.5,5.0
7092,2,3.5,0.0,3.5,3.5
35015,1,3.5,,3.5,3.5
97665,1,2.5,,2.5,2.5
876,1,5.0,,5.0,5.0
62718,1,2.5,,2.5,2.5
27373,1,5.0,,5.0,5.0
120827,1,3.0,,3.0,3.0
121035,1,2.0,,2.0,2.0
72424,1,0.5,,0.5,0.5
77893,1,4.0,,4.0,4.0
5962,1,1.0,,1.0,1.0
143385,8,3.4375,1.050085030570654,1.0,4.0
54272,46,3.619565217391304,0.7467320105982961,1.5,5.0
2294,45,3.2444444444444445,0.7659087162424526,1.5,5.0
2606,15,2.566666666666667,0.9232447954800246,0.5,4.0
126548,6,3.25,1.036822067666386,2.0,4.5
7481,4,4.0,0.5773502691896258,3.5,4.5
1863,7,2.4285714285714284,0.5345224838248488,2.0,3.0
3844,9,3.3333333333333335,0.9013878188659973,2.0,5.0
2739,12,3.9166666666666665,0.7637626158259734,2.5,5.0
78105,13,2.8846153846153846,0.9607689228305228,1.0,4.0
4773,4,3.0,0.816496580927726,2.0,4.0
6754,33,3.5,0.7288689868556626,2.5,5.0
54734,2,2.5,1.4142135623730951,1.5,3.5
64622,7,3.2142857142857144,0.9063269671749657,1.5,4.0
950,7,3.857142857142857,0.8521681032463467,2.5,5.0
112497,2,2.0,1.4142135623730951,1.0,3.0
6213,7,2.642857142857143,1.2149857925879117,0.5,4.0
4452,6,2.6666666666666665,0.8755950357709131,1.5,4.0
155,6,2.4166666666666665,1.3570801990548187,1.0,4.0
3436,4,3.75,1.2583057392117916,2.0,5.0
56274,1,3.0,,3.0,3.0
3431,3,1.6666666666666667,0.5773502691896258,1.0,2.0
3843,4,2.375,1.25,1.0,4.0
40946,2,2.0,0.7071067811865476,1.5,2.5
77667,1,3.0,,3.0,3.0
90430,4,4.0,0.9128709291752768,3.0,5.0
99750,1,3.5,,3.5,3.5
51091,4,3.5,0.5773502691896257,3.0,4.0
7218,1,4.5,,4.5,4.5
114847,1,3.0,,3.0,3.0
122490,1,1.5,,1.5,1.5
5771,1,0.5,,0.5,0.5
8458,1,3.5,,3.5,3.5
31694,2,3.25,0.3535533905932738,3.0,3.5
3661,1,3.0,,3.0,3.0
1331,1,2.0,,2.0,2.0
8755,1,3.0,,3.0,3.0
26539,1,3.0,,3.0,3.0
87960,1,3.0,,3.0,3.0
95771,1,4.0,,4.0,4.0
169958,1,1.0,,1.0,1.0
108,1,4.0,,4.0,4.0
47774,1,3.0,,3.0,3.0
7202,1,3.0,,3.0,3.0
133115,1,4.0,,4.0,4.0
1198,200,4.2075,0.7945756745034187,0.5,5.0
368,74,3.5,0.8399282422057222,1.0,5.0
34,128,3.65234375,1.0415739788159346,1.0,5.0
8961,125,3.836,0.7587553475392148,0.5,5.0
193,35,2.4714285714285715,1.01418510567422,1.0,5.0
94864,27,3.2962962962962963,1.0120358314884528,1.5,5.0
1924,8,3.1875,1.066954946163547,2.0,5.0
2888,5,2.1,1.08397416943394,1.0,3.5
119964,1,2.0,,2.0,2.0
138186,1,0.5,,0.5,0.5
8464,50,3.51,0.9448571860555522,0.5,5.0
7587,4,4.0,0.8164965809277259,3.0,5.0
211,2,3.5,0.7071067811865476,3.0,4.0
62376,3,2.8333333333333335,0.5773502691896258,2.5,3.5
1537,13,3.8076923076923075,0.7227972727092276,2.0,5.0
4132,8,2.625,1.093813773650968,1.0,4.0
4321,31,3.370967741935484,0.9306605354575128,1.0,5.0
26258,5,3.9,1.2449899597988732,2.0,5.0
5417,3,3.8333333333333335,1.0408329997330663,3.0,5.0
6124,2,2.75,1.0606601717798212,2.0,3.5
7647,2,3.75,0.3535533905932738,3.5,4.0
52767,3,4.0,0.0,4.0,4.0
72167,4,3.375,1.7017148213885114,1.0,5.0
3152,8,4.5,0.5345224838248487,4.0,5.0
44777,1,4.5,,4.5,4.5
53578,1,5.0,,5.0,5.0
102378,2,2.75,1.7677669529663689,1.5,4.0
118894,1,5.0,,5.0,5.0
136511,1,2.0,,2.0,2.0
1344,14,3.9642857142857144,0.5705694090550689,3.0,5.0
6005,3,3.0,0.8660254037844386,2.0,3.5
103210,1,2.0,,2.0,2.0
117895,6,1.8333333333333333,1.1690451944500122,0.5,3.5
193573,1,4.0,,4.0,4.0
6639,7,3.4285714285714284,1.3047532151257388,0.5,4.0
7103,1,3.5,,3.5,3.5
160954,4,2.625,0.75,1.5,3.0
8011,4,4.0,0.0,4.0,4.0
3235,3,3.6666666666666665,1.2583057392117916,2.5,5.0
4263,2,4.0,0.0,4.0,4.0
89386,1,0.5,,0.5,0.5
4517,2,1.75,1.7677669529663689,0.5,3.0
1675,1,3.5,,3.5,3.5
67361,1,2.0,,2.0,2.0
103221,1,2.5,,2.5,2.5
104129,2,3.25,1.7677669529663689,2.0,4.5
133782,1,2.0,,2.0,2.0
1068,1,3.5,,3.5,3.5
79798,2,3.5,0.7071067811865476,3.0,4.0
111800,1,3.0,,3.0,3.0
6204,1,2.5,,2.5,2.5
31921,1,2.5,,2.5,2.5
33126,1,2.5,,2.5,2.5
7562,1,2.5,,2.5,2.5
101,23,3.782608695652174,1.0425720702853736,1.0,5.0
1500,59,3.610169491525424,0.9740946132716829,2.0,5.0
126,7,2.0,0.816496580927726,1.0,3.0
1183,45,3.7111111111111112,0.9622941863121178,1.0,5.0
160980,6,3.1666666666666665,0.752772652709081,2.0,4.0
1378,25,3.1,1.0606601717798212,0.5,5.0
2003,41,3.3780487804878048,0.920465152822732,1.0,5.0
2261,6,3.0,1.449137674618944,1.5,5.0
4865,20,3.65,0.9190956653718171,1.5,5.0
110130,3,4.333333333333333,0.5773502691896258,4.0,5.0
3198,14,3.9285714285714284,0.5497252060782752,3.0,5.0
2342,2,4.0,1.4142135623730951,3.0,5.0
7173,24,3.0416666666666665,0.9770927002733857,1.0,5.0
2771,4,3.25,1.707825127659933,1.0,5.0
4153,12,2.4166666666666665,0.996204919895622,0.5,4.0
63312,1,2.0,,2.0,2.0
4992,17,3.2058823529411766,1.0615263705128186,0.5,4.5
58107,2,3.25,1.0606601717798212,2.5,4.0
55577,5,3.2,0.8366600265340756,2.5,4.5
7118,2,3.75,0.3535533905932738,3.5,4.0
86014,1,3.5,,3.5,3.5
38159,1,4.5,,4.5,4.5
47044,10,2.75,0.8897565210026093,1.5,4.0
39427,4,3.0,1.6832508230603465,0.5,4.0
62836,1,4.0,,4.0,4.0
4917,1,4.0,,4.0,4.0
39400,5,2.1,1.140175425099138,1.0,3.5
2907,7,3.5714285714285716,1.1338934190276817,2.0,5.0
4683,2,3.25,1.0606601717798212,2.5,4.0
3043,1,1.0,,1.0,1.0
4181,1,2.0,,2.0,2.0
70687,2,2.75,2.4748737341529163,1.0,4.5
25963,1,4.0,,4.0,4.0
26700,2,2.25,0.3535533905932738,2.0,2.5
160644,1,5.0,,5.0,5.0
162590,1,1.0,,1.0,1.0
148881,2,4.5,0.7071067811865476,4.0,5.0
5597,2,1.75,1.0606601717798212,1.0,2.5
26630,1,3.0,,3.0,3.0
75416,1,1.5,,1.5,1.5
65359,1,3.0,,3.0,3.0
50354,1,3.0,,3.0,3.0
80094,1,4.0,,4.0,4.0
93193,1,3.0,,3.0,3.0
1226,6,3.5,1.0488088481701514,2.0,5.0
1259,91,4.0054945054945055,0.7207037667543575,2.0,5.0
3538,5,3.2,1.3038404810405297,2.0,5.0
4896,107,3.7616822429906542,0.8194159056180366,1.5,5.0
830,21,3.0714285714285716,1.0757057484009542,1.0,5.0
5447,2,3.5,0.7071067811865476,3.0,4.0
159093,11,3.6363636363636362,0.9770084209183945,1.0,4.5
5254,34,3.2058823529411766,0.9055188288357752,1.0,5.0
5785,17,3.5,1.015504800579495,0.5,5.0
60766,8,3.6875,1.3871218918527466,0.5,5.0
5055,8,2.8125,1.032939633141398,0.5,4.0
6953,25,3.3,0.816496580927726,1.0,4.5
7649,5,2.8,1.5247950681976907,0.5,4.0
8977,10,2.2,0.9775252199076786,1.0,3.5
385,1,4.0,,4.0,4.0
4293,4,2.5,1.2909944487358054,1.0,4.0
5151,18,3.0,0.9548637106322311,0.5,4.5
5585,6,2.0833333333333335,1.2006942436218584,1.0,3.5
68932,2,3.5,0.0,3.5,3.5
127146,1,3.0,,3.0,3.0
143859,8,2.8125,1.032939633141398,1.5,4.0
6460,5,4.9,0.22360679774997902,4.5,5.0
7048,4,3.375,0.9464847243000457,2.0,4.0
2662,12,3.1666666666666665,0.8616404368553291,2.0,4.5
86833,21,3.761904761904762,0.9303097282497859,1.5,5.0
81535,1,4.5,,4.5,4.5
141544,3,3.5,0.8660254037844386,2.5,4.0
81,14,3.107142857142857,0.7640623068776583,2.0,5.0
71668,3,3.3333333333333335,1.0408329997330663,2.5,4.5
5699,1,4.0,,4.0,4.0
89804,9,3.2222222222222223,0.754615428178118,2.0,4.0
130444,1,4.0,,4.0,4.0
58876,2,3.25,0.3535533905932738,3.0,3.5
142115,2,4.75,0.3535533905932738,4.5,5.0
5452,6,1.5833333333333333,1.0206207261596574,1.0,3.5
6664,6,3.5,0.7745966692414834,3.0,5.0
2212,3,3.6666666666666665,0.5773502691896258,3.0,4.0
3313,2,1.5,0.7071067811865476,1.0,2.0
130576,4,2.375,0.47871355387816905,2.0,3.0
2007,2,3.5,2.1213203435596424,2.0,5.0
3008,1,4.0,,4.0,4.0
45062,2,2.75,1.0606601717798212,2.0,3.5
5490,1,5.0,,5.0,5.0
79259,1,2.5,,2.5,2.5
96114,1,2.0,,2.0,2.0
109317,1,2.5,,2.5,2.5
117107,1,2.5,,2.5,2.5
27140,1,3.0,,3.0,3.0
114265,1,5.0,,5.0,5.0
108192,1,3.5,,3.5,3.5
63768,1,3.0,,3.0,3.0
1031,24,3.4791666666666665,0.9943226519756473,2.0,5.0
1892,16,3.28125,0.836037279870541,2.0,4.5
2683,121,3.1983471074380163,1.215317754819316,0.5,5.0
210,4,3.0,0.816496580927726,2.0,4.0
1201,72,4.145833333333333,0.865771251055918,1.0,5.0
1441,19,3.473684210526316,1.0202625507753482,1.0,5.0
2052,23,2.760869565217391,1.0752332222422438,0.5,5.0
2463,14,3.3214285714285716,0.9528730413685933,2.0,5.0
3685,9,3.7777777777777777,0.8333333333333334,3.0,5.0
80166,6,2.6666666666666665,1.0801234497346432,0.5,3.5
1175,21,3.8333333333333335,0.8563488385776753,1.5,5.0
5152,18,3.3333333333333335,1.0431851677040116,1.0,5.0
28,11,4.2272727272727275,0.7862453931068963,2.5,5.0
436,7,2.5714285714285716,0.9322272357358045,1.5,4.0
3841,6,2.8333333333333335,1.2110601416389966,1.5,5.0
4958,20,3.25,0.6977407149243606,1.0,4.0
171701,1,3.5,,3.5,3.5
50804,3,3.5,1.3228756555322954,2.5,5.0
2313,17,4.029411764705882,0.544018273914527,3.0,5.0
7325,21,3.2857142857142856,0.7995534467974699,1.5,4.5
4326,11,3.590909090909091,0.4908249086070214,2.5,4.0
44193,6,3.75,0.8215838362577491,3.0,5.0
167772,1,1.5,,1.5,1.5
2522,4,3.25,1.2583057392117918,2.0,5.0
95313,1,4.5,,4.5,4.5
172583,1,5.0,,5.0,5.0
110882,3,3.8333333333333335,0.7637626158259733,3.0,4.5
8827,5,4.0,0.7905694150420949,3.0,5.0
6319,3,2.1666666666666665,1.0408329997330663,1.0,3.0
177939,1,4.5,,4.5,4.5
3445,4,3.5,0.5773502691896257,3.0,4.0
57274,8,4.0625,0.8210402808980464,3.0,5.0
4443,2,2.75,0.3535533905932738,2.5,3.0
7460,6,3.5833333333333335,0.3763863263545405,3.0,4.0
27328,1,4.5,,4.5,4.5
183,2,3.5,0.7071067811865476,3.0,4.0
34164,1,3.5,,3.5,3.5
155288,3,2.8333333333333335,1.1547005383792517,1.5,3.5
155820,2,2.5,1.4142135623730951,1.5,3.5
32392,1,2.5,,2.5,2.5
31162,1,3.0,,3.0,3.0
97858,1,2.0,,2.0,2.0
148709,1,2.0,,2.0,2.0
159690,1,2.0,,2.0,2.0
1496,1,4.0,,4.0,4.0
2180,1,3.5,,3.5,3.5
68269,2,4.25,0.3535533905932738,4.0,4.5
106889,1,4.0,,4.0,4.0
96945,1,3.5,,3.5,3.5
142507,1,2.5,,2.5,2.5
1426,1,1.0,,1.0,1.0
5961,1,1.5,,1.5,1.5
32515,1,2.5,,2.5,2.5
108090,1,3.5,,3.5,3.5
72165,1,2.0,,2.0,2.0
6095,1,3.5,,3.5,3.5
89837,1,4.5,,4.5,4.5
596,60,3.45,1.056457142961916,0.5,5.0
2018,38,3.3684210526315788,0.9634132068392958,0.5,5.0
2583,12,3.875,0.956437518750037,2.0,5.0
497,43,3.813953488372093,0.8798217880557071,1.5,5.0
762,41,2.4146341463414633,1.0834115043716668,0.5,5.0
27741,6,3.8333333333333335,0.6055300708194983,3.0,4.5
7147,69,3.8333333333333335,0.9419420905558814,0.5,5.0
2044,2,2.5,0.7071067811865476,2.0,3.0
2355,92,3.516304347826087,0.887802222049142,0.5,5.0
106920,25,3.92,0.9647970425604202,2.0,5.0
8622,37,3.4864864864864864,0.7860457161437033,0.5,4.5
1243,16,3.96875,1.161446655397196,1.0,5.0
1274,39,3.7435897435897436,1.2715086091135728,0.5,5.0
1621,2,3.25,1.7677669529663689,2.0,4.5
4155,8,3.3125,1.2229209763045665,1.0,5.0
4482,3,3.1666666666666665,1.6072751268321592,2.0,5.0
2905,4,4.25,0.49999999999999994,3.5,4.5
1296,17,3.7058823529411766,1.118855770550484,1.0,5.0
100390,4,2.875,1.3768926368215255,1.5,4.5
182731,1,4.5,,4.5,4.5
168846,1,4.5,,4.5,4.5
4083,1,4.0,,4.0,4.0
1051,3,4.0,1.0,3.0,5.0
4826,2,4.25,0.3535533905932738,4.0,4.5
170697,4,4.125,0.25000000000000006,4.0,4.5
55995,8,2.5625,0.6781013409302689,1.5,3.5
162600,3,3.0,1.3228756555322954,1.5,4.0
1415,2,2.5,2.1213203435596424,1.0,4.0
90769,1,4.0,,4.0,4.0
92637,1,3.5,,3.5,3.5
138966,1,5.0,,5.0,5.0
38164,1,4.0,,4.0,4.0
7306,1,3.0,,3.0,3.0
101895,1,4.0,,4.0,4.0
6667,1,3.5,,3.5,3.5
8410,1,3.5,,3.5,3.5
87413,2,1.75,1.7677669529663689,0.5,3.0
166705,1,3.0,,3.0,3.0
6342,1,2.0,,2.0,2.0
4424,3,3.6666666666666665,0.5773502691896258,3.0,4.0
8500,1,2.5,,2.5,2.5
60803,1,2.5,,2.5,2.5
70208,1,4.0,,4.0,4.0
110286,1,3.5,,3.5,3.5
141400,1,4.0,,4.0,4.0
1030,15,2.7666666666666666,0.7286647932708022,2.0,4.0
300,81,3.5185185185185186,0.8457409637576848,0.5,5.0
412,15,3.5,1.0522085616183026,2.0,5.0
842,12,2.5416666666666665,1.0543919689766346,1.0,5.0
1064,13,3.1538461538461537,1.125178048588596,1.0,5.0
784,54,2.8055555555555554,1.1752826503339957,0.5,5.0
180095,3,4.0,1.0,3.0,5.0
1489,2,3.0,1.4142135623730951,2.0,4.0
3706,8,3.0,1.3093073414159544,1.0,4.0
4848,51,3.843137254901961,0.9082411358137847,1.5,5.0
8132,9,4.333333333333333,0.6123724356957947,3.0,5.0
1772,12,2.7083333333333335,1.075730900224108,1.0,4.5
136864,16,2.34375,1.0119082632992644,0.5,4.5
406,1,3.0,,3.0,3.0
1034,5,3.1,1.6355427233796125,1.0,5.0
1974,16,2.875,1.27148207485071,1.0,5.0
6820,6,4.0,0.5477225575051662,3.5,5.0
146028,1,4.0,,4.0,4.0
45440,6,3.3333333333333335,0.9831920802501752,2.0,4.5
2682,3,4.0,0.0,4.0,4.0
2349,7,3.5,1.118033988749895,2.0,5.0
1163,1,1.0,,1.0,1.0
8008,3,4.0,0.8660254037844386,3.5,5.0
1752,4,2.5,0.5773502691896257,2.0,3.0
41716,7,3.2142857142857144,0.9940297973880049,2.0,4.0
32584,4,3.125,0.6291528696058958,2.5,4.0
6695,4,1.875,0.8539125638299665,1.0,3.0
1826,1,2.0,,2.0,2.0
103655,3,1.8333333333333333,1.0408329997330663,1.0,3.0
54785,4,3.25,0.2886751345948129,3.0,3.5
5884,1,1.0,,1.0,1.0
112370,4,1.875,0.47871355387816905,1.5,2.5
2962,2,3.0,0.0,3.0,3.0
7184,1,4.5,,4.5,4.5
55259,1,1.0,,1.0,1.0
112460,2,2.25,0.3535533905932738,2.0,2.5
5337,3,2.8333333333333335,0.2886751345948129,2.5,3.0
5880,2,1.75,0.3535533905932738,1.5,2.0
8915,1,3.5,,3.5,3.5
6476,1,3.0,,3.0,3.0
8809,2,3.25,1.0606601717798212,2.5,4.0
8126,1,3.5,,3.5,3.5
27537,1,3.5,,3.5,3.5
42946,2,4.0,1.4142135623730951,3.0,5.0
1156,1,3.5,,3.5,3.5
59915,1,3.5,,3.5,3.5
113159,1,3.5,,3.5,3.5
2094,39,3.2564102564102564,0.8100665573028298,1.5,5.0
71535,53,3.8773584905660377,0.8765407334942289,1.0,5.0
587,115,3.4347826086956523,0.935465310454274,1.0,5.0
1307,85,3.8588235294117648,0.8150802060514775,1.5,5.0
3624,43,3.1511627906976742,1.0031787793531157,0.5,5.0
1276,57,4.271929824561403,0.6201250985443274,2.5,5.0
6300,3,4.5,0.5,4.0,5.0
2015,9,3.388888888888889,0.4166666666666667,3.0,4.0
135861,9,2.7777777777777777,1.4166666666666665,0.5,5.0
149380,1,1.5,,1.5,1.5
27793,2,1.5,0.7071067811865476,1.0,2.0
64497,7,2.7857142857142856,0.2672612419124243,2.5,3.0
2752,8,2.8125,0.6512350903146596,2.0,4.0
42018,2,2.0,2.1213203435596424,0.5,3.5
52435,11,3.590909090909091,0.9170109546287278,1.5,5.0
59440,1,3.5,,3.5,3.5
96110,9,3.4444444444444446,0.6346477588219922,2.5,4.5
126921,1,5.0,,5.0,5.0
6288,4,3.875,0.47871355387816905,3.5,4.5
60904,1,4.0,,4.0,4.0
159811,1,5.0,,5.0,5.0
3795,1,5.0,,5.0,5.0
42007,3,2.8333333333333335,0.2886751345948129,2.5,3.0
157699,6,3.8333333333333335,0.6055300708194985,3.0,4.5
3296,7,4.071428571428571,0.7319250547113999,3.0,5.0
731,3,3.3333333333333335,0.5773502691896258,3.0,4.0
4229,4,2.125,1.030776406404415,1.0,3.0
136912,1,2.0,,2.0,2.0
85510,12,3.125,0.7423855895936853,2.0,4.0
988,2,3.0,0.0,3.0,3.0
2240,7,3.857142857142857,0.8997354108424372,3.0,5.0
1574,1,1.0,,1.0,1.0
68600,1,2.0,,2.0,2.0
90528,1,3.5,,3.5,3.5
94405,2,3.5,0.7071067811865476,3.0,4.0
7088,1,4.0,,4.0,4.0
5663,1,3.5,,3.5,3.5
4925,1,3.0,,3.0,3.0
109416,1,2.0,,2.0,2.0
46855,1,4.5,,4.5,4.5
2697,1,3.5,,3.5,3.5
44511,1,3.5,,3.5,3.5
3626,3,3.3333333333333335,0.5773502691896258,3.0,4.0
5028,1,2.0,,2.0,2.0
92234,1,1.5,,1.5,1.5
3403,1,4.0,,4.0,4.0
78959,1,3.0,,3.0,3.0
82765,1,3.5,,3.5,3.5
688,9,2.3333333333333335,1.0307764064044151,0.5,4.0
914,35,4.042857142857143,0.9185300642829262,0.5,5.0
2467,18,3.75,0.7524469885568253,2.0,5.0
76,15,3.4,1.1982129550769702,1.0,5.0
667,8,2.8125,1.0669549461635468,1.5,5.0
4700,27,3.037037037037037,0.9600273025557252,0.5,5.0
6863,66,3.4015151515151514,0.7806294155246039,1.0,5.0
5965,3,4.166666666666667,0.2886751345948129,4.0,4.5
3435,17,4.323529411764706,0.705805755648027,2.5,5.0
1372,42,3.3452380952380953,1.1555174917046074,0.5,5.0
1816,3,2.0,1.0,1.0,3.0
3264,26,2.423076923076923,0.9454343731037887,0.5,4.0
73319,5,2.4,1.1937336386313322,0.5,3.5
39183,34,3.5588235294117645,0.8856148855400954,2.0,5.0
2032,1,2.0,,2.0,2.0
1480,11,3.3636363636363638,0.5518563713009523,2.5,4.0
3252,27,3.5925925925925926,0.940918506209563,1.0,5.0
52952,8,4.0,0.5345224838248488,3.5,5.0
61628,1,2.0,,2.0,2.0
2871,30,3.9,0.6351757834348449,3.0,5.0
5040,8,3.125,0.6943650748294136,2.0,4.0
5505,12,3.2083333333333335,0.8908201872772114,1.5,4.5
107406,21,3.4285714285714284,1.0640220191062106,1.0,5.0
1889,8,3.75,0.6546536707079771,3.0,5.0
69784,10,3.65,0.8834905520465715,2.0,4.5
3359,11,4.090909090909091,0.5838742081211422,3.0,5.0
74553,2,4.0,0.7071067811865476,3.5,4.5
55269,21,3.4285714285714284,0.7464200272921789,2.0,4.5
69304,1,4.0,,4.0,4.0
3013,1,4.0,,4.0,4.0
179133,1,5.0,,5.0,5.0
98083,2,4.0,1.4142135623730951,3.0,5.0
174815,1,3.5,,3.5,3.5
2526,3,1.8333333333333333,1.2583057392117916,0.5,3.0
3725,2,3.5,0.7071067811865476,3.0,4.0
66744,2,4.0,0.0,4.0,4.0
30894,8,2.5,0.7559289460184545,2.0,4.0
7321,2,2.75,1.0606601717798212,2.0,3.5
26629,3,2.0,0.5,1.5,2.5
56012,2,2.75,1.0606601717798212,2.0,3.5
60293,3,4.0,1.0,3.0,5.0
6705,1,2.5,,2.5,2.5
4256,3,3.6666666666666665,1.1547005383792517,3.0,5.0
42176,1,4.0,,4.0,4.0
77233,1,3.5,,3.5,3.5
170355,2,3.75,1.0606601717798212,3.0,4.5
26555,2,2.75,1.0606601717798212,2.0,3.5
3127,3,2.8333333333333335,0.7637626158259734,2.0,3.5
5562,1,2.5,,2.5,2.5
45635,2,3.0,0.0,3.0,3.0
91688,1,1.5,,1.5,1.5
105755,1,1.5,,1.5,1.5
120783,1,2.5,,2.5,2.5
136786,1,1.5,,1.5,1.5
5651,1,3.0,,3.0,3.0
79299,1,3.0,,3.0,3.0
91266,1,2.5,,2.5,2.5
163653,1,3.0,,3.0,3.0
3941,1,5.0,,5.0,5.0
4197,1,3.0,,3.0,3.0
90243,1,3.5,,3.5,3.5
103245,1,2.5,,2.5,2.5
4695,1,4.0,,4.0,4.0
26,13,3.5,0.6123724356957944,2.5,4.0
27,9,3.3333333333333335,1.1989578808281798,2.0,5.0
332,12,2.8333333333333335,1.0730867399773196,1.0,5.0
2023,45,3.3555555555555556,0.9978512267402745,1.0,5.0
5066,14,3.5,1.3008872711759818,0.5,5.0
87222,17,3.323529411764706,1.0449458190288539,1.0,5.0
30793,61,3.0,0.9036961141150638,0.5,4.5
145283,1,3.5,,3.5,3.5
2335,28,3.1785714285714284,0.7959886202690862,1.5,4.0
2754,1,1.0,,1.0,1.0
2857,14,3.2857142857142856,0.8017837257372732,2.0,4.5
3743,3,2.0,1.0,1.0,3.0
81834,47,3.9893617021276597,0.8690909900212809,1.5,5.0
117851,5,3.7,0.7582875444051551,3.0,5.0
38886,9,3.4444444444444446,0.8819171036881969,2.0,4.5
3270,12,2.7916666666666665,1.195794398056891,1.0,4.0
86781,5,4.4,0.5477225575051661,4.0,5.0
170875,3,2.3333333333333335,1.1547005383792517,1.0,3.0
1235,26,4.288461538461538,0.7095502367426414,3.0,5.0
3811,7,3.9285714285714284,0.6074928962939561,3.0,5.0
6936,39,3.6923076923076925,0.7488182322428263,2.0,5.0
27020,5,3.4,0.22360679774997896,3.0,3.5
33683,2,3.75,0.3535533905932738,3.5,4.0
4774,6,2.1666666666666665,0.752772652709081,1.0,3.0
8643,9,3.2777777777777777,0.9052317076000179,2.5,5.0
8656,2,3.75,1.0606601717798212,3.0,4.5
147286,1,5.0,,5.0,5.0
501,6,3.6666666666666665,1.0801234497346435,2.0,5.0
5993,5,2.9,0.7416198487095663,2.0,4.0
5095,1,4.5,,4.5,4.5
127212,1,4.5,,4.5,4.5
8864,3,2.6666666666666665,0.7637626158259734,2.0,3.5
40851,4,3.375,0.75,2.5,4.0
577,4,2.125,1.0307764064044151,1.0,3.0
71211,3,3.6666666666666665,0.7637626158259734,3.0,4.5
2439,3,3.1666666666666665,0.7637626158259733,2.5,4.0
115231,2,3.25,1.0606601717798212,2.5,4.0
74916,3,2.3333333333333335,0.2886751345948129,2.0,2.5
26048,1,4.5,,4.5,4.5
7116,4,3.125,1.8874586088176875,0.5,5.0
4777,1,2.5,,2.5,2.5
144262,1,2.0,,2.0,2.0
5212,1,3.0,,3.0,3.0
3211,2,3.75,0.3535533905932738,3.5,4.0
5875,1,2.5,,2.5,2.5
6948,1,4.0,,4.0,4.0
107780,1,4.0,,4.0,4.0
626,1,5.0,,5.0,5.0
26676,1,2.5,,2.5,2.5
135787,1,3.5,,3.5,3.5
1493,1,3.5,,3.5,3.5
1927,10,4.35,0.6687467549246292,3.5,5.0
103249,19,3.026315789473684,0.8735890880367281,1.5,4.0
1269,29,3.8793103448275863,0.9224886024633999,0.5,5.0
3072,27,3.5555555555555554,1.0771519903228188,1.0,5.0
3387,7,2.857142857142857,1.0690449676496976,2.0,4.0
106918,20,4.0,0.7254762501100117,2.5,5.0
135536,12,2.9166666666666665,0.996204919895622,0.5,4.0
42004,6,3.5,0.5477225575051661,2.5,4.0
103980,4,3.375,0.75,3.0,4.5
4876,12,2.4583333333333335,0.7216878364870323,1.0,3.5
1019,17,3.4705882352941178,0.892163596182304,2.0,5.0
33154,6,4.0,0.7071067811865476,3.0,5.0
60737,1,5.0,,5.0,5.0
101283,3,2.8333333333333335,0.2886751345948129,2.5,3.0
384,2,3.25,0.3535533905932738,3.0,3.5
8426,1,4.0,,4.0,4.0
175435,1,4.5,,4.5,4.5
2331,3,3.0,1.0,2.0,4.0
4866,8,2.8125,0.9234059624177069,1.0,4.0
2750,7,3.142857142857143,0.6267831705280087,2.0,4.0
42011,11,2.1818181818181817,0.716684284490991,1.0,3.0
4919,2,3.5,0.0,3.5,3.5
6040,4,2.125,0.6291528696058958,1.5,3.0
5258,2,2.0,0.0,2.0,2.0
4830,1,4.0,,4.0,4.0
122884,2,2.5,0.7071067811865476,2.0,3.0
37857,9,3.611111111111111,0.6972166887783964,2.5,4.5
26928,1,5.0,,5.0,5.0
7122,1,5.0,,5.0,5.0
4408,1,3.5,,3.5,3.5
7895,2,3.5,0.0,3.5,3.5
7192,2,3.0,0.0,3.0,3.0
127164,1,3.5,,3.5,3.5
40491,1,5.0,,5.0,5.0
32440,1,2.0,,2.0,2.0
2644,9,3.3333333333333335,0.5590169943749475,2.5,4.0
3744,19,2.6578947368421053,1.054785807363374,1.0,4.0
5764,1,4.5,,4.5,4.5
908,57,4.184210526315789,0.777080036713495,1.5,5.0
3481,75,3.6666666666666665,0.9597766256641026,0.5,5.0
159,14,2.892857142857143,0.9235918893223228,1.0,4.5
271,4,3.5,1.2909944487358054,2.0,5.0
606,4,3.0,0.816496580927726,2.0,4.0
44,46,2.5434782608695654,1.0843640581594445,0.5,5.0
78469,17,3.1470588235294117,0.6315829785733061,2.0,4.0
743,29,2.5172413793103448,0.9208183338427222,0.5,4.0
2134,22,3.1136363636363638,0.8581793876992511,1.0,5.0
2169,7,2.2857142857142856,0.9063269671749656,1.5,4.0
3017,4,3.0,0.816496580927726,2.0,4.0
3370,2,2.5,0.7071067811865476,2.0,3.0
5219,30,3.0833333333333335,0.9009892392228679,1.0,4.5
111743,12,2.9583333333333335,1.1171866722289792,0.5,4.0
57368,27,3.3518518518518516,0.8859459830600762,2.0,5.0
3783,11,3.9545454545454546,0.5680909018170179,3.0,5.0
71033,7,3.857142857142857,1.313845682030609,1.0,5.0
1350,22,3.8181818181818183,0.7487363091276265,2.5,5.0
2322,8,3.0625,0.8634441002668988,2.0,4.0
4267,5,3.4,0.6519202405202649,3.0,4.5
916,26,4.0576923076923075,0.7915418255142693,2.5,5.0
54116,2,3.25,0.3535533905932738,3.0,3.5
1135,13,3.1153846153846154,0.5828752780343234,2.0,4.0
175397,1,5.0,,5.0,5.0
7225,3,3.6666666666666665,0.5773502691896258,3.0,4.0
93855,1,4.5,,4.5,4.5
122890,6,3.4166666666666665,0.9703951085339758,1.5,4.0
3287,3,3.1666666666666665,1.2583057392117916,2.0,4.5
6509,2,4.0,0.0,4.0,4.0
5214,4,2.5,1.2909944487358056,1.0,4.0
3528,5,3.4,0.8944271909999159,2.0,4.0
8815,3,2.5,0.8660254037844386,2.0,3.5
1875,6,3.9166666666666665,0.6645800679125629,3.0,5.0
7257,4,2.0,1.0801234497346435,0.5,3.0
4354,1,2.5,,2.5,2.5
3922,1,1.0,,1.0,1.0
48598,2,3.75,0.3535533905932738,3.5,4.0
52462,1,3.0,,3.0,3.0
48262,1,4.0,,4.0,4.0
61289,3,3.3333333333333335,1.0408329997330663,2.5,4.5
167064,1,5.0,,5.0,5.0
110781,1,2.5,,2.5,2.5
90524,1,3.5,,3.5,3.5
2738,1,4.0,,4.0,4.0
3669,1,2.5,,2.5,2.5
77709,1,2.5,,2.5,2.5
129779,1,2.5,,2.5,2.5
3183,1,3.0,,3.0,3.0
112727,1,3.0,,3.0,3.0
8967,4,1.75,1.0408329997330663,0.5,3.0
132462,1,1.0,,1.0,1.0
1210,196,4.137755102040816,0.866116034877124,1.0,5.0
112552,38,4.0394736842105265,0.8572550390586603,1.0,5.0
2076,46,3.9456521739130435,0.889620773573182,1.0,5.0
253,109,3.458715596330275,1.0163670787348358,0.5,5.0
1148,56,4.035714285714286,1.030697658063538,0.5,5.0
55247,41,3.902439024390244,0.8818978979672332,1.5,5.0
74510,4,4.25,0.6454972243679027,3.5,5.0
1689,7,2.2142857142857144,0.994029797388005,1.0,4.0
2371,24,3.0833333333333335,1.0700128673207085,1.0,5.0
2804,55,3.9727272727272727,0.949747441175917,1.0,5.0
4036,11,3.1363636363636362,0.8090398349558905,1.5,4.5
1363,5,3.5,1.0,2.5,5.0
1280,9,4.333333333333333,0.6614378277661477,3.5,5.0
1866,7,2.9285714285714284,1.5660079668957474,0.5,5.0
102123,14,3.2142857142857144,1.0868848519133392,1.5,5.0
32598,8,2.9375,1.0835622468770048,0.5,4.0
1955,14,3.892857142857143,0.6844023622158192,2.5,5.0
6949,1,3.5,,3.5,3.5
5480,5,2.6,1.710263137648707,0.5,5.0
79897,1,5.0,,5.0,5.0
1771,1,4.0,,4.0,4.0
3727,8,4.3125,0.7039429765866795,3.0,5.0
140038,1,4.5,,4.5,4.5
99007,14,3.5,0.7844645405527362,2.0,4.5
179427,1,4.0,,4.0,4.0
25906,1,5.0,,5.0,5.0
60161,6,3.5,0.4472135954999579,3.0,4.0
7258,4,2.75,0.8660254037844386,1.5,3.5
73431,1,2.5,,2.5,2.5
71619,1,4.0,,4.0,4.0
86279,1,3.5,,3.5,3.5
102823,1,3.5,,3.5,3.5
3587,2,2.5,1.4142135623730951,1.5,3.5
8290,2,0.75,0.3535533905932738,0.5,1.0
70708,1,4.5,,4.5,4.5
55250,3,2.6666666666666665,0.7637626158259733,2.0,3.5
161830,1,1.0,,1.0,1.0
6528,1,2.0,,2.0,2.0
5448,1,2.0,,2.0,2.0
51024,3,3.1666666666666665,1.0408329997330663,2.0,4.0
7023,1,4.5,,4.5,4.5
806,1,1.5,,1.5,1.5
5768,1,3.0,,3.0,3.0
31553,1,1.0,,1.0,1.0
1759,1,5.0,,5.0,5.0
3010,1,4.0,,4.0,4.0
48214,1,3.5,,3.5,3.5
103685,1,4.5,,4.5,4.5
134246,1,0.5,,0.5,0.5
2727,1,3.0,,3.0,3.0
236,45,3.477777777777778,0.9167355346031046,0.5,5.0
329,108,3.3935185185185186,0.8147327006360032,1.0,5.0
460,3,2.6666666666666665,0.5773502691896258,2.0,3.0
3173,18,3.0,0.9074852129730301,1.0,4.0
5891,4,2.625,1.1086778913041726,1.0,3.5
107141,8,3.6875,0.7039429765866795,2.0,4.0
103772,16,3.375,0.8660254037844386,2.0,5.0
2496,23,3.108695652173913,0.878486841355511,1.0,4.5
3258,15,2.8666666666666667,0.8755950357709131,1.5,5.0
3512,8,3.5625,0.6232117273791125,3.0,4.5
3972,16,4.125,0.9036961141150639,3.0,5.0
4025,64,3.0546875,0.9925003998239968,0.5,5.0
176371,18,3.8055555555555554,1.0451412638671906,1.0,5.0
44195,36,4.027777777777778,0.643033485513829,2.5,5.0
1056,7,3.0714285714285716,0.7319250547113999,2.0,4.0
2497,6,2.9166666666666665,1.0206207261596576,1.5,4.0
4104,5,1.4,0.4183300132670378,1.0,2.0
81018,3,3.0,1.0,2.0,4.0
1873,10,3.75,0.8249579113843054,3.0,5.0
86892,3,4.5,0.5,4.0,5.0
41573,8,2.875,1.0606601717798212,1.0,4.5
53435,4,2.0,1.2909944487358056,0.5,3.5
93287,4,3.75,0.6454972243679028,3.0,4.5
4899,8,2.1875,0.9613049166924836,1.0,4.0
141928,1,5.0,,5.0,5.0
6030,1,2.0,,2.0,2.0
63515,1,4.0,,4.0,4.0
118888,2,4.25,0.3535533905932738,4.0,4.5
110330,1,4.5,,4.5,4.5
48082,11,3.8636363636363638,0.45226701686664544,3.5,4.5
4368,11,2.3636363636363638,0.6741998624632421,1.0,3.5
180497,2,4.25,0.3535533905932738,4.0,4.5
7311,3,3.6666666666666665,0.2886751345948129,3.5,4.0
39435,5,2.9,0.6519202405202649,2.0,3.5
5080,5,2.6,1.3416407864998738,1.0,4.0
5401,9,1.8333333333333333,0.8291561975888501,1.0,3.5
60522,2,2.25,1.0606601717798212,1.5,3.0
2069,2,4.25,1.0606601717798212,3.5,5.0
2323,2,4.25,1.0606601717798212,3.5,5.0
159858,2,2.25,2.4748737341529163,0.5,4.0
65882,1,3.5,,3.5,3.5
5238,2,3.5,0.0,3.5,3.5
4610,1,2.0,,2.0,2.0
8782,2,2.75,0.3535533905932738,2.5,3.0
3284,1,3.0,,3.0,3.0
1398,1,2.5,,2.5,2.5
103,3,3.0,0.0,3.0,3.0
176413,1,4.5,,4.5,4.5
2629,2,2.5,0.7071067811865476,2.0,3.0
4200,2,3.25,1.7677669529663689,2.0,4.5
4240,1,2.0,,2.0,2.0
69227,1,1.0,,1.0,1.0
88593,1,2.5,,2.5,2.5
27036,1,3.0,,3.0,3.0
8391,1,3.0,,3.0,3.0
97188,1,4.0,,4.0,4.0
1085,2,3.5,0.7071067811865476,3.0,4.0
1093,37,3.4054054054054053,0.9918965968581901,0.5,5.0
1046,4,4.5,0.5773502691896258,4.0,5.0
4144,14,4.214285714285714,0.671229804574745,3.0,5.0
336,1,3.0,,3.0,3.0
350,57,3.3859649122807016,0.8609460320922785,0.5,5.0
4874,33,3.484848484848485,0.9959672472404689,1.0,5.0
3328,19,4.052631578947368,0.8802578038106735,2.0,5.0
72011,32,3.71875,0.7177192819911804,1.5,5.0
1260,15,3.7333333333333334,1.1474609652039003,0.5,5.0
2723,39,3.08974358974359,1.069135132957297,1.0,5.0
3741,11,4.090909090909091,0.7006490497453707,3.0,5.0
2409,26,3.1923076923076925,1.0961470984947512,0.5,5.0
26614,9,3.388888888888889,1.2190615698606495,0.5,4.5
157110,1,4.5,,4.5,4.5
12,19,2.4210526315789473,1.2501461902817699,1.0,5.0
984,2,3.5,2.1213203435596424,2.0,5.0
3548,5,3.7,0.9746794344808963,2.0,4.5
2236,9,3.0,1.0,0.5,4.0
4317,3,2.5,1.3228756555322954,1.0,3.5
3196,9,3.7222222222222223,0.5068968775248516,3.0,4.5
107565,2,2.75,1.7677669529663689,1.5,4.0
136564,1,2.5,,2.5,2.5
39414,7,3.0,0.816496580927726,1.5,4.0
71282,8,3.6875,0.6512350903146596,3.0,4.5
96728,6,3.9166666666666665,0.801040989379861,3.0,5.0
95311,1,5.0,,5.0,5.0
127152,2,4.25,0.3535533905932738,4.0,4.5
105355,2,3.25,1.0606601717798212,2.5,4.0
2531,9,2.7777777777777777,1.3017082793177757,1.0,5.0
4305,4,1.625,0.8539125638299665,0.5,2.5
3054,8,2.3125,1.131923142267177,0.5,3.5
27837,4,2.875,0.25,2.5,3.0
53468,7,3.2857142857142856,0.5669467095138409,2.5,4.0
80590,3,3.1666666666666665,1.0408329997330663,2.0,4.0
973,5,3.9,0.22360679774997896,3.5,4.0
62208,1,4.5,,4.5,4.5
83827,2,4.25,1.0606601717798212,3.5,5.0
4523,2,3.5,0.7071067811865476,3.0,4.0
7940,1,4.5,,4.5,4.5
50003,2,2.0,1.4142135623730951,1.0,3.0
32314,1,3.5,,3.5,3.5
5322,1,4.0,,4.0,4.0
6810,5,2.5,1.0606601717798212,1.0,3.5
4198,1,3.0,,3.0,3.0
73386,1,1.5,,1.5,1.5
118248,1,1.5,,1.5,1.5
7786,1,3.5,,3.5,3.5
6201,1,5.0,,5.0,5.0
95193,1,2.0,,2.0,2.0
148238,1,2.5,,2.5,2.5
6267,1,2.0,,2.0,2.0
7005,1,1.5,,1.5,1.5
26159,2,3.75,0.3535533905932738,3.5,4.0
26947,1,2.5,,2.5,2.5
55492,1,4.0,,4.0,4.0
137859,1,4.0,,4.0,4.0
223,104,3.855769230769231,0.9468216554343288,1.0,5.0
2090,13,3.1923076923076925,1.1094003924504583,0.5,5.0
2692,75,4.0,0.65243825430126,2.0,5.0
3083,19,4.157894736842105,0.9867543820659305,1.0,5.0
4033,13,3.923076923076923,0.5340940088190562,3.0,5.0
2701,53,2.207547169811321,0.9827060474103312,0.5,4.5
5841,3,1.6666666666666667,0.5773502691896258,1.0,2.0
30749,48,3.7916666666666665,0.955573423330665,0.5,5.0
33679,59,3.2796610169491527,0.9968536123667321,0.5,5.0
158972,3,3.6666666666666665,0.2886751345948129,3.5,4.0
3500,4,3.0,0.816496580927726,2.0,4.0
2006,60,3.1,1.032522006988352,0.5,5.0
3990,4,2.25,1.4433756729740643,0.5,4.0
4446,31,3.3548387096774195,0.8285886432874554,1.5,5.0
102993,4,3.125,0.8539125638299665,2.0,4.0
3037,24,4.145833333333333,1.0371277924976336,1.0,5.0
33166,50,3.89,0.8099508677464734,1.5,5.0
52328,14,3.642857142857143,0.8864052604279181,2.5,5.0
61210,1,3.5,,3.5,3.5
111921,9,3.388888888888889,0.8579691784155833,2.0,5.0
1769,14,2.9285714285714284,0.7559289460184544,2.0,4.0
5307,1,3.0,,3.0,3.0
57147,1,4.0,,4.0,4.0
96691,2,3.75,0.3535533905932738,3.5,4.0
174681,1,3.5,,3.5,3.5
90890,5,2.3,1.4404860290887933,0.5,4.0
3325,3,2.1666666666666665,1.2583057392117918,1.0,3.5
107408,1,4.5,,4.5,4.5
3679,2,3.75,0.3535533905932738,3.5,4.0
3076,4,3.625,0.75,3.0,4.5
6538,5,3.6,0.6519202405202649,3.0,4.5
56176,3,1.5,0.8660254037844386,0.5,2.0
191005,1,4.5,,4.5,4.5
50158,2,2.5,0.0,2.5,2.5
57326,1,0.5,,0.5,0.5
6254,2,4.75,0.3535533905932738,4.5,5.0
112911,4,2.0,1.4719601443879744,0.5,4.0
3171,1,4.0,,4.0,4.0
56869,1,4.0,,4.0,4.0
7304,1,4.0,,4.0,4.0
5465,1,3.0,,3.0,3.0
8239,1,4.0,,4.0,4.0
63239,1,3.0,,3.0,3.0
5328,1,5.0,,5.0,5.0
5422,1,4.0,,4.0,4.0
109372,2,2.25,1.0606601717798212,1.5,3.0
3859,2,3.75,0.3535533905932738,3.5,4.0
6970,2,3.75,0.3535533905932738,3.5,4.0
7055,1,4.0,,4.0,4.0
5069,2,3.25,1.0606601717798212,2.5,4.0
48045,1,4.0,,4.0,4.0
3353,1,4.5,,4.5,4.5
5105,1,0.5,,0.5,0.5
4394,1,1.5,,1.5,1.5
26547,2,4.25,1.0606601717798212,3.5,5.0
27441,2,3.25,1.0606601717798212,2.5,4.0
80083,1,4.0,,4.0,4.0
3792,1,5.0,,5.0,5.0
6671,1,4.0,,4.0,4.0
146309,1,4.0,,4.0,4.0
132335,1,1.0,,1.0,1.0
1208,107,4.219626168224299,0.8332069498003221,2.0,5.0
417,13,3.6923076923076925,1.1821319289469758,2.0,5.0
548,6,2.75,0.8803408430829505,1.5,4.0
6440,14,4.035714285714286,0.570569409055069,3.0,5.0
87232,43,3.7906976744186047,0.8254332061721321,0.5,5.0
3519,6,2.9166666666666665,0.49159604012508756,2.0,3.5
3260,12,4.0,0.7071067811865476,3.0,5.0
98961,14,4.107142857142857,0.6844023622158194,2.5,5.0
3502,3,3.5,1.3228756555322954,2.5,5.0
4591,5,3.0,0.3535533905932738,2.5,3.5
8947,10,2.3,0.48304589153964794,1.5,3.0
6852,4,3.625,0.47871355387816905,3.0,4.0
72624,1,3.5,,3.5,3.5
84512,1,5.0,,5.0,5.0
105540,1,4.5,,4.5,4.5
116738,1,3.5,,3.5,3.5
146684,1,5.0,,5.0,5.0
4873,19,3.6842105263157894,1.095578567543569,1.0,5.0
172547,2,2.25,2.4748737341529163,0.5,4.0
127096,4,3.75,1.0408329997330663,2.5,5.0
40826,10,3.15,0.7090682462060883,2.0,4.0
5062,2,3.5,0.7071067811865476,3.0,4.0
6572,2,3.5,0.7071067811865476,3.0,4.0
5909,5,3.3,1.7175564037317668,0.5,5.0
388,2,3.0,1.4142135623730951,2.0,4.0
48638,2,3.5,0.0,3.5,3.5
3912,2,2.5,2.1213203435596424,1.0,4.0
3865,4,3.25,0.9574271077563381,2.0,4.0
6100,3,4.0,0.0,4.0,4.0
4617,2,3.5,2.1213203435596424,2.0,5.0
54771,2,3.0,1.4142135623730951,2.0,4.0
8774,1,3.5,,3.5,3.5
32469,1,4.5,,4.5,4.5
116724,1,4.0,,4.0,4.0
602,1,4.0,,4.0,4.0
25833,1,4.0,,4.0,4.0
68480,1,1.5,,1.5,1.5
89072,1,4.0,,4.0,4.0
103219,1,3.5,,3.5,3.5
1777,56,3.419642857142857,0.8133923671003699,0.5,5.0
2502,94,4.090425531914893,0.8097615670493039,1.5,5.0
1077,28,3.75,0.7136240321480627,2.0,5.0
4014,47,3.521276595744681,1.0265891541395005,1.0,5.0
5843,4,2.5,0.9128709291752769,1.5,3.5
72720,3,3.8333333333333335,0.2886751345948129,3.5,4.0
5333,3,3.3333333333333335,0.5773502691896258,3.0,4.0
4047,9,3.6666666666666665,0.75,3.0,5.0
100714,3,3.5,1.8027756377319946,1.5,5.0
663,12,3.2916666666666665,1.075730900224108,1.0,5.0
135143,14,3.6785714285714284,0.7495419846901085,2.0,4.5
6880,7,1.8571428571428572,1.2149857925879117,0.5,3.5
1564,2,4.0,1.4142135623730951,3.0,5.0
179401,6,3.6666666666666665,0.6055300708194983,2.5,4.0
89087,6,2.5,1.3416407864998738,0.5,4.5
926,24,4.229166666666667,0.8843957242668293,1.0,5.0
63436,3,3.1666666666666665,1.2583057392117916,2.0,4.5
96917,1,4.0,,4.0,4.0
6650,3,3.3333333333333335,2.0816659994661326,1.0,5.0
121781,1,5.0,,5.0,5.0
6629,3,3.5,0.5,3.0,4.0
1659,1,4.0,,4.0,4.0
172793,1,5.0,,5.0,5.0
184015,2,3.5,0.0,3.5,3.5
142420,2,3.0,0.7071067811865476,2.5,3.5
2022,8,3.6875,0.6512350903146595,3.0,5.0
3711,1,4.0,,4.0,4.0
55451,2,3.5,0.0,3.5,3.5
32009,3,2.6666666666666665,1.1547005383792517,2.0,4.0
86960,1,2.0,,2.0,2.0
409,1,2.0,,2.0,2.0
74545,7,3.7857142857142856,0.6362090102803518,3.0,4.5
84240,1,4.0,,4.0,4.0
2975,1,3.0,,3.0,3.0
74282,2,4.75,0.3535533905932738,4.5,5.0
8270,2,3.75,0.3535533905932738,3.5,4.0
4397,2,2.5,0.7071067811865476,2.0,3.0
4526,5,3.1,1.4317821063276353,1.5,5.0
164753,1,2.0,,2.0,2.0
1978,2,2.5,0.7071067811865476,2.0,3.0
6746,1,2.0,,2.0,2.0
109897,1,0.5,,0.5,0.5
7032,1,4.0,,4.0,4.0
7742,1,0.5,,0.5,0.5
4653,1,3.0,,3.0,3.0
26401,1,5.0,,5.0,5.0
333,50,3.78,1.0887176504718659,1.0,5.0
3450,29,3.293103448275862,1.1061293629081927,1.0,5.0
45499,52,3.355769230769231,0.9617005896497776,0.5,5.0
60950,16,3.09375,1.1138334704972732,1.0,5.0
1215,51,4.03921568627451,0.8651192822663357,2.0,5.0
1457,12,3.0833333333333335,1.0624442944398915,0.5,4.5
2227,3,3.5,0.5,3.0,4.0
2255,2,1.5,0.7071067811865476,1.0,2.0
2668,8,2.9375,0.7288689868556625,2.0,4.0
2726,9,4.055555555555555,0.5270462766947298,3.0,5.0
61011,1,2.0,,2.0,2.0
31184,3,3.8333333333333335,0.7637626158259734,3.0,4.5
3814,9,4.222222222222222,0.8700255424092125,3.0,5.0
707,21,2.880952380952381,0.9988088143478949,1.0,5.0
2961,5,2.4,0.8944271909999159,1.0,3.0
4823,25,3.14,1.0851267207105353,1.0,5.0
4989,9,2.9444444444444446,1.3565683830083088,1.0,5.0
1290,10,3.35,1.0013879257199867,2.0,5.0
65588,1,2.5,,2.5,2.5
3071,9,3.5,0.82915619758885,2.5,5.0
69529,2,4.5,0.7071067811865476,4.0,5.0
4994,10,3.5,0.97182531580755,1.5,5.0
49396,9,3.4444444444444446,0.5270462766947299,2.5,4.0
3546,2,4.5,0.7071067811865476,4.0,5.0
2772,10,2.85,1.395429045928965,1.0,5.0
2789,4,2.875,1.3149778198382918,1.0,4.0
4389,4,3.625,1.1086778913041726,2.5,5.0
1582,5,2.6,0.8944271909999159,1.0,3.0
3963,2,3.75,0.3535533905932738,3.5,4.0
96448,3,2.1666666666666665,1.1547005383792517,1.5,3.5
65738,1,4.0,,4.0,4.0
168612,2,3.75,0.3535533905932738,3.5,4.0
165101,4,2.875,1.6007810593582121,0.5,4.0
5112,1,3.0,,3.0,3.0
6178,1,4.0,,4.0,4.0
8773,1,3.0,,3.0,3.0
53921,1,3.5,,3.5,3.5
95939,1,4.0,,4.0,4.0
116941,1,2.0,,2.0,2.0
136469,1,5.0,,5.0,5.0
1804,3,3.0,1.7320508075688772,2.0,5.0
2288,45,3.933333333333333,1.047724807727331,0.5,5.0
222,16,3.75,1.2382783747337807,1.0,5.0
88163,31,3.9838709677419355,0.5983849230462214,2.5,5.0
4720,55,3.6272727272727274,1.0418030213785787,0.5,5.0
3108,36,3.8055555555555554,0.9045739153070733,2.0,5.0
1324,3,1.1666666666666667,0.7637626158259734,0.5,2.0
4090,8,3.5625,0.8634441002668988,2.5,5.0
59900,15,2.8666666666666667,1.1720962092804172,0.5,5.0
1249,35,4.071428571428571,0.6767445554101716,2.5,5.0
2532,12,2.7916666666666665,1.1171866722289792,1.0,5.0
3654,13,3.769230769230769,0.599144689515278,3.0,5.0
31116,3,3.8333333333333335,0.7637626158259734,3.0,4.5
116897,10,4.25,0.7905694150420947,2.5,5.0
5932,2,3.75,0.3535533905932738,3.5,4.0
80693,8,3.1875,1.4126343172547218,0.5,4.5
875,1,3.5,,3.5,3.5
4387,9,3.7777777777777777,0.44095855184409843,3.0,4.5
74795,9,3.5,0.4330127018922193,3.0,4.0
33090,2,4.0,1.4142135623730951,3.0,5.0
80727,2,3.25,1.0606601717798212,2.5,4.0
8511,1,4.5,,4.5,4.5
93790,1,4.0,,4.0,4.0
112454,1,3.5,,3.5,3.5
3888,1,4.0,,4.0,4.0
117646,1,4.5,,4.5,4.5
7216,3,4.166666666666667,0.5773502691896258,3.5,4.5
62250,5,3.7,1.2041594578792294,2.0,5.0
7026,4,2.375,0.7500000000000001,1.5,3.0
1565,1,4.0,,4.0,4.0
103233,1,3.0,,3.0,3.0
4323,1,4.0,,4.0,4.0
6465,1,3.0,,3.0,3.0
6442,2,5.0,0.0,5.0,5.0
6616,2,2.75,1.7677669529663689,1.5,4.0
3240,2,3.25,1.0606601717798212,2.5,4.0
6422,1,4.0,,4.0,4.0
77881,1,3.5,,3.5,3.5
1824,1,1.0,,1.0,1.0
3673,2,4.5,0.7071067811865476,4.0,5.0
125914,1,3.0,,3.0,3.0
124851,1,5.0,,5.0,5.0
95145,1,3.5,,3.5,3.5
122260,1,2.5,,2.5,2.5
3586,1,4.0,,4.0,4.0
285,1,4.0,,4.0,4.0
22,36,3.2222222222222223,0.8232726023485646,1.0,5.0
209,3,3.1666666666666665,0.7637626158259734,2.5,4.0
330,6,3.0,0.6324555320336759,2.0,4.0
1961,96,3.8072916666666665,0.7826062788652403,1.5,5.0
8917,32,3.46875,1.135479861613156,1.0,5.0
372,21,2.761904761904762,1.1024863674786145,1.0,5.0
1550,4,2.25,0.9574271077563381,1.0,3.0
1848,12,3.0416666666666665,0.6200562046860727,2.0,4.0
2407,43,3.2674418604651163,0.7586708082883097,1.5,4.5
4718,45,3.066666666666667,1.2367479349266988,0.5,5.0
107013,1,0.5,,0.5,0.5
49530,53,3.7641509433962264,0.788156158780792,1.0,5.0
685,2,4.0,1.4142135623730951,3.0,5.0
1125,24,3.6875,0.8445799058652202,1.0,5.0
4203,6,3.1666666666666665,0.983192080250175,2.0,4.0
6887,5,4.1,0.5477225575051661,3.5,5.0
1295,11,3.227272727272727,1.3297299794250779,1.0,5.0
72692,1,5.0,,5.0,5.0
129011,1,3.5,,3.5,3.5
4788,1,5.0,,5.0,5.0
171749,1,5.0,,5.0,5.0
152091,4,3.125,0.6291528696058959,2.5,4.0
5282,2,3.25,1.0606601717798212,2.5,4.0
3200,8,4.25,0.46291004988627593,4.0,5.0
7080,3,4.0,0.8660254037844386,3.5,5.0
1731,4,1.75,0.9574271077563381,1.0,3.0
25773,1,4.0,,4.0,4.0
50798,4,1.125,0.47871355387816905,0.5,1.5
90057,2,3.75,1.0606601717798212,3.0,4.5
128,1,3.0,,3.0,3.0
6337,4,3.5,0.408248290463863,3.0,4.0
4403,2,3.0,0.0,3.0,3.0
95182,2,3.0,1.4142135623730951,2.0,4.0
4429,2,4.5,0.7071067811865476,4.0,5.0
1332,3,3.6666666666666665,0.5773502691896258,3.0,4.0
2521,2,3.5,0.7071067811865476,3.0,4.0
5213,1,1.5,,1.5,1.5
6273,1,3.5,,3.5,3.5
50514,1,3.5,,3.5,3.5
7266,1,4.0,,4.0,4.0
8427,1,1.5,,1.5,1.5
33629,1,2.5,,2.5,2.5
53022,2,3.75,1.0606601717798212,3.0,4.5
2725,1,2.0,,2.0,2.0
5953,1,4.0,,4.0,4.0
1291,140,4.046428571428572,0.7817533065304718,0.5,5.0
6835,1,5.0,,5.0,5.0
319,20,3.6,1.231174022502185,1.0,5.0
230,24,3.3958333333333335,0.7515081455005149,2.0,5.0
493,12,3.6666666666666665,0.6154574548966637,3.0,5.0
8969,20,3.025,0.9101041004655516,1.0,5.0
110102,31,3.7419354838709675,1.023645183823766,1.5,5.0
1583,2,3.0,0.0,3.0,3.0
6503,27,2.3703703703703702,1.1316478165165966,0.5,4.0
54276,2,3.25,0.3535533905932738,3.0,3.5
119155,6,3.5,0.7071067811865476,2.5,4.5
122912,13,4.0,1.1547005383792515,1.5,5.0
4251,1,2.0,,2.0,2.0
122,16,2.65625,0.7238496621076322,1.0,4.0
4280,9,3.5555555555555554,0.726483157256779,2.0,4.0
5500,10,4.2,0.483045891539648,3.5,5.0
5568,7,2.857142857142857,0.944911182523068,2.0,4.0
67267,4,3.375,0.9464847243000456,2.0,4.0
71518,5,3.1,1.2449899597988732,1.0,4.0
48698,2,4.5,0.7071067811865476,4.0,5.0
31851,1,3.0,,3.0,3.0
50613,1,4.5,,4.5,4.5
32892,2,2.75,3.181980515339464,0.5,5.0
5025,15,2.6333333333333333,0.7432233529572065,1.0,4.0
99112,12,3.4166666666666665,0.7929614610987592,2.0,5.0
141004,2,3.25,1.7677669529663689,2.0,4.5
7265,13,3.730769230769231,0.5991446895152781,3.0,5.0
130634,6,2.75,1.6355427233796125,0.5,4.5
2013,21,3.0952380952380953,1.056161062753305,0.5,5.0
7065,1,2.0,,2.0,2.0
1176,3,4.0,1.0,3.0,5.0
46335,11,2.090909090909091,0.7006490497453707,1.0,3.0
27820,2,4.0,0.0,4.0,4.0
80862,3,3.6666666666666665,0.7637626158259734,3.0,4.5
143365,1,2.5,,2.5,2.5
2517,10,2.95,1.1167910378500636,1.0,4.0
3728,4,3.75,0.5,3.0,4.0
3689,4,1.75,0.9574271077563381,1.0,3.0
2828,2,1.5,0.7071067811865476,1.0,2.0
177763,3,2.8333333333333335,0.5773502691896258,2.5,3.5
7124,3,3.1666666666666665,0.5773502691896258,2.5,3.5
77798,2,1.25,1.0606601717798212,0.5,2.0
7033,4,3.125,0.47871355387816905,2.5,3.5
33725,3,3.1666666666666665,1.0408329997330663,2.0,4.0
107962,1,2.0,,2.0,2.0
143410,1,2.0,,2.0,2.0
4521,1,3.0,,3.0,3.0
7058,1,3.5,,3.5,3.5
8264,1,3.5,,3.5,3.5
46367,1,2.0,,2.0,2.0
81791,1,3.0,,3.0,3.0
98503,1,3.0,,3.0,3.0
82641,1,3.0,,3.0,3.0
94867,1,3.5,,3.5,3.5
157,11,2.8636363636363638,1.0975178606954215,1.5,5.0
2414,11,3.3636363636363638,0.5045249791095129,3.0,4.0
190,5,2.8,1.4832396974191326,1.0,5.0
232,14,3.892857142857143,1.2275455722164175,1.5,5.0
93,9,2.8333333333333335,1.0307764064044151,1.0,4.0
225,52,3.5384615384615383,0.784945070178536,2.0,5.0
924,109,3.8944954128440368,1.1035997380949343,1.0,5.0
129428,2,3.0,0.7071067811865476,2.5,3.5
5266,37,3.0,1.034139470499238,1.0,5.0
2148,9,3.0555555555555554,1.1843892002959913,2.0,5.0
2724,42,2.8333333333333335,1.0515184529577066,0.5,5.0
7123,9,3.4444444444444446,0.8457409637576849,2.5,4.5
1633,5,4.0,0.7071067811865476,3.0,5.0
2042,6,2.5833333333333335,0.7359800721939872,1.5,3.5
27513,1,3.0,,3.0,3.0
79357,7,4.142857142857143,0.5563486402641868,3.5,5.0
128512,2,2.0,2.1213203435596424,0.5,3.5
7454,24,2.7083333333333335,0.7790276362049131,1.5,4.5
79057,10,3.3,0.4830458915396479,2.5,4.0
4386,11,2.8181818181818183,0.9020179397530649,1.0,4.0
82854,6,1.8333333333333333,0.8755950357709132,0.5,3.0
104339,2,4.0,0.7071067811865476,3.5,4.5
164226,1,4.5,,4.5,4.5
233,12,3.5,0.5222329678670935,3.0,4.0
80124,1,5.0,,5.0,5.0
175387,1,5.0,,5.0,5.0
168632,1,4.0,,4.0,4.0
151695,1,4.0,,4.0,4.0
4727,4,3.125,0.47871355387816905,2.5,3.5
120799,9,2.5,0.9354143466934853,1.0,4.0
94266,4,2.5,1.4142135623730951,0.5,3.5
31909,1,4.0,,4.0,4.0
69275,4,4.25,0.49999999999999994,4.0,5.0
158027,1,5.0,,5.0,5.0
5099,4,2.5,1.0,1.0,3.0
3884,3,1.5,0.5,1.0,2.0
193609,1,4.0,,4.0,4.0
42556,1,5.0,,5.0,5.0
8526,3,2.5,0.8660254037844386,1.5,3.0
5633,2,3.75,0.3535533905932738,3.5,4.0
6898,3,3.3333333333333335,0.7637626158259734,2.5,4.0
3390,1,2.0,,2.0,2.0
81949,1,3.0,,3.0,3.0
157130,1,2.0,,2.0,2.0
161290,1,1.0,,1.0,1.0
6090,1,3.5,,3.5,3.5
8375,1,2.5,,2.5,2.5
8131,1,3.5,,3.5,3.5
122888,1,0.5,,0.5,0.5
5828,1,2.5,,2.5,2.5
2774,1,3.0,,3.0,3.0
67193,1,2.5,,2.5,2.5
71550,1,1.0,,1.0,1.0
91571,1,2.5,,2.5,2.5
105801,1,3.0,,3.0,3.0
110746,1,4.0,,4.0,4.0
367,157,3.1847133757961785,1.0020597764230783,0.5,5.0
539,106,3.4716981132075473,0.8361766408260118,1.0,5.0
599,11,3.8181818181818183,0.9816498172140428,2.0,5.0
2791,87,3.8563218390804597,0.9642084534616004,1.0,5.0
360,8,2.6875,0.7039429765866794,1.0,3.0
1061,29,3.6724137931034484,0.8267390984741272,1.0,5.0
32031,19,3.026315789473684,1.0202625507753482,0.5,5.0
7293,47,3.5531914893617023,0.9568633230803809,0.5,5.0
63992,22,2.409090909090909,1.2405486846395988,0.5,5.0
91500,54,3.435185185185185,1.0189075554577232,0.5,5.0
1588,20,3.075,0.8626001086067755,1.0,4.5
4040,13,2.3461538461538463,1.0284416890093029,0.5,3.5
109576,2,2.0,0.7071067811865476,1.5,2.5
246,29,4.293103448275862,0.7620137955644517,3.0,5.0
96829,10,4.3,0.4216370213557839,4.0,5.0
135456,2,3.25,0.3535533905932738,3.0,3.5
175705,1,3.5,,3.5,3.5
861,9,3.8333333333333335,0.9354143466934853,2.0,5.0
172591,2,4.75,0.3535533905932738,4.5,5.0
55830,10,3.4,0.6992058987801011,2.0,4.5
3991,9,2.7777777777777777,0.8333333333333334,2.0,4.5
44851,1,5.0,,5.0,5.0
136353,1,5.0,,5.0,5.0
155589,1,3.0,,3.0,3.0
6744,4,2.25,0.9574271077563382,1.5,3.5
3244,12,3.7083333333333335,0.7821396449755148,2.5,5.0
346,6,3.5,0.5477225575051661,3.0,4.0
5524,8,2.6875,0.9234059624177068,0.5,3.5
161580,3,3.8333333333333335,0.5773502691896258,3.5,4.5
170401,1,3.0,,3.0,3.0
171891,1,3.5,,3.5,3.5
26084,5,3.9,0.651920240520265,3.5,5.0
101973,1,1.5,,1.5,1.5
34336,4,2.0,1.0801234497346435,0.5,3.0
725,5,2.5,0.8660254037844386,1.0,3.0
68959,2,2.75,1.0606601717798212,2.0,3.5
476,1,1.0,,1.0,1.0
60760,4,2.875,0.47871355387816905,2.5,3.5
65631,1,4.0,,4.0,4.0
4426,2,4.0,1.4142135623730951,3.0,5.0
7938,1,3.5,,3.5,3.5
5678,3,2.6666666666666665,0.2886751345948129,2.5,3.0
6954,3,4.0,0.5,3.5,4.5
5787,1,2.5,,2.5,2.5
3276,1,1.0,,1.0,1.0
96281,2,3.5,0.7071067811865476,3.0,4.0
139415,1,3.0,,3.0,3.0
2757,1,3.5,,3.5,3.5
5786,1,4.5,,4.5,4.5
142558,1,3.0,,3.0,3.0
2609,1,4.0,,4.0,4.0
66240,1,3.5,,3.5,3.5
3920,1,4.0,,4.0,4.0
58783,1,2.5,,2.5,2.5
133645,1,4.0,,4.0,4.0
1197,142,4.232394366197183,0.8135858196438052,1.5,5.0
2628,140,3.107142857142857,1.1217049495448896,0.5,5.0
224,40,3.6125,0.7552168987135842,1.0,5.0
4018,54,3.138888888888889,0.8322319766105375,1.0,4.5
111,104,4.105769230769231,0.8204695462511792,2.0,5.0
6350,24,4.0625,0.7270024819047401,2.0,5.0
1729,48,3.6979166666666665,0.7051450984932662,2.0,5.0
53996,39,3.3461538461538463,1.0951678924030817,0.5,5.0
1785,5,3.9,0.7416198487095664,3.0,5.0
6993,13,3.769230769230769,1.1294427943198477,1.5,5.0
2404,12,1.9166666666666667,0.6685579234215215,1.0,3.0
519,21,2.4047619047619047,1.1137666678780571,1.0,5.0
7160,17,3.5294117647058822,0.8921635961823039,1.0,5.0
3504,22,4.0227272727272725,0.9571444724416169,1.0,5.0
99149,7,3.5,0.5773502691896258,2.5,4.0
37444,1,4.0,,4.0,4.0
108949,3,3.3333333333333335,0.7637626158259733,2.5,4.0
149566,1,5.0,,5.0,5.0
5346,2,1.75,1.0606601717798212,1.0,2.5
1942,4,4.25,0.6454972243679028,3.5,5.0
107159,1,4.0,,4.0,4.0
56805,5,3.3,0.758287544405155,2.5,4.5
136443,1,1.5,,1.5,1.5
5102,4,2.5,1.0,1.0,3.0
4784,2,3.0,0.0,3.0,3.0
61406,2,4.0,0.0,4.0,4.0
2181,4,3.625,0.6291528696058958,3.0,4.5
2607,2,4.0,0.7071067811865476,3.5,4.5
3862,2,3.75,0.3535533905932738,3.5,4.0
157369,1,4.0,,4.0,4.0
3132,1,2.0,,2.0,2.0
5478,8,2.75,1.224744871391589,0.5,4.0
49276,3,1.3333333333333333,1.4433756729740643,0.5,3.0
183011,1,1.5,,1.5,1.5
4459,1,4.0,,4.0,4.0
2896,1,3.0,,3.0,3.0
110387,1,4.0,,4.0,4.0
190213,1,1.0,,1.0,1.0
6836,1,3.5,,3.5,3.5
27692,1,3.5,,3.5,3.5
59814,1,5.0,,5.0,5.0
160573,1,3.0,,3.0,3.0
4568,1,2.5,,2.5,2.5
5442,1,2.0,,2.0,2.0
44238,1,2.5,,2.5,2.5
99638,1,3.0,,3.0,3.0
141799,1,3.5,,3.5,3.5
47,203,3.9753694581280787,0.9224291201153795,0.5,5.0
33794,116,3.8620689655172415,0.8277423640779511,1.0,5.0
5620,28,3.0535714285714284,1.0915439771114372,0.5,5.0
1207,58,4.120689655172414,0.8650643664703344,0.5,5.0
53318,4,3.25,1.1902380714238083,2.5,5.0
79293,15,2.966666666666667,0.8121107126025428,1.5,4.0
1456,1,2.0,,2.0,2.0
5388,33,3.303030303030303,0.7493684209406146,1.0,5.0
35836,74,3.5472972972972974,0.9296078084476496,0.5,5.0
1939,8,4.0625,0.8634441002668988,3.0,5.0
2064,31,3.838709677419355,1.051880037315675,1.0,5.0
93838,9,4.333333333333333,0.75,3.0,5.0
3045,5,3.6,0.8944271909999159,3.0,5.0
1944,11,3.9545454545454546,0.5680909018170179,3.0,5.0
27539,1,2.5,,2.5,2.5
95218,1,3.5,,3.5,3.5
83910,2,2.5,0.0,2.5,2.5
109241,1,5.0,,5.0,5.0
135937,1,3.0,,3.0,3.0
5640,1,3.0,,3.0,3.0
151769,1,5.0,,5.0,5.0
84952,1,4.0,,4.0,4.0
7171,2,3.5,0.7071067811865476,3.0,4.0
2051,3,2.3333333333333335,1.5275252316519465,1.0,4.0
6339,4,3.875,0.4787135538781691,3.5,4.5
4642,11,4.181818181818182,1.031327476428493,2.0,5.0
67197,9,2.8333333333333335,0.4330127018922194,2.0,3.5
4384,1,3.0,,3.0,3.0
2549,6,2.9166666666666665,0.6645800679125629,2.0,4.0
58287,1,1.0,,1.0,1.0
5838,1,4.0,,4.0,4.0
58376,2,3.75,1.0606601717798212,3.0,4.5
3567,1,5.0,,5.0,5.0
77177,1,4.0,,4.0,4.0
40614,4,3.25,0.6454972243679028,2.5,4.0
158254,1,1.5,,1.5,1.5
70305,2,3.5,0.0,3.5,3.5
85025,1,2.0,,2.0,2.0
157200,2,2.25,0.3535533905932738,2.0,2.5
2612,1,4.0,,4.0,4.0
5755,2,2.0,0.0,2.0,2.0
1477,1,4.0,,4.0,4.0
46664,1,2.5,,2.5,2.5
6553,1,4.0,,4.0,4.0
55805,1,3.0,,3.0,3.0
2109,27,3.3703703703703702,0.8273287946596166,1.5,5.0
140,16,3.5,0.6831300510639732,2.5,5.0
177,8,2.75,1.164964745021435,1.0,4.0
416,8,2.5,0.9258200997725514,1.0,4.0
711,10,3.05,1.0124228365658292,2.0,5.0
96079,50,3.81,0.7882426850991038,1.0,5.0
2037,1,4.0,,4.0,4.0
6143,2,3.0,1.4142135623730951,2.0,4.0
7701,7,1.7857142857142858,1.1126972805283737,0.5,3.0
78637,7,3.5714285714285716,1.2392393980641052,1.5,5.0
105653,4,4.0,0.0,4.0,4.0
1425,8,3.0,0.4629100498862757,2.0,3.5
43928,13,1.9230769230769231,0.9967897188423159,0.5,3.5
2306,6,2.5833333333333335,0.6645800679125629,1.5,3.0
107338,1,2.5,,2.5,2.5
1244,33,4.106060606060606,0.7578503290308195,2.0,5.0
3498,8,4.0,0.9258200997725514,2.0,5.0
26712,3,4.0,0.0,4.0,4.0
60514,5,2.5,1.1726039399558574,0.5,3.5
69069,6,3.5833333333333335,1.3197221929886103,1.5,5.0
1300,9,4.166666666666667,0.7499999999999999,3.0,5.0
6014,5,2.5,1.0,1.5,4.0
6946,2,2.75,1.7677669529663689,1.5,4.0
74683,1,4.0,,4.0,4.0
134004,1,5.0,,5.0,5.0
142831,1,4.5,,4.5,4.5
2398,17,4.0588235294117645,0.7882407813680823,2.5,5.0
115122,3,4.833333333333333,0.2886751345948129,4.5,5.0
2038,3,2.3333333333333335,1.1547005383792517,1.0,3.0
4032,1,4.0,,4.0,4.0
84187,3,3.5,0.5,3.0,4.0
175585,1,3.5,,3.5,3.5
1055,2,1.5,0.7071067811865476,1.0,2.0
67295,4,2.875,1.3149778198382918,1.0,4.0
46850,3,4.0,0.0,4.0,4.0
61246,1,2.0,,2.0,2.0
4498,6,3.0,0.894427190999916,2.0,4.0
556,6,3.3333333333333335,0.816496580927726,2.0,4.0
5361,2,1.75,0.3535533905932738,1.5,2.0
92938,5,1.6,0.6519202405202649,0.5,2.0
172497,1,4.0,,4.0,4.0
70862,2,3.75,1.0606601717798212,3.0,4.5
4756,2,1.5,0.7071067811865476,1.0,2.0
158022,1,1.5,,1.5,1.5
6515,1,4.5,,4.5,4.5
7896,1,3.5,,3.5,3.5
25769,1,4.5,,4.5,4.5
78746,1,4.0,,4.0,4.0
82242,2,4.25,1.0606601717798212,3.5,5.0
124484,1,3.0,,3.0,3.0
92681,1,0.5,,0.5,0.5
105720,1,3.0,,3.0,3.0
1613,1,4.0,,4.0,4.0
26875,1,4.0,,4.0,4.0
133802,2,4.25,0.3535533905932738,4.0,4.5
1206,120,3.995833333333333,1.0114799734521085,0.5,5.0
4246,65,3.623076923076923,0.9313580861384005,0.5,5.0
8207,6,4.083333333333333,0.3763863263545405,3.5,4.5
104841,32,3.578125,1.1295829590120074,0.5,5.0
4327,16,3.59375,0.9698582370635409,1.0,5.0
64957,37,3.5945945945945947,0.8402863089930012,1.0,5.0
671,36,3.486111111111111,1.1981301569595322,0.5,5.0
3104,22,3.6363636363636362,0.8191432542575633,2.0,5.0
8010,1,4.0,,4.0,4.0
67997,5,4.3,0.4472135954999578,4.0,5.0
45928,5,3.7,0.44721359549995804,3.0,4.0
55253,4,3.75,0.2886751345948129,3.5,4.0
94959,29,3.7758620689655173,0.9218208581830207,2.0,5.0
78266,3,3.5,0.5,3.0,4.0
6536,6,3.6666666666666665,0.2581988897471611,3.5,4.0
136834,1,5.0,,5.0,5.0
665,3,4.333333333333333,0.2886751345948129,4.0,4.5
27834,3,4.333333333333333,0.2886751345948129,4.0,4.5
5309,8,2.5625,0.942545944314046,1.5,4.5
130578,1,4.0,,4.0,4.0
121231,4,4.125,1.030776406404415,3.0,5.0
6774,8,3.6875,0.6512350903146595,2.5,4.5
132,6,2.8333333333333335,0.752772652709081,2.0,4.0
2582,3,3.0,1.8027756377319946,1.5,5.0
4822,3,2.5,0.5,2.0,3.0
6067,1,4.0,,4.0,4.0
444,6,2.3333333333333335,0.816496580927726,2.0,4.0
2056,1,3.0,,3.0,3.0
45028,6,3.6666666666666665,0.40824829046386296,3.0,4.0
8015,1,3.5,,3.5,3.5
2829,7,3.0714285714285716,1.096531327587567,1.0,4.0
3857,1,4.0,,4.0,4.0
6125,1,3.5,,3.5,3.5
4733,3,2.5,1.8027756377319946,0.5,4.0
89030,2,3.25,0.3535533905932738,3.0,3.5
8138,2,2.25,2.4748737341529163,0.5,4.0
152,2,1.5,0.7071067811865476,1.0,2.0
3919,1,2.5,,2.5,2.5
6116,2,2.5,1.4142135623730951,1.5,3.5
6560,1,2.0,,2.0,2.0
7560,1,4.0,,4.0,4.0
31150,1,2.0,,2.0,2.0
1114,1,3.0,,3.0,3.0
27105,1,2.5,,2.5,2.5
181315,1,3.5,,3.5,3.5
4828,1,3.5,,3.5,3.5
152372,1,3.5,,3.5,3.5
160836,1,3.0,,3.0,3.0
2616,26,2.8846153846153846,1.061203960675725,1.0,5.0
4641,34,3.5,0.8616404368553291,1.0,5.0
185,112,3.0401785714285716,1.037882444126004,0.5,5.0
353,64,3.609375,0.9696536364100197,1.5,5.0
355,42,2.357142857142857,0.9708288782279779,0.5,5.0
694,11,2.9545454545454546,0.7891307069980693,1.0,4.0
747,3,3.3333333333333335,0.5773502691896258,3.0,4.0
4844,6,2.6666666666666665,1.0801234497346432,1.5,4.0
1586,22,2.7954545454545454,0.8818148346435336,1.0,4.0
305,9,2.8333333333333335,1.224744871391589,1.0,5.0
48774,64,3.9453125,0.855037303094163,1.5,5.0
7361,131,4.1603053435114505,0.7752596973633046,0.5,5.0
112334,1,4.5,,4.5,4.5
164179,26,3.980769230769231,0.7413604957207962,2.5,5.0
1542,7,3.7142857142857144,0.9063269671749656,2.0,4.5
2092,6,2.4166666666666665,1.0206207261596576,1.0,4.0
2898,1,2.0,,2.0,2.0
128360,18,3.75,0.7524469885568253,2.5,5.0
2312,12,3.8333333333333335,0.8071648849616486,2.5,5.0
7234,6,4.25,0.6123724356957945,3.5,5.0
3155,9,3.6666666666666665,1.0606601717798212,2.0,5.0
1694,7,3.0,1.0,1.0,4.0
86298,8,3.125,1.1259916264596033,1.5,5.0
128944,1,3.5,,3.5,3.5
7347,15,3.3,0.9599107101332767,0.5,4.5
93831,4,2.625,1.3149778198382918,1.5,4.0
131749,1,3.0,,3.0,3.0
66320,1,4.0,,4.0,4.0
6480,1,3.0,,3.0,3.0
5609,2,2.5,0.7071067811865476,2.0,3.0
1599,3,2.3333333333333335,1.1547005383792517,1.0,3.0
54768,1,0.5,,0.5,0.5
4893,2,2.5,0.7071067811865476,2.0,3.0
31422,1,0.5,,0.5,0.5
618,1,3.0,,3.0,3.0
86237,1,5.0,,5.0,5.0
2882,4,2.0,0.7071067811865476,1.0,2.5
882,1,2.0,,2.0,2.0
130842,1,4.0,,4.0,4.0
25834,1,4.0,,4.0,4.0
5334,2,1.5,0.7071067811865476,1.0,2.0
116413,1,3.0,,3.0,3.0
144714,1,1.5,,1.5,1.5
31660,2,3.0,0.0,3.0,3.0
93723,2,2.25,1.0606601717798212,1.5,3.0
93988,1,4.5,,4.5,4.5
3940,1,5.0,,5.0,5.0
3379,1,4.5,,4.5,4.5
147657,1,4.0,,4.0,4.0
1288,66,4.015151515151516,0.7543193415243102,2.0,5.0
291,3,2.3333333333333335,0.5773502691896258,2.0,3.0
158872,7,3.642857142857143,1.492042384180314,0.5,5.0
7323,23,3.8043478260869565,0.9137725303127414,1.5,5.0
84392,10,3.6,0.7745966692414834,2.0,4.5
325,7,2.5,1.1902380714238083,1.5,5.0
906,7,4.142857142857143,0.8521681032463467,3.0,5.0
2082,26,2.6538461538461537,0.9356199096773301,1.0,4.0
2108,24,3.4791666666666665,0.8782290315652618,2.0,5.0
55721,10,4.3,0.5868938953886337,3.5,5.0
26554,2,4.25,0.3535533905932738,4.0,4.5
7748,4,3.875,0.6291528696058959,3.0,4.5
81562,18,3.8333333333333335,0.8744746321952062,1.5,5.0
955,18,3.861111111111111,1.054480016204747,1.0,5.0
60072,22,3.159090909090909,0.9048331026896306,1.5,5.0
179819,12,3.125,1.5539539012701526,0.5,5.0
3029,6,3.25,0.758287544405155,2.0,4.0
7001,6,3.75,0.758287544405155,2.5,4.5
72178,1,4.5,,4.5,4.5
125970,1,3.5,,3.5,3.5
7367,14,2.5714285714285716,1.2688144505364485,0.5,4.5
5450,5,3.2,1.3038404810405297,2.0,5.0
25827,2,3.5,0.0,3.5,3.5
26840,1,5.0,,5.0,5.0
1306,5,2.7,1.2041594578792296,1.0,4.0
55020,1,4.5,,4.5,4.5
3095,9,4.111111111111111,0.485912657903775,3.5,5.0
91628,3,2.0,0.5,1.5,2.5
72605,5,3.5,0.6123724356957946,2.5,4.0
7236,3,4.0,0.5,3.5,4.5
47950,5,3.2,0.27386127875258304,3.0,3.5
6706,1,3.5,,3.5,3.5
117849,1,4.5,,4.5,4.5
73854,3,3.8333333333333335,0.7637626158259733,3.0,4.5
152173,1,4.0,,4.0,4.0
44943,1,5.0,,5.0,5.0
386,1,3.0,,3.0,3.0
5285,1,4.0,,4.0,4.0
53447,1,4.0,,4.0,4.0
79879,3,2.1666666666666665,1.4433756729740643,0.5,3.0
5365,1,4.0,,4.0,4.0
2483,1,3.5,,3.5,3.5
26958,1,3.5,,3.5,3.5
34148,2,3.0,0.0,3.0,3.0
27667,1,3.0,,3.0,3.0
6692,1,2.0,,2.0,2.0
2339,1,1.5,,1.5,1.5
57637,1,3.5,,3.5,3.5
75389,1,3.0,,3.0,3.0
912,100,4.24,0.9002805398902337,0.5,5.0
1266,45,4.111111111111111,0.7221250905934833,2.0,5.0
435,63,2.4206349206349205,1.0708993401928106,0.5,5.0
1590,25,2.94,1.0238815035605113,1.0,5.0
3753,68,3.448529411764706,1.0371448533754728,0.5,5.0
55765,37,3.9054054054054053,0.8806392709421523,1.0,5.0
128620,5,3.9,0.6519202405202649,3.5,5.0
1681,7,1.9285714285714286,0.9759000729485331,0.5,3.0
2840,23,2.869565217391304,1.0468284493514404,1.0,5.0
105954,4,3.625,0.6291528696058958,3.0,4.5
2886,2,1.5,0.7071067811865476,1.0,2.0
3020,17,3.5294117647058822,1.0528323144513285,2.0,5.0
6618,17,3.823529411764706,0.7276068751089989,2.5,5.0
2796,11,2.590909090909091,1.0444659357341872,0.5,4.0
3261,11,3.1818181818181817,1.0067950951590714,2.0,4.5
27156,5,4.3,0.273861278752583,4.0,4.5
748,22,3.1136363636363638,0.9377254418693164,1.0,5.0
473,7,1.8571428571428572,0.8017837257372732,1.0,3.5
27523,1,5.0,,5.0,5.0
1382,4,1.875,0.6291528696058958,1.0,2.5
7346,20,3.125,1.1106541457982981,1.0,5.0
60363,1,0.5,,0.5,0.5
66665,4,3.5,0.5773502691896257,3.0,4.0
6687,4,2.0,1.4142135623730951,1.0,4.0
581,4,4.0,0.816496580927726,3.0,5.0
4987,2,2.0,1.4142135623730951,1.0,3.0
935,3,3.8333333333333335,1.2583057392117918,2.5,5.0
5303,7,3.4285714285714284,1.1338934190276817,2.0,5.0
79553,5,3.0,1.5,0.5,4.5
5947,1,3.0,,3.0,3.0
83132,4,3.5,0.7071067811865476,2.5,4.0
6932,7,3.5,1.1547005383792515,1.5,4.5
178827,2,4.25,1.0606601717798212,3.5,5.0
1626,3,2.6666666666666665,1.1547005383792517,2.0,4.0
26322,4,3.125,0.8539125638299665,2.0,4.0
169984,5,2.8,0.9082951062292476,2.0,4.0
7228,4,2.5,0.5773502691896257,2.0,3.0
62113,6,2.8333333333333335,1.3291601358251257,1.0,4.5
169982,1,3.0,,3.0,3.0
7749,1,4.0,,4.0,4.0
4451,1,3.5,,3.5,3.5
4524,1,3.0,,3.0,3.0
6718,1,2.5,,2.5,2.5
61123,1,2.0,,2.0,2.0
87876,3,3.1666666666666665,0.7637626158259734,2.5,4.0
168456,1,2.0,,2.0,2.0
105835,1,4.0,,4.0,4.0
7212,2,4.25,0.3535533905932738,4.0,4.5
7944,1,3.0,,3.0,3.0
1170,2,2.5,0.7071067811865476,2.0,3.0
3073,1,5.0,,5.0,5.0
27746,1,3.0,,3.0,3.0
131439,1,3.0,,3.0,3.0
2329,129,4.217054263565892,0.643006127377462,2.5,5.0
1304,62,3.943548387096774,0.9281783618415149,1.0,5.0
146,3,3.3333333333333335,0.5773502691896258,3.0,4.0
704,7,2.5714285714285716,1.0965313275875672,0.5,4.0
1247,79,4.063291139240507,0.9106460393715246,1.0,5.0
54286,81,3.697530864197531,0.9639729390187746,0.5,5.0
3798,25,3.2,1.0103629710818451,1.5,5.0
48394,81,3.814814814814815,0.926837514226619,0.5,5.0
2320,9,3.0,0.7905694150420949,2.0,4.5
3421,62,3.693548387096774,1.1027344504059489,1.0,5.0
3752,46,3.0869565217391304,0.8963155931434403,1.0,5.0
7570,8,3.3125,0.8838834764831843,2.0,4.5
111617,8,3.8125,0.8838834764831844,2.0,5.0
31225,7,3.0714285714285716,0.3450327796711771,2.5,3.5
51255,61,4.0,0.9128709291752769,1.0,5.0
62394,3,2.1666666666666665,0.2886751345948129,2.0,2.5
1488,15,2.8333333333333335,1.1751393027860062,1.0,5.0
149352,6,2.6666666666666665,1.4375905768565216,0.5,4.0
4663,3,2.8333333333333335,1.6072751268321592,1.0,4.0
80584,1,4.0,,4.0,4.0
141844,1,4.5,,4.5,4.5
97172,2,2.5,0.7071067811865476,2.0,3.0
104218,5,3.4,1.2449899597988732,1.5,4.5
117533,4,3.875,0.629152869605896,3.0,4.5
6902,2,4.0,0.0,4.0,4.0
5879,4,1.5,0.9128709291752769,0.5,2.5
4898,4,2.625,0.24999999999999997,2.5,3.0
3927,6,2.6666666666666665,0.816496580927726,2.0,4.0
4174,1,3.0,,3.0,3.0
5047,9,3.2222222222222223,1.2018504251546631,0.5,4.5
39231,4,3.5,0.408248290463863,3.0,4.0
3206,3,2.3333333333333335,0.5773502691896258,2.0,3.0
6720,2,2.5,0.7071067811865476,2.0,3.0
158956,2,2.5,0.7071067811865476,2.0,3.0
6382,1,3.0,,3.0,3.0
7335,1,4.0,,4.0,4.0
4111,1,3.0,,3.0,3.0
168712,1,1.0,,1.0,1.0
26701,1,3.0,,3.0,3.0
4428,2,3.25,1.0606601717798212,2.5,4.0
4766,1,4.0,,4.0,4.0
51903,1,2.5,,2.5,2.5
74370,1,4.0,,4.0,4.0
103085,1,3.0,,3.0,3.0
132333,1,5.0,,5.0,5.0
2054,68,2.7573529411764706,0.8914713942172446,0.5,4.0
4973,120,4.183333333333334,0.8862472418402597,0.5,5.0
78499,55,4.109090909090909,0.7679392161692485,2.0,5.0
512,4,3.0,0.816496580927726,2.0,4.0
2614,2,1.0,0.0,1.0,1.0
3826,39,2.2948717948717947,1.0177241684911016,0.5,4.0
2941,9,3.7777777777777777,0.6666666666666666,3.0,5.0
31410,20,3.875,0.9441649053110651,1.0,5.0
6234,1,3.5,,3.5,3.5
62792,2,3.0,0.7071067811865476,2.5,3.5
4102,6,3.5,1.378404875209022,2.0,5.0
259,5,3.2,0.447213595499958,3.0,4.0
174737,1,3.0,,3.0,3.0
153386,1,3.0,,3.0,3.0
184349,1,3.5,,3.5,3.5
3819,3,4.0,1.0,3.0,5.0
77206,1,3.5,,3.5,3.5
8025,1,4.5,,4.5,4.5
181659,1,2.5,,2.5,2.5
62383,2,3.75,0.3535533905932738,3.5,4.0
109846,4,3.25,1.6583123951777,1.0,5.0
5959,9,3.2777777777777777,0.565194165260439,2.5,4.0
5611,2,2.75,1.0606601717798212,2.0,3.5
2239,6,4.666666666666667,0.5163977794943222,4.0,5.0
3283,2,3.25,1.7677669529663689,2.0,4.5
5499,2,3.25,0.3535533905932738,3.0,3.5
26122,1,4.5,,4.5,4.5
50923,2,2.25,0.3535533905932738,2.0,2.5
48518,2,2.5,0.7071067811865476,2.0,3.0
3648,1,4.0,,4.0,4.0
8610,2,2.5,1.4142135623730951,1.5,3.5
90738,1,1.5,,1.5,1.5
76743,1,3.5,,3.5,3.5
3449,1,4.0,,4.0,4.0
4786,1,1.0,,1.0,1.0
1,215,3.9209302325581397,0.8348591407114045,0.5,5.0
1391,86,3.0930232558139537,1.1795104365969125,0.5,5.0
7143,62,3.903225806451613,0.5925681096456431,2.0,5.0
135569,15,3.466666666666667,0.7187952884282609,2.5,4.5
6387,3,3.6666666666666665,0.7637626158259734,3.0,4.5
8982,3,3.0,0.0,3.0,3.0
3208,8,2.1875,1.0669549461635468,1.0,4.0
4041,14,3.642857142857143,1.1168047041684357,1.0,5.0
4351,16,3.25,0.8563488385776752,1.0,5.0
107348,11,3.3636363636363638,0.8393720596645176,1.5,4.5
98491,8,4.375,0.7440238091428447,3.0,5.0
6313,2,2.5,0.7071067811865476,2.0,3.0
3452,18,3.0833333333333335,0.7717436331412898,2.0,5.0
55190,1,3.0,,3.0,3.0
62999,13,3.6923076923076925,0.7227972727092276,3.0,5.0
1172,34,4.161764705882353,1.027799858445022,1.0,5.0
7087,2,4.0,0.0,4.0,4.0
896,2,2.5,0.7071067811865476,2.0,3.0
44972,12,2.25,1.3055824196677337,0.5,5.0
74275,2,1.5,1.4142135623730951,0.5,2.5
2775,1,1.0,,1.0,1.0
98243,12,3.7916666666666665,0.8382431122004613,2.5,5.0
1516,1,3.0,,3.0,3.0
86487,1,4.5,,4.5,4.5
2786,4,1.75,0.5,1.0,2.0
2296,10,2.1,1.07496769977314,1.0,4.0
4338,1,4.5,,4.5,4.5
8830,2,1.75,0.3535533905932738,1.5,2.0
68486,3,4.0,0.8660254037844386,3.5,5.0
1008,1,3.0,,3.0,3.0
7720,4,2.75,1.5545631755148024,0.5,4.0
158528,1,2.5,,2.5,2.5
60885,2,3.5,0.0,3.5,3.5
85334,1,0.5,,0.5,0.5
206,2,3.0,1.4142135623730951,2.0,4.0
8587,1,3.5,,3.5,3.5
154358,1,4.0,,4.0,4.0
173205,1,4.0,,4.0,4.0
3125,1,4.0,,4.0,4.0
8451,2,3.25,0.3535533905932738,3.0,3.5
8943,2,1.75,1.0606601717798212,1.0,2.5
25962,1,3.0,,3.0,3.0
109313,1,4.0,,4.0,4.0
42943,1,2.5,,2.5,2.5
78626,1,3.5,,3.5,3.5
89281,1,3.5,,3.5,3.5
3147,111,4.148648648648648,0.7342113721990002,0.5,5.0
1302,56,3.517857142857143,1.1199199878655521,0.5,5.0
52,28,3.4642857142857144,0.8705954904182011,1.0,5.0
2763,48,3.6458333333333335,0.8626920589946812,1.0,5.0
3060,15,3.8666666666666667,0.8121107126025424,2.0,5.0
51834,6,2.9166666666666665,0.8010409893798611,1.5,4.0
139385,31,3.903225806451613,1.0521355650826691,0.5,5.0
1485,74,3.0337837837837838,0.9768942998902644,0.5,5.0
1798,2,2.0,1.4142135623730951,1.0,3.0
1812,3,3.6666666666666665,0.5773502691896258,3.0,4.0
3622,1,3.0,,3.0,3.0
41997,21,3.8095238095238093,0.7660970969170695,2.0,5.0
3030,13,4.230769230769231,1.1477402547212903,1.0,5.0
5791,16,3.78125,0.4819664580307085,3.0,4.5
3861,19,2.6842105263157894,0.853270282758398,0.5,4.0
4466,2,2.5,0.7071067811865476,2.0,3.0
172461,1,3.0,,3.0,3.0
2183,9,3.5555555555555554,0.8819171036881968,2.0,5.0
4464,5,3.6,0.5477225575051661,3.0,4.0
3593,19,1.6578947368421053,1.1553334244439684,0.5,4.5
3774,4,0.75,0.28867513459481287,0.5,1.0
5900,8,2.5625,0.9038607667745545,1.5,4.0
1683,6,4.416666666666667,0.8010409893798611,3.0,5.0
148632,1,4.5,,4.5,4.5
2138,10,4.05,0.5502524673073059,3.0,5.0
172215,2,2.75,0.3535533905932738,2.5,3.0
2475,3,3.6666666666666665,1.5275252316519468,2.0,5.0
2364,2,1.5,0.7071067811865476,1.0,2.0
7078,3,3.8333333333333335,1.2583057392117918,2.5,5.0
38294,1,2.5,,2.5,2.5
88699,2,3.5,0.7071067811865476,3.0,4.0
74868,5,3.0,0.3535533905932738,2.5,3.5
49917,1,4.0,,4.0,4.0
363,2,4.0,0.0,4.0,4.0
4312,2,3.5,0.7071067811865476,3.0,4.0
4475,1,4.0,,4.0,4.0
5968,1,4.0,,4.0,4.0
27704,1,5.0,,5.0,5.0
49688,1,4.0,,4.0,4.0
83374,1,3.5,,3.5,3.5
1902,1,4.0,,4.0,4.0
8191,1,4.0,,4.0,4.0
25952,1,4.0,,4.0,4.0
57502,1,4.0,,4.0,4.0
101070,1,2.5,,2.5,2.5
45969,1,2.5,,2.5,2.5
79895,1,2.5,,2.5,2.5
98061,1,3.5,,3.5,3.5
139855,2,3.25,0.3535533905932738,3.0,3.5
212,3,3.0,1.3228756555322954,1.5,4.0
674,9,3.1666666666666665,1.2747548783981961,1.0,5.0
1047,33,3.3181818181818183,0.8274412915180696,2.0,5.0
1427,1,1.0,,1.0,1.0
4979,68,3.6838235294117645,1.0576812563504747,1.0,5.0
53322,33,3.484848484848485,0.9226731585863748,1.0,5.0
106491,7,2.642857142857143,1.5197117521174237,0.5,4.5
3006,31,3.7419354838709675,0.6936734070864505,2.0,5.0
68536,1,4.0,,4.0,4.0
60046,1,3.5,,3.5,3.5
1458,1,4.0,,4.0,4.0
715,3,3.6666666666666665,0.5773502691896258,3.0,4.0
2155,8,3.625,0.7440238091428449,3.0,5.0
4349,8,3.75,0.7071067811865475,3.0,5.0
6786,4,3.875,0.6291528696058958,3.0,4.5
42723,11,2.8636363636363638,1.3055824196677337,0.5,5.0
8158,1,4.0,,4.0,4.0
5341,2,3.75,0.3535533905932738,3.5,4.0
72129,3,3.5,0.8660254037844386,3.0,4.5
1190,6,3.1666666666666665,0.752772652709081,2.0,4.0
73042,3,2.6666666666666665,2.0816659994661326,1.0,5.0
141513,1,4.0,,4.0,4.0
4438,3,3.8333333333333335,1.0408329997330663,3.0,5.0
7802,8,3.9375,0.6781013409302686,3.0,5.0
2600,22,3.8636363636363638,0.8044788046842173,2.0,5.0
45175,4,3.75,0.5,3.0,4.0
36401,20,2.625,0.998353908349033,0.5,4.0
165103,2,3.75,0.3535533905932738,3.5,4.0
103606,1,4.0,,4.0,4.0
25771,4,4.5,0.5773502691896258,4.0,5.0
123545,1,3.0,,3.0,3.0
1546,1,3.5,,3.5,3.5
6294,11,2.409090909090909,1.0681334611878288,0.5,4.0
2967,4,4.0,0.0,4.0,4.0
109895,3,2.0,1.3228756555322954,0.5,3.0
118706,1,4.0,,4.0,4.0
5255,4,2.375,0.6291528696058958,1.5,3.0
5539,2,1.5,0.7071067811865476,1.0,2.0
3453,2,3.0,1.4142135623730951,2.0,4.0
3162,1,3.0,,3.0,3.0
4614,1,2.5,,2.5,2.5
6563,1,2.5,,2.5,2.5
167570,1,4.0,,4.0,4.0
79590,1,2.5,,2.5,2.5
97328,1,3.0,,3.0,3.0
154065,1,2.0,,2.0,2.0
160730,1,2.0,,2.0,2.0
6837,1,3.0,,3.0,3.0
150254,1,2.0,,2.0,2.0
27784,1,1.5,,1.5,1.5
70206,1,3.5,,3.5,3.5
135815,1,4.0,,4.0,4.0
1473,1,4.0,,4.0,4.0
3210,42,3.4761904761904763,0.8621610748180845,0.5,5.0
274,7,2.9285714285714284,1.2392393980641052,1.0,4.0
631,11,3.1818181818181817,1.0552897060221726,1.0,5.0
6365,96,3.3541666666666665,1.0024093781502192,0.5,5.0
1616,20,3.025,1.1410406146191845,1.0,5.0
1722,45,3.066666666666667,0.9977246841962695,0.5,5.0
3754,9,2.2222222222222223,1.227576655221353,0.5,4.0
2989,21,3.5476190476190474,0.9474275949216635,1.0,5.0
4688,3,3.3333333333333335,0.7637626158259734,2.5,4.0
6537,45,3.0444444444444443,0.8843476166478357,0.5,4.5
49961,4,3.75,0.5,3.0,4.0
68205,8,2.9375,1.1160357137142674,1.0,4.0
3987,6,2.4166666666666665,1.2006942436218584,0.5,4.0
171011,5,4.2,0.9082951062292475,3.0,5.0
6975,5,3.2,1.5652475842498528,0.5,4.5
104913,11,3.8181818181818183,0.7507571935295484,2.5,5.0
2363,3,2.1666666666666665,1.0408329997330663,1.0,3.0
3446,2,2.75,1.7677669529663689,1.5,4.0
182715,3,3.8333333333333335,0.2886751345948129,3.5,4.0
6996,7,1.8571428571428572,1.0690449676496976,0.5,4.0
26578,3,4.166666666666667,0.2886751345948129,4.0,4.5
142550,1,4.5,,4.5,4.5
5588,2,3.5,0.0,3.5,3.5
4325,1,4.0,,4.0,4.0
8531,6,2.8333333333333335,0.752772652709081,2.0,4.0
70641,3,2.8333333333333335,2.0816659994661326,0.5,4.5
91323,5,2.9,1.1937336386313322,1.5,4.5
2344,8,3.25,0.7071067811865475,2.0,4.0
8121,2,2.0,1.4142135623730951,1.0,3.0
86644,10,3.05,1.3426756040748553,0.5,4.5
4450,7,3.642857142857143,1.313845682030609,1.0,5.0
3474,1,4.0,,4.0,4.0
161594,1,3.5,,3.5,3.5
168090,1,4.0,,4.0,4.0
2575,4,3.75,0.9574271077563382,3.0,5.0
62344,2,2.75,1.7677669529663689,1.5,4.0
103137,2,2.0,0.7071067811865476,1.5,2.5
2633,3,3.3333333333333335,1.1547005383792517,2.0,4.0
7261,3,2.1666666666666665,1.2583057392117918,1.0,3.5
2170,5,2.4,1.08397416943394,1.0,3.5
3192,1,3.0,,3.0,3.0
67799,1,0.5,,0.5,0.5
6223,2,3.25,1.0606601717798212,2.5,4.0
7616,1,2.5,,2.5,2.5
1922,2,3.5,0.7071067811865476,3.0,4.0
3111,4,4.25,0.49999999999999994,4.0,5.0
4093,1,1.5,,1.5,1.5
4775,1,0.5,,0.5,0.5
187717,1,5.0,,5.0,5.0
5077,1,3.0,,3.0,3.0
5114,1,4.0,,4.0,4.0
7789,2,4.0,0.0,4.0,4.0
78160,1,3.5,,3.5,3.5
2256,2,2.5,0.7071067811865476,2.0,3.0
2698,1,2.0,,2.0,2.0
7707,1,2.0,,2.0,2.0
148166,1,3.5,,3.5,3.5
1644,32,2.109375,0.9897407203648778,0.5,4.0
1608,58,3.3448275862068964,0.7206654852855038,1.5,5.0
442,81,3.0925925925925926,0.9940796972297768,0.5,5.0
3032,6,3.6666666666666665,0.752772652709081,3.0,5.0
2059,15,3.0,0.7559289460184544,1.5,4.5
103810,5,3.2,0.758287544405155,2.0,4.0
3272,8,3.4375,1.1783008347374015,1.0,5.0
1399,5,3.1,0.7416198487095663,2.0,4.0
32657,4,4.25,0.49999999999999994,3.5,4.5
100498,6,2.0833333333333335,0.8612007121842543,1.0,3.5
2380,10,2.3,1.3581032524975576,0.5,5.0
60487,5,3.8,0.8366600265340756,3.0,5.0
3978,15,3.066666666666667,1.0153582525160176,0.5,5.0
4877,1,3.5,,3.5,3.5
67087,17,3.5294117647058822,0.6488111299545816,2.0,4.5
93272,5,3.1,1.2942179105544784,1.5,5.0
3197,7,2.857142857142857,0.6900655593423543,2.0,4.0
5621,10,2.5,1.2909944487358056,1.0,5.0
8238,1,5.0,,5.0,5.0
51167,1,4.5,,4.5,4.5
147936,1,4.5,,4.5,4.5
1137,1,4.0,,4.0,4.0
4304,5,3.6,0.5477225575051661,3.0,4.0
147282,1,4.0,,4.0,4.0
7008,5,4.5,0.7071067811865476,3.5,5.0
107630,1,4.5,,4.5,4.5
4936,9,3.3333333333333335,1.0,2.0,5.0
39449,5,2.6,0.8215838362577492,1.5,3.5
107314,2,3.0,0.7071067811865476,2.5,3.5
8880,7,3.4285714285714284,0.8380817098475258,2.0,4.0
97168,2,3.5,1.4142135623730951,2.5,4.5
43869,2,3.5,0.7071067811865476,3.0,4.0
87522,2,2.75,1.7677669529663689,1.5,4.0
4757,3,2.5,0.5,2.0,3.0
1323,3,1.6666666666666667,0.5773502691896258,1.0,2.0
8484,1,4.5,,4.5,4.5
7925,2,4.25,0.3535533905932738,4.0,4.5
57843,1,4.5,,4.5,4.5
1770,2,2.5,0.7071067811865476,2.0,3.0
86593,1,2.5,,2.5,2.5
118354,1,3.0,,3.0,3.0
134859,1,3.5,,3.5,3.5
5231,1,3.5,,3.5,3.5
5649,1,3.0,,3.0,3.0
7217,1,4.0,,4.0,4.0
8019,1,4.0,,4.0,4.0
8987,1,3.0,,3.0,3.0
66544,1,4.0,,4.0,4.0
107462,1,4.5,,4.5,4.5
348,30,3.5833333333333335,1.1225228154760898,1.0,5.0
13,8,3.125,0.6408699444616557,2.0,4.0
218,14,3.4285714285714284,1.0163498575623615,2.0,5.0
440,76,3.5460526315789473,0.6692166145524052,2.0,5.0
1682,125,3.812,0.8295548748109317,0.5,5.0
3022,9,4.0,1.0897247358851685,2.0,5.0
79702,44,3.7045454545454546,0.9960280526203895,1.0,5.0
1663,34,3.7941176470588234,0.8449282474361405,2.0,5.0
2455,43,3.383720930232558,0.8986577908345785,1.0,5.0
3484,10,2.75,1.034139470499238,1.0,5.0
4016,37,3.7162162162162162,0.7953034059448678,2.0,5.0
8574,2,1.5,1.4142135623730951,0.5,2.5
117922,1,3.5,,3.5,3.5
55908,8,4.1875,0.7529703086538578,3.0,5.0
4487,11,2.9545454545454546,1.0357254813546264,1.0,4.0
280,13,4.076923076923077,0.8623164985025762,3.0,5.0
2956,6,3.1666666666666665,0.752772652709081,2.0,4.0
2471,24,2.4791666666666665,1.2809572394406312,0.5,5.0
3786,4,2.625,1.3768926368215255,1.0,4.0
99106,3,2.5,1.0,1.5,3.5
2318,16,4.125,1.0082988974836116,1.5,5.0
2383,4,1.5,0.9128709291752769,0.5,2.5
6375,4,4.0,0.9128709291752768,3.0,5.0
2337,4,3.375,0.47871355387816905,3.0,4.0
6060,2,3.0,1.4142135623730951,2.0,4.0
120138,1,5.0,,5.0,5.0
7285,9,3.611111111111111,0.6009252125773314,2.5,4.5
5992,15,3.7,1.1148350294358096,1.0,5.0
3572,4,2.0,0.816496580927726,1.0,3.0
5612,1,2.0,,2.0,2.0
7812,3,3.6666666666666665,0.2886751345948129,3.5,4.0
92507,4,3.375,0.6291528696058958,2.5,4.0
107953,2,4.0,0.0,4.0,4.0
5590,1,2.5,,2.5,2.5
8402,1,2.0,,2.0,2.0
4297,2,3.75,0.3535533905932738,3.5,4.0
7084,4,3.75,0.6454972243679028,3.0,4.5
6612,2,4.25,0.3535533905932738,4.0,4.5
74750,3,3.6666666666666665,0.7637626158259734,3.0,4.5
99415,1,2.0,,2.0,2.0
112749,1,2.0,,2.0,2.0
184721,1,4.0,,4.0,4.0
25870,1,3.5,,3.5,3.5
135216,1,0.5,,0.5,0.5
165489,1,2.5,,2.5,2.5
7615,1,4.5,,4.5,4.5
8043,1,1.5,,1.5,1.5
26283,1,3.0,,3.0,3.0
26726,1,2.5,,2.5,2.5
98623,2,3.0,0.0,3.0,3.0
6578,1,3.5,,3.5,3.5
6,102,3.946078431372549,0.8172244221533347,1.0,5.0
1089,131,4.202290076335878,0.7888127055513403,1.0,5.0
99114,71,3.943661971830986,0.9084889172004557,1.0,5.0
474,70,3.692857142857143,0.6878492901520892,2.5,5.0
16,82,3.926829268292683,0.8858348619181693,1.0,5.0
86,15,3.966666666666667,0.7668736780560658,3.0,5.0
78772,10,2.45,1.1890705987824646,0.5,4.0
1100,19,2.710526315789474,1.17042002756945,1.0,5.0
1267,30,4.25,0.774040006094312,2.0,5.0
122926,16,4.15625,0.5691733772176395,3.0,5.0
171023,1,4.0,,4.0,4.0
1367,47,3.074468085106383,0.8967254645329895,1.0,5.0
148675,1,2.0,,2.0,2.0
2433,11,3.0454545454545454,0.650174801670499,2.0,4.0
104283,3,4.0,0.8660254037844386,3.5,5.0
2102,3,2.3333333333333335,1.5275252316519468,1.0,4.0
6755,14,3.3214285714285716,0.7495419846901085,1.5,4.0
6244,2,3.5,0.7071067811865476,3.0,4.0
90405,14,3.392857142857143,0.6844023622158192,2.0,4.5
46105,1,4.5,,4.5,4.5
81537,10,3.1,0.9944289260117533,1.5,4.5
84944,17,3.6176470588235294,1.0829561937802743,1.5,5.0
163072,1,5.0,,5.0,5.0
170897,1,2.0,,2.0,2.0
92694,2,4.25,0.3535533905932738,4.0,4.5
8199,2,2.5,2.1213203435596424,1.0,4.0
2210,2,3.25,0.3535533905932738,3.0,3.5
760,2,4.25,0.3535533905932738,4.0,4.5
189333,2,3.75,0.3535533905932738,3.5,4.0
193565,1,3.5,,3.5,3.5
95207,6,2.75,0.5244044240850758,2.0,3.5
131656,2,3.0,0.7071067811865476,2.5,3.5
4030,5,1.8,0.570087712549569,1.0,2.5
42285,1,3.0,,3.0,3.0
6827,3,0.8333333333333334,0.5773502691896258,0.5,1.5
6999,2,2.25,0.3535533905932738,2.0,2.5
5398,2,4.0,0.0,4.0,4.0
72921,1,3.5,,3.5,3.5
145080,1,2.5,,2.5,2.5
26124,1,2.0,,2.0,2.0
104245,2,3.0,0.7071067811865476,2.5,3.5
103596,4,1.875,1.1086778913041726,0.5,3.0
48560,1,2.5,,2.5,2.5
4977,2,3.5,0.0,3.5,3.5
7572,1,4.5,,4.5,4.5
8492,2,3.25,0.3535533905932738,3.0,3.5
3720,1,4.0,,4.0,4.0
61257,1,4.0,,4.0,4.0
73681,1,3.0,,3.0,3.0
130498,1,3.5,,3.5,3.5
2281,1,2.5,,2.5,2.5
26285,1,2.5,,2.5,2.5
59947,1,2.0,,2.0,2.0
93502,1,2.5,,2.5,2.5
122627,1,0.5,,0.5,0.5
169670,1,1.5,,1.5,1.5
4420,1,3.0,,3.0,3.0
636,1,3.0,,3.0,3.0
135885,1,3.0,,3.0,3.0
2470,57,3.175438596491228,0.9087433831070529,1.0,5.0
168,54,3.0833333333333335,1.298584134631631,0.5,5.0
205,9,3.1666666666666665,0.6123724356957945,2.0,4.0
852,43,3.1744186046511627,1.0052464808516732,0.5,5.0
56949,20,3.3,0.9375219295680781,0.5,5.0
101864,20,3.3,1.1050125029061648,1.5,5.0
103253,16,3.3125,0.7274384280931733,1.5,4.5
2699,53,2.811320754716981,0.9518525211717191,0.5,5.0
1952,22,3.9545454545454546,1.0568269096134508,1.5,5.0
4220,5,3.4,0.8944271909999159,2.0,4.0
4565,2,2.5,0.7071067811865476,2.0,3.0
4914,8,3.9375,0.9425459443140464,2.0,5.0
55442,11,4.181818181818182,0.46220813886858775,3.5,5.0
176621,1,2.0,,2.0,2.0
69134,5,3.8,0.8366600265340756,3.0,5.0
172909,1,5.0,,5.0,5.0
123200,1,4.5,,4.5,4.5
114184,1,3.5,,3.5,3.5
5016,6,3.0,1.0488088481701516,1.5,4.0
150596,2,4.25,0.3535533905932738,4.0,4.5
5382,3,3.0,1.0,2.0,4.0
178061,3,3.3333333333333335,0.5773502691896258,3.0,4.0
121171,1,4.0,,4.0,4.0
140725,2,3.5,0.7071067811865476,3.0,4.0
146024,1,4.0,,4.0,4.0
4966,1,3.0,,3.0,3.0
165549,5,2.9,1.5572411502397436,1.0,4.5
74624,1,4.0,,4.0,4.0
82667,4,3.875,0.6291528696058958,3.0,4.5
152065,1,3.5,,3.5,3.5
3813,3,4.166666666666667,0.7637626158259733,3.5,5.0
4672,2,2.75,1.0606601717798212,2.0,3.5
2520,3,2.1666666666666665,1.0408329997330663,1.0,3.0
8338,1,4.0,,4.0,4.0
8753,1,3.5,,3.5,3.5
129229,1,2.0,,2.0,2.0
55061,1,1.0,,1.0,1.0
115819,1,3.0,,3.0,3.0
118290,1,2.0,,2.0,2.0
137218,1,2.5,,2.5,2.5
160978,1,1.0,,1.0,1.0
3,52,3.2596153846153846,1.0548226531330254,0.5,5.0
1834,11,4.0,0.6708203932499368,3.0,5.0
1082,6,3.5833333333333335,0.4915960401250875,3.0,4.0
2877,7,3.0,1.1547005383792515,1.0,4.0
2422,14,1.75,0.672252242036482,0.5,3.0
112421,3,4.333333333333333,0.2886751345948129,4.0,4.5
1380,68,3.139705882352941,1.1258349745036473,0.5,5.0
3549,8,3.9375,0.8210402808980465,3.0,5.0
1218,11,4.0,1.161895003862225,1.0,5.0
1242,41,4.170731707317073,0.6577400331586274,2.5,5.0
5004,7,3.5,0.5,3.0,4.0
58347,4,3.5,1.0801234497346435,2.0,4.5
164200,2,4.0,0.7071067811865476,3.5,4.5
6219,3,3.0,0.0,3.0,3.0
81156,6,3.9166666666666665,0.8010409893798611,3.0,5.0
4738,4,4.0,0.408248290463863,3.5,4.5
5357,2,3.5,0.7071067811865476,3.0,4.0
2879,7,3.2142857142857144,1.409998311380279,1.0,5.0
178,1,1.0,,1.0,1.0
100611,2,4.0,0.7071067811865476,3.5,4.5
2537,3,2.0,1.0,1.0,3.0
95309,3,4.166666666666667,0.2886751345948129,4.0,4.5
7564,2,2.5,2.8284271247461903,0.5,4.5
3908,3,1.5,0.8660254037844386,1.0,2.5
4091,4,3.25,0.2886751345948129,3.0,3.5
998,3,3.0,1.7320508075688772,2.0,5.0
90357,1,3.5,,3.5,3.5
120761,1,3.5,,3.5,3.5
26810,3,4.833333333333333,0.2886751345948129,4.5,5.0
115828,1,4.5,,4.5,4.5
115170,1,2.5,,2.5,2.5
45382,2,3.25,1.0606601717798212,2.5,4.0
109161,1,4.5,,4.5,4.5
56563,4,3.25,0.6454972243679028,2.5,4.0
73290,2,3.5,2.1213203435596424,2.0,5.0
4202,1,3.0,,3.0,3.0
2597,2,2.75,0.3535533905932738,2.5,3.0
2196,1,5.0,,5.0,5.0
3700,1,2.5,,2.5,2.5
2481,1,4.0,,4.0,4.0
867,2,1.75,1.7677669529663689,0.5,3.0
4993,198,4.106060606060606,0.9351368076918685,0.5,5.0
49272,81,3.9444444444444446,0.8100925873009824,1.5,5.0
3893,19,3.3421052631578947,0.6466286839993725,2.0,5.0
8784,48,3.7083333333333335,0.9215697369932696,0.5,5.0
328,10,3.15,1.179689224612426,2.0,5.0
1783,5,2.8,1.0954451150103321,1.0,4.0
2040,7,2.857142857142857,0.6900655593423541,2.0,4.0
60674,1,2.5,,2.5,2.5
308,20,4.025,0.8025452930323752,2.0,5.0
1934,3,3.8333333333333335,1.0408329997330663,3.0,5.0
1646,7,2.142857142857143,1.0293317295817757,1.0,3.5
1956,12,4.0,0.8790490729915326,2.5,5.0
34153,3,3.8333333333333335,0.2886751345948129,3.5,4.0
6764,17,3.1470588235294117,0.701888209634219,1.5,4.5
6579,2,4.0,0.7071067811865476,3.5,4.5
130976,1,4.5,,4.5,4.5
71530,14,3.0357142857142856,1.2475250223216692,0.5,5.0
3557,5,2.9,0.7416198487095662,2.0,4.0
78316,3,2.8333333333333335,1.607275126832159,1.0,4.0
1627,7,3.357142857142857,1.3758114488755875,1.0,5.0
33903,5,4.0,0.5000000000000001,3.5,4.5
5325,7,3.7857142857142856,0.48795003647426655,3.0,4.5
6334,3,3.5,0.8660254037844386,2.5,4.0
165635,1,1.0,,1.0,1.0
188751,1,4.5,,4.5,4.5
1130,5,2.9,0.8944271909999159,2.0,4.0
32589,1,2.0,,2.0,2.0
86295,3,2.6666666666666665,0.5773502691896258,2.0,3.0
112070,1,3.5,,3.5,3.5
78041,2,2.25,1.0606601717798212,1.5,3.0
2852,1,4.0,,4.0,4.0
33677,3,3.5,0.0,3.5,3.5
40412,2,4.75,0.3535533905932738,4.5,5.0
176935,1,2.0,,2.0,2.0
71466,1,4.0,,4.0,4.0
94494,1,2.5,,2.5,2.5
109183,1,2.0,,2.0,2.0
4831,1,3.0,,3.0,3.0
94325,1,4.0,,4.0,4.0
102088,1,2.0,,2.0,2.0
8800,1,4.5,,4.5,4.5
2292,1,2.5,,2.5,2.5
66915,1,2.0,,2.0,2.0
26399,1,3.5,,3.5,3.5
1275,48,3.7291666666666665,1.0363516887114312,1.5,5.0
2161,43,3.5813953488372094,0.9444715866944277,1.5,5.0
4347,3,3.8333333333333335,0.2886751345948129,3.5,4.0
839,15,2.8333333333333335,1.2051476890327395,1.0,5.0
8666,9,1.3333333333333333,0.6123724356957945,0.5,2.0
137595,1,4.0,,4.0,4.0
5120,3,4.166666666666667,0.2886751345948129,4.0,4.5
3708,10,3.05,0.8316649966583098,2.0,4.0
6711,74,4.033783783783784,0.7865786895167737,2.0,5.0
2686,19,4.026315789473684,0.6966922684794659,3.0,5.0
39444,9,3.388888888888889,1.1395661942647786,1.0,5.0
52042,1,2.5,,2.5,2.5
2391,22,3.7954545454545454,0.8403385217689542,2.0,5.0
27728,3,2.1666666666666665,1.4433756729740643,0.5,3.0
112290,17,3.823529411764706,1.1172116024755034,0.5,5.0
3415,3,4.166666666666667,0.2886751345948129,4.0,4.5
128695,1,2.5,,2.5,2.5
1997,53,3.80188679245283,1.0064198860006648,1.0,5.0
3115,5,4.0,0.7071067811865476,3.0,5.0
4681,7,3.642857142857143,0.4755948656056709,3.0,4.0
39446,13,2.8076923076923075,1.29965478651162,0.5,4.5
20,15,2.5,0.9819805060619657,1.0,4.0
164,14,3.3214285714285716,0.7747739833491605,2.0,5.0
6886,1,3.5,,3.5,3.5
4645,1,4.5,,4.5,4.5
7034,8,3.8125,0.8425090080061035,3.0,5.0
112171,9,3.2777777777777777,0.754615428178118,2.0,4.5
3983,9,4.166666666666667,0.9354143466934853,3.0,5.0
3167,4,3.5,0.5773502691896257,3.0,4.0
3925,6,3.9166666666666665,1.4288690166235207,1.5,5.0
147376,2,4.75,0.3535533905932738,4.5,5.0
43679,9,2.8333333333333335,0.9682458365518541,1.0,4.0
86142,4,4.0,0.9128709291752769,3.0,5.0
429,6,2.0,0.7071067811865476,1.0,3.0
34129,1,3.0,,3.0,3.0
50445,2,2.5,0.0,2.5,2.5
7894,4,3.5,0.816496580927726,2.5,4.5
8225,1,4.0,,4.0,4.0
8578,2,3.25,0.3535533905932738,3.0,3.5
26242,5,3.2,0.27386127875258304,3.0,3.5
96121,1,1.0,,1.0,1.0
470,1,1.0,,1.0,1.0
3667,1,1.0,,1.0,1.0
40,2,4.25,1.0606601717798212,3.5,5.0
8405,2,4.5,0.0,4.5,4.5
52579,2,3.25,0.3535533905932738,3.0,3.5
7208,2,3.75,0.3535533905932738,3.5,4.0
103543,2,3.5,2.1213203435596424,2.0,5.0
127319,1,1.5,,1.5,1.5
26198,2,2.75,0.3535533905932738,2.5,3.0
44225,2,2.0,1.4142135623730951,1.0,3.0
6506,1,3.5,,3.5,3.5
2577,1,3.0,,3.0,3.0
26394,1,4.0,,4.0,4.0
500,144,3.388888888888889,0.9034596373050189,0.5,5.0
2193,40,3.3375,1.0277402395547233,0.5,5.0
3793,133,3.699248120300752,0.8615082124339482,0.5,5.0
2351,7,4.285714285714286,0.48795003647426677,4.0,5.0
5445,120,3.6375,0.9004259029607539,0.5,5.0
30816,12,3.1666666666666665,0.9847319278346619,1.0,5.0
5971,37,3.9594594594594597,0.9673731497260045,1.0,5.0
1171,17,3.3529411764705883,0.701888209634219,2.0,5.0
61352,4,3.375,0.47871355387816905,3.0,4.0
1353,4,3.375,1.1086778913041726,2.0,4.5
3764,5,2.3,0.4472135954999579,2.0,3.0
5339,6,3.9166666666666665,0.5845225972250061,3.5,5.0
60126,16,3.46875,0.6446898479113813,2.5,5.0
55620,2,3.25,0.3535533905932738,3.0,3.5
118834,1,5.0,,5.0,5.0
156025,1,5.0,,5.0,5.0
72104,1,4.5,,4.5,4.5
54732,3,2.8333333333333335,0.7637626158259734,2.0,3.5
144976,2,4.5,0.0,4.5,4.5
2729,7,3.5,0.5,3.0,4.0
169,10,2.4,0.9944289260117533,0.5,3.5
5818,1,4.5,,4.5,4.5
70533,3,3.8333333333333335,0.2886751345948129,3.5,4.0
37853,2,2.5,0.7071067811865476,2.0,3.0
97470,2,1.25,0.3535533905932738,1.0,1.5
5538,2,1.5,0.7071067811865476,1.0,2.0
76054,1,4.0,,4.0,4.0
95475,2,4.0,0.0,4.0,4.0
4355,2,2.0,0.0,2.0,2.0
4562,1,4.0,,4.0,4.0
89343,1,3.0,,3.0,3.0
169180,1,2.5,,2.5,2.5
120130,1,5.0,,5.0,5.0
7349,1,3.0,,3.0,3.0
53143,1,2.0,,2.0,2.0
55036,1,2.5,,2.5,2.5
84523,1,3.0,,3.0,3.0
1349,1,5.0,,5.0,5.0
44189,1,4.0,,4.0,4.0
88327,1,3.0,,3.0,3.0
359,1,3.0,,3.0,3.0
1461,8,2.3125,1.0329396331413978,1.0,4.0
1994,47,3.425531914893617,0.8141327968555365,0.5,5.0
2026,3,2.0,0.0,2.0,2.0
2808,17,2.2058823529411766,1.1733875043199147,0.5,5.0
59369,42,3.619047619047619,1.1032630306279145,0.5,5.0
5577,12,3.6666666666666665,1.0730867399773196,1.5,5.0
43396,7,3.7857142857142856,0.39339789623472154,3.0,4.0
97921,30,3.716666666666667,0.9709871739389883,0.5,5.0
166643,10,3.8,0.8232726023485646,2.0,5.0
32875,1,3.0,,3.0,3.0
479,4,2.25,0.5,2.0,3.0
2681,3,3.0,0.5,2.5,3.5
114935,10,3.9,0.8755950357709131,2.0,5.0
7046,11,2.5,1.3416407864998738,0.5,4.5
5444,29,3.810344827586207,0.7724473294971576,1.0,5.0
31049,1,2.5,,2.5,2.5
1144,1,4.0,,4.0,4.0
5247,9,2.7222222222222223,1.1755613316388236,0.5,4.0
91976,6,2.9166666666666665,1.2006942436218584,1.0,4.0
36363,2,3.75,0.3535533905932738,3.5,4.0
283,3,3.6666666666666665,1.5275252316519468,2.0,5.0
80139,3,4.166666666666667,1.0408329997330663,3.0,5.0
4991,3,3.3333333333333335,0.5773502691896258,3.0,4.0
5338,1,2.0,,2.0,2.0
2880,6,3.0833333333333335,1.2006942436218584,1.0,4.0
5485,3,3.3333333333333335,1.5275252316519465,2.0,5.0
25797,1,3.5,,3.5,3.5
51925,3,3.5,0.0,3.5,3.5
4644,3,3.6666666666666665,0.7637626158259733,3.0,4.5
104303,3,2.5,1.3228756555322954,1.5,4.0
32632,1,3.5,,3.5,3.5
100163,5,2.9,1.4747881203752624,0.5,4.5
2736,5,3.6,0.5477225575051661,3.0,4.0
44931,1,4.5,,4.5,4.5
7178,1,3.0,,3.0,3.0
26095,1,0.5,,0.5,0.5
2071,2,3.25,0.3535533905932738,3.0,3.5
3539,2,3.25,1.0606601717798212,2.5,4.0
4012,4,2.5,0.5773502691896257,2.0,3.0
5424,1,3.0,,3.0,3.0
5461,1,2.5,,2.5,2.5
6268,2,3.75,0.3535533905932738,3.5,4.0
93982,1,2.0,,2.0,2.0
140237,1,2.0,,2.0,2.0
6775,1,4.0,,4.0,4.0
164655,1,2.0,,2.0,2.0
126142,1,4.0,,4.0,4.0
148667,1,3.5,,3.5,3.5
78264,1,3.0,,3.0,3.0
104337,1,1.5,,1.5,1.5
56389,1,4.0,,4.0,4.0
27246,1,4.0,,4.0,4.0
6961,1,4.0,,4.0,4.0
48150,1,3.0,,3.0,3.0
79501,1,4.0,,4.0,4.0
163981,1,3.5,,3.5,3.5
3439,13,2.6923076923076925,0.8548504142651104,1.0,4.0
2712,53,3.4622641509433962,1.1130737785855644,1.0,5.0
340,5,3.4,0.5477225575051661,3.0,4.0
881,5,2.1,0.8944271909999159,1.0,3.0
4995,123,4.0,0.7708840996427205,0.5,5.0
431,42,3.738095238095238,0.8057574472998749,1.0,5.0
1245,20,4.225,0.6972691091152079,3.0,5.0
76077,15,3.3,0.7745966692414834,2.0,4.5
122900,27,3.7222222222222223,0.7637626158259733,2.0,5.0
162606,6,3.0,1.224744871391589,1.0,4.0
295,1,3.0,,3.0,3.0
1021,27,2.3333333333333335,1.028441689009303,0.5,4.0
3497,4,2.5,0.5773502691896257,2.0,3.0
104211,21,3.738095238095238,0.8605092622837891,2.0,5.0
117368,1,3.5,,3.5,3.5
46976,44,3.6931818181818183,1.057728528778517,1.0,5.0
3791,16,3.1875,0.963932916061417,1.0,5.0
7009,3,3.3333333333333335,0.2886751345948129,3.0,3.5
8378,1,4.0,,4.0,4.0
4564,6,2.8333333333333335,1.1690451944500122,2.0,5.0
1670,3,3.0,1.0,2.0,4.0
114662,15,3.8,0.8409178658720823,2.0,5.0
4639,18,2.5833333333333335,1.0325582165612917,0.5,4.5
73015,4,2.75,1.1902380714238083,1.5,4.0
122092,1,5.0,,5.0,5.0
6963,2,4.25,0.3535533905932738,4.0,4.5
62553,1,4.0,,4.0,4.0
2837,1,3.0,,3.0,3.0
5373,1,4.0,,4.0,4.0
73881,2,4.75,0.3535533905932738,4.5,5.0
5564,2,2.0,2.1213203435596424,0.5,3.5
135532,3,3.3333333333333335,1.2583057392117918,2.0,4.5
43836,7,2.857142857142857,0.8997354108424375,1.5,4.0
73488,1,2.0,,2.0,2.0
179709,1,3.0,,3.0,3.0
33564,2,4.5,0.7071067811865476,4.0,5.0
692,4,2.0,1.4142135623730951,1.0,4.0
37380,10,2.15,1.203005495507906,0.5,4.0
73266,5,3.0,1.5411035007422442,0.5,4.5
6452,1,4.0,,4.0,4.0
88932,1,4.5,,4.5,4.5
2695,1,2.0,,2.0,2.0
94985,3,3.8333333333333335,0.2886751345948129,3.5,4.0
122902,5,2.1,0.7416198487095663,1.0,3.0
3625,1,2.0,,2.0,2.0
5237,1,4.0,,4.0,4.0
6992,2,2.75,1.0606601717798212,2.0,3.5
98296,1,1.5,,1.5,1.5
126420,1,1.5,,1.5,1.5
139857,1,1.5,,1.5,1.5
56169,1,4.0,,4.0,4.0
2185,2,4.0,0.0,4.0,4.0
6020,1,3.5,,3.5,3.5
7070,1,4.0,,4.0,4.0
7705,2,4.0,0.0,4.0,4.0
25795,1,3.5,,3.5,3.5
1335,1,1.0,,1.0,1.0
59026,1,4.0,,4.0,4.0
105468,2,2.25,0.3535533905932738,2.0,2.5
57499,1,3.0,,3.0,3.0
133195,1,1.5,,1.5,1.5
4074,1,3.0,,3.0,3.0
250,6,2.5,1.0954451150103321,1.0,4.0
377,171,3.5292397660818713,0.9341677679328539,0.5,5.0
432,55,2.6454545454545455,1.0259265336880867,0.5,5.0
136020,17,3.0588235294117645,1.3679632778008937,0.5,5.0
3863,45,3.0444444444444443,1.0756722117219106,0.5,5.0
33004,44,3.4204545454545454,0.9146303219294731,1.0,5.0
98809,40,3.8125,0.8449510682236623,1.0,5.0
1394,58,3.9913793103448274,0.9619578870234047,1.0,5.0
2867,12,3.5833333333333335,1.0836246694508316,1.0,5.0
102481,10,3.55,1.1413929112175953,0.5,4.5
94,10,3.95,0.49721446300587663,3.0,5.0
3120,2,3.5,0.7071067811865476,3.0,4.0
1273,11,4.045454545454546,0.7229988054812212,3.0,5.0
6239,2,2.75,0.3535533905932738,2.5,3.0
1301,13,3.8076923076923075,0.7227972727092274,2.0,5.0
49649,12,2.3333333333333335,0.9847319278346618,1.0,4.5
7411,1,1.5,,1.5,1.5
2560,8,3.0,0.9636241116594315,1.0,4.0
6595,14,3.3214285714285716,0.7234304723687331,1.5,4.0
8147,1,4.0,,4.0,4.0
3690,5,2.0,1.0,1.0,3.0
88108,1,3.0,,3.0,3.0
149146,1,4.0,,4.0,4.0
3067,10,3.55,1.1890705987824646,1.0,5.0
6322,6,2.8333333333333335,1.3291601358251257,1.0,4.0
33669,7,3.0714285714285716,1.2051476890327395,1.5,5.0
7981,9,4.333333333333333,0.5590169943749476,3.5,5.0
3529,5,3.5,0.7071067811865476,3.0,4.5
26732,1,4.0,,4.0,4.0
58627,1,3.5,,3.5,3.5
175569,5,3.4,1.1937336386313322,1.5,4.5
56003,2,3.0,0.0,3.0,3.0
114494,1,1.5,,1.5,1.5
91660,2,2.5,0.7071067811865476,2.0,3.0
5817,1,4.5,,4.5,4.5
130083,1,2.0,,2.0,2.0
5440,1,3.0,,3.0,3.0
71268,1,5.0,,5.0,5.0
50796,2,2.0,0.0,2.0,2.0
82088,1,3.0,,3.0,3.0
4504,1,1.5,,1.5,1.5
5591,1,1.0,,1.0,1.0
53161,2,3.0,0.0,3.0,3.0
75947,1,2.0,,2.0,2.0
4615,1,4.0,,4.0,4.0
3489,53,3.358490566037736,0.8899943738508754,1.0,5.0
920,45,3.6444444444444444,1.0586345312274066,1.0,5.0
8957,33,3.1818181818181817,1.2797593878964477,0.5,5.0
3699,13,3.1538461538461537,0.9216067351961867,1.0,4.0
26340,3,3.6666666666666665,0.5773502691896258,3.0,4.0
76093,53,3.943396226415094,0.8585563540399715,2.0,5.0
91630,22,3.659090909090909,0.7300744195002712,2.0,4.5
36517,13,3.4615384615384617,0.900498437476399,2.5,5.0
62849,13,3.769230769230769,0.6329621044272916,3.0,5.0
57,8,3.0625,0.8634441002668987,2.0,5.0
7980,7,3.7857142857142856,0.3933978962347216,3.5,4.5
7028,7,3.5714285714285716,0.7319250547113999,2.5,4.0
5553,8,3.0,0.7559289460184544,2.0,4.0
8807,34,3.4558823529411766,0.940403258591788,0.5,5.0
149354,7,2.5,1.2583057392117916,0.5,4.0
7669,9,3.5555555555555554,1.5898986690282426,0.5,5.0
78349,5,3.8,0.4472135954999579,3.5,4.5
98361,1,4.0,,4.0,4.0
2384,29,2.7758620689655173,1.2996304893572614,0.5,5.0
33830,3,3.1666666666666665,1.2583057392117916,2.0,4.5
5246,4,2.125,1.3149778198382918,1.0,4.0
92264,2,2.0,1.4142135623730951,1.0,3.0
136598,6,3.4166666666666665,1.2416387021459452,1.5,5.0
147142,1,3.0,,3.0,3.0
133780,1,3.0,,3.0,3.0
6002,3,3.3333333333333335,0.2886751345948129,3.0,3.5
8532,1,2.5,,2.5,2.5
84637,1,3.0,,3.0,3.0
70984,3,3.0,0.8660254037844386,2.0,3.5
31424,1,0.5,,0.5,0.5
31545,1,4.0,,4.0,4.0
190209,1,4.0,,4.0,4.0
5324,2,2.75,1.0606601717798212,2.0,3.5
103865,1,2.0,,2.0,2.0
186587,1,3.0,,3.0,3.0
3709,1,2.0,,2.0,2.0
6691,1,2.5,,2.5,2.5
6734,2,2.0,0.0,2.0,2.0
2885,1,2.0,,2.0,2.0
647,29,3.3275862068965516,1.0545468057498641,0.5,5.0
1968,113,3.7787610619469025,0.8887643235166479,1.5,5.0
4166,2,2.5,0.7071067811865476,2.0,3.0
33162,17,3.5,0.8838834764831844,1.5,5.0
69844,58,3.8879310344827585,0.8113401489298907,1.5,5.0
2694,48,3.1979166666666665,0.932507391638797,0.5,5.0
116797,50,4.02,0.7281511392785519,2.0,5.0
99532,2,2.25,1.0606601717798212,1.5,3.0
2405,21,2.8095238095238093,0.8135752957807667,1.0,4.0
53550,3,3.3333333333333335,0.7637626158259734,2.5,4.0
1615,11,3.0,0.8660254037844387,1.5,4.0
171763,9,4.333333333333333,0.6123724356957945,3.0,5.0
89904,11,4.045454545454546,1.3866244166057629,0.5,5.0
5541,15,3.1333333333333333,0.7187952884282607,2.0,4.5
179211,2,3.0,0.7071067811865476,2.5,3.5
2782,3,3.3333333333333335,1.2583057392117916,2.0,4.5
85401,5,2.9,0.8215838362577491,2.0,4.0
99636,1,5.0,,5.0,5.0
161024,1,4.5,,4.5,4.5
44399,2,1.25,0.3535533905932738,1.0,1.5
72733,7,3.857142857142857,0.6900655593423541,3.0,5.0
6978,4,3.25,0.8660254037844386,2.0,4.0
148978,1,4.0,,4.0,4.0
3932,2,3.5,0.7071067811865476,3.0,4.0
4544,5,2.9,0.8944271909999159,2.0,4.0
6959,3,2.0,1.3228756555322954,0.5,3.0
4852,3,1.6666666666666667,1.1547005383792517,1.0,3.0
47254,1,3.5,,3.5,3.5
6086,1,5.0,,5.0,5.0
3871,5,3.9,0.4183300132670378,3.5,4.5
6197,3,3.3333333333333335,0.2886751345948129,3.0,3.5
111817,1,3.5,,3.5,3.5
58492,1,3.0,,3.0,3.0
26765,2,2.75,1.0606601717798212,2.0,3.5
152079,2,2.0,2.1213203435596424,0.5,3.5
6308,4,2.625,0.9464847243000456,2.0,4.0
7019,2,2.75,1.0606601717798212,2.0,3.5
7177,1,3.5,,3.5,3.5
51573,1,3.0,,3.0,3.0
6583,1,4.0,,4.0,4.0
7657,2,3.75,0.3535533905932738,3.5,4.0
47202,1,4.0,,4.0,4.0
134775,1,2.0,,2.0,2.0
919,92,3.880434782608696,1.0254175381609605,1.0,5.0
923,69,4.043478260869565,0.9691533996331337,1.0,5.0
1517,100,3.535,0.8911886285838546,1.0,5.0
68157,88,4.136363636363637,0.8190521320308775,0.5,5.0
89774,11,3.727272727272727,0.9582180431310078,2.5,5.0
3996,110,3.8363636363636364,1.0318529936480376,0.5,5.0
292,101,3.4257425742574257,0.9038421837186551,1.0,5.0
339,98,3.4693877551020407,0.8846233007209418,1.0,5.0
5507,24,2.7708333333333335,0.9666073195175626,0.5,4.0
1355,3,2.0,1.0,1.0,3.0
3269,27,2.8518518518518516,0.7943891559268235,1.0,4.5
3324,3,1.3333333333333333,0.5773502691896258,1.0,2.0
4846,5,3.5,1.0606601717798212,2.5,5.0
54736,8,3.8125,0.8425090080061035,2.5,5.0
306,16,4.21875,1.0483121354507603,1.0,5.0
1251,14,4.071428571428571,0.7032108464077432,3.0,5.0
134515,1,3.0,,3.0,3.0
142074,1,1.5,,1.5,1.5
3388,11,2.5454545454545454,1.1057699908784253,1.0,5.0
4356,5,3.8,0.758287544405155,3.0,5.0
84772,15,3.2,1.082325538564332,0.5,4.5
2651,1,1.0,,1.0,1.0
100302,1,3.0,,3.0,3.0
103235,5,4.0,0.7071067811865476,3.0,4.5
162478,3,4.0,0.5,3.5,4.5
3506,5,3.0,1.0,2.0,4.0
3649,8,2.6875,1.032939633141398,1.0,4.0
4157,1,4.5,,4.5,4.5
5347,2,2.5,0.7071067811865476,2.0,3.0
54745,2,3.25,0.3535533905932738,3.0,3.5
90376,4,3.5,0.0,3.5,3.5
944,3,4.0,0.0,4.0,4.0
150696,1,4.5,,4.5,4.5
47404,2,4.25,1.0606601717798212,3.5,5.0
90603,3,3.6666666666666665,1.2583057392117916,2.5,5.0
7301,3,3.5,0.0,3.5,3.5
7581,2,3.25,0.3535533905932738,3.0,3.5
8588,1,4.0,,4.0,4.0
6302,1,1.0,,1.0,1.0
2177,3,3.1666666666666665,0.2886751345948129,3.0,3.5
8611,1,3.5,,3.5,3.5
4603,1,2.5,,2.5,2.5
33801,1,3.0,,3.0,3.0
113780,1,3.0,,3.0,3.0
74458,67,4.022388059701493,0.9391841874931067,0.5,5.0
54,3,2.3333333333333335,1.5275252316519468,1.0,4.0
1917,92,3.0543478260869565,1.105571608257119,0.5,5.0
1028,71,3.887323943661972,0.8585585224191249,0.5,5.0
64969,34,3.6176470588235294,0.9050265652338422,0.5,5.0
3827,23,2.891304347826087,0.8112353337955754,1.0,4.0
1499,27,1.9259259259259258,1.0981076704223751,0.5,5.0
2014,8,2.625,0.7440238091428449,2.0,4.0
2232,27,3.425925925925926,1.115482852536064,1.0,5.0
115617,41,3.8536585365853657,0.9099718569757005,1.0,5.0
969,34,3.9705882352941178,1.0145993123917847,1.0,5.0
7090,38,3.9210526315789473,0.7580764757601939,2.0,5.0
3969,26,3.4423076923076925,1.1859757423904003,0.5,5.0
3730,17,4.205882352941177,0.662825946455114,3.0,5.0
4399,2,3.75,0.3535533905932738,3.5,4.0
4928,4,3.125,1.0307764064044151,2.0,4.0
5225,21,3.9523809523809526,0.8201335547452301,2.0,5.0
78703,2,3.75,0.3535533905932738,3.5,4.0
47736,1,5.0,,5.0,5.0
3810,3,3.0,0.0,3.0,3.0
93805,2,3.75,0.3535533905932738,3.5,4.0
85736,3,4.5,0.5,4.0,5.0
104644,1,0.5,,0.5,0.5
55278,2,4.25,0.3535533905932738,4.0,4.5
2779,13,3.269230769230769,0.6650621717611762,2.0,4.0
3858,5,3.5,1.3228756555322954,1.5,5.0
9008,1,2.5,,2.5,2.5
7449,2,2.5,0.0,2.5,2.5
75813,3,3.1666666666666665,0.2886751345948129,3.0,3.5
6027,3,4.166666666666667,0.2886751345948129,4.0,4.5
26492,3,3.0,1.0,2.0,4.0
143525,1,4.0,,4.0,4.0
6656,1,4.0,,4.0,4.0
49647,3,3.3333333333333335,0.7637626158259733,2.5,4.0
4221,4,2.625,0.47871355387816905,2.0,3.0
6216,2,3.75,0.3535533905932738,3.5,4.0
42602,1,3.5,,3.5,3.5
7101,6,3.0,0.6324555320336759,2.5,4.0
97870,1,4.0,,4.0,4.0
157270,1,2.5,,2.5,2.5
157432,1,1.0,,1.0,1.0
25752,1,4.0,,4.0,4.0
48741,1,4.0,,4.0,4.0
90863,1,4.0,,4.0,4.0
164367,1,5.0,,5.0,5.0
6994,2,3.25,2.4748737341529163,1.5,5.0
161032,1,2.5,,2.5,2.5
32728,1,4.0,,4.0,4.0
68872,1,4.0,,4.0,4.0
2640,61,3.6065573770491803,0.8221656062819737,1.0,5.0
3967,37,3.8513513513513513,0.7715862526933365,1.0,5.0
491,17,3.2941176470588234,1.1048023512348792,1.0,5.0
2485,29,2.8448275862068964,1.0445731209092584,0.5,5.0
46578,77,3.883116883116883,0.8425216844628731,1.0,5.0
161582,8,3.5625,1.321187236649565,0.5,5.0
1665,16,2.96875,0.9911062842433535,1.0,5.0
2245,22,3.2045454545454546,0.7967058803223809,2.0,5.0
3534,25,3.3,0.8539125638299666,2.0,5.0
5103,24,3.4375,1.1450507867984836,0.5,5.0
96004,2,3.25,1.7677669529663689,2.0,4.5
2618,5,3.4,0.41833001326703784,3.0,4.0
1191,6,3.5,1.0488088481701516,2.0,5.0
45880,13,3.1923076923076925,0.969073043739513,0.5,4.0
2613,8,2.875,1.3562026818605375,1.0,5.0
6323,22,3.6818181818181817,0.7950060578603361,1.5,5.0
168250,15,3.6333333333333333,0.9722335600245937,2.0,5.0
156781,1,4.0,,4.0,4.0
172589,1,5.0,,5.0,5.0
175401,1,4.0,,4.0,4.0
5466,4,4.0,1.1547005383792515,3.0,5.0
170937,1,3.0,,3.0,3.0
634,4,2.25,0.9574271077563381,1.0,3.0
8718,2,3.5,0.7071067811865476,3.0,4.0
67788,4,3.5,1.0801234497346435,2.5,5.0
3726,5,3.6,0.6519202405202649,3.0,4.5
5039,6,4.083333333333333,0.49159604012508756,3.5,5.0
32387,2,4.25,1.0606601717798212,3.5,5.0
8363,2,3.75,1.0606601717798212,3.0,4.5
33164,6,1.8333333333333333,1.0801234497346435,0.5,3.0
58309,1,4.5,,4.5,4.5
6370,5,4.0,1.0,2.5,5.0
7362,4,3.25,0.2886751345948129,3.0,3.5
3833,2,1.5,0.7071067811865476,1.0,2.0
129937,3,2.1666666666666665,0.7637626158259733,1.5,3.0
27802,1,3.0,,3.0,3.0
4125,2,0.75,0.3535533905932738,0.5,1.0
36276,2,2.5,1.4142135623730951,1.5,3.5
96530,1,2.5,,2.5,2.5
144620,2,2.0,0.7071067811865476,1.5,2.5
8848,2,3.5,0.7071067811865476,3.0,4.0
6181,1,4.0,,4.0,4.0
4557,1,3.0,,3.0,3.0
72874,1,1.0,,1.0,1.0
32914,1,3.0,,3.0,3.0
5189,1,1.5,,1.5,1.5
26590,1,2.0,,2.0,2.0
58306,1,2.5,,2.5,2.5
151781,1,3.5,,3.5,3.5
6182,1,3.0,,3.0,3.0
158874,1,3.0,,3.0,3.0
235,70,3.6785714285714284,0.9090356184955471,1.0,5.0
3034,36,3.513888888888889,0.8983008652141244,1.0,5.0
79132,143,4.066433566433567,0.9609226827615434,0.5,5.0
4226,159,4.122641509433962,0.9048340310994507,0.5,5.0
4765,3,4.333333333333333,0.5773502691896258,4.0,5.0
2412,17,1.9411764705882353,0.747545001596402,1.0,3.0
79592,21,3.261904761904762,0.982586479896905,1.0,4.5
96655,3,3.0,0.8660254037844386,2.5,4.0
1551,3,2.1666666666666665,0.7637626158259734,1.5,3.0
88125,50,3.91,0.9350870307634689,1.0,5.0
117590,11,3.6363636363636362,0.8090398349558905,2.0,5.0
3350,3,3.8333333333333335,0.2886751345948129,3.5,4.0
26750,2,3.25,0.3535533905932738,3.0,3.5
108729,7,3.5,0.7637626158259734,2.0,4.0
89492,26,3.8846153846153846,0.828344038521342,1.0,5.0
45501,11,2.590909090909091,0.9700046860242948,1.0,4.0
93006,2,4.25,0.3535533905932738,4.0,4.5
4159,7,2.7142857142857144,1.07459848537112,2.0,5.0
4976,4,3.875,0.8539125638299667,3.0,5.0
3473,2,5.0,0.0,5.0,5.0
74754,3,3.6666666666666665,2.3094010767585034,1.0,5.0
1951,7,3.5714285714285716,0.9759000729485331,2.0,5.0
87192,6,3.5,0.7745966692414834,2.5,4.5
71379,5,3.4,1.2942179105544784,2.0,5.0
5147,4,3.75,0.8660254037844386,3.0,4.5
4043,3,3.3333333333333335,0.5773502691896258,3.0,4.0
5638,1,2.0,,2.0,2.0
112818,5,3.3,1.0954451150103321,2.0,5.0
30850,4,3.75,0.6454972243679028,3.0,4.5
88356,4,1.875,1.0307764064044151,0.5,3.0
7102,4,2.5,0.7071067811865476,1.5,3.0
1701,8,3.875,0.9910312089651148,2.0,5.0
1605,4,2.75,0.9574271077563381,2.0,4.0
89427,1,1.5,,1.5,1.5
96,1,3.5,,3.5,3.5
8481,1,3.0,,3.0,3.0
68945,2,4.0,0.7071067811865476,3.5,4.5
8092,1,3.0,,3.0,3.0
5096,2,1.25,0.3535533905932738,1.0,1.5
98633,1,3.5,,3.5,3.5
147662,1,3.0,,3.0,3.0
134334,1,4.5,,4.5,4.5
1029,35,3.3857142857142857,0.8918397564924453,1.5,5.0
1032,40,3.375,0.9590994707911139,1.0,5.0
3702,38,3.486842105263158,0.9040961000796497,1.5,5.0
4027,94,3.8085106382978724,0.9393042007816419,0.5,5.0
5890,2,4.5,0.7071067811865476,4.0,5.0
1518,13,3.3461538461538463,1.0284416890093029,1.0,5.0
3683,19,4.0,0.8660254037844386,2.5,5.0
73858,1,1.5,,1.5,1.5
1464,17,3.264705882352941,1.238921494925419,0.5,5.0
452,3,3.0,1.0,2.0,4.0
32659,1,2.5,,2.5,2.5
85796,4,2.375,0.47871355387816905,2.0,3.0
3632,5,4.0,0.7071067811865476,3.0,5.0
3075,3,4.166666666666667,1.0408329997330663,3.0,5.0
27660,20,3.7,0.8645047258706176,1.5,5.0
5954,22,3.840909090909091,0.5430593152809552,3.0,5.0
50274,2,3.5,0.7071067811865476,3.0,4.0
75395,2,3.25,0.3535533905932738,3.0,3.5
107412,1,4.5,,4.5,4.5
4024,3,2.1666666666666665,1.0408329997330663,1.0,3.0
2447,15,3.2666666666666666,1.0327955589886444,1.5,5.0
109282,1,3.0,,3.0,3.0
7161,8,1.9375,0.9038607667745545,0.5,3.0
840,4,3.375,0.47871355387816905,3.0,4.0
2477,3,3.3333333333333335,1.5275252316519465,2.0,5.0
2535,3,2.6666666666666665,0.5773502691896258,2.0,3.0
8044,3,3.6666666666666665,0.7637626158259734,3.0,4.5
51088,2,3.0,1.4142135623730951,2.0,4.0
1167,2,3.5,0.7071067811865476,3.0,4.0
31923,3,4.0,0.0,4.0,4.0
26704,2,4.0,0.0,4.0,4.0
65685,5,3.5,0.5,3.0,4.0
55110,1,3.0,,3.0,3.0
77421,1,2.5,,2.5,2.5
152105,1,4.5,,4.5,4.5
157122,1,3.0,,3.0,3.0
164375,1,1.5,,1.5,1.5
6436,3,3.3333333333333335,1.0408329997330663,2.5,4.5
3663,1,2.0,,2.0,2.0
2203,7,4.142857142857143,0.6900655593423543,3.0,5.0
266,68,3.3970588235294117,0.9794867050876044,0.5,5.0
70286,65,3.776923076923077,0.9922778767136673,0.5,5.0
96432,4,3.625,0.4787135538781691,3.0,4.0
48,68,3.1470588235294117,1.0546939271988995,0.5,5.0
2375,21,2.9285714285714284,1.1100193048514324,0.5,5.0
2458,8,2.75,0.8864052604279183,2.0,4.0
39715,7,2.142857142857143,1.0690449676496976,0.5,3.5
52973,52,3.6538461538461537,0.7445123521701547,2.0,5.0
68793,10,3.1,1.0488088481701516,0.5,4.0
8012,3,3.6666666666666665,0.5773502691896258,3.0,4.0
507,13,3.3846153846153846,0.6504436355879909,2.0,4.0
5010,50,3.81,0.7946890034755094,2.0,5.0
544,8,2.4375,0.8210402808980464,1.0,3.0
1835,17,3.3823529411764706,0.9275204136012636,2.0,5.0
4508,8,3.5,0.46291004988627577,3.0,4.5
6541,32,2.625,1.0080322575483707,0.5,4.5
2803,13,2.923076923076923,0.6722522420364822,2.0,4.0
6193,3,3.8333333333333335,0.5773502691896258,3.5,4.5
50999,1,5.0,,5.0,5.0
94478,6,2.5,0.894427190999916,1.5,4.0
162602,1,4.5,,4.5,4.5
141718,1,5.0,,5.0,5.0
101112,6,3.0833333333333335,1.1583033569262702,1.5,4.5
6252,4,2.375,0.6291528696058959,1.5,3.0
3364,3,3.6666666666666665,0.2886751345948129,3.5,4.0
162968,1,4.0,,4.0,4.0
3894,1,4.0,,4.0,4.0
27816,1,2.5,,2.5,2.5
4529,4,3.875,0.6291528696058958,3.0,4.5
190207,1,1.5,,1.5,1.5
650,4,3.0,1.632993161855452,1.0,5.0
8690,1,4.0,,4.0,4.0
113350,1,1.5,,1.5,1.5
6245,1,3.5,,3.5,3.5
6990,1,3.5,,3.5,3.5
7832,1,3.5,,3.5,3.5
2740,1,1.0,,1.0,1.0
6751,1,2.5,,2.5,2.5
5657,1,4.5,,4.5,4.5
6665,1,4.5,,4.5,4.5
7108,2,3.25,0.3535533905932738,3.0,3.5
7191,1,2.0,,2.0,2.0
163,66,3.5606060606060606,0.994272642979826,1.0,5.0
2985,70,3.3714285714285714,0.9768542912933432,0.5,5.0
5,49,3.0714285714285716,0.9071475440448852,0.5,5.0
191,6,2.4166666666666665,1.4288690166235205,1.0,5.0
8360,92,3.5760869565217392,0.9374233524966299,0.5,5.0
6155,29,3.2758620689655173,1.0655833990333963,0.5,5.0
73321,16,3.28125,0.682367203197809,2.0,4.5
180777,1,4.5,,4.5,4.5
1407,70,3.2,1.1960078522353836,0.5,5.0
1855,7,2.5714285714285716,0.7867957924694431,2.0,4.0
53121,21,3.0238095238095237,1.0425472468453225,1.0,5.0
1711,24,3.1041666666666665,1.2851929872562928,1.0,5.0
6974,6,3.0,0.5477225575051662,2.5,4.0
3249,9,3.111111111111111,0.6009252125773316,2.0,4.0
146656,8,3.75,0.6546536707079771,3.0,5.0
3937,4,2.625,1.1086778913041726,1.5,4.0
93297,2,3.75,1.0606601717798212,3.0,4.5
85295,1,5.0,,5.0,5.0
88785,10,2.85,1.0554093465991707,0.5,4.0
116411,1,4.5,,4.5,4.5
63479,4,3.625,1.1086778913041726,2.0,4.5
69436,7,2.7857142857142856,1.1126972805283737,0.5,4.0
94931,1,3.5,,3.5,3.5
6386,1,4.0,,4.0,4.0
33421,3,3.6666666666666665,0.5773502691896258,3.0,4.0
84615,2,2.25,0.3535533905932738,2.0,2.5
81158,3,3.1666666666666665,0.2886751345948129,3.0,3.5
189043,1,2.5,,2.5,2.5
42734,4,3.25,1.1902380714238083,1.5,4.0
2368,1,2.0,,2.0,2.0
4212,1,3.0,,3.0,3.0
53808,1,2.0,,2.0,2.0
86028,1,2.0,,2.0,2.0
1341,2,3.75,1.0606601717798212,3.0,4.5
3135,3,3.6666666666666665,0.5773502691896258,3.0,4.0
5694,2,2.25,1.0606601717798212,1.5,3.0
7223,1,2.5,,2.5,2.5
7037,1,4.5,,4.5,4.5
8601,1,4.0,,4.0,4.0
138396,1,3.5,,3.5,3.5
2268,57,3.789473684210526,0.7437079425146665,1.0,5.0
258,10,2.6,1.0749676997731399,1.0,4.0
279,2,3.0,0.0,3.0,3.0
709,11,3.090909090909091,0.8607607628772881,2.0,5.0
1357,24,4.0,0.9555330859059091,0.5,5.0
2072,17,3.176470588235294,1.2366938848016849,1.0,5.0
96610,32,3.640625,0.863548334377672,2.0,5.0
7317,15,3.1333333333333333,1.1720962092804172,0.5,4.5
60040,35,3.1714285714285713,0.8129725516571265,0.5,4.5
1806,8,2.3125,0.7989949043284675,1.0,3.5
1010,9,3.0555555555555554,0.7264831572567789,2.0,4.0
1232,8,3.625,1.093813773650968,2.0,5.0
6884,2,3.0,0.7071067811865476,2.5,3.5
26649,2,3.75,0.3535533905932738,3.5,4.0
3552,52,3.826923076923077,0.9945173988985389,1.0,5.0
46062,3,2.0,1.3228756555322954,1.0,3.5
7757,6,3.5,0.6324555320336759,2.5,4.0
49130,3,3.6666666666666665,0.5773502691896258,3.0,4.0
8832,2,3.25,0.3535533905932738,3.0,3.5
6879,17,3.4411764705882355,0.4637602068006317,2.5,4.0
7158,9,3.7777777777777777,0.5651941652604391,3.0,4.5
100507,4,3.625,0.7500000000000001,3.0,4.5
128366,1,4.0,,4.0,4.0
3677,4,4.125,0.8539125638299665,3.0,5.0
173619,1,5.0,,5.0,5.0
165843,1,4.0,,4.0,4.0
4703,4,3.375,1.7017148213885114,1.0,5.0
31700,3,3.1666666666666665,0.2886751345948129,3.0,3.5
2252,5,2.5,1.118033988749895,0.5,3.0
27912,5,3.3,1.3964240043768943,1.0,4.5
73515,1,3.5,,3.5,3.5
44828,5,3.0,0.9354143466934853,2.0,4.0
2824,1,5.0,,5.0,5.0
47261,3,2.8333333333333335,0.2886751345948129,2.5,3.0
3007,6,3.75,0.5244044240850758,3.0,4.5
5736,1,1.5,,1.5,1.5
104141,1,3.0,,3.0,3.0
130686,1,3.0,,3.0,3.0
6710,4,3.625,0.47871355387816905,3.0,4.0
26147,1,5.0,,5.0,5.0
5625,3,3.5,0.5,3.0,4.0
4660,1,4.0,,4.0,4.0
102278,1,2.0,,2.0,2.0
118512,1,1.5,,1.5,1.5
959,1,3.5,,3.5,3.5
5311,1,3.0,,3.0,3.0
43333,1,3.5,,3.5,3.5
4454,1,5.0,,5.0,5.0
72554,1,4.5,,4.5,4.5
179491,1,1.0,,1.0,1.0
27722,3,4.166666666666667,0.7637626158259733,3.5,5.0
102590,1,3.0,,3.0,3.0
163809,1,2.5,,2.5,2.5
59131,1,3.5,,3.5,3.5
63826,1,4.0,,4.0,4.0
133832,1,3.5,,3.5,3.5
132488,1,2.0,,2.0,2.0
2105,50,3.34,0.6809357307321704,2.0,5.0
2492,7,3.0,1.4142135623730951,1.0,4.0
3257,32,2.859375,0.8728371887497209,1.0,5.0
53972,32,3.40625,0.7120789644505047,1.5,4.5
73323,5,4.2,0.5700877125495689,3.5,5.0
1748,48,3.8229166666666665,0.9592194484864296,1.0,5.0
111844,1,3.5,,3.5,3.5
1642,2,1.75,0.3535533905932738,1.5,2.0
8340,7,3.7857142857142856,0.48795003647426655,3.0,4.5
148775,1,4.0,,4.0,4.0
8507,9,3.1666666666666665,0.4330127018922193,2.5,4.0
104780,1,5.0,,5.0,5.0
170957,1,3.0,,3.0,3.0
181139,1,1.5,,1.5,1.5
136666,2,2.25,1.7677669529663689,1.0,3.5
33201,1,4.5,,4.5,4.5
164881,1,1.5,,1.5,1.5
8614,6,3.0,0.7071067811865476,2.0,4.0
4867,5,3.1,0.6519202405202649,2.5,4.0
3150,2,3.25,1.0606601717798212,2.5,4.0
8491,3,3.6666666666666665,0.5773502691896258,3.0,4.0
27685,2,1.75,0.3535533905932738,1.5,2.0
147372,2,3.75,1.0606601717798212,3.0,4.5
2515,2,1.75,0.3535533905932738,1.5,2.0
8912,2,1.75,0.3535533905932738,1.5,2.0
67186,2,2.5,0.7071067811865476,2.0,3.0
85131,4,2.375,1.1086778913041726,1.0,3.5
2630,2,3.5,0.7071067811865476,3.0,4.0
4506,3,3.1666666666666665,0.2886751345948129,3.0,3.5
79251,2,2.25,2.4748737341529163,0.5,4.0
5735,2,1.75,0.3535533905932738,1.5,2.0
100277,1,4.0,,4.0,4.0
4927,1,3.0,,3.0,3.0
26386,1,3.5,,3.5,3.5
58351,1,4.0,,4.0,4.0
3816,1,4.0,,4.0,4.0
5826,1,3.5,,3.5,3.5
7057,1,3.5,,3.5,3.5
56286,2,3.5,0.7071067811865476,3.0,4.0
26743,1,2.5,,2.5,2.5
72479,1,3.5,,3.5,3.5
3655,2,4.25,1.0606601717798212,3.5,5.0
6803,1,3.5,,3.5,3.5
32862,1,4.0,,4.0,4.0
61692,1,3.0,,3.0,3.0
139511,1,3.0,,3.0,3.0
163937,1,3.5,,3.5,3.5
2571,278,4.192446043165468,0.9752425167066034,0.5,5.0
2761,39,4.051282051282051,0.8012726045327074,2.0,5.0
19,88,2.727272727272727,1.0637957708161232,1.0,5.0
2085,44,3.4318181818181817,0.751671850493634,1.5,5.0
3039,39,3.730769230769231,0.768167281039696,2.0,5.0
59615,39,2.8333333333333335,1.0533988431771781,0.5,5.0
2822,11,3.1363636363636362,1.1638494123147782,2.0,5.0
5015,18,3.3055555555555554,1.1774709798957816,0.5,4.5
5463,18,2.7222222222222223,1.0321625245687733,0.5,4.0
3635,18,3.4444444444444446,0.9217771979249536,1.0,5.0
40583,16,3.53125,0.694472221666689,2.5,5.0
49265,1,4.0,,4.0,4.0
51471,1,3.0,,3.0,3.0
7156,13,4.3076923076923075,0.4348592463114522,3.5,5.0
7396,7,4.0,0.4082482904638631,3.5,4.5
170705,7,4.285714285714286,0.9940297973880049,2.5,5.0
2554,3,3.1666666666666665,1.0408329997330663,2.0,4.0
2950,14,2.4642857142857144,0.9700175596008899,1.0,4.0
44709,5,3.8,0.5700877125495689,3.0,4.5
37384,13,3.269230769230769,1.0726793675842867,2.0,5.0
5109,1,4.0,,4.0,4.0
6985,5,3.9,0.8215838362577491,2.5,4.5
26903,5,3.8,0.8366600265340756,2.5,4.5
7096,1,5.0,,5.0,5.0
1856,3,4.0,0.0,4.0,4.0
2844,3,2.6666666666666665,1.5275252316519468,1.0,4.0
70599,5,3.9,0.4183300132670378,3.5,4.5
26681,2,4.0,1.4142135623730951,3.0,5.0
81456,2,3.0,0.0,3.0,3.0
78574,8,3.4375,0.8210402808980464,2.5,4.5
3947,3,3.3333333333333335,0.7637626158259734,2.5,4.0
4849,3,3.3333333333333335,0.5773502691896258,3.0,4.0
4608,2,2.25,0.3535533905932738,2.0,2.5
3138,2,3.0,0.0,3.0,3.0
27604,4,3.125,0.24999999999999997,3.0,3.5
70994,3,3.0,1.8027756377319946,1.0,4.5
32511,1,4.5,,4.5,4.5
4390,2,3.5,0.7071067811865476,3.0,4.0
27664,2,3.25,0.3535533905932738,3.0,3.5
4962,1,2.0,,2.0,2.0
7165,1,3.0,,3.0,3.0
7248,1,3.5,,3.5,3.5
7372,1,3.0,,3.0,3.0
69118,1,1.5,,1.5,1.5
101577,4,2.5,2.1213203435596424,0.5,5.0
152658,1,1.5,,1.5,1.5
173751,1,2.0,,2.0,2.0
7181,1,3.5,,3.5,3.5
27563,3,4.333333333333333,0.2886751345948129,4.0,4.5
2652,1,3.0,,3.0,3.0
2930,1,3.5,,3.5,3.5
4204,1,1.0,,1.0,1.0
8385,1,3.0,,3.0,3.0
32294,1,3.5,,3.5,3.5
68522,1,3.5,,3.5,3.5
164540,1,3.5,,3.5,3.5
2742,1,1.0,,1.0,1.0
64695,1,4.0,,4.0,4.0
2451,1,3.0,,3.0,3.0
8477,2,4.5,0.7071067811865476,4.0,5.0
430,2,3.75,1.7677669529663689,2.5,5.0
2623,1,1.0,,1.0,1.0
95780,1,4.0,,4.0,4.0
140267,1,4.0,,4.0,4.0
4952,1,2.0,,2.0,2.0
553,65,3.8153846153846156,1.0061111347085945,1.0,5.0
131724,1,5.0,,5.0,5.0
4381,4,3.375,1.25,2.0,5.0
92,8,2.625,1.026436275942851,1.0,4.0
419,20,2.675,1.2060701733970105,0.5,5.0
542,14,2.7857142857142856,1.2666473875533018,0.5,5.0
33145,6,3.0,1.0488088481701516,1.0,4.0
2374,9,3.1666666666666665,0.8660254037844386,2.0,4.0
3584,4,2.0,0.816496580927726,1.0,3.0
56775,24,3.0416666666666665,0.919790461329983,0.5,4.0
43936,9,3.0,0.5,2.5,4.0
45658,1,2.0,,2.0,2.0
836,17,2.8823529411764706,0.839073368452997,1.0,4.0
2664,13,3.769230769230769,0.6956826568014751,3.0,5.0
1541,10,2.7,1.0327955589886444,1.0,4.0
127202,6,3.75,0.6123724356957946,3.0,4.5
1192,5,4.5,0.5,4.0,5.0
69211,1,5.0,,5.0,5.0
163925,1,5.0,,5.0,5.0
85020,4,3.375,0.8539125638299665,2.5,4.5
135567,4,2.375,0.6291528696058958,1.5,3.0
5385,1,4.5,,4.5,4.5
34334,5,2.5,0.3535533905932738,2.0,3.0
1938,3,4.0,0.0,4.0,4.0
7215,4,3.5,0.816496580927726,2.5,4.5
6057,1,2.0,,2.0,2.0
7262,1,2.0,,2.0,2.0
57526,1,3.0,,3.0,3.0
1807,1,3.0,,3.0,3.0
3676,10,3.75,0.8249579113843054,2.5,5.0
2964,1,1.0,,1.0,1.0
2903,2,2.5,0.7071067811865476,2.0,3.0
3930,4,2.125,0.8539125638299665,1.0,3.0
4483,3,1.5,0.5,1.0,2.0
26317,1,3.5,,3.5,3.5
145935,1,1.5,,1.5,1.5
5489,1,4.0,,4.0,4.0
4237,1,4.0,,4.0,4.0
4961,1,2.5,,2.5,2.5
143257,2,3.0,0.7071067811865476,2.5,3.5
183317,1,4.5,,4.5,4.5
136838,1,2.5,,2.5,2.5
8894,1,1.5,,1.5,1.5
8844,1,3.0,,3.0,3.0
5054,1,3.5,,3.5,3.5
43908,1,3.0,,3.0,3.0
168608,1,3.0,,3.0,3.0
780,202,3.4455445544554455,0.9960144210104318,0.5,5.0
415,16,2.53125,0.763080380213426,1.0,4.0
59333,4,2.875,0.47871355387816905,2.5,3.5
1227,16,4.0625,0.75,3.0,5.0
2836,4,3.5,1.2909944487358056,2.0,5.0
53519,26,3.1346153846153846,1.2771663345679942,0.5,5.0
4322,10,3.75,0.5400617248673216,3.0,4.5
140247,4,3.25,1.6583123951777001,1.0,5.0
103042,22,3.2954545454545454,0.7345081105761627,2.0,4.5
111360,14,2.8214285714285716,0.7747739833491605,1.0,4.0
7566,3,4.0,0.0,4.0,4.0
89470,12,3.7083333333333335,0.5418123347254159,2.5,4.5
87485,9,2.888888888888889,1.3411230782859234,0.5,5.0
6249,4,2.375,0.75,2.0,3.5
102686,8,3.375,0.5824823725107175,2.5,4.5
132422,2,3.25,1.7677669529663689,2.0,4.5
169912,2,3.0,0.7071067811865476,2.5,3.5
64114,1,1.0,,1.0,1.0
173355,1,5.0,,5.0,5.0
3327,5,3.7,0.447213595499958,3.0,4.0
6299,9,3.5,0.7071067811865476,2.5,4.5
42730,2,3.75,1.7677669529663689,2.5,5.0
2176,10,3.9,0.5163977794943223,3.5,5.0
25856,2,3.25,0.3535533905932738,3.0,3.5
193581,1,4.0,,4.0,4.0
55553,3,2.3333333333333335,1.1547005383792517,1.0,3.0
65810,1,3.0,,3.0,3.0
1739,1,4.0,,4.0,4.0
7815,1,5.0,,5.0,5.0
74851,2,2.5,0.7071067811865476,2.0,3.0
1128,5,2.5,1.224744871391589,1.0,4.0
34143,3,2.0,1.0,1.0,3.0
2856,1,3.0,,3.0,3.0
26152,5,3.0,0.3535533905932738,2.5,3.5
106438,2,3.25,1.7677669529663689,2.0,4.5
129657,1,1.0,,1.0,1.0
138546,1,1.5,,1.5,1.5
6581,2,2.5,0.7071067811865476,2.0,3.0
7831,1,3.5,,3.5,3.5
26741,1,1.5,,1.5,1.5
1475,1,4.0,,4.0,4.0
2892,1,1.0,,1.0,1.0
69224,1,4.0,,4.0,4.0
115727,1,5.0,,5.0,5.0
3243,15,2.4,0.870139561876632,1.0,4.0
86345,9,4.055555555555555,1.4018836534383936,0.5,5.0
122882,47,3.8191489361702127,0.9522600799910159,2.0,5.0
1250,45,4.122222222222222,1.11373427728702,0.5,5.0
4034,70,3.9,0.8664436725380127,1.0,5.0
257,14,3.5,0.9405399431259602,2.0,5.0
33836,13,2.269230769230769,0.6329621044272917,1.0,3.0
104374,15,3.933333333333333,0.9232447954800247,1.5,5.0
1186,23,3.5869565217391304,1.2215133489487862,0.5,5.0
4262,67,3.9328358208955225,0.8655683121162917,0.5,5.0
1569,40,3.5,0.9128709291752768,1.0,5.0
2153,11,2.3181818181818183,0.8447700063546075,1.0,4.0
2418,6,2.75,0.987420882906575,2.0,4.0
6617,9,3.9444444444444446,0.4639803635691686,3.5,4.5
1841,1,3.0,,3.0,3.0
4623,20,3.575,0.7656266783010607,2.0,5.0
115680,3,3.8333333333333335,0.2886751345948129,3.5,4.0
58103,6,3.4166666666666665,0.5845225972250061,2.5,4.0
6686,5,2.7,1.7175564037317668,1.0,5.0
299,4,4.0,1.1547005383792515,3.0,5.0
3097,3,3.6666666666666665,1.5275252316519468,2.0,5.0
62008,1,3.0,,3.0,3.0
167018,4,3.125,0.9464847243000457,2.5,4.5
158402,1,2.5,,2.5,2.5
171631,1,1.0,,1.0,1.0
172705,1,5.0,,5.0,5.0
174909,1,4.5,,4.5,4.5
27839,5,2.3,0.758287544405155,1.5,3.5
70334,1,3.5,,3.5,3.5
91978,3,3.1666666666666665,1.0408329997330663,2.0,4.0
1497,3,4.0,1.0,3.0,5.0
6379,2,3.0,0.7071067811865476,2.5,3.5
34528,3,3.6666666666666665,0.5773502691896258,3.0,4.0
49314,1,3.0,,3.0,3.0
4419,4,4.25,0.6454972243679028,3.5,5.0
6141,1,3.0,,3.0,3.0
155659,1,4.0,,4.0,4.0
90384,1,2.0,,2.0,2.0
6584,3,3.1666666666666665,0.7637626158259734,2.5,4.0
7053,1,4.0,,4.0,4.0
8712,1,3.0,,3.0,3.0
47646,1,4.0,,4.0,4.0
7891,1,3.0,,3.0,3.0
8720,1,2.0,,2.0,2.0
51545,1,2.5,,2.5,2.5
116963,1,1.5,,1.5,1.5
71160,1,3.0,,3.0,3.0
97701,1,3.0,,3.0,3.0
1220,84,3.8095238095238093,0.9114557464515378,1.0,5.0
1222,102,4.098039215686274,0.8145922131314715,1.0,5.0
2987,97,3.5721649484536084,0.9213602114131355,0.5,5.0
1225,76,4.184210526315789,0.7520731580688936,2.0,5.0
40629,27,3.5555555555555554,1.137924336180484,0.5,5.0
109853,2,3.0,1.4142135623730951,2.0,4.0
140110,13,3.6538461538461537,1.0284416890093029,1.0,5.0
68237,32,3.96875,0.9240295694193397,1.0,5.0
1299,28,4.017857142857143,1.0756750064851,1.0,5.0
57640,18,3.8055555555555554,0.4582219115902663,3.0,4.5
64,5,2.2,0.8366600265340756,1.0,3.0
1603,13,2.4615384615384617,0.8770580193070292,1.0,4.0
3056,1,4.0,,4.0,4.0
96588,20,3.625,0.8717043197395729,1.5,5.0
3181,6,3.9166666666666665,0.8612007121842542,2.5,5.0
227,22,2.8636363636363638,1.0371873387954444,1.0,5.0
113374,1,3.0,,3.0,3.0
179073,1,3.0,,3.0,3.0
96861,7,3.2857142857142856,1.4679107277903192,1.0,5.0
47970,3,3.8333333333333335,0.7637626158259733,3.0,4.5
4476,3,2.3333333333333335,1.5275252316519468,1.0,4.0
2131,4,4.625,0.4787135538781689,4.0,5.0
109633,1,5.0,,5.0,5.0
163112,1,5.0,,5.0,5.0
4247,21,2.380952380952381,0.906983488063067,1.0,4.0
87867,4,2.75,1.6583123951777,0.5,4.5
4130,3,1.8333333333333333,0.2886751345948129,1.5,2.0
42009,4,1.875,0.6291528696058958,1.0,2.5
5610,3,2.0,0.0,2.0,2.0
27899,2,2.75,0.3535533905932738,2.5,3.0
2984,1,4.5,,4.5,4.5
3806,1,3.0,,3.0,3.0
1490,2,1.5,0.7071067811865476,1.0,2.0
26052,2,2.75,1.7677669529663689,1.5,4.0
2891,3,4.0,1.0,3.0,5.0
5580,1,3.5,,3.5,3.5
149590,1,2.5,,2.5,2.5
159077,1,2.5,,2.5,2.5
2743,1,3.0,,3.0,3.0
6660,1,3.5,,3.5,3.5
25826,1,3.5,,3.5,3.5
25996,1,3.5,,3.5,3.5
94810,1,5.0,,5.0,5.0
62586,1,2.0,,2.0,2.0
168358,1,2.5,,2.5,2.5
117,1,3.0,,3.0,3.0
579,1,3.0,,3.0,3.0
47538,1,2.5,,2.5,2.5
4465,5,3.7,0.2738612787525831,3.5,4.0
136778,1,2.0,,2.0,2.0
1298,23,3.760869565217391,1.0538842141140994,1.0,5.0
1733,4,4.5,0.5773502691896258,4.0,5.0
8870,5,2.5,0.6123724356957945,2.0,3.5
1252,59,4.211864406779661,0.7779470653392174,2.0,5.0
1375,42,3.261904761904762,0.7748964937811579,0.5,5.0
55118,19,4.026315789473684,0.7354832917984064,2.0,5.0
168252,25,4.28,0.6467869303977417,3.0,5.0
1973,5,2.2,0.4472135954999579,2.0,3.0
1050,5,3.9,0.22360679774997896,3.5,4.0
51935,25,3.86,0.7,2.5,5.0
87306,21,3.5952380952380953,0.8749149618541168,1.5,4.5
3694,2,2.0,1.4142135623730951,1.0,3.0
7247,11,3.4545454545454546,0.9862693712811286,2.0,5.0
7127,1,3.5,,3.5,3.5
936,6,4.0,0.9486832980505138,2.5,5.0
53355,1,5.0,,5.0,5.0
78620,1,4.5,,4.5,4.5
130452,1,4.0,,4.0,4.0
139157,1,4.5,,4.5,4.5
6367,10,2.9,1.1498792207106894,0.5,4.0
6185,3,3.0,0.5,2.5,3.5
764,2,3.5,0.7071067811865476,3.0,4.0
31038,1,4.0,,4.0,4.0
6568,2,3.25,1.7677669529663689,2.0,4.5
504,2,3.0,0.0,3.0,3.0
7319,6,2.0833333333333335,0.8010409893798611,1.0,3.0
71252,3,2.6666666666666665,0.5773502691896258,2.0,3.0
886,6,2.6666666666666665,1.53839743456191,0.5,5.0
1255,6,3.0,1.1401754250991378,1.0,4.5
54648,5,2.7,1.680773631397161,1.0,4.5
65126,3,3.5,0.5,3.0,4.0
2286,1,2.0,,2.0,2.0
7926,1,4.0,,4.0,4.0
61729,2,2.0,2.1213203435596424,0.5,3.5
185585,2,2.75,0.3535533905932738,2.5,3.0
104272,2,3.0,1.4142135623730951,2.0,4.0
59810,1,3.5,,3.5,3.5
32456,2,4.25,0.3535533905932738,4.0,4.5
97643,2,3.0,0.0,3.0,3.0
61697,1,3.0,,3.0,3.0
69860,1,5.0,,5.0,5.0
115151,1,2.0,,2.0,2.0
3281,1,2.0,,2.0,2.0
42422,1,4.5,,4.5,4.5
4374,1,4.5,,4.5,4.5
92954,1,3.5,,3.5,3.5
27829,1,3.5,,3.5,3.5
117867,1,4.0,,4.0,4.0
3440,14,2.0714285714285716,1.0894095588038444,0.5,4.0
4006,7,3.357142857142857,1.2817398889233116,1.0,5.0
904,84,4.261904761904762,0.7857012464364238,1.0,5.0
2150,28,3.892857142857143,0.9463100155354193,2.0,5.0
41,15,3.7,0.6761234037828133,2.5,5.0
50872,72,3.8680555555555554,0.7690906261529304,1.5,5.0
69757,42,3.6666666666666665,1.0573013661495896,0.5,5.0
104879,16,4.15625,0.9437293044088437,2.0,5.0
144210,1,4.0,,4.0,4.0
931,9,3.8333333333333335,0.7905694150420949,3.0,5.0
2041,3,3.3333333333333335,1.1547005383792517,2.0,4.0
6345,3,4.666666666666667,0.5773502691896258,4.0,5.0
4017,14,3.5357142857142856,0.7196229171289243,2.5,5.0
122916,20,4.025,0.9797287487119235,1.0,5.0
39381,8,3.5625,0.5629958132298016,2.5,4.0
92535,10,4.3,1.2292725943057183,1.0,5.0
5291,18,3.9444444444444446,0.9684567603832532,1.0,5.0
1326,4,1.125,0.7500000000000001,0.5,2.0
5265,11,3.3181818181818183,0.8447700063546075,2.0,4.5
3675,8,4.1875,0.4580626906564522,3.5,5.0
8985,14,2.857142857142857,1.0456608405245906,0.5,4.5
50601,9,2.7777777777777777,1.1211353372561426,0.5,4.0
1189,11,4.0,0.5477225575051661,3.0,5.0
154,12,3.875,0.6077155435054972,3.0,5.0
70697,1,3.5,,3.5,3.5
83969,1,5.0,,5.0,5.0
1321,23,3.4130434782608696,0.9126905020702089,1.0,5.0
40870,2,3.5,0.0,3.5,3.5
425,2,3.75,0.3535533905932738,3.5,4.0
3341,7,4.285714285714286,0.48795003647426655,4.0,5.0
1979,4,3.25,1.2583057392117916,2.0,5.0
7366,8,2.9375,0.9797047660246572,1.0,4.0
6588,1,4.0,,4.0,4.0
3573,2,1.5,0.7071067811865476,1.0,2.0
7072,3,3.5,0.5,3.0,4.0
71254,7,3.4285714285714284,0.3450327796711771,3.0,4.0
86817,2,3.25,1.0606601717798212,2.5,4.0
4110,1,3.0,,3.0,3.0
5428,4,1.125,0.6291528696058958,0.5,2.0
42418,5,3.2,1.3038404810405297,1.0,4.0
183295,1,3.5,,3.5,3.5
3943,8,2.9375,1.1783008347374015,1.0,4.0
48142,6,3.25,0.758287544405155,2.0,4.0
4505,1,3.0,,3.0,3.0
104074,2,1.75,1.7677669529663689,0.5,3.0
4191,4,3.25,0.8660254037844386,2.5,4.0
5896,1,4.0,,4.0,4.0
6798,2,2.75,0.3535533905932738,2.5,3.0
142424,1,2.0,,2.0,2.0
8620,2,1.5,1.4142135623730951,0.5,2.5
49666,1,3.0,,3.0,3.0
152037,2,2.0,1.4142135623730951,1.0,3.0
4445,1,4.0,,4.0,4.0
3574,1,1.0,,1.0,1.0
31123,1,2.5,,2.5,2.5
38095,3,4.166666666666667,0.7637626158259733,3.5,5.0
136859,1,1.5,,1.5,1.5
138632,1,5.0,,5.0,5.0
4902,10,3.35,1.179689224612426,0.5,4.5
347,6,3.5,0.8366600265340756,3.0,5.0
455,37,2.391891891891892,1.0873970905021,0.5,4.0
119145,36,3.986111111111111,0.7971924943298658,1.0,5.0
2410,24,2.7291666666666665,0.9666073195175625,1.0,4.5
1688,20,3.35,0.6901563514694944,2.0,4.5
1035,64,3.9375,1.0293317295817757,2.0,5.0
119141,12,3.4583333333333335,1.1766349038549289,0.5,5.0
3256,31,3.5161290322580645,0.8513114487634352,1.0,5.0
63062,8,3.4375,0.4955156044825575,3.0,4.0
3285,32,3.0625,1.0297979758028961,1.0,4.5
484,2,3.0,2.8284271247461903,1.0,5.0
26680,5,3.8,0.758287544405155,3.0,5.0
52245,17,3.088235294117647,0.9393364366277243,0.5,4.5
77800,5,4.0,0.9354143466934852,2.5,5.0
40962,3,3.3333333333333335,1.0408329997330663,2.5,4.5
66943,2,4.25,1.0606601717798212,3.5,5.0
93022,1,5.0,,5.0,5.0
176805,1,4.0,,4.0,4.0
1529,3,3.3333333333333335,0.7637626158259733,2.5,4.0
59022,13,3.3076923076923075,0.6626481450231066,2.0,4.0
80572,1,4.0,,4.0,4.0
138835,1,5.0,,5.0,5.0
112515,3,4.5,0.0,4.5,4.5
160718,2,4.5,0.0,4.5,4.5
2847,2,3.0,0.0,3.0,3.0
2810,5,4.2,1.036822067666386,2.5,5.0
33896,3,3.3333333333333335,0.7637626158259733,2.5,4.0
5572,7,2.7142857142857144,0.5669467095138409,2.0,3.5
2365,2,2.5,0.7071067811865476,2.0,3.0
72294,2,3.0,0.7071067811865476,2.5,3.5
140627,1,5.0,,5.0,5.0
2190,1,2.0,,2.0,2.0
55729,1,3.0,,3.0,3.0
27176,1,4.5,,4.5,4.5
81257,1,3.5,,3.5,3.5
96815,2,2.75,1.0606601717798212,2.0,3.5
4276,2,2.5,2.1213203435596424,1.0,4.0
4393,1,4.5,,4.5,4.5
6776,3,4.166666666666667,0.2886751345948129,4.0,4.5
4478,2,3.5,0.7071067811865476,3.0,4.0
150401,2,3.0,0.0,3.0,3.0
2801,1,4.5,,4.5,4.5
8921,1,3.5,,3.5,3.5
170945,1,3.5,,3.5,3.5
128908,1,4.0,,4.0,4.0
39801,2,2.75,1.0606601717798212,2.0,3.5
161008,1,2.5,,2.5,2.5
1136,136,4.161764705882353,0.9065244025257829,0.5,5.0
4308,55,3.590909090909091,1.198343413228001,0.5,5.0
15,13,3.0,1.2076147288491197,1.0,5.0
43,8,3.1875,0.6512350903146596,2.0,4.0
2420,38,3.5657894736842106,0.7812935620856428,2.0,5.0
3686,15,2.933333333333333,0.7988086367179803,1.5,4.0
5171,22,2.8636363636363638,0.8753477972976034,1.5,5.0
3638,26,3.1346153846153846,1.0252579412781184,1.0,5.0
4235,23,3.9347826086956523,0.8957519419470863,2.0,5.0
1253,25,3.82,0.7483314773547883,2.5,5.0
60389,1,4.0,,4.0,4.0
4629,2,1.75,0.3535533905932738,1.5,2.0
1151,2,5.0,0.0,5.0,5.0
4015,33,2.727272727272727,1.2316839913490207,1.0,5.0
41571,12,3.5833333333333335,0.4174235549683609,3.0,4.5
68659,8,2.875,1.246423454758225,0.5,4.5
80860,6,3.0,1.4142135623730951,0.5,4.5
69469,1,5.0,,5.0,5.0
158398,1,5.0,,5.0,5.0
181065,2,3.75,0.3535533905932738,3.5,4.0
5420,8,2.875,1.093813773650968,1.5,5.0
4534,2,2.5,0.7071067811865476,2.0,3.0
45081,12,2.9583333333333335,1.0966546927595373,1.0,5.0
1827,3,3.3333333333333335,0.7637626158259734,2.5,4.0
2346,11,3.1818181818181817,0.7166842844909911,2.0,4.0
3434,1,1.0,,1.0,1.0
91483,1,1.5,,1.5,1.5
5667,2,3.25,0.3535533905932738,3.0,3.5
34323,7,3.7142857142857144,0.7559289460184544,2.5,4.5
26792,2,1.5,0.0,1.5,1.5
47446,1,3.5,,3.5,3.5
109383,1,3.5,,3.5,3.5
118784,1,3.5,,3.5,3.5
127114,1,4.0,,4.0,4.0
155774,1,3.5,,3.5,3.5
53326,1,2.0,,2.0,2.0
4441,3,4.166666666666667,0.7637626158259734,3.5,5.0
6748,1,3.0,,3.0,3.0
7348,3,3.5,0.0,3.5,3.5
32116,1,2.5,,2.5,2.5
43558,1,2.0,,2.0,2.0
70545,1,2.0,,2.0,2.0
108188,2,2.0,0.7071067811865476,1.5,2.5
6289,1,3.5,,3.5,3.5
8591,1,3.5,,3.5,3.5
8593,1,4.0,,4.0,4.0
91488,2,3.75,0.3535533905932738,3.5,4.0
6140,2,2.25,2.4748737341529163,0.5,4.0
171917,1,4.5,,4.5,4.5
90428,1,3.0,,3.0,3.0
159061,1,3.0,,3.0,3.0
3112,1,3.0,,3.0,3.0
3789,1,3.5,,3.5,3.5
3527,61,3.581967213114754,1.0294833974250244,1.0,5.0
8798,44,3.7613636363636362,0.758583719863723,2.0,5.0
262,21,3.9047619047619047,0.6248809410409236,2.5,5.0
6333,76,3.723684210526316,0.8808887059559238,0.5,5.0
8865,18,2.638888888888889,1.026208836038454,1.0,4.0
511,2,3.0,1.4142135623730951,2.0,4.0
6787,27,4.018518518518518,0.4489620825492411,3.0,5.0
44555,34,4.117647058823529,0.6969503213613096,1.5,5.0
3040,9,3.2222222222222223,1.3944333775567925,1.0,5.0
3835,6,2.1666666666666665,0.9309493362512627,1.5,4.0
2565,12,4.166666666666667,0.6513389472789296,3.0,5.0
4638,36,2.8472222222222223,1.0129126633091636,0.5,5.0
6166,8,1.8125,0.9234059624177068,0.5,3.5
61132,33,3.5,1.0532687216470449,0.5,5.0
60735,1,2.5,,2.5,2.5
3824,11,2.409090909090909,1.3382485161243747,0.5,5.0
5220,10,2.4,1.0488088481701516,0.5,4.0
37545,2,3.25,0.3535533905932738,3.0,3.5
136305,2,1.0,0.0,1.0,1.0
6659,16,3.4375,1.0626225419530053,1.0,5.0
2385,3,2.3333333333333335,0.5773502691896258,2.0,3.0
74946,9,3.2222222222222223,1.5023130314433288,0.5,5.0
51575,5,2.3,0.570087712549569,1.5,3.0
134847,1,5.0,,5.0,5.0
159069,1,4.5,,4.5,4.5
172321,1,2.0,,2.0,2.0
3310,5,4.1,0.7416198487095663,3.0,5.0
55261,8,2.5,0.8864052604279183,1.0,3.5
2798,12,1.5833333333333333,0.7929614610987591,0.5,3.0
2691,3,3.6666666666666665,1.0408329997330663,2.5,4.5
6335,3,3.8333333333333335,0.7637626158259733,3.0,4.5
2741,2,2.0,0.0,2.0,2.0
61348,3,0.8333333333333334,0.2886751345948129,0.5,1.0
8939,3,3.6666666666666665,0.7637626158259733,3.0,4.5
33148,1,2.5,,2.5,2.5
81786,1,4.0,,4.0,4.0
44633,1,4.5,,4.5,4.5
43549,1,3.5,,3.5,3.5
1904,3,3.3333333333333335,1.5275252316519465,2.0,5.0
48416,1,2.5,,2.5,2.5
1946,3,3.8333333333333335,0.2886751345948129,3.5,4.0
6329,1,3.0,,3.0,3.0
5688,2,2.75,1.0606601717798212,2.0,3.5
52724,1,3.0,,3.0,3.0
5675,1,1.0,,1.0,1.0
95508,1,3.5,,3.5,3.5
129250,1,0.5,,0.5,0.5
929,1,3.5,,3.5,3.5
6772,1,3.0,,3.0,3.0
6984,1,4.0,,4.0,4.0
8462,1,3.0,,3.0,3.0
85261,1,3.5,,3.5,3.5
128542,1,3.5,,3.5,3.5
93208,1,2.0,,2.0,2.0
130840,1,4.5,,4.5,4.5
1793,2,4.0,0.0,4.0,4.0
1947,34,3.6029411764705883,1.2171714089885532,0.5,5.0
4741,7,3.7142857142857144,0.5669467095138409,3.0,4.5
112,46,3.5434782608695654,0.9299109094514959,1.0,5.0
105504,21,4.0476190476190474,0.6874729431905283,3.0,5.0
5446,7,3.642857142857143,0.6900655593423541,3.0,4.5
50068,17,3.7058823529411766,0.5320603680919276,3.0,4.5
125916,3,1.0,0.8660254037844386,0.5,2.0
6663,5,3.4,0.4183300132670378,3.0,4.0
2524,9,3.2222222222222223,1.3254978100489054,0.5,5.0
86290,3,4.0,1.0,3.0,5.0
4448,20,3.55,0.6468547384317277,2.0,4.5
8024,2,3.5,0.7071067811865476,3.0,4.0
7541,4,3.25,0.5,2.5,3.5
5874,5,2.4,1.1401754250991378,1.0,4.0
1194,11,3.590909090909091,1.28097973868016,1.0,5.0
130518,3,4.0,1.3228756555322954,2.5,5.0
143559,1,5.0,,5.0,5.0
136562,6,3.75,0.8215838362577491,3.0,5.0
96737,14,3.7142857142857144,1.0690449676496976,1.5,5.0
75985,6,3.5,0.9486832980505137,2.0,4.5
4037,8,3.8125,0.7989949043284676,2.5,5.0
6279,1,4.0,,4.0,4.0
269,2,3.0,0.0,3.0,3.0
81512,1,4.0,,4.0,4.0
7368,1,3.5,,3.5,3.5
38992,1,3.5,,3.5,3.5
3015,3,3.6666666666666665,0.5773502691896258,3.0,4.0
3086,1,5.0,,5.0,5.0
25886,2,4.0,0.7071067811865476,3.5,4.5
7979,1,3.5,,3.5,3.5
156783,1,2.5,,2.5,2.5
4195,3,3.8333333333333335,1.0408329997330663,3.0,5.0
3898,2,2.5,1.4142135623730951,1.5,3.5
6195,2,4.0,0.0,4.0,4.0
6582,3,2.3333333333333335,1.0408329997330663,1.5,3.5
8954,1,4.0,,4.0,4.0
151745,1,0.5,,0.5,0.5
6042,1,3.0,,3.0,3.0
91890,1,3.0,,3.0,3.0
1732,106,3.9245283018867925,1.137650990146737,0.5,5.0
60756,28,3.5535714285714284,0.906144515846056,1.5,5.0
849,44,2.9204545454545454,1.0395838938269675,1.0,5.0
1263,43,3.8255813953488373,1.0958999396572953,0.5,5.0
327,34,2.823529411764706,1.1206218034562159,0.5,5.0
72330,1,3.5,,3.5,3.5
2278,43,3.5232558139534884,0.9816985303185897,1.0,5.0
4816,54,3.509259259259259,1.0070072452042143,0.5,5.0
51357,1,4.0,,4.0,4.0
1894,16,2.84375,0.789910332463966,1.0,4.0
3999,14,2.607142857142857,0.8128433340529316,1.0,4.0
2841,18,3.5277777777777777,0.8655535838617663,1.5,5.0
5329,10,3.35,0.6687467549246293,2.5,5.0
8495,1,2.5,,2.5,2.5
61248,9,3.2222222222222223,0.5068968775248516,2.0,3.5
2794,15,2.6333333333333333,0.5163977794943221,1.5,3.0
3766,6,2.0833333333333335,0.6645800679125629,1.0,3.0
2106,5,3.7,0.9746794344808964,3.0,5.0
175693,1,2.5,,2.5,2.5
2257,1,4.0,,4.0,4.0
62956,9,3.4444444444444446,0.726483157256779,2.0,4.0
69654,1,3.5,,3.5,3.5
5094,7,1.7857142857142858,0.6986381310057719,1.0,3.0
8372,5,2.3,1.7888543819998317,0.5,5.0
8016,2,4.0,0.7071067811865476,3.5,4.5
5619,2,4.0,0.0,4.0,4.0
5316,7,3.142857142857143,0.5563486402641868,2.5,4.0
79428,7,3.2857142857142856,1.0350983390135313,1.5,5.0
182749,1,2.5,,2.5,2.5
3404,6,3.5833333333333335,1.9083151381956458,0.5,5.0
5941,6,2.9166666666666665,0.9174239296348591,2.0,4.0
122906,11,3.727272727272727,1.1481209945740989,1.5,5.0
43932,2,1.75,0.3535533905932738,1.5,2.0
4956,3,4.5,0.8660254037844386,3.5,5.0
69251,1,3.5,,3.5,3.5
5876,5,3.9,0.7416198487095663,3.0,5.0
2494,2,4.0,0.0,4.0,4.0
71248,2,2.0,1.4142135623730951,1.0,3.0
4520,3,2.3333333333333335,0.2886751345948129,2.0,2.5
4662,3,3.1666666666666665,0.2886751345948129,3.0,3.5
4885,1,2.0,,2.0,2.0
26133,6,4.0,0.8944271909999157,2.5,5.0
80478,1,4.0,,4.0,4.0
128991,1,4.5,,4.5,4.5
27866,1,3.5,,3.5,3.5
89761,2,3.0,0.7071067811865476,2.5,3.5
6514,1,0.5,,0.5,0.5
72224,2,2.25,1.7677669529663689,1.0,3.5
99846,1,3.0,,3.0,3.0
32582,2,4.75,0.3535533905932738,4.5,5.0
7093,2,3.75,0.3535533905932738,3.5,4.0
3674,1,4.0,,4.0,4.0
615,1,3.0,,3.0,3.0
95839,1,3.0,,3.0,3.0
102749,1,0.5,,0.5,0.5
174727,1,3.0,,3.0,3.0
563,1,4.0,,4.0,4.0
91233,1,4.0,,4.0,4.0
1240,131,3.8969465648854964,0.8497003029392377,0.5,5.0
2019,48,4.1875,0.7553004193062884,2.0,5.0
4967,13,4.1923076923076925,0.596463939202724,3.0,5.0
165,144,3.5555555555555554,0.92197551488033,1.0,5.0
775,1,3.0,,3.0,3.0
45668,10,3.1,1.2202003478482084,1.0,5.0
106696,29,3.6206896551724137,1.0991487973963006,0.5,5.0
56174,62,3.4838709677419355,0.7942815184924804,1.0,5.0
140289,1,4.0,,4.0,4.0
1330,4,1.5,0.5773502691896257,1.0,2.0
2428,23,2.4782608695652173,0.9472239447886796,1.0,4.0
3401,5,2.2,1.0954451150103321,1.0,4.0
166492,3,3.5,1.0,2.5,4.5
33495,7,2.642857142857143,1.1443442705426587,0.5,4.0
32898,5,3.5,0.6123724356957945,3.0,4.5
3074,4,4.25,0.9574271077563381,3.0,5.0
3262,11,3.409090909090909,0.7006490497453707,2.5,5.0
8605,2,3.25,1.7677669529663689,2.0,4.5
1703,5,2.9,0.8944271909999157,2.0,4.0
1091,21,2.5476190476190474,1.0712698295103096,0.5,4.5
1132,8,4.0625,0.4172614801981401,3.5,5.0
26184,2,3.5,1.4142135623730951,2.5,4.5
79684,1,4.0,,4.0,4.0
177185,1,4.5,,4.5,4.5
86066,1,4.0,,4.0,4.0
32298,3,2.3333333333333335,0.7637626158259733,1.5,3.0
2764,7,4.0,0.6454972243679028,3.0,5.0
5088,1,5.0,,5.0,5.0
8973,8,3.75,1.0,1.5,4.5
4921,5,4.0,0.6123724356957946,3.5,5.0
32666,1,1.0,,1.0,1.0
96417,5,3.2,0.8366600265340756,2.0,4.0
5462,2,2.5,0.7071067811865476,2.0,3.0
130482,1,4.0,,4.0,4.0
5476,3,2.0,1.0,1.0,3.0
170289,1,1.0,,1.0,1.0
8196,1,3.5,,3.5,3.5
31590,1,3.0,,3.0,3.0
4595,1,3.5,,3.5,3.5
4847,2,3.0,0.7071067811865476,2.5,3.5
6670,2,2.25,0.3535533905932738,2.0,2.5
86668,1,5.0,,5.0,5.0
162828,1,2.5,,2.5,2.5
6935,1,4.0,,4.0,4.0
7727,1,3.0,,3.0,3.0
8094,1,3.5,,3.5,3.5
73804,1,4.0,,4.0,4.0
145745,1,2.5,,2.5,2.5
1654,1,3.5,,3.5,3.5
8840,1,1.0,,1.0,1.0
5048,6,2.3333333333333335,1.7224014243685084,0.5,5.0
358,9,2.6666666666666665,0.5,2.0,3.0
366,12,2.9166666666666665,1.2583057392117916,1.0,5.0
71579,6,3.8333333333333335,0.6831300510639732,3.0,5.0
4007,20,3.75,0.6977407149243606,2.0,5.0
1831,29,2.4482758620689653,1.020721274972882,0.5,4.0
1971,7,2.4285714285714284,1.0177004891982149,1.0,4.0
2036,6,2.25,1.036822067666386,0.5,3.5
4238,17,3.1470588235294117,0.7450819141702002,2.0,4.5
2732,5,4.5,0.5000000000000001,4.0,5.0
54995,22,3.7954545454545454,1.0763595047890753,0.5,5.0
66198,2,3.0,0.0,3.0,3.0
74647,1,1.0,,1.0,1.0
1286,7,3.0714285714285716,1.096531327587567,2.0,5.0
26974,3,3.1666666666666665,0.7637626158259733,2.5,4.0
85881,6,3.75,0.758287544405155,2.5,4.5
65088,11,3.3636363636363638,0.6741998624632421,2.0,4.0
116799,6,3.6666666666666665,0.752772652709081,2.5,4.5
40581,6,2.9166666666666665,1.1583033569262702,1.5,4.5
155509,3,3.5,1.3228756555322954,2.0,4.5
142509,2,3.75,1.0606601717798212,3.0,4.5
2734,10,3.25,0.5892556509887896,2.5,4.0
31445,2,2.25,0.3535533905932738,2.0,2.5
45662,5,2.3,0.2738612787525831,2.0,2.5
51698,2,3.0,0.7071067811865476,2.5,3.5
69606,3,2.5,1.0,1.5,3.5
3330,2,4.25,0.3535533905932738,4.0,4.5
94735,1,4.0,,4.0,4.0
148424,2,3.75,1.0606601717798212,3.0,4.5
171495,2,4.5,0.7071067811865476,4.0,5.0
70451,1,5.0,,5.0,5.0
59118,1,3.5,,3.5,3.5
94262,1,3.0,,3.0,3.0
25898,2,4.0,0.0,4.0,4.0
4353,1,3.0,,3.0,3.0
5471,3,1.8333333333333333,0.2886751345948129,1.5,2.0
60128,2,2.25,1.7677669529663689,1.0,3.5
151317,1,2.0,,2.0,2.0
84553,1,4.0,,4.0,4.0
93740,1,1.5,,1.5,1.5
3664,1,2.0,,2.0,2.0
32799,1,3.5,,3.5,3.5
165529,1,2.0,,2.0,2.0
2620,1,3.0,,3.0,3.0
3637,1,5.0,,5.0,5.0
6449,1,3.0,,3.0,3.0
26391,1,2.5,,2.5,2.5
61818,1,0.5,,0.5,0.5
131480,1,2.0,,2.0,2.0
590,164,3.8353658536585367,0.8600002783876725,1.0,5.0
1073,119,3.8739495798319328,0.9210773155197541,0.5,5.0
179,2,1.5,0.7071067811865476,1.0,2.0
189,1,3.0,,3.0,3.0
207,21,3.4285714285714284,1.0872639316848771,1.5,5.0
489,11,2.8636363636363638,0.3233348953414316,2.0,3.0
1527,116,3.7456896551724137,0.9004725562657121,1.0,5.0
7254,46,3.630434782608696,1.0351316749771802,0.5,5.0
85414,34,3.6029411764705883,0.6487682007104846,2.0,4.5
76175,13,2.3076923076923075,0.9903379376602871,0.5,4.0
2354,7,2.5,0.9574271077563381,1.0,4.0
2413,18,3.388888888888889,0.5829830881301374,2.5,4.5
2876,1,2.0,,2.0,2.0
59387,11,3.9545454545454546,0.9341987329938275,2.0,5.0
96821,20,3.825,0.9904145862372884,1.5,5.0
2942,16,2.875,0.9574271077563381,1.0,5.0
7022,30,3.933333333333333,0.8380327264341844,2.0,5.0
1635,17,3.8823529411764706,0.9105185981884494,2.0,5.0
6550,13,2.9615384615384617,1.3301243435223524,0.5,4.5
7142,3,3.0,0.5,2.5,3.5
32060,1,3.0,,3.0,3.0
139994,1,4.0,,4.0,4.0
2817,3,2.0,1.0,1.0,3.0
147196,1,5.0,,5.0,5.0
4864,1,2.5,,2.5,2.5
1950,11,4.181818181818182,0.5600324665913252,3.5,5.0
89939,2,3.75,1.0606601717798212,3.0,4.5
98154,4,4.5,0.7071067811865476,3.5,5.0
1649,3,2.5,1.3228756555322954,1.0,3.5
6523,2,2.5,0.7071067811865476,2.0,3.0
109673,4,2.125,1.3768926368215255,0.5,3.5
2149,4,1.75,1.5,1.0,4.0
91860,1,4.0,,4.0,4.0
88179,1,3.5,,3.5,3.5
27584,2,3.5,0.7071067811865476,3.0,4.0
32743,1,3.0,,3.0,3.0
7745,1,4.0,,4.0,4.0
6780,2,3.25,0.3535533905932738,3.0,3.5
52299,1,3.5,,3.5,3.5
117511,1,3.0,,3.0,3.0
140525,1,1.5,,1.5,1.5
146730,1,2.0,,2.0,2.0
148482,1,3.0,,3.0,3.0
3723,5,3.8,0.7582875444051552,3.0,5.0
1180,1,3.0,,3.0,3.0
3832,1,4.0,,4.0,4.0
3609,1,3.5,,3.5,3.5
6770,2,3.5,0.0,3.5,3.5
7012,1,3.0,,3.0,3.0
8189,1,3.0,,3.0,3.0
59549,1,4.0,,4.0,4.0
7704,1,2.0,,2.0,2.0
26562,1,3.0,,3.0,3.0
95165,1,4.0,,4.0,4.0
1119,1,3.0,,3.0,3.0
1396,46,3.4782608695652173,0.6579135517268919,1.5,5.0
2336,23,3.6739130434782608,0.9487874516763479,1.5,5.0
383,21,3.0952380952380953,1.0442586798663396,1.0,5.0
3717,61,3.221311475409836,0.8191692446412525,1.5,5.0
69951,16,3.8125,0.6551081335677849,2.5,5.0
91542,38,3.763157894736842,0.7599505861004174,1.5,5.0
1747,31,3.338709677419355,0.9520775246287594,1.0,5.0
2267,2,2.5,0.7071067811865476,2.0,3.0
2468,15,2.5,0.7559289460184544,1.0,3.5
133419,9,3.4444444444444446,0.8079466429027216,2.5,5.0
5146,9,3.111111111111111,1.1118053386771944,1.0,4.0
4658,1,3.5,,3.5,3.5
62644,7,3.5714285714285716,0.6074928962939559,2.5,4.0
103171,1,1.0,,1.0,1.0
142997,4,2.875,0.7500000000000001,2.0,3.5
68848,3,4.333333333333333,0.5773502691896258,4.0,5.0
1624,2,1.75,1.0606601717798212,1.0,2.5
109596,1,4.0,,4.0,4.0
135436,7,3.0714285714285716,0.9759000729485332,1.5,4.5
2534,3,2.5,1.8027756377319946,0.5,4.0
27776,1,4.5,,4.5,4.5
52715,1,2.0,,2.0,2.0
5573,7,2.2857142857142856,0.48795003647426655,1.5,3.0
42732,3,3.5,0.5,3.0,4.0
134214,4,3.5,0.5773502691896257,3.0,4.0
2241,4,3.5,1.2909944487358056,2.0,5.0
3412,6,3.4166666666666665,0.8010409893798611,2.0,4.0
3280,1,1.5,,1.5,1.5
69746,1,3.5,,3.5,3.5
56837,1,3.0,,3.0,3.0
93139,1,1.5,,1.5,1.5
26002,1,3.5,,3.5,3.5
6314,2,2.0,0.0,2.0,2.0
7176,1,3.5,,3.5,3.5
30898,3,3.1666666666666665,0.2886751345948129,3.0,3.5
94919,1,2.5,,2.5,2.5
4113,2,3.0,1.4142135623730951,2.0,4.0
7083,1,3.0,,3.0,3.0
109941,1,3.0,,3.0,3.0
159849,1,2.5,,2.5,2.5
141668,1,0.5,,0.5,0.5
26510,2,2.25,1.0606601717798212,1.5,3.0
26854,1,2.5,,2.5,2.5
25947,1,5.0,,5.0,5.0
1310,1,5.0,,5.0,5.0
316,140,3.375,0.8442036816521874,1.0,5.0
4518,4,3.75,1.0408329997330665,2.5,5.0
937,2,3.5,0.7071067811865476,3.0,4.0
61,6,3.75,0.8803408430829505,2.5,5.0
502,15,2.3666666666666667,1.0431180365113233,1.0,5.0
5618,87,4.155172413793103,0.8008365714138395,0.5,5.0
60397,14,2.9642857142857144,0.9700175596008898,0.5,4.5
120466,10,3.25,0.8579691784155834,2.0,5.0
3301,42,3.5238095238095237,0.840676128528589,2.0,5.0
3784,11,2.590909090909091,1.300349603340998,0.5,5.0
47566,1,4.0,,4.0,4.0
1231,22,3.8636363636363638,1.0256451881367417,1.0,5.0
79242,6,2.9166666666666665,1.0206207261596576,1.0,4.0
140174,8,3.5625,0.9797047660246574,2.0,4.5
174055,13,3.423076923076923,1.1519214716824566,1.5,5.0
2067,21,4.142857142857143,0.7096276689725596,3.0,5.0
523,4,3.5,0.5773502691896257,3.0,4.0
4572,3,3.0,1.0,2.0,4.0
91355,1,5.0,,5.0,5.0
167380,1,4.5,,4.5,4.5
3163,4,3.875,0.8539125638299665,3.0,5.0
4740,1,3.5,,3.5,3.5
108727,2,4.25,0.3535533905932738,4.0,4.5
34520,12,2.0833333333333335,0.596708141439855,1.0,3.0
174045,1,4.0,,4.0,4.0
152284,1,3.5,,3.5,3.5
4857,8,3.8125,1.2229209763045665,1.0,5.0
49910,4,3.75,1.0408329997330663,2.5,5.0
1334,6,3.0,1.2649110640673518,2.0,5.0
7259,4,2.125,1.25,0.5,3.5
3003,2,4.5,0.0,4.5,4.5
3323,1,4.0,,4.0,4.0
461,4,2.75,1.2583057392117916,1.0,4.0
4625,3,2.0,0.0,2.0,2.0
2932,3,3.6666666666666665,0.5773502691896258,3.0,4.0
5404,3,4.5,0.5,4.0,5.0
5288,2,4.5,0.7071067811865476,4.0,5.0
47465,3,3.0,1.3228756555322954,1.5,4.0
5409,2,3.75,0.3535533905932738,3.5,4.0
115216,1,3.0,,3.0,3.0
1913,3,4.0,0.0,4.0,4.0
4296,2,3.0,1.4142135623730951,2.0,4.0
81383,1,2.5,,2.5,2.5
89085,1,2.5,,2.5,2.5
149011,1,3.5,,3.5,3.5
136449,2,3.75,0.3535533905932738,3.5,4.0
1966,8,3.625,1.0606601717798212,2.0,5.0
531,24,3.25,0.9088932591463857,1.0,5.0
88,16,3.15625,1.1792476415070754,0.5,5.0
979,1,3.0,,3.0,3.0
31878,19,3.5789473684210527,1.3256356745050535,0.5,5.0
47491,3,4.166666666666667,0.2886751345948129,4.0,4.5
486,3,3.0,1.0,2.0,4.0
903,60,4.025,0.962980014576926,0.5,5.0
3398,15,3.3333333333333335,1.0293317295817754,1.0,5.0
3471,60,3.7416666666666667,0.8901136218972305,1.0,5.0
3410,1,4.0,,4.0,4.0
4211,6,3.75,0.8803408430829504,2.0,4.5
4772,1,3.5,,3.5,3.5
5632,5,3.6,0.5477225575051661,3.0,4.0
53123,9,3.9444444444444446,0.682112730989371,3.0,5.0
1487,5,3.0,1.0,2.0,4.0
3334,10,4.2,0.6324555320336759,3.0,5.0
3426,7,3.0714285714285716,0.7319250547113999,2.0,4.0
5548,5,3.0,0.9354143466934853,2.0,4.5
2567,19,2.973684210526316,0.7541309238404149,2.0,4.0
55052,13,3.5384615384615383,0.92334397846312,1.5,5.0
55444,3,4.166666666666667,0.7637626158259734,3.5,5.0
94661,1,4.0,,4.0,4.0
6051,3,4.166666666666667,1.0408329997330663,3.0,5.0
159161,1,4.5,,4.5,4.5
179953,1,3.5,,3.5,3.5
86721,1,5.0,,5.0,5.0
1949,6,4.333333333333333,0.816496580927726,3.0,5.0
7614,2,4.5,0.7071067811865476,4.0,5.0
3955,6,1.5833333333333333,0.6645800679125629,1.0,2.5
4770,2,2.75,0.3535533905932738,2.5,3.0
4808,4,2.375,0.47871355387816905,2.0,3.0
31431,2,2.0,0.7071067811865476,1.5,2.5
113345,2,2.0,0.7071067811865476,1.5,2.5
27186,2,4.0,0.0,4.0,4.0
184245,1,5.0,,5.0,5.0
4717,1,4.0,,4.0,4.0
73344,4,4.25,0.49999999999999994,4.0,5.0
31698,1,1.0,,1.0,1.0
8137,1,0.5,,0.5,0.5
82857,1,4.5,,4.5,4.5
993,1,3.0,,3.0,3.0
43914,1,4.0,,4.0,4.0
26761,1,3.0,,3.0,3.0
82534,1,2.5,,2.5,2.5
8713,1,3.0,,3.0,3.0
30890,1,3.0,,3.0,3.0
2657,63,3.3412698412698414,1.1137896541776637,1.0,5.0
318,317,4.429022082018927,0.7130186250284238,1.0,5.0
1124,13,3.6538461538461537,1.26465765104987,0.5,5.0
94070,4,3.875,0.9464847243000456,2.5,4.5
68073,5,3.4,1.6733200530681511,0.5,4.5
2060,14,3.0714285714285716,0.8516306272526403,1.5,4.0
3476,26,3.5576923076923075,1.1164848684771602,0.5,5.0
3797,3,2.6666666666666665,1.5275252316519468,1.0,4.0
3839,3,1.6666666666666667,0.5773502691896258,1.0,2.0
6358,1,3.5,,3.5,3.5
3697,21,2.9047619047619047,1.079572225687652,1.0,5.0
4545,20,3.275,1.0062305898749053,0.5,5.0
52730,2,1.5,1.4142135623730951,0.5,2.5
1248,17,4.264705882352941,0.709701677177274,3.0,5.0
1271,30,3.5,0.8094272134003795,2.0,5.0
7842,4,4.375,0.9464847243000457,3.0,5.0
26812,2,2.75,0.3535533905932738,2.5,3.0
46723,31,3.5,0.7745966692414834,1.0,4.5
2735,16,2.71875,1.0483121354507603,1.0,4.0
5283,22,2.909090909090909,0.9466276438515283,1.5,5.0
1858,8,2.5625,0.5629958132298016,2.0,3.5
1696,2,3.5,2.1213203435596424,2.0,5.0
1216,11,3.4545454545454546,0.8201995322647243,2.0,4.5
2401,8,3.8125,0.7529703086538577,3.0,5.0
6059,17,3.3529411764705883,0.8797141915551492,1.5,5.0
6958,10,2.5,0.7453559924999299,1.5,3.5
2819,16,3.75,1.0165300454651272,1.0,5.0
3011,4,3.25,0.9574271077563382,2.0,4.0
6215,3,3.0,0.0,3.0,3.0
193571,1,4.0,,4.0,4.0
3068,7,4.357142857142857,0.7480132415430955,3.0,5.0
49284,3,2.6666666666666665,1.0408329997330663,1.5,3.5
547,2,3.25,1.0606601717798212,2.5,4.0
151763,2,4.0,0.0,4.0,4.0
102684,2,3.75,0.3535533905932738,3.5,4.0
4143,1,3.5,,3.5,3.5
7117,5,2.3,1.2549900398011133,0.5,3.5
71500,1,2.5,,2.5,2.5
4809,3,4.166666666666667,0.7637626158259734,3.5,5.0
46967,4,3.375,0.8539125638299665,2.5,4.5
3634,1,4.0,,4.0,4.0
134808,1,2.0,,2.0,2.0
6558,3,2.3333333333333335,1.0408329997330663,1.5,3.5
2275,5,3.6,1.2942179105544784,1.5,5.0
86922,1,4.0,,4.0,4.0
100106,1,3.5,,3.5,3.5
48744,3,4.0,0.5,3.5,4.5
82744,1,5.0,,5.0,5.0
5397,2,2.5,1.4142135623730951,1.5,3.5
6631,2,1.5,0.0,1.5,1.5
8337,2,4.0,0.0,4.0,4.0
2887,1,1.0,,1.0,1.0
98230,1,3.5,,3.5,3.5
143001,1,1.5,,1.5,1.5
107999,1,4.0,,4.0,4.0
116044,1,1.5,,1.5,1.5
5372,1,3.5,,3.5,3.5
41712,1,4.0,,4.0,4.0
134326,1,4.5,,4.5,4.5
2826,26,2.9038461538461537,1.0001922892047386,1.0,4.5
3671,62,3.935483870967742,0.9209931870297748,0.5,5.0
1641,56,3.7589285714285716,0.8474081952345337,1.0,5.0
2926,11,3.3181818181818183,0.9020179397530649,2.0,5.0
374,25,2.2,1.2162099599438685,0.5,5.0
891,5,3.8,1.0954451150103321,3.0,5.0
38388,2,4.25,1.0606601717798212,3.5,5.0
31685,45,3.1666666666666665,0.7905694150420948,1.5,4.5
8117,1,4.0,,4.0,4.0
106839,2,3.75,0.3535533905932738,3.5,4.0
107,26,3.326923076923077,0.9267395285872693,1.0,5.0
2004,15,3.3333333333333335,0.7480132415430957,2.0,4.5
2279,10,2.4,0.6146362971528592,1.5,3.5
2968,41,3.731707317073171,0.975304830396693,0.5,5.0
3501,5,2.3,1.0954451150103321,1.0,4.0
47997,18,3.7222222222222223,1.227410260553666,0.5,5.0
3773,2,2.0,1.4142135623730951,1.0,3.0
115210,13,3.769230769230769,0.7803680919760616,2.0,4.5
3981,13,2.3461538461538463,0.943941545343588,0.5,4.0
6893,10,3.85,0.7472170590486632,2.5,5.0
101612,4,3.0,0.816496580927726,2.0,4.0
6006,8,2.75,1.3363062095621219,0.5,5.0
113252,2,4.25,0.3535533905932738,4.0,4.5
6203,2,1.5,0.0,1.5,1.5
79572,1,2.5,,2.5,2.5
64993,3,3.5,1.0,2.5,4.5
84844,1,4.5,,4.5,4.5
61255,2,2.75,1.7677669529663689,1.5,4.0
71838,8,3.0625,0.7288689868556625,2.0,4.0
165551,1,4.5,,4.5,4.5
7107,2,2.75,1.0606601717798212,2.0,3.5
35957,9,3.388888888888889,0.4166666666666667,3.0,4.0
564,2,1.5,0.7071067811865476,1.0,2.0
32022,3,3.6666666666666665,0.5773502691896258,3.0,4.0
51037,4,3.0,0.7071067811865476,2.0,3.5
78039,5,2.8,1.396424004376894,0.5,4.0
93512,1,4.0,,4.0,4.0
619,5,2.6,1.8506755523321747,0.5,5.0
6850,3,2.3333333333333335,0.5773502691896258,2.0,3.0
3420,3,3.1666666666666665,0.7637626158259734,2.5,4.0
6797,1,3.0,,3.0,3.0
4743,2,3.25,0.3535533905932738,3.0,3.5
67665,2,3.75,0.3535533905932738,3.5,4.0
93134,1,3.5,,3.5,3.5
122246,1,0.5,,0.5,0.5
2589,1,3.5,,3.5,3.5
202,1,3.0,,3.0,3.0
263,1,4.0,,4.0,4.0
6009,1,3.0,,3.0,3.0
27426,1,2.5,,2.5,2.5
44597,1,4.0,,4.0,4.0
60303,1,4.0,,4.0,4.0
231,133,3.0601503759398496,1.1214803426872666,0.5,5.0
552,61,3.262295081967213,0.8495418244415103,1.5,5.0
1219,83,4.036144578313253,0.8546256223937791,1.0,5.0
2141,18,3.1666666666666665,1.2602520756252087,1.5,5.0
2654,5,3.6,1.1937336386313322,2.0,5.0
1597,43,2.941860465116279,1.018923932424028,0.5,5.0
17,67,3.7761194029850746,1.1457549518851469,0.5,5.0
3952,7,3.0714285714285716,0.8380817098475257,2.0,4.0
6709,14,3.2142857142857144,0.6419407387663694,2.0,4.5
99813,8,3.875,0.7905694150420949,3.0,5.0
185135,2,4.75,0.3535533905932738,4.5,5.0
1991,12,2.7083333333333335,0.8106768589869638,1.5,4.0
2403,30,3.55,0.9130283071488925,2.0,5.0
30707,52,3.8461538461538463,0.8137209471242821,0.5,5.0
3451,11,4.545454545454546,0.650174801670499,3.0,5.0
56587,13,3.230769230769231,0.7531983087525439,2.0,4.5
3066,7,3.9285714285714284,0.6074928962939559,3.0,5.0
2702,15,3.4,1.0555973258234952,1.0,5.0
2805,23,3.0,0.8660254037844387,1.0,4.0
3298,21,3.7142857142857144,0.6239276514834987,2.0,4.5
164280,1,3.5,,3.5,3.5
175743,1,3.0,,3.0,3.0
6873,20,3.175,0.9770390284721969,1.0,5.0
49772,4,4.0,1.0801234497346435,2.5,5.0
35807,1,4.0,,4.0,4.0
88069,1,4.0,,4.0,4.0
89898,1,3.5,,3.5,3.5
147410,1,5.0,,5.0,5.0
3687,1,5.0,,5.0,5.0
58156,10,2.9,0.6582805886043832,1.5,3.5
4812,6,2.1666666666666665,0.752772652709081,1.0,3.0
6619,6,2.9166666666666665,1.2006942436218584,1.5,5.0
9,16,3.125,0.9746794344808964,1.5,5.0
3141,2,1.25,0.3535533905932738,1.0,1.5
5423,3,3.0,1.0,2.0,4.0
2473,8,2.5625,0.4955156044825575,2.0,3.0
4946,1,4.0,,4.0,4.0
78088,4,3.5,0.408248290463863,3.0,4.0
103624,2,4.0,0.0,4.0,4.0
5137,3,3.8333333333333335,1.0408329997330663,3.0,5.0
1123,2,4.25,1.0606601717798212,3.5,5.0
1406,2,4.5,0.7071067811865476,4.0,5.0
4285,3,2.8333333333333335,1.0408329997330663,2.0,4.0
6811,5,2.5,0.9354143466934854,1.5,3.5
4127,3,1.6666666666666667,0.2886751345948129,1.5,2.0
90345,4,3.5,1.0801234497346435,2.0,4.5
141749,2,3.75,0.3535533905932738,3.5,4.0
33644,1,2.5,,2.5,2.5
172875,1,5.0,,5.0,5.0
179119,1,4.0,,4.0,4.0
5470,3,4.333333333333333,0.2886751345948129,4.0,4.5
31000,1,2.5,,2.5,2.5
92198,1,2.0,,2.0,2.0
8632,1,0.5,,0.5,0.5
104944,2,3.75,0.3535533905932738,3.5,4.0
55844,1,3.5,,3.5,3.5
4511,1,2.0,,2.0,2.0
27306,1,1.5,,1.5,1.5
32058,1,2.0,,2.0,2.0
95499,1,4.0,,4.0,4.0
136602,2,3.0,1.4142135623730951,2.0,4.0
1967,42,3.8214285714285716,0.9488210179174005,1.0,5.0
2770,38,2.960526315789474,1.0422272081186597,0.5,5.0
609,14,3.5714285714285716,0.7559289460184544,2.0,5.0
586,116,2.9956896551724137,0.9923526933837422,1.0,5.0
84954,21,3.1666666666666665,0.9530652303663865,0.5,4.5
3254,27,3.2962962962962963,0.8464775345655763,2.0,5.0
111781,17,3.6470588235294117,1.128670482835238,0.5,5.0
8951,4,3.0,1.4142135623730951,1.0,4.0
64716,11,4.136363636363637,0.4522670168666454,3.5,5.0
2861,8,3.375,0.7440238091428449,2.0,4.0
6765,9,3.2777777777777777,0.8700255424092125,2.0,5.0
2164,1,1.0,,1.0,1.0
4023,23,3.130434782608696,1.0576280419404613,1.0,5.0
7930,2,3.75,0.3535533905932738,3.5,4.0
45431,14,3.4285714285714284,0.8516306272526402,2.0,5.0
4546,6,3.9166666666666665,0.3763863263545405,3.5,4.5
90469,2,3.5,0.0,3.5,3.5
27397,4,4.25,0.9574271077563381,3.0,5.0
324,1,4.0,,4.0,4.0
48982,7,3.5,0.8660254037844387,2.5,5.0
99764,2,4.25,1.0606601717798212,3.5,5.0
149902,1,2.0,,2.0,2.0
95558,7,3.357142857142857,0.6900655593423541,2.5,4.5
5680,3,3.1666666666666665,0.2886751345948129,3.0,3.5
6217,2,3.0,2.1213203435596424,1.5,4.5
7264,1,4.0,,4.0,4.0
94780,6,2.8333333333333335,0.6055300708194983,2.0,3.5
3051,3,2.5,0.8660254037844386,1.5,3.0
90471,2,3.0,0.7071067811865476,2.5,3.5
1329,2,2.75,1.0606601717798212,2.0,3.5
6222,1,3.0,,3.0,3.0
90374,2,3.75,1.0606601717798212,3.0,4.5
108715,1,1.5,,1.5,1.5
111795,1,3.0,,3.0,3.0
112303,1,1.5,,1.5,1.5
3619,1,2.0,,2.0,2.0
3658,1,3.0,,3.0,3.0
4589,2,2.0,1.4142135623730951,1.0,3.0
5801,1,2.5,,2.5,2.5
5348,1,4.0,,4.0,4.0
27370,1,4.5,,4.5,4.5
91414,1,0.5,,0.5,0.5
114396,1,1.5,,1.5,1.5
7260,1,3.5,,3.5,3.5
69495,1,3.5,,3.5,3.5
4593,2,2.25,0.3535533905932738,2.0,2.5
6882,1,2.5,,2.5,2.5
62662,1,3.0,,3.0,3.0
86898,2,4.0,1.4142135623730951,3.0,5.0
102802,1,2.5,,2.5,2.5
134019,1,3.5,,3.5,3.5
1351,3,2.3333333333333335,0.5773502691896258,2.0,3.0
134524,1,3.0,,3.0,3.0
2048,8,3.5625,0.6781013409302689,3.0,5.0
2078,53,3.830188679245283,0.854532014447399,2.0,5.0
538,12,3.5833333333333335,1.0187633620614691,2.0,5.0
505,7,2.2142857142857144,1.2198750911856664,0.5,4.0
2688,15,2.933333333333333,0.9976162063830435,0.5,4.0
3114,97,3.8608247422680413,0.8314842027251289,2.0,5.0
49286,24,3.2083333333333335,1.1123483449799842,0.5,5.0
7451,39,3.7564102564102564,0.6965308289526828,2.5,5.0
8533,38,3.5657894736842106,1.1220821176746028,1.0,5.0
4571,45,3.7,0.7642584046583386,2.5,5.0
36529,35,3.7142857142857144,0.9016791059373803,1.0,5.0
2244,2,1.5,0.7071067811865476,1.0,2.0
2087,41,3.573170731707317,0.7463324963593312,2.0,5.0
3615,14,3.107142857142857,0.711946719823985,2.0,5.0
94677,17,3.5588235294117645,1.0589256486702758,1.5,5.0
5945,26,3.173076923076923,1.1995191344226876,0.5,5.0
2269,8,3.0,1.0350983390135313,1.5,5.0
2598,25,2.84,1.0380269746013346,1.0,4.0
7327,6,3.75,0.9354143466934853,2.0,4.5
66335,1,2.5,,2.5,2.5
1293,27,3.8333333333333335,0.9607689228305228,0.5,5.0
2759,8,3.5,0.8451542547285166,2.5,5.0
69278,7,3.2142857142857144,1.14953406710222,1.0,4.5
4587,8,2.25,0.7559289460184544,1.0,3.0
4912,4,3.75,0.9574271077563382,3.0,5.0
32300,3,2.8333333333333335,0.7637626158259733,2.0,3.5
86320,7,3.0714285714285716,1.835496559257908,0.5,5.0
1600,2,3.5,0.7071067811865476,3.0,4.0
65642,4,4.25,0.6454972243679028,3.5,5.0
27731,8,3.75,0.5976143046671968,3.0,5.0
37240,4,3.5,1.0,2.0,4.0
72,7,3.2142857142857144,1.2863754913562,1.0,4.5
51082,1,2.0,,2.0,2.0
4480,3,2.8333333333333335,0.7637626158259733,2.0,3.5
36537,3,3.3333333333333335,0.7637626158259734,2.5,4.0
54354,1,4.0,,4.0,4.0
131934,1,1.0,,1.0,1.0
118997,5,2.8,1.2549900398011133,1.0,4.0
6768,1,4.0,,4.0,4.0
130073,1,4.0,,4.0,4.0
27251,2,2.75,2.4748737341529163,1.0,4.5
2107,3,3.0,0.5,2.5,3.5
166526,1,1.0,,1.0,1.0
27595,1,0.5,,0.5,0.5
31664,1,3.5,,3.5,3.5
5741,1,4.0,,4.0,4.0
113313,1,3.5,,3.5,3.5
2972,1,5.0,,5.0,5.0
1211,13,3.8846153846153846,1.1208970766356101,1.0,5.0
6534,33,2.5606060606060606,1.0440125100841087,0.5,4.5
49278,20,3.3,0.8175702126616277,1.5,4.5
5943,19,2.6052631578947367,1.1969747440993466,0.5,4.5
3300,39,3.5641025641025643,0.787897662165515,1.0,5.0
81932,23,3.760869565217391,0.7365392851552964,2.0,5.0
2720,21,2.0952380952380953,1.168535917495132,0.5,5.0
2089,10,3.5,0.5773502691896258,3.0,4.5
168492,4,3.75,0.6454972243679028,3.0,4.5
50794,10,3.1,0.8755950357709131,2.0,4.5
27904,22,3.6136363636363638,0.9503360080195468,0.5,5.0
26504,2,3.25,0.3535533905932738,3.0,3.5
4537,3,4.333333333333333,0.2886751345948129,4.0,4.5
7766,4,4.0,0.0,4.0,4.0
1017,10,3.5,0.7453559924999298,2.0,4.5
48322,7,3.5714285714285716,1.3671311638052948,1.0,5.0
159755,2,2.75,1.7677669529663689,1.5,4.0
180265,1,4.5,,4.5,4.5
117466,3,3.5,1.0,2.5,4.5
151455,3,2.8333333333333335,1.0408329997330663,2.0,4.0
6291,3,3.5,0.5,3.0,4.0
1969,10,2.35,0.944281031614353,1.0,4.0
5421,6,3.5,0.6324555320336759,2.5,4.0
5772,2,4.75,0.3535533905932738,4.5,5.0
3392,6,2.3333333333333335,1.2110601416389966,1.0,4.0
2205,4,2.875,0.47871355387816905,2.5,3.5
102033,5,3.2,1.151086443322134,2.0,5.0
79274,3,3.6666666666666665,1.2583057392117916,2.5,5.0
5664,1,1.5,,1.5,1.5
6561,1,3.0,,3.0,3.0
4500,1,4.0,,4.0,4.0
5515,1,3.5,,3.5,3.5
7328,1,3.5,,3.5,3.5
5829,1,4.0,,4.0,4.0
26693,1,4.0,,4.0,4.0
136800,1,1.5,,1.5,1.5
2211,1,3.0,,3.0,3.0
5353,1,3.0,,3.0,3.0
79536,1,3.0,,3.0,3.0
96520,1,2.0,,2.0,2.0
5560,1,1.0,,1.0,1.0
36850,2,3.75,1.0606601717798212,3.0,4.5
97230,1,3.0,,3.0,3.0
131920,1,4.5,,4.5,4.5
423,10,2.85,0.5797509043642028,2.0,4.0
80489,22,3.9545454545454546,0.46056618647183833,3.0,5.0
1057,15,3.466666666666667,0.8755950357709131,2.0,5.0
3408,70,3.5285714285714285,0.7796585758035478,1.5,5.0
8907,13,2.3461538461538463,0.9657599638069014,0.5,3.5
8529,47,3.3191489361702127,0.9579503249970153,0.5,5.0
82167,7,2.7857142857142856,0.6362090102803517,2.0,3.5
175,20,3.975,0.7517523388373116,2.5,5.0
60941,4,2.875,0.6291528696058959,2.0,3.5
45950,13,3.576923076923077,0.6405126152203485,2.5,4.5
387,4,2.375,1.1086778913041726,1.0,3.5
1982,27,3.7222222222222223,0.9935690651280799,1.5,5.0
114762,3,2.8333333333333335,1.1547005383792517,1.5,3.5
44773,1,3.0,,3.0,3.0
91386,1,5.0,,5.0,5.0
58425,3,4.166666666666667,0.7637626158259734,3.5,5.0
4889,7,3.4285714285714284,0.44986770542121873,3.0,4.0
27368,3,4.0,0.5,3.5,4.5
58332,3,2.8333333333333335,0.7637626158259733,2.0,3.5
3161,2,3.0,1.4142135623730951,2.0,4.0
74226,1,5.0,,5.0,5.0
4409,3,3.3333333333333335,0.2886751345948129,3.0,3.5
695,2,4.0,0.0,4.0,4.0
2271,2,3.0,0.0,3.0,3.0
8119,3,3.0,1.5,1.5,4.5
95135,1,4.0,,4.0,4.0
8447,1,1.0,,1.0,1.0
101360,1,1.5,,1.5,1.5
106330,2,2.0,0.0,2.0,2.0
113416,1,1.5,,1.5,1.5
25757,1,4.0,,4.0,4.0
91337,1,4.0,,4.0,4.0
146682,1,4.0,,4.0,4.0
105246,1,3.5,,3.5,3.5
5975,1,3.5,,3.5,3.5
3897,83,3.8674698795180724,0.765428053960011,1.5,5.0
381,11,3.8181818181818183,0.8447700063546075,2.5,5.0
4447,64,3.15625,0.9464847243000457,0.5,5.0
2490,45,3.422222222222222,0.9883155754958418,1.0,5.0
2206,5,4.0,0.7905694150420948,3.0,5.0
2718,10,3.2,0.8232726023485646,1.5,4.0
93721,5,4.1,0.8215838362577492,3.0,5.0
27869,1,4.5,,4.5,4.5
6707,8,2.875,1.093813773650968,1.0,4.0
91974,5,3.8,0.447213595499958,3.5,4.5
72356,4,4.375,0.25,4.0,4.5
3606,4,3.75,0.8660254037844386,3.0,5.0
26183,2,4.25,1.0606601717798212,3.5,5.0
146244,1,4.0,,4.0,4.0
153408,1,4.0,,4.0,4.0
126430,2,4.75,0.3535533905932738,4.5,5.0
144606,1,4.0,,4.0,4.0
183959,1,4.5,,4.5,4.5
52319,7,3.5714285714285716,1.455694892155502,0.5,4.5
142456,2,4.0,0.7071067811865476,3.5,4.5
5969,1,2.5,,2.5,2.5
8128,5,4.1,0.4183300132670376,3.5,4.5
6571,1,4.0,,4.0,4.0
7299,3,3.6666666666666665,0.2886751345948129,3.5,4.0
3433,1,1.0,,1.0,1.0
33158,5,2.0,0.5,1.5,2.5
7781,1,1.5,,1.5,1.5
4754,6,3.9166666666666665,0.2041241452319315,3.5,4.0
161354,1,3.0,,3.0,3.0
1161,3,3.6666666666666665,0.2886751345948129,3.5,4.0
1121,1,4.0,,4.0,4.0
4115,1,2.0,,2.0,2.0
5521,2,3.25,1.0606601717798212,2.5,4.0
5532,1,4.0,,4.0,4.0
114028,2,4.0,0.0,4.0,4.0
120637,2,2.5,0.7071067811865476,2.0,3.0
4578,2,2.5,1.4142135623730951,1.5,3.5
3958,1,2.0,,2.0,2.0
82684,1,0.5,,0.5,0.5
3374,1,4.0,,4.0,4.0
6573,1,4.0,,4.0,4.0
109487,73,3.993150684931507,0.9735856931871436,0.5,5.0
2080,55,3.4,0.9784719757905218,0.5,5.0
2324,88,4.1477272727272725,1.037124370192721,0.5,5.0
594,77,3.616883116883117,0.7901369963498,1.5,5.0
880,27,2.740740740740741,0.9939274308981205,1.0,5.0
8373,12,2.25,0.7833494518006403,0.5,3.0
3499,44,3.840909090909091,0.7607579396274027,2.0,5.0
59315,94,3.824468085106383,0.8382888575234115,0.5,5.0
71264,17,3.5294117647058822,0.9265289430735237,2.0,5.0
152081,32,3.890625,0.8105590961719549,2.0,5.0
610,33,3.5454545454545454,0.9549512124615677,1.0,5.0
761,19,2.789473684210526,1.0712893253988158,1.0,5.0
1881,2,2.0,1.4142135623730951,1.0,3.0
2915,42,3.4404761904761907,0.9186574307265117,1.0,5.0
3316,13,2.4615384615384617,0.9887184141928897,1.0,5.0
4343,27,3.037037037037037,0.8077262236808042,2.0,4.5
7444,21,3.1904761904761907,0.6417980694149539,2.0,5.0
61240,17,3.911764705882353,0.9225524056531804,2.0,5.0
8966,8,3.125,1.093813773650968,1.0,4.0
136018,3,2.5,0.5,2.0,3.0
6218,40,3.3,1.0609623111312794,1.0,5.0
7139,7,3.857142857142857,0.6900655593423543,2.5,4.5
50740,3,3.8333333333333335,0.2886751345948129,3.5,4.0
3468,18,4.333333333333333,0.7071067811865475,3.0,5.0
1519,1,1.0,,1.0,1.0
146986,1,4.0,,4.0,4.0
5749,1,3.0,,3.0,3.0
5970,10,3.2,0.7527726527090809,2.0,4.5
4736,3,2.6666666666666665,1.0408329997330663,1.5,3.5
6332,4,3.0,1.0801234497346435,2.0,4.5
5264,4,2.25,0.5,2.0,3.0
5999,2,2.25,0.3535533905932738,2.0,2.5
6285,1,4.0,,4.0,4.0
61026,3,4.0,0.8660254037844386,3.5,5.0
2445,8,2.6875,0.7039429765866794,2.0,4.0
33834,4,3.125,1.6520189667999174,1.0,5.0
91079,2,2.5,2.1213203435596424,1.0,4.0
4412,2,0.75,0.3535533905932738,0.5,1.0
101741,2,3.75,0.3535533905932738,3.5,4.0
97757,1,4.0,,4.0,4.0
3545,5,3.0,0.6123724356957945,2.0,3.5
4552,3,3.5,0.0,3.5,3.5
8596,2,3.25,0.3535533905932738,3.0,3.5
3900,1,4.0,,4.0,4.0
166568,2,4.5,0.7071067811865476,4.0,5.0
79677,1,3.5,,3.5,3.5
118326,1,2.0,,2.0,2.0
7767,2,4.75,0.3535533905932738,4.5,5.0
3966,2,3.5,0.0,3.5,3.5
8979,1,4.0,,4.0,4.0
100527,1,4.0,,4.0,4.0
7031,1,4.0,,4.0,4.0
3571,2,3.0,1.4142135623730951,2.0,4.0
26622,1,3.0,,3.0,3.0
59336,1,3.0,,3.0,3.0
583,1,4.0,,4.0,4.0
26985,1,4.5,,4.5,4.5
33310,1,4.5,,4.5,4.5
51666,1,2.0,,2.0,2.0
1589,16,3.28125,0.9481341325642343,2.0,5.0
7114,1,0.5,,0.5,0.5
2716,120,3.775,0.862013472569168,1.5,5.0
2947,53,3.839622641509434,0.6706310525976804,2.0,5.0
3740,28,3.857142857142857,0.8698354767504924,2.0,5.0
6874,131,3.9618320610687023,0.842656788904746,0.5,5.0
3681,33,4.151515151515151,0.6310315028394047,3.0,5.0
1059,36,3.7222222222222223,0.921523927636363,1.0,5.0
85354,3,3.5,1.3228756555322954,2.0,4.5
1379,11,3.0,1.3416407864998738,1.0,5.0
82202,7,2.7142857142857144,1.14953406710222,1.0,4.0
2875,10,2.95,0.6851601597031488,2.0,4.0
4577,3,3.8333333333333335,0.7637626158259733,3.0,4.5
171759,1,3.0,,3.0,3.0
2356,5,2.6,0.9617692030835673,1.0,3.5
3201,8,4.5,0.5976143046671969,3.5,5.0
26429,1,4.0,,4.0,4.0
91666,1,4.0,,4.0,4.0
2298,1,4.0,,4.0,4.0
62439,3,4.0,0.8660254037844386,3.0,4.5
168266,4,3.75,0.2886751345948129,3.5,4.0
80126,4,2.625,1.547847968417226,0.5,4.0
7352,2,4.0,0.0,4.0,4.0
5540,9,3.611111111111111,0.961046882889233,2.5,5.0
183897,5,3.5,1.2747548783981963,1.5,5.0
43871,8,2.75,0.5976143046671968,1.5,3.5
45442,4,2.875,0.6291528696058959,2.0,3.5
33085,6,2.25,0.9354143466934853,0.5,3.0
3511,6,2.25,1.2942179105544784,0.5,4.0
26523,1,3.5,,3.5,3.5
7238,1,4.0,,4.0,4.0
60818,1,4.0,,4.0,4.0
84696,1,4.0,,4.0,4.0
133281,1,2.0,,2.0,2.0
151315,3,2.0,1.8027756377319946,0.5,4.0
1932,1,3.5,,3.5,3.5
4184,1,4.0,,4.0,4.0
6400,1,3.5,,3.5,3.5
8521,2,2.0,2.1213203435596424,0.5,3.5
5767,1,3.5,,3.5,3.5
3962,1,1.5,,1.5,1.5
2304,1,4.0,,4.0,4.0
81520,1,4.0,,4.0,4.0
131610,1,5.0,,5.0,5.0
3099,7,3.0714285714285716,1.592392629257711,1.0,5.0
1377,60,3.025,0.8802205039609223,1.0,5.0
2099,6,3.4166666666666665,0.664580067912563,2.5,4.0
2273,42,3.261904761904762,0.8987667379498777,1.0,5.0
310,1,3.0,,3.0,3.0
485,53,2.9339622641509435,0.9659478000362004,0.5,5.0
838,30,3.9166666666666665,0.881645535674464,2.0,5.0
4223,40,3.5125,0.909264989160377,1.5,5.0
6539,149,3.778523489932886,0.8329825732570283,0.5,5.0
82499,3,2.6666666666666665,0.7637626158259733,2.0,3.5
95167,30,3.466666666666667,0.9820223093657058,0.5,5.0
742,11,2.8181818181818183,1.1016516525818694,1.0,4.0
4855,20,3.775,0.6781359900879997,2.5,5.0
4626,2,3.5,0.7071067811865476,3.0,4.0
7379,6,3.5,0.5477225575051661,3.0,4.5
1513,29,2.9655172413793105,0.9722124481485388,0.5,4.5
2297,14,3.642857142857143,0.928782731664065,2.0,5.0
2906,7,2.5714285714285716,1.511857892036909,1.0,5.0
6793,11,1.7727272727272727,1.1481209945740989,0.5,4.0
54881,12,3.9166666666666665,0.6685579234215216,3.0,5.0
6235,3,4.333333333333333,0.7637626158259733,3.5,5.0
900,12,3.7083333333333335,0.6556860852757533,2.5,5.0
77688,1,4.5,,4.5,4.5
88812,6,2.6666666666666665,0.752772652709081,1.5,3.5
107951,1,5.0,,5.0,5.0
140133,1,5.0,,5.0,5.0
7650,3,2.0,1.5,0.5,3.5
3102,7,3.5714285714285716,0.607492896293956,3.0,4.5
43917,4,3.0,0.7071067811865475,2.0,3.5
6429,1,4.0,,4.0,4.0
4133,8,2.5625,0.9425459443140463,1.0,3.5
698,1,1.0,,1.0,1.0
870,2,1.0,0.0,1.0,1.0
27882,4,4.0,0.7071067811865475,3.0,4.5
85342,7,4.357142857142857,0.5563486402641868,3.5,5.0
3938,2,2.75,1.0606601717798212,2.0,3.5
7846,3,3.0,0.5,2.5,3.5
171765,2,3.75,0.3535533905932738,3.5,4.0
6818,2,5.0,0.0,5.0,5.0
65740,1,4.0,,4.0,4.0
69953,1,3.5,,3.5,3.5
2442,3,3.8333333333333335,0.2886751345948129,3.5,4.0
92048,2,3.25,1.0606601717798212,2.5,4.0
101739,2,3.25,0.3535533905932738,3.0,3.5
163056,1,4.0,,4.0,4.0
5575,1,2.0,,2.0,2.0
87785,2,2.75,1.0606601717798212,2.0,3.5
34540,1,3.0,,3.0,3.0
89580,1,4.0,,4.0,4.0
90943,1,5.0,,5.0,5.0
6055,2,2.25,1.7677669529663689,1.0,3.5
568,2,3.5,0.7071067811865476,3.0,4.0
4453,1,3.5,,3.5,3.5
2523,2,2.5,0.7071067811865476,2.0,3.0
124859,1,2.0,,2.0,2.0
7618,2,3.5,0.0,3.5,3.5
7714,1,4.0,,4.0,4.0
5704,1,2.0,,2.0,2.0
185473,1,3.0,,3.0,3.0
55946,2,4.0,1.4142135623730951,3.0,5.0
26612,2,4.0,1.4142135623730951,3.0,5.0
94122,1,2.0,,2.0,2.0
4840,1,4.0,,4.0,4.0
1272,33,4.121212121212121,1.1991553214027302,0.5,5.0
196,45,2.6666666666666665,0.917010954628728,0.5,4.0
437,9,2.1666666666666665,0.7071067811865476,1.0,3.0
95510,30,3.25,1.2016511628760567,0.5,5.0
1438,24,2.625,0.9918143234365557,1.0,5.0
162350,6,3.5833333333333335,0.6645800679125629,2.5,4.5
829,9,2.6666666666666665,1.0,1.0,4.0
2369,24,2.6666666666666665,0.8030738049717997,1.0,4.0
2135,11,3.772727272727273,1.0808246010254476,1.5,5.0
6156,19,3.210526315789474,0.7324955341859356,1.5,4.5
456,4,3.75,1.3228756555322954,2.0,5.0
60943,1,4.5,,4.5,4.5
1945,24,4.1875,0.9533978137715379,1.0,5.0
69712,1,4.0,,4.0,4.0
92475,2,4.25,0.3535533905932738,4.0,4.5
2202,7,4.357142857142857,0.7480132415430958,3.0,5.0
6591,6,4.333333333333333,0.6055300708194984,3.5,5.0
136359,1,5.0,,5.0,5.0
140481,1,4.5,,4.5,4.5
6433,3,3.3333333333333335,1.5275252316519468,2.0,5.0
172585,1,5.0,,5.0,5.0
44694,8,3.8125,0.7039429765866794,2.5,4.5
1957,13,4.038461538461538,0.7205766921228923,3.0,5.0
4440,2,3.75,1.7677669529663689,2.5,5.0
3129,3,3.6666666666666665,0.5773502691896258,3.0,4.0
2469,7,3.2142857142857144,1.14953406710222,1.0,4.5
59985,1,4.0,,4.0,4.0
62511,4,3.125,1.1086778913041726,1.5,4.0
184253,2,2.25,2.4748737341529163,0.5,4.0
140162,1,4.5,,4.5,4.5
5531,2,2.75,0.3535533905932738,2.5,3.0
3823,2,4.0,0.0,4.0,4.0
74530,7,2.357142857142857,0.944911182523068,0.5,3.5
7051,2,3.5,0.7071067811865476,3.0,4.0
7086,1,3.5,,3.5,3.5
33649,1,5.0,,5.0,5.0
26195,1,3.0,,3.0,3.0
49110,1,2.0,,2.0,2.0
62970,2,2.25,1.0606601717798212,1.5,3.0
156675,1,2.0,,2.0,2.0
441,42,3.9285714285714284,0.9276999394741536,1.0,5.0
733,121,3.6404958677685952,0.9088067737787368,0.5,5.0
2174,91,3.4725274725274726,0.9078749221323793,0.5,5.0
2338,18,2.0555555555555554,1.0966377611066325,1.0,5.0
800,19,4.157894736842105,0.9725772117156242,2.0,5.0
290,14,4.035714285714286,0.842712783316377,3.0,5.0
217,6,2.3333333333333335,1.505545305418162,1.0,5.0
986,13,3.5384615384615383,0.6910601294852008,2.5,5.0
31433,11,3.1363636363636362,0.9244162777371755,1.0,4.5
51662,80,3.68125,0.928602291182761,0.5,5.0
111759,44,3.977272727272727,0.7149121384831343,1.5,5.0
2171,8,3.3125,0.9613049166924836,2.0,5.0
5630,31,3.435483870967742,1.1309430834770227,0.5,5.0
30825,33,3.106060606060606,0.9743393254981147,0.5,5.0
88744,27,3.462962962962963,1.0554430889252693,0.5,5.0
1643,5,3.8,0.8366600265340756,3.0,5.0
59501,12,3.5416666666666665,0.5418123347254158,2.5,4.0
4068,7,2.7142857142857144,1.1126972805283735,1.0,4.0
948,6,3.9166666666666665,0.6645800679125629,3.0,5.0
158882,1,5.0,,5.0,5.0
3563,3,2.5,0.5,2.0,3.0
1833,13,3.0,0.816496580927726,2.0,4.0
42191,2,3.75,1.0606601717798212,3.0,4.5
1735,11,3.3181818181818183,0.9816498172140428,2.0,5.0
131023,1,4.5,,4.5,4.5
2561,4,2.75,0.5,2.0,3.0
27674,4,3.75,0.5,3.0,4.0
33880,4,3.75,0.6454972243679028,3.0,4.5
5387,3,4.0,1.3228756555322954,2.5,5.0
7038,1,4.0,,4.0,4.0
3422,6,3.3333333333333335,0.816496580927726,2.0,4.0
6405,2,3.25,0.3535533905932738,3.0,3.5
74075,2,1.0,0.0,1.0,1.0
4345,3,4.0,1.0,3.0,5.0
3971,2,2.75,0.3535533905932738,2.5,3.0
3710,3,1.6666666666666667,0.5773502691896258,1.0,2.0
3423,3,2.1666666666666665,0.7637626158259733,1.5,3.0
116505,1,3.0,,3.0,3.0
115969,1,4.0,,4.0,4.0
95473,1,4.0,,4.0,4.0
96726,1,1.5,,1.5,1.5
6031,2,3.5,0.7071067811865476,3.0,4.0
7190,1,3.5,,3.5,3.5
8446,1,2.5,,2.5,2.5
43684,1,4.5,,4.5,4.5
171695,1,3.0,,3.0,3.0
35347,1,1.0,,1.0,1.0
5856,1,4.0,,4.0,4.0
7344,1,3.5,,3.5,3.5
129313,1,4.0,,4.0,4.0
4495,1,5.0,,5.0,5.0
3273,29,2.6724137931034484,1.1747025616616251,0.5,5.0
537,12,3.1666666666666665,0.834847109936722,1.0,4.0
1037,24,2.7708333333333335,0.9438492725405695,1.0,4.0
5956,55,3.518181818181818,0.9858425441648995,0.5,5.0
69406,16,3.5,0.9309493362512627,1.5,5.0
3513,7,3.0714285714285716,0.8380817098475258,1.5,4.0
2081,67,3.425373134328358,1.0739820103992617,0.5,5.0
8641,57,3.7719298245614037,0.7323529559784174,1.5,5.0
102125,32,3.5625,0.981687158630159,0.5,5.0
91535,18,3.138888888888889,0.8189942820233412,2.0,5.0
103384,7,2.7857142857142856,1.14953406710222,1.0,4.0
54997,25,4.06,0.768114574786861,2.0,5.0
67534,2,2.75,0.3535533905932738,2.5,3.0
307,24,3.8958333333333335,1.1513618275637831,1.0,5.0
1545,2,4.5,0.7071067811865476,4.0,5.0
3326,3,3.1666666666666665,1.6072751268321592,2.0,5.0
4361,32,3.421875,1.0784500152922576,1.0,5.0
62336,9,4.277777777777778,0.7949493345141213,3.0,5.0
91094,10,2.6,1.390443574307614,1.0,5.0
149406,8,3.375,1.026436275942851,2.0,5.0
1096,10,4.05,0.9846036991827953,2.5,5.0
27473,1,2.5,,2.5,2.5
326,3,4.0,1.0,3.0,5.0
115111,1,3.5,,3.5,3.5
766,4,3.5,0.5773502691896257,3.0,4.0
7380,7,3.357142857142857,0.37796447300922725,3.0,4.0
88345,1,4.0,,4.0,4.0
100553,2,4.5,0.0,4.5,4.5
174551,1,5.0,,5.0,5.0
4613,1,2.0,,2.0,2.0
1727,4,3.75,0.8660254037844386,3.0,5.0
6551,1,4.0,,4.0,4.0
229,7,3.4285714285714284,0.8380817098475258,2.5,5.0
2983,1,4.0,,4.0,4.0
119167,1,3.5,,3.5,3.5
31692,1,0.5,,0.5,0.5
4916,3,3.3333333333333335,0.5773502691896258,3.0,4.0
66171,2,3.0,0.7071067811865476,2.5,3.5
7303,4,4.0,0.408248290463863,3.5,4.5
5938,2,4.5,0.7071067811865476,4.0,5.0
823,1,3.5,,3.5,3.5
4444,3,4.166666666666667,0.7637626158259733,3.5,5.0
52950,2,2.5,0.7071067811865476,2.0,3.0
4290,1,2.0,,2.0,2.0
66090,1,4.0,,4.0,4.0
101884,1,1.5,,1.5,1.5
133365,1,2.0,,2.0,2.0
6454,1,3.5,,3.5,3.5
44197,1,3.0,,3.0,3.0
68552,1,2.0,,2.0,2.0
5503,1,4.0,,4.0,4.0
5840,1,4.0,,4.0,4.0
2872,25,3.64,1.0157099323461727,1.5,5.0
2991,23,3.6956521739130435,0.7498352915319987,2.5,5.0
4881,17,3.735294117647059,0.7524469885568252,2.5,5.0
494,41,3.3780487804878048,0.979671423264441,1.0,5.0
113394,1,4.0,,4.0,4.0
1036,145,3.8620689655172415,0.9118867014721942,0.5,5.0
74789,28,2.875,1.050793351076541,0.5,5.0
141688,2,3.5,0.7071067811865476,3.0,4.0
160438,9,2.7222222222222223,1.0639287779003088,1.5,5.0
173,62,2.6693548387096775,1.0280633886301838,0.5,5.0
810,12,2.25,1.4381174563233068,0.5,5.0
2111,10,3.25,0.6346477588219923,2.0,4.0
2402,19,2.6578947368421053,1.067872125861979,1.0,4.5
108156,6,3.1666666666666665,0.6831300510639732,2.0,4.0
100383,6,3.9166666666666665,0.6645800679125629,3.5,5.0
111732,1,3.5,,3.5,3.5
4215,6,2.0833333333333335,0.8612007121842542,1.0,3.5
6564,17,2.6470588235294117,0.9963167462326072,0.5,4.5
103341,18,3.4166666666666665,1.2976222599091636,0.5,5.0
44004,6,3.25,0.758287544405155,2.0,4.0
58291,1,4.5,,4.5,4.5
3018,10,3.45,1.0658851303546322,1.0,4.5
2495,3,4.0,1.3228756555322954,2.5,5.0
91261,1,3.5,,3.5,3.5
134849,1,4.0,,4.0,4.0
26171,3,3.1666666666666665,2.3629078131263044,0.5,5.0
813,5,2.8,0.8366600265340756,2.0,4.0
2970,4,3.375,0.75,3.0,4.5
5131,2,3.25,1.7677669529663689,2.0,4.5
8916,3,3.0,0.5,2.5,3.5
5319,6,3.5,1.0488088481701514,2.0,4.5
5127,3,3.5,0.8660254037844386,2.5,4.0
8241,1,4.0,,4.0,4.0
278,2,1.5,0.7071067811865476,1.0,2.0
106785,1,3.0,,3.0,3.0
7030,2,2.75,0.3535533905932738,2.5,3.0
4210,6,3.9166666666666665,0.7359800721939873,3.0,5.0
26225,1,4.5,,4.5,4.5
71131,2,4.5,0.7071067811865476,4.0,5.0
90630,1,3.5,,3.5,3.5
188833,1,4.5,,4.5,4.5
104457,2,3.75,1.0606601717798212,3.0,4.5
31737,1,3.5,,3.5,3.5
8738,1,5.0,,5.0,5.0
59295,1,1.0,,1.0,1.0
5752,1,3.0,,3.0,3.0
118924,2,3.0,0.0,3.0,3.0
89090,1,4.5,,4.5,4.5
2929,2,3.25,0.3535533905932738,3.0,3.5
8730,2,4.0,0.7071067811865476,3.5,4.5
8989,1,3.5,,3.5,3.5
83270,1,2.0,,2.0,2.0
3660,2,2.0,1.4142135623730951,1.0,3.0
8425,1,2.0,,2.0,2.0
27002,1,3.5,,3.5,3.5
301,1,4.0,,4.0,4.0
4690,2,3.25,0.3535533905932738,3.0,3.5
220,1,3.0,,3.0,3.0
5720,1,2.5,,2.5,2.5
7984,1,4.0,,4.0,4.0
47937,1,3.0,,3.0,3.0
2046,24,3.2083333333333335,0.832970935693524,0.5,4.0
2993,24,3.4791666666666665,0.6990547448032122,2.0,5.0
2204,4,3.875,0.8539125638299665,3.0,5.0
4020,13,2.923076923076923,0.731612199362757,1.0,4.0
4,7,2.357142857142857,0.8521681032463467,1.0,3.0
445,12,3.0,0.8528028654224418,1.0,4.0
73017,58,3.853448275862069,0.7666778452063868,2.0,5.0
2581,36,2.9583333333333335,1.0781929326423911,1.0,5.0
5608,11,3.8636363636363638,0.7103136311133658,2.5,4.5
1779,23,2.760869565217391,0.9153931745603201,1.0,4.0
3505,9,3.7222222222222223,0.9052317076000179,2.5,5.0
51084,10,3.1,0.9660917830792958,0.5,4.0
4333,10,3.2,1.1105554165971787,1.0,4.0
7360,16,3.90625,1.0201102881551585,1.0,5.0
3653,3,4.166666666666667,1.0408329997330663,3.0,5.0
5049,11,3.590909090909091,0.8312094145936335,2.0,5.0
72489,3,4.166666666666667,0.2886751345948129,4.0,4.5
112788,5,2.6,0.7416198487095663,1.5,3.5
55,1,4.0,,4.0,4.0
1340,3,3.1666666666666665,0.2886751345948129,3.0,3.5
5363,9,2.5,0.8660254037844386,1.0,3.5
6003,15,3.6,0.5070925528371099,3.0,4.5
127198,6,3.5833333333333335,0.7359800721939873,2.5,4.5
167732,1,3.5,,3.5,3.5
1318,1,2.0,,2.0,2.0
3093,4,3.75,0.8660254037844386,3.0,5.0
27821,6,3.25,0.5244044240850757,2.5,4.0
55391,1,4.5,,4.5,4.5
5556,3,1.5,0.5,1.0,2.0
31193,1,3.5,,3.5,3.5
113207,1,3.5,,3.5,3.5
3926,1,3.0,,3.0,3.0
58655,2,3.5,2.1213203435596424,2.0,5.0
3830,2,1.5,1.4142135623730951,0.5,2.5
111443,2,2.75,0.3535533905932738,2.5,3.0
95004,1,4.0,,4.0,4.0
142372,2,2.75,1.0606601717798212,2.0,3.5
26231,1,4.0,,4.0,4.0
6344,1,3.5,,3.5,3.5
4573,1,2.0,,2.0,2.0
4721,4,2.125,1.6520189667999174,0.5,4.0
6280,2,2.25,0.3535533905932738,2.0,2.5
6348,3,1.6666666666666667,1.0408329997330663,0.5,2.5
55687,1,4.5,,4.5,4.5
141994,1,0.5,,0.5,0.5
4646,1,1.5,,1.5,1.5
132454,1,3.5,,3.5,3.5
9004,1,2.0,,2.0,2.0
5742,1,4.0,,4.0,4.0
26599,1,4.0,,4.0,4.0
43289,1,4.0,,4.0,4.0
71910,1,2.5,,2.5,2.5
111551,1,3.5,,3.5,3.5
135534,1,3.5,,3.5,3.5
2424,50,3.12,1.1045361017187263,0.5,5.0
450,7,3.0,0.8164965809277261,2.0,4.0
930,20,4.25,0.525657483037847,3.0,5.0
8,8,2.875,1.1259916264596033,1.0,5.0
100,14,2.7857142857142856,0.699293206753068,1.0,4.0
44665,38,3.8552631578947367,0.6868248009897597,2.0,5.0
56757,30,3.716666666666667,0.8578575290978595,1.0,5.0
65596,1,4.0,,4.0,4.0
88094,1,3.0,,3.0,3.0
95441,21,3.2857142857142856,0.9819805060619657,1.5,5.0
4054,16,2.84375,1.1063265039459793,0.5,4.5
4299,41,3.341463414634146,1.0273693614655095,0.5,5.0
58998,39,3.769230769230769,0.9448346683982798,1.0,5.0
61160,7,2.357142857142857,0.9880235200593537,1.0,4.0
59129,2,2.0,0.7071067811865476,1.5,2.5
6567,3,3.5,0.5,3.0,4.0
2574,6,2.0,0.8944271909999159,1.0,3.0
2159,7,3.9285714285714284,0.8864052604279183,2.5,5.0
3959,8,3.625,0.8762745818846642,2.5,5.0
8866,9,3.111111111111111,1.024017143953709,1.5,4.5
7209,3,3.5,0.8660254037844386,2.5,4.0
118572,2,3.5,0.7071067811865476,3.0,4.0
167854,1,4.5,,4.5,4.5
4254,13,2.1923076923076925,1.2338702919820614,0.5,4.0
26236,1,4.0,,4.0,4.0
119153,1,4.5,,4.5,4.5
4066,4,2.875,0.8539125638299665,2.0,4.0
6212,6,1.9166666666666667,0.6645800679125629,1.0,2.5
4160,4,4.125,0.8539125638299665,3.0,5.0
4313,2,3.5,0.0,3.5,3.5
6425,2,1.5,0.7071067811865476,1.0,2.0
30883,2,1.5,0.0,1.5,1.5
757,1,4.0,,4.0,4.0
4248,6,1.75,1.5732132722552274,0.5,4.0
3889,6,2.25,0.758287544405155,1.0,3.0
121253,1,3.0,,3.0,3.0
136024,1,3.0,,3.0,3.0
44864,4,3.25,0.6454972243679028,2.5,4.0
103502,1,1.5,,1.5,1.5
6966,3,3.8333333333333335,0.2886751345948129,3.5,4.0
100556,1,5.0,,5.0,5.0
183199,1,4.0,,4.0,4.0
3739,1,3.5,,3.5,3.5
8153,1,2.5,,2.5,2.5
449,1,1.0,,1.0,1.0
176415,1,3.5,,3.5,3.5
135288,1,3.0,,3.0,3.0
151557,1,2.5,,2.5,2.5
495,1,5.0,,5.0,5.0
241,1,4.0,,4.0,4.0
8667,1,3.5,,3.5,3.5
134021,1,2.5,,2.5,2.5
135198,1,4.0,,4.0,4.0
1256,23,3.8043478260869565,1.1455361035021452,1.0,5.0
3479,18,3.3333333333333335,0.8224783208299743,1.5,4.0
1279,8,4.125,0.9543135154205276,2.0,5.0
161,103,3.6359223300970873,0.8778152881915151,1.0,5.0
40819,39,3.7564102564102564,0.687020597176438,2.0,5.0
1385,24,2.8541666666666665,1.0578810513666363,0.5,5.0
555,65,3.8,0.9048480535426928,2.0,5.0
88129,32,3.765625,0.9836106543520351,0.5,5.0
2687,24,3.4583333333333335,0.9881544795032399,1.5,5.0
90249,6,3.0,1.0954451150103321,1.0,4.0
134368,16,3.6875,0.963932916061417,1.0,5.0
139642,6,2.8333333333333335,1.3662601021279464,0.5,4.0
104863,3,2.6666666666666665,1.8929694486000912,0.5,4.0
54281,5,3.5,0.6123724356957945,3.0,4.5
987,1,3.0,,3.0,3.0
74698,3,2.1666666666666665,0.2886751345948129,2.0,2.5
6283,20,3.9,0.736277979541623,2.0,5.0
3629,7,4.071428571428571,0.5345224838248488,3.0,4.5
156371,3,4.166666666666667,0.7637626158259733,3.5,5.0
1066,4,4.5,0.5773502691896258,4.0,5.0
177615,3,3.3333333333333335,1.0408329997330663,2.5,4.5
180985,5,3.0,1.2747548783981961,1.0,4.5
3036,7,3.7857142857142856,1.0745984853711197,2.0,5.0
147374,3,4.166666666666667,1.0408329997330663,3.0,5.0
58105,5,3.4,0.8215838362577492,2.0,4.0
2937,5,4.1,0.9617692030835673,2.5,5.0
2163,5,2.2,0.758287544405155,1.0,3.0
115664,2,4.0,0.7071067811865476,3.5,4.5
5925,2,2.0,0.0,2.0,2.0
1996,4,1.875,1.030776406404415,1.0,3.0
114713,2,3.0,0.7071067811865476,2.5,3.5
6816,1,4.0,,4.0,4.0
53453,1,0.5,,0.5,0.5
6965,1,3.5,,3.5,3.5
26791,1,1.5,,1.5,1.5
65193,1,3.0,,3.0,3.0
80834,1,3.5,,3.5,3.5
96518,1,3.0,,3.0,3.0
1397,2,4.0,0.0,4.0,4.0
54910,1,4.0,,4.0,4.0
60471,1,3.5,,3.5,3.5
1060,36,3.6944444444444446,1.0972548719273267,1.0,5.0
2959,218,4.272935779816514,0.8613843779335714,0.5,5.0
4002,27,3.8518518518518516,1.0078043042523264,0.5,5.0
39,104,3.293269230769231,1.0371979076466489,0.5,5.0
719,35,2.842857142857143,0.9759718276688941,1.0,4.5
981,2,3.0,0.0,3.0,3.0
922,27,4.333333333333333,0.6650621717611762,2.5,5.0
5418,112,3.8169642857142856,0.8903778318206738,0.5,5.0
64197,2,4.75,0.3535533905932738,4.5,5.0
1015,20,2.95,0.9304780887716866,1.0,4.0
1022,42,3.488095238095238,0.7924036852921471,2.0,5.0
3157,19,2.8421052631578947,1.0007307271709476,0.5,5.0
2579,6,3.8333333333333335,0.25819888974716115,3.5,4.0
5064,32,3.828125,0.8482370237068745,1.5,5.0
23,16,3.125,1.118033988749895,1.0,5.0
58803,18,3.75,0.6697233845138647,2.0,5.0
96811,6,3.9166666666666665,0.6645800679125627,3.0,5.0
1254,16,3.65625,1.0911576421397597,0.5,5.0
4105,22,3.8181818181818183,0.8528028654224418,2.0,5.0
31925,1,4.0,,4.0,4.0
2784,2,3.25,0.3535533905932738,3.0,3.5
5792,6,3.6666666666666665,0.8755950357709132,2.5,5.0
162578,6,4.0,0.7071067811865476,3.0,5.0
100843,1,3.5,,3.5,3.5
25746,1,3.0,,3.0,3.0
25750,2,3.0,1.4142135623730951,2.0,4.0
1685,1,3.0,,3.0,3.0
679,1,4.0,,4.0,4.0
26870,3,2.6666666666666665,0.7637626158259734,2.0,3.5
66783,2,3.0,0.0,3.0,3.0
5603,2,4.5,0.7071067811865476,4.0,5.0
53883,1,4.5,,4.5,4.5
8998,1,4.0,,4.0,4.0
4939,1,3.0,,3.0,3.0
33893,1,4.5,,4.5,4.5
88672,2,3.25,0.3535533905932738,3.0,3.5
5602,1,3.5,,3.5,3.5
6390,1,3.5,,3.5,3.5
5797,1,2.0,,2.0,2.0
79006,1,4.5,,4.5,4.5
50942,1,3.5,,3.5,3.5
104837,1,2.0,,2.0,2.0
111785,1,0.5,,0.5,0.5
26777,1,4.0,,4.0,4.0
133771,7,4.0,0.7071067811865475,3.0,5.0
736,123,3.321138211382114,1.0482813438304641,1.0,5.0
176,13,4.3076923076923075,0.5219539227133918,3.5,5.0
4252,2,3.25,0.3535533905932738,3.0,3.5
380,178,3.497191011235955,0.9120926317859902,0.5,5.0
520,69,3.130434782608696,1.0663715757633019,1.0,5.0
8984,43,3.2906976744186047,1.0306756807085278,0.5,5.0
63113,35,3.4571428571428573,0.8434124363649885,0.5,4.5
152077,14,3.6785714285714284,0.7495419846901084,2.5,5.0
3263,22,3.0454545454545454,0.9625003513801573,1.0,4.5
111362,30,3.8333333333333335,0.7805097067294232,2.0,5.0
1614,26,2.7884615384615383,1.1590778828282153,0.5,4.0
1717,31,2.9193548387096775,1.0008061266927808,0.5,5.0
1754,15,3.5,0.9063269671749656,2.0,5.0
2315,6,2.1666666666666665,1.2110601416389966,0.5,3.5
4369,45,3.066666666666667,0.9862693712811286,0.5,5.0
6170,3,3.5,0.5,3.0,4.0
6857,13,3.769230769230769,0.9919548170024475,1.5,5.0
1287,34,3.9411764705882355,0.9905975078001625,0.5,5.0
44974,12,3.5,1.348399724926484,0.5,5.0
44719,1,2.5,,2.5,2.5
174053,4,4.75,0.5,4.0,5.0
5023,2,4.0,0.0,4.0,4.0
45221,6,2.5833333333333335,0.8612007121842542,1.5,4.0
1041,11,4.590909090909091,0.4908249086070214,4.0,5.0
791,1,4.0,,4.0,4.0
1116,1,4.0,,4.0,4.0
8581,4,4.0,0.408248290463863,3.5,4.5
1111,4,4.125,0.6291528696058957,3.5,5.0
170411,1,4.0,,4.0,4.0
170357,1,4.0,,4.0,4.0
3964,3,3.0,0.5,2.5,3.5
5425,2,4.25,0.3535533905932738,4.0,4.5
7354,3,3.3333333333333335,0.2886751345948129,3.0,3.5
27850,2,3.75,0.3535533905932738,3.5,4.0
49,1,3.0,,3.0,3.0
1677,1,2.0,,2.0,2.0
5076,3,2.5,0.5,2.0,3.0
4334,5,4.6,0.5477225575051661,4.0,5.0
121169,1,3.5,,3.5,3.5
27329,1,4.0,,4.0,4.0
8952,1,3.5,,3.5,3.5
97866,2,4.75,0.3535533905932738,4.5,5.0
2665,1,1.0,,1.0,1.0
157407,1,1.5,,1.5,1.5
3756,1,4.0,,4.0,4.0
4080,2,3.25,0.3535533905932738,3.0,3.5
7382,2,4.25,0.3535533905932738,4.0,4.5
7713,1,4.0,,4.0,4.0
8293,1,3.5,,3.5,3.5
7455,1,3.0,,3.0,3.0
70637,1,4.0,,4.0,4.0
5596,1,1.5,,1.5,1.5
3002,1,4.0,,4.0,4.0
7487,1,4.0,,4.0,4.0
27178,1,4.0,,4.0,4.0
51314,1,4.5,,4.5,4.5
73741,1,3.0,,3.0,3.0
135803,1,3.5,,3.5,3.5
162,17,4.205882352941177,0.6388178420286317,3.0,5.0
7,54,3.185185185185185,0.9775609631923282,1.0,5.0
637,33,3.0454545454545454,1.0410604296494117,1.0,5.0
134130,48,4.0,0.5742710457985442,2.5,5.0
2034,9,2.611111111111111,1.1666666666666667,1.0,4.0
7924,1,3.5,,3.5,3.5
2272,2,2.75,0.3535533905932738,2.5,3.0
55274,2,2.75,0.3535533905932738,2.5,3.0
64997,2,3.0,0.7071067811865476,2.5,3.5
514,18,3.4166666666666665,1.0744355563298724,2.0,5.0
1431,16,2.46875,1.2037268516292778,0.5,4.0
101072,1,2.5,,2.5,2.5
2935,8,4.0,1.3093073414159544,1.0,5.0
6385,14,3.75,1.1726039399558574,0.5,5.0
8154,6,3.75,0.8803408430829504,2.5,5.0
80363,7,3.142857142857143,0.8017837257372731,2.0,4.0
99122,1,3.5,,3.5,3.5
128968,2,4.0,1.4142135623730951,3.0,5.0
143031,1,5.0,,5.0,5.0
4909,2,2.0,0.0,2.0,2.0
5165,2,4.0,0.0,4.0,4.0
7561,1,3.5,,3.5,3.5
30803,3,4.5,0.5,4.0,5.0
95761,1,4.5,,4.5,4.5
7773,2,4.0,0.0,4.0,4.0
1432,7,2.7142857142857144,1.2198750911856664,1.0,4.0
7728,3,3.6666666666666665,0.5773502691896258,3.0,4.0
2436,6,4.25,0.8803408430829507,3.0,5.0
38798,4,3.125,0.8539125638299665,2.0,4.0
7646,2,3.0,1.4142135623730951,2.0,4.0
116138,1,2.0,,2.0,2.0
64501,1,5.0,,5.0,5.0
85788,3,2.6666666666666665,0.7637626158259733,2.0,3.5
72714,1,4.0,,4.0,4.0
84414,2,4.25,1.0606601717798212,3.5,5.0
107723,1,3.0,,3.0,3.0
6063,3,3.3333333333333335,0.7637626158259734,2.5,4.0
549,2,4.5,0.7071067811865476,4.0,5.0
6574,1,1.0,,1.0,1.0
7251,1,4.0,,4.0,4.0
43912,1,2.0,,2.0,2.0
169992,1,3.5,,3.5,3.5
91325,2,2.75,1.0606601717798212,2.0,3.5
6760,2,3.0,0.0,3.0,3.0
72308,2,4.25,0.3535533905932738,4.0,4.5
3294,1,1.5,,1.5,1.5
40478,1,2.5,,2.5,2.5
95199,1,3.0,,3.0,3.0
4490,1,2.0,,2.0,2.0
95965,1,4.0,,4.0,4.0
137345,1,2.0,,2.0,2.0
27744,1,4.5,,4.5,4.5
7377,1,3.5,,3.5,3.5
648,162,3.537037037037037,0.901268180966944,0.5,5.0
115713,28,3.9107142857142856,1.1789321237378139,0.5,5.0
3024,7,2.642857142857143,1.1073348527841413,1.0,4.5
2717,47,3.0,0.8784868413555107,0.5,5.0
58047,14,3.4285714285714284,0.8052028616141701,2.0,5.0
2918,109,3.8394495412844036,0.8330019728561242,1.0,5.0
158238,15,3.8333333333333335,0.7943251103624894,2.0,5.0
110553,11,2.6363636363636362,0.8686457589520913,1.0,4.0
2912,14,3.892857142857143,0.7384644001776053,2.5,5.0
238,2,4.0,1.4142135623730951,3.0,5.0
8874,77,4.0064935064935066,0.9301015312910258,1.0,5.0
59018,1,4.5,,4.5,4.5
446,9,3.8333333333333335,1.2990381056766578,1.0,5.0
1365,6,3.5833333333333335,0.4915960401250875,3.0,4.0
2357,6,4.416666666666667,0.4915960401250876,4.0,5.0
4437,8,3.9375,1.2938729237669142,1.5,5.0
34338,10,3.35,1.3133925536563698,1.0,5.0
1498,5,3.0,0.7905694150420949,2.0,4.0
8861,14,2.9285714285714284,0.9972489631508746,2.0,5.0
2136,14,2.4642857142857144,1.1513250846522238,0.5,5.0
6402,1,5.0,,5.0,5.0
66798,2,2.75,1.0606601717798212,2.0,3.5
92643,2,4.5,0.7071067811865476,4.0,5.0
4109,7,2.5714285714285716,1.0578504710249075,1.0,4.0
57504,10,4.1,0.737864787372622,3.0,5.0
107410,1,4.0,,4.0,4.0
172825,1,4.5,,4.5,4.5
167634,1,4.5,,4.5,4.5
158783,3,2.6666666666666665,1.8929694486000912,0.5,4.0
26776,14,3.892857142857143,0.7384644001776052,2.0,5.0
2070,5,3.4,1.3416407864998738,1.0,4.0
5187,3,4.0,0.0,4.0,4.0
4522,1,1.0,,1.0,1.0
2988,3,4.0,0.0,4.0,4.0
70663,1,2.5,,2.5,2.5
52375,2,3.5,0.0,3.5,3.5
26003,1,4.5,,4.5,4.5
173291,4,2.875,1.181453906563152,2.0,4.5
5075,3,3.6666666666666665,1.5275252316519468,2.0,5.0
104076,4,1.875,1.25,0.5,3.5
1662,2,3.0,0.0,3.0,3.0
6035,2,3.25,1.0606601717798212,2.5,4.0
48319,1,2.0,,2.0,2.0
127130,1,4.0,,4.0,4.0
96430,1,5.0,,5.0,5.0
137517,1,0.5,,0.5,0.5
2677,4,4.375,0.47871355387816905,4.0,5.0
6434,1,3.0,,3.0,3.0
25865,1,4.0,,4.0,4.0
112316,1,2.5,,2.5,2.5
46231,1,2.0,,2.0,2.0
89862,1,3.5,,3.5,3.5
128197,1,2.0,,2.0,2.0
8454,1,3.5,,3.5,3.5
720,27,4.092592592592593,1.2328596919126766,0.5,5.0
5481,65,2.8461538461538463,1.052983398948691,0.5,5.0
59421,8,2.75,1.164964745021435,0.5,4.0
1358,47,3.8404255319148937,1.0483236254524533,0.5,5.0
26444,2,4.0,0.7071067811865476,3.5,4.5
3852,13,3.3846153846153846,0.9607689228305227,1.0,5.0
164909,9,3.388888888888889,1.1395661942647783,1.0,5.0
56782,28,4.142857142857143,0.8034317926884931,2.0,5.0
3169,5,3.3,0.6708203932499369,2.5,4.0
31420,8,3.1875,0.5303300858899106,2.5,4.0
79224,8,2.5,1.3093073414159542,0.5,4.0
140928,5,3.2,0.8366600265340756,2.5,4.5
3628,2,3.0,1.4142135623730951,2.0,4.0
8014,10,4.25,0.5400617248673216,3.5,5.0
50658,2,4.0,0.0,4.0,4.0
106927,1,3.0,,3.0,3.0
5072,13,3.9615384615384617,0.6910601294852008,3.0,5.0
170597,1,5.0,,5.0,5.0
1422,4,2.75,1.2583057392117916,1.0,4.0
3864,5,2.1,1.140175425099138,1.0,4.0
33499,4,2.5,0.408248290463863,2.0,3.0
453,5,2.8,0.8366600265340756,2.0,4.0
140956,4,3.5,0.7071067811865476,3.0,4.5
189547,1,1.0,,1.0,1.0
3389,1,2.0,,2.0,2.0
31221,10,2.05,1.0124228365658294,0.5,4.0
3496,1,5.0,,5.0,5.0
7150,10,2.8,1.0327955589886446,1.0,4.0
34271,4,3.75,0.2886751345948129,3.5,4.0
62081,8,3.0625,0.6232117273791125,2.5,4.0
106441,1,3.0,,3.0,3.0
40955,4,3.875,0.24999999999999997,3.5,4.0
65225,1,4.5,,4.5,4.5
1601,3,2.3333333333333335,0.5773502691896258,2.0,3.0
102058,1,3.0,,3.0,3.0
4666,1,3.0,,3.0,3.0
7730,1,3.0,,3.0,3.0
136958,1,2.0,,2.0,2.0
187031,2,3.25,1.0606601717798212,2.5,4.0
61071,1,2.5,,2.5,2.5
179815,1,1.5,,1.5,1.5
168026,1,4.0,,4.0,4.0
7986,1,1.0,,1.0,1.0
145724,1,0.5,,0.5,0.5
170551,1,2.5,,2.5,2.5
1549,1,4.0,,4.0,4.0
2104,1,4.0,,4.0,4.0
2865,1,4.0,,4.0,4.0
7292,1,2.5,,2.5,2.5
106782,54,3.9166666666666665,1.0761128509243483,0.5,5.0
247,21,3.9285714285714284,0.7629828681843762,2.5,5.0
1914,9,3.388888888888889,1.1118053386771944,1.0,4.0
314,16,3.75,0.8366600265340753,2.5,5.0
3916,41,3.7439024390243905,0.9754611167257783,0.5,5.0
5218,85,3.6882352941176473,0.7277512272332461,1.0,5.0
8970,32,3.609375,0.8398768630944003,1.0,5.0
627,6,3.3333333333333335,1.0801234497346432,2.0,5.0
5679,47,3.202127659574468,0.8825578837285177,0.5,4.5
2053,20,2.05,0.8870412083230169,0.5,3.5
2097,10,2.9,0.9067647005823629,2.0,5.0
2083,19,3.736842105263158,0.8558365149670101,2.5,5.0
3543,14,3.75,0.9146247654303166,2.5,5.0
1810,11,3.5,0.6324555320336759,2.5,4.5
728,10,3.5,0.7453559924999299,2.5,5.0
83369,1,4.0,,4.0,4.0
86911,15,3.2666666666666666,1.0327955589886444,0.5,5.0
4149,11,2.772727272727273,0.6067798762169178,2.0,4.0
27705,1,1.5,,1.5,1.5
5065,13,3.076923076923077,0.75955452531275,2.0,5.0
691,3,3.3333333333333335,0.5773502691896258,3.0,4.0
127390,1,4.0,,4.0,4.0
3251,5,3.7,0.4472135954999579,3.0,4.0
27022,1,4.0,,4.0,4.0
2940,6,4.0,0.0,4.0,4.0
59103,3,3.8333333333333335,0.7637626158259733,3.0,4.5
1661,1,3.0,,3.0,3.0
48593,3,2.5,0.5,2.0,3.0
90647,8,3.5625,0.9797047660246574,1.5,4.5
3158,3,3.6666666666666665,0.5773502691896258,3.0,4.0
193583,1,3.5,,3.5,3.5
2147,3,2.6666666666666665,0.5773502691896258,2.0,3.0
1236,3,4.333333333333333,0.5773502691896258,4.0,5.0
31223,1,2.0,,2.0,2.0
1998,4,1.5,0.408248290463863,1.0,2.0
27838,2,3.75,1.0606601717798212,3.0,4.5
76173,2,3.75,1.0606601717798212,3.0,4.5
144478,1,4.5,,4.5,4.5
2399,4,2.25,0.5,2.0,3.0
824,1,4.0,,4.0,4.0
6162,3,3.1666666666666665,0.5773502691896258,2.5,3.5
7620,1,4.0,,4.0,4.0
121099,1,2.5,,2.5,2.5
114126,1,2.5,,2.5,2.5
178129,1,3.5,,3.5,3.5
87,7,2.5,0.957427107756338,0.5,3.0
92259,37,4.108108108108108,1.0350465309933274,1.0,5.0
109374,52,3.7788461538461537,0.8711805239323448,0.5,5.0
1374,62,3.7661290322580645,1.039063820187191,1.0,5.0
7753,2,3.5,0.0,3.5,3.5
98585,5,3.5,0.35355339059327373,3.0,4.0
1845,15,3.966666666666667,0.7432233529572067,2.5,5.0
3662,2,3.0,0.0,3.0,3.0
5014,17,3.764705882352941,1.0325582165612917,0.5,5.0
1233,40,4.2125,0.6783038801644539,3.0,5.0
4359,8,3.375,0.8762745818846641,1.5,4.0
96567,1,4.0,,4.0,4.0
75805,6,2.75,0.4183300132670378,2.0,3.0
4427,9,3.6666666666666665,0.75,2.5,5.0
1596,3,4.333333333333333,0.5773502691896258,4.0,5.0
87834,1,5.0,,5.0,5.0
119714,1,3.5,,3.5,3.5
170837,1,4.0,,4.0,4.0
6093,4,3.375,1.3149778198382918,2.0,4.5
5472,2,3.5,0.7071067811865476,3.0,4.0
59604,2,3.75,0.3535533905932738,3.5,4.0
31702,1,4.0,,4.0,4.0
97860,4,3.125,1.1086778913041726,2.0,4.5
1495,2,2.0,0.0,2.0,2.0
6713,5,3.8,0.9082951062292475,2.5,5.0
1594,6,4.083333333333333,1.114300976696452,2.0,5.0
4009,2,3.0,0.0,3.0,3.0
4010,8,2.9375,0.6781013409302689,2.0,4.0
37736,3,3.5,0.0,3.5,3.5
8169,7,3.2857142857142856,0.4879500364742666,2.5,4.0
95147,2,3.25,0.3535533905932738,3.0,3.5
3765,2,3.0,0.0,3.0,3.0
5780,1,3.0,,3.0,3.0
99992,1,3.0,,3.0,3.0
1757,1,2.0,,2.0,2.0
3405,1,3.0,,3.0,3.0
5799,1,3.5,,3.5,3.5
7883,2,2.0,2.1213203435596424,0.5,3.5
88448,1,5.0,,5.0,5.0
27369,1,4.0,,4.0,4.0
47516,1,2.0,,2.0,2.0
47721,1,3.5,,3.5,3.5
110541,1,2.5,,2.5,2.5
649,1,3.0,,3.0,3.0
2807,4,2.625,1.8874586088176875,0.5,5.0
1620,13,3.1153846153846154,1.227359057656013,0.5,5.0
171,6,3.8333333333333335,0.983192080250175,3.0,5.0
273,28,2.9464285714285716,1.0482727037253528,1.0,5.0
343,5,2.9,0.894427190999916,1.5,4.0
434,101,3.0346534653465347,0.9007147876619276,0.5,5.0
86548,4,3.375,0.24999999999999997,3.0,3.5
95449,5,2.7,1.036822067666386,1.5,4.0
4011,93,4.155913978494624,0.7939256297433327,1.0,5.0
122886,41,3.8536585365853657,0.8677838328108013,0.5,5.0
5903,44,3.875,0.6830591244115406,2.0,5.0
27878,4,3.875,0.6291528696058958,3.0,4.5
3397,11,3.4545454545454546,0.8201995322647244,2.0,5.0
3454,2,2.25,0.3535533905932738,2.0,2.5
4154,2,4.0,0.0,4.0,4.0
132157,4,2.75,0.9574271077563381,1.5,3.5
48326,3,3.0,0.5,2.5,3.5
1673,39,4.076923076923077,0.7392960871352163,2.0,5.0
585,36,2.736111111111111,0.9295629626804747,0.5,4.0
115569,18,4.166666666666667,0.568796458994521,3.0,5.0
7004,17,2.8823529411764706,0.8755250525525005,0.5,3.5
2429,5,2.8,1.0954451150103321,1.0,4.0
1305,4,3.5,0.5773502691896257,3.0,4.0
130970,1,5.0,,5.0,5.0
3117,4,3.875,0.6291528696058958,3.0,4.5
7076,8,3.875,0.5824823725107174,3.0,5.0
1837,4,2.25,0.9574271077563381,1.0,3.0
3516,4,3.375,0.47871355387816905,3.0,4.0
2674,2,2.25,1.0606601717798212,1.5,3.0
81831,1,4.0,,4.0,4.0
3652,1,3.0,,3.0,3.0
37475,1,3.0,,3.0,3.0
6122,2,4.0,1.4142135623730951,3.0,5.0
3331,1,2.0,,2.0,2.0
8383,1,1.0,,1.0,1.0
5443,2,1.5,0.7071067811865476,1.0,2.0
109187,3,3.0,0.8660254037844386,2.0,3.5
2188,5,2.0,0.7071067811865476,1.0,3.0
90353,1,4.0,,4.0,4.0
33312,1,3.5,,3.5,3.5
6408,1,5.0,,5.0,5.0
5437,3,3.0,0.0,3.0,3.0
119068,1,2.0,,2.0,2.0
956,1,4.0,,4.0,4.0
43930,1,3.0,,3.0,3.0
113849,1,2.5,,2.5,2.5
2921,11,4.181818181818182,0.6030226891555275,3.0,5.0
277,38,3.223684210526316,1.1548801764278915,0.5,5.0
5451,5,3.0,1.0606601717798212,1.5,4.0
112556,37,3.7162162162162162,0.8782917490198779,1.0,5.0
58299,8,3.4375,0.49551560448255744,3.0,4.0
73268,6,3.4166666666666665,0.49159604012508756,2.5,4.0
1963,11,3.3636363636363638,0.9770084209183943,1.0,4.5
4821,5,3.1,1.710263137648707,0.5,5.0
95067,3,2.8333333333333335,0.2886751345948129,2.5,3.0
428,18,3.7222222222222223,0.7900525340355208,2.5,5.0
4787,10,3.35,0.8834905520465715,2.0,5.0
7884,2,3.25,1.0606601717798212,2.5,4.0
194,18,3.6666666666666665,1.2718675476729209,1.0,5.0
994,11,4.181818181818182,0.7166842844909911,3.0,5.0
2333,4,4.125,0.6291528696058957,3.5,5.0
92046,1,3.0,,3.0,3.0
170827,1,3.5,,3.5,3.5
1381,19,2.0789473684210527,1.0173926082384546,0.5,4.0
4124,4,1.25,0.5,1.0,2.0
5304,2,4.0,0.0,4.0,4.0
80831,7,3.857142857142857,0.8997354108424372,2.5,5.0
82041,2,4.25,0.3535533905932738,4.0,4.5
331,2,3.0,0.0,3.0,3.0
2262,9,3.0,0.5,2.0,4.0
3821,16,2.28125,0.9994790309622975,1.0,4.5
5912,1,4.5,,4.5,4.5
118896,1,4.0,,4.0,4.0
136445,1,5.0,,5.0,5.0
5501,7,1.8571428571428572,1.2488089563755576,0.5,3.5
44840,11,2.772727272727273,0.8174238913695991,1.0,4.0
87483,5,2.7,1.0954451150103321,2.0,4.5
131714,3,3.0,1.3228756555322954,1.5,4.0
97306,15,3.466666666666667,0.7668736780560658,2.0,5.0
5788,3,3.6666666666666665,1.0408329997330663,2.5,4.5
4888,4,3.875,0.629152869605896,3.0,4.5
5668,4,2.5,1.5811388300841898,0.5,4.0
3090,6,4.166666666666667,0.6831300510639733,3.5,5.0
109850,2,3.75,0.3535533905932738,3.5,4.0
145418,1,4.0,,4.0,4.0
102742,1,4.0,,4.0,4.0
127180,1,4.0,,4.0,4.0
188675,1,3.5,,3.5,3.5
26585,3,3.8333333333333335,0.7637626158259734,3.0,4.5
170939,1,3.5,,3.5,3.5
2119,3,1.3333333333333333,0.5773502691896258,1.0,2.0
2884,1,2.0,,2.0,2.0
5278,1,1.0,,1.0,1.0
6295,1,2.0,,2.0,2.0
104078,1,4.0,,4.0,4.0
2187,2,3.5,0.0,3.5,3.5
4804,1,3.5,,3.5,3.5
6592,1,4.0,,4.0,4.0
31083,1,2.0,,2.0,2.0
4594,1,3.0,,3.0,3.0
101074,1,2.0,,2.0,2.0
103027,1,3.0,,3.0,3.0
6107,1,4.0,,4.0,4.0
114044,1,3.5,,3.5,3.5
3052,79,3.6455696202531644,0.9810770466038489,1.0,5.0
532,16,3.0,0.6055300708194985,2.0,4.0
80549,27,3.7962962962962963,0.7876359377087682,2.0,5.0
1840,7,3.2142857142857144,0.809173593712687,2.0,4.0
1619,14,3.4285714285714284,0.828741930164745,2.0,5.0
177593,8,4.75,0.26726124191242434,4.5,5.0
1297,20,3.675,0.8472090402579147,2.0,5.0
3608,25,2.94,1.2274635093014643,1.0,5.0
3763,16,3.21875,0.6046693311223913,2.0,4.5
72641,31,3.6774193548387095,1.0210157287131134,1.0,5.0
33660,17,4.088235294117647,0.2642970699354622,3.5,4.5
391,1,4.5,,4.5,4.5
112804,3,3.8333333333333335,1.6072751268321592,2.0,5.0
1388,17,2.6176470588235294,1.008238125467917,1.0,5.0
106002,16,3.4375,0.8139410298049853,2.0,4.5
4581,1,4.0,,4.0,4.0
7493,2,4.0,0.0,4.0,4.0
5400,17,2.9705882352941178,0.8564203888003492,1.5,4.0
88746,2,3.5,2.1213203435596424,2.0,5.0
124273,1,4.5,,4.5,4.5
86815,1,3.5,,3.5,3.5
120478,3,4.333333333333333,0.7637626158259733,3.5,5.0
5899,4,4.0,1.1547005383792515,3.0,5.0
2863,19,3.473684210526316,0.8575430700315083,2.0,5.0
1598,4,2.5,0.5773502691896257,2.0,3.0
5615,1,3.5,,3.5,3.5
6264,8,2.375,1.2464234547582247,0.5,3.5
174479,1,4.0,,4.0,4.0
26116,2,4.5,0.7071067811865476,4.0,5.0
438,7,2.7142857142857144,0.7559289460184544,2.0,4.0
62437,1,2.5,,2.5,2.5
1887,2,2.0,0.7071067811865476,1.5,2.5
8530,2,3.75,0.3535533905932738,3.5,4.0
8835,3,2.3333333333333335,1.1547005383792517,1.0,3.0
4329,3,3.6666666666666665,0.5773502691896258,3.0,4.0
27311,3,3.5,1.5,2.0,5.0
134528,1,0.5,,0.5,0.5
54185,2,3.75,0.3535533905932738,3.5,4.0
87304,4,3.625,0.24999999999999997,3.5,4.0
101415,2,1.5,0.0,1.5,1.5
4632,2,3.0,0.7071067811865476,2.5,3.5
5121,1,4.0,,4.0,4.0
4780,2,2.0,0.0,2.0,2.0
89208,1,3.5,,3.5,3.5
706,1,3.0,,3.0,3.0
3714,1,2.5,,2.5,2.5
7052,1,3.0,,3.0,3.0
8424,1,4.0,,4.0,4.0
8465,1,3.5,,3.5,3.5
80858,1,3.5,,3.5,3.5
69131,1,2.5,,2.5,2.5
4436,1,3.0,,3.0,3.0
3038,5,4.2,0.570087712549569,3.5,5.0
5816,102,3.5980392156862746,0.9255429653047562,0.5,5.0
7151,12,3.375,0.6440285143320343,2.0,4.5
448,8,3.625,0.5175491695067657,3.0,4.0
1200,126,3.9642857142857144,1.0103040560713819,1.0,5.0
1234,64,3.9765625,0.9488074699744755,0.5,5.0
2951,39,3.9358974358974357,0.844326944497082,1.5,5.0
6548,17,2.8823529411764706,1.21872643265298,0.5,5.0
58295,13,3.6153846153846154,0.8454250941056752,2.0,5.0
59429,2,2.75,0.3535533905932738,2.5,3.0
93840,22,4.0227272727272725,0.9695024832021139,2.0,5.0
69,20,3.775,0.89552983434977,2.0,5.0
96606,3,3.8333333333333335,1.2583057392117916,2.5,5.0
928,18,4.166666666666667,0.7669649888473706,2.5,5.0
6331,13,3.923076923076923,0.7865047638697071,2.0,5.0
2881,19,3.026315789473684,1.1483524939200496,0.5,5.0
120635,5,2.7,1.9235384061671346,1.0,5.0
2077,5,3.4,0.6519202405202649,2.5,4.0
2590,1,2.5,,2.5,2.5
4035,3,2.8333333333333335,0.2886751345948129,2.5,3.0
6448,2,4.0,0.0,4.0,4.0
64034,6,3.4166666666666665,1.2812754062521714,1.0,4.5
166,3,2.8333333333333335,1.2583057392117916,1.5,4.0
183911,1,1.5,,1.5,1.5
25788,2,3.75,0.3535533905932738,3.5,4.0
3469,6,4.083333333333333,0.917423929634859,2.5,5.0
180031,8,3.6875,0.37201190457142247,3.0,4.0
89582,2,4.5,0.0,4.5,4.5
61705,2,3.0,0.7071067811865476,2.5,3.5
108928,6,2.6666666666666665,1.1254628677422756,0.5,3.5
129,1,2.0,,2.0,2.0
72171,2,3.5,2.1213203435596424,2.0,5.0
59995,1,4.0,,4.0,4.0
1412,1,3.5,,3.5,3.5
6788,1,2.0,,2.0,2.0
2068,2,2.75,3.181980515339464,0.5,5.0
467,1,5.0,,5.0,5.0
1910,2,2.0,0.0,2.0,2.0
4715,1,3.0,,3.0,3.0
34800,1,1.5,,1.5,1.5
139130,1,2.5,,2.5,2.5
543,41,3.317073170731707,1.0413698764186505,0.5,5.0
2143,13,3.076923076923077,0.75955452531275,2.0,4.0
8528,39,3.551282051282051,1.011739459615493,0.5,5.0
8965,11,3.1363636363636362,1.0744977685158097,1.0,5.0
1876,43,3.0697674418604652,0.9035735624310024,0.5,4.5
1230,58,3.8706896551724137,1.1103987936519646,1.0,5.0
1261,34,4.044117647058823,0.8106081429996409,2.0,5.0
2194,65,3.9384615384615387,0.7262257542622998,2.0,5.0
1020,37,3.081081081081081,0.79506737584442,2.0,5.0
155168,1,4.0,,4.0,4.0
2394,25,3.5,0.9464847243000457,1.5,5.0
44761,12,3.875,0.882274951990076,2.0,5.0
97923,9,3.5,0.9013878188659972,2.0,5.0
3430,4,3.0,0.816496580927726,2.0,4.0
166534,6,3.3333333333333335,1.570562531918633,0.5,4.5
6214,9,3.888888888888889,0.4859126579037749,3.0,4.5
55768,10,3.15,0.5296749527356901,2.5,4.0
39292,20,3.775,0.5954874164563804,2.5,4.5
58303,3,3.3333333333333335,1.607275126832159,1.5,4.5
47725,3,3.5,0.5,3.0,4.0
182297,1,4.0,,4.0,4.0
2790,2,2.0,1.4142135623730951,1.0,3.0
96020,3,3.6666666666666665,0.5773502691896258,3.0,4.0
2585,2,4.25,0.3535533905932738,4.0,4.5
170399,1,4.0,,4.0,4.0
170813,3,3.0,1.0,2.0,4.0
95105,9,3.388888888888889,1.05409255338946,2.0,5.0
6624,5,1.9,0.8944271909999159,0.5,3.0
7054,2,3.5,0.0,3.5,3.5
97,10,3.9,0.7378647873726217,3.0,5.0
193585,1,3.5,,3.5,3.5
8607,5,3.9,0.7416198487095663,3.0,5.0
65651,1,2.0,,2.0,2.0
182823,4,2.875,1.3149778198382918,1.0,4.0
55241,3,2.6666666666666665,2.0207259421636903,0.5,4.5
2516,1,1.0,,1.0,1.0
4180,1,5.0,,5.0,5.0
106648,1,3.0,,3.0,3.0
4086,5,3.5,0.5,3.0,4.0
109687,1,5.0,,5.0,5.0
7937,2,3.5,0.7071067811865476,3.0,4.0
2751,1,4.0,,4.0,4.0
5063,1,3.0,,3.0,3.0
129659,1,3.5,,3.5,3.5
148982,1,4.0,,4.0,4.0
7074,1,3.5,,3.5,3.5
6927,1,4.0,,4.0,4.0
4135,1,5.0,,5.0,5.0
102800,1,2.5,,2.5,2.5
5053,1,1.5,,1.5,1.5
100159,1,4.5,,4.5,4.5
100906,1,5.0,,5.0,5.0
6265,2,2.25,1.7677669529663689,1.0,3.5
661,49,3.4489795918367347,1.021869701613092,1.0,5.0
2851,4,3.25,1.2583057392117916,2.0,5.0
4260,1,2.0,,2.0,2.0
524,34,3.485294117647059,0.9332680776780238,1.0,5.0
1006,5,3.5,0.8660254037844386,2.0,4.0
74450,3,2.6666666666666665,0.5773502691896258,2.0,3.0
38061,35,4.071428571428571,0.6433238268698644,2.5,5.0
1690,45,2.922222222222222,0.9997474428549189,1.0,5.0
2328,7,2.4285714285714284,1.2392393980641052,0.5,4.5
8228,17,3.6176470588235294,1.166316474052844,0.5,5.0
2827,11,2.272727272727273,0.8764598212022148,1.0,3.5
1965,21,3.380952380952381,0.9862145038575776,2.0,5.0
2966,14,3.9285714285714284,0.47463114654932337,3.0,5.0
83803,5,4.1,0.9617692030835673,2.5,5.0
55814,5,4.1,0.5477225575051662,3.5,5.0
6464,2,2.0,2.1213203435596424,0.5,3.5
5092,5,3.0,1.118033988749895,1.5,4.5
27826,1,4.0,,4.0,4.0
533,18,2.888888888888889,0.6978023391872252,2.0,4.0
3840,5,2.4,1.1401754250991378,1.0,4.0
69988,1,2.5,,2.5,2.5
88235,4,3.625,0.75,2.5,4.0
71205,2,1.0,0.7071067811865476,0.5,1.5
3985,6,3.25,0.4183300132670378,3.0,4.0
3357,1,4.0,,4.0,4.0
4142,2,4.25,1.0606601717798212,3.5,5.0
1695,2,4.0,0.0,4.0,4.0
39869,4,4.125,0.25000000000000006,4.0,4.5
6724,5,3.6,0.4183300132670378,3.0,4.0
5523,3,2.3333333333333335,0.2886751345948129,2.0,2.5
84942,2,3.75,0.3535533905932738,3.5,4.0
1791,3,2.3333333333333335,0.5773502691896258,2.0,3.0
1746,1,2.0,,2.0,2.0
4123,1,2.0,,2.0,2.0
7193,2,3.0,1.4142135623730951,2.0,4.0
3933,1,0.5,,0.5,0.5
91873,1,1.5,,1.5,1.5
140850,1,2.0,,2.0,2.0
155892,1,2.0,,2.0,2.0
6064,1,4.0,,4.0,4.0
3715,2,2.75,1.7677669529663689,1.5,4.0
4433,2,4.25,1.0606601717798212,3.5,5.0
7477,1,2.5,,2.5,2.5
26467,1,3.0,,3.0,3.0
58826,1,2.5,,2.5,2.5
118082,1,3.5,,3.5,3.5
138610,1,1.5,,1.5,1.5
4497,1,3.0,,3.0,3.0
234,17,2.588235294117647,0.9393364366277243,1.0,4.0
239,17,3.0,1.0606601717798212,1.0,4.5
312,9,1.4444444444444444,0.7682953714410741,0.5,3.0
1347,27,3.0,1.2009611535381535,0.5,5.0
1209,18,4.305555555555555,0.7304086062103483,3.0,5.0
1356,91,3.879120879120879,0.9897829709943136,0.5,5.0
1081,12,3.5416666666666665,0.9643257968260739,2.0,5.0
3361,35,3.6714285714285713,0.9388890270111886,2.0,5.0
2358,1,4.0,,4.0,4.0
82848,1,3.5,,3.5,3.5
160569,1,1.0,,1.0,1.0
168254,4,3.125,1.181453906563152,1.5,4.0
3799,6,1.5833333333333333,1.1583033569262702,0.5,3.0
54999,12,3.4583333333333335,0.9404624909956255,1.5,5.0
2020,25,4.0,0.9464847243000456,1.0,5.0
86504,5,4.3,0.8366600265340756,3.0,5.0
81910,2,4.0,0.0,4.0,4.0
132496,1,4.5,,4.5,4.5
94833,3,3.3333333333333335,0.7637626158259734,2.5,4.0
175431,1,5.0,,5.0,5.0
110669,2,3.75,0.3535533905932738,3.5,4.0
3537,3,3.3333333333333335,1.5275252316519468,2.0,5.0
50842,2,4.5,0.0,4.5,4.5
5563,3,2.8333333333333335,0.7637626158259733,2.0,3.5
869,3,3.6666666666666665,0.5773502691896258,3.0,4.0
6856,2,4.0,0.0,4.0,4.0
77846,1,5.0,,5.0,5.0
162982,1,3.0,,3.0,3.0
184641,1,0.5,,0.5,0.5
146662,1,5.0,,5.0,5.0
1581,3,2.1666666666666665,0.7637626158259734,1.5,3.0
63540,4,2.125,1.0307764064044151,1.0,3.5
66509,5,3.5,0.0,3.5,3.5
2919,8,3.8125,0.7529703086538576,3.0,5.0
26158,1,4.0,,4.0,4.0
5033,2,2.5,0.7071067811865476,2.0,3.0
6869,3,3.8333333333333335,0.7637626158259733,3.0,4.5
71302,1,4.5,,4.5,4.5
389,2,4.5,0.7071067811865476,4.0,5.0
6809,1,3.0,,3.0,3.0
6347,1,1.0,,1.0,1.0
102819,1,3.0,,3.0,3.0
160646,1,2.5,,2.5,2.5
168350,1,2.5,,2.5,2.5
8336,1,3.5,,3.5,3.5
31030,1,4.0,,4.0,4.0
185033,1,2.0,,2.0,2.0
1985,1,2.0,,2.0,2.0
26308,1,4.0,,4.0,4.0
2800,1,2.5,,2.5,2.5
5269,1,4.0,,4.0,4.0
7375,7,3.0714285714285716,0.7319250547113999,2.0,4.0
70183,12,3.6666666666666665,0.5773502691896257,3.0,5.0
7438,110,3.868181818181818,0.9278496218500635,0.5,5.0
7099,23,4.0,1.0444659357341868,0.5,5.0
47200,14,3.4285714285714284,1.0894095588038442,2.0,5.0
91485,10,3.5,0.7817359599705717,2.5,5.0
5693,11,3.3181818181818183,0.7507571935295484,2.0,4.5
1960,26,3.6923076923076925,0.8375789285425352,1.0,5.0
635,2,3.0,0.0,3.0,3.0
6997,2,3.0,0.0,3.0,3.0
47644,7,3.0,0.9999999999999998,1.0,4.0
5449,22,2.909090909090909,0.8257228238447706,1.5,5.0
4008,13,3.5384615384615383,0.5937710859953544,2.0,4.0
2587,4,3.25,0.9574271077563381,2.0,4.0
4661,2,3.0,0.0,3.0,3.0
7492,1,4.0,,4.0,4.0
885,2,2.5,0.7071067811865476,2.0,3.0
3598,3,3.0,0.5,2.5,3.5
5522,4,3.5,1.0801234497346435,2.5,5.0
7044,5,3.8,0.8366600265340756,3.0,5.0
7976,1,4.5,,4.5,4.5
3417,1,3.0,,3.0,3.0
63,7,2.7142857142857144,1.14953406710222,0.5,4.0
8799,3,2.1666666666666665,0.7637626158259734,1.5,3.0
143367,2,3.75,1.0606601717798212,3.0,4.5
92192,1,2.0,,2.0,2.0
4845,3,1.3333333333333333,1.4433756729740643,0.5,3.0
52867,1,4.0,,4.0,4.0
102084,1,5.0,,5.0,5.0
43376,4,4.625,0.25000000000000006,4.5,5.0
6510,1,3.0,,3.0,3.0
37211,1,3.0,,3.0,3.0
179813,1,4.0,,4.0,4.0
37844,1,2.0,,2.0,2.0
86000,1,4.0,,4.0,4.0
71438,1,1.0,,1.0,1.0
129397,2,2.75,1.0606601717798212,2.0,3.5
5136,2,2.5,1.4142135623730951,1.5,3.5
33435,1,3.5,,3.5,3.5
34292,1,1.5,,1.5,1.5
25905,1,3.5,,3.5,3.5
2512,1,5.0,,5.0,5.0
6789,1,4.0,,4.0,4.0
3639,18,3.5833333333333335,0.7717436331412896,2.0,5.0
46970,28,3.25,0.8871510790372951,1.5,5.0
7899,1,4.5,,4.5,4.5
34048,50,3.15,0.8935711430854859,1.0,5.0
4022,100,3.7,0.7687061147858075,2.0,5.0
60069,104,4.0576923076923075,0.8598591336079368,0.5,5.0
3101,36,3.0972222222222223,1.188152494087501,1.0,5.0
4344,34,3.1029411764705883,0.9026846471456758,0.5,4.5
5504,7,2.2142857142857144,1.3183683999911548,0.5,4.0
45672,23,2.9782608695652173,1.092102443471112,0.5,5.0
69526,20,2.425,1.003611898148514,1.0,4.0
6947,36,3.638888888888889,0.9072022227793939,0.5,5.0
7841,2,3.75,1.0606601717798212,3.0,4.5
70336,8,2.625,0.6408699444616557,1.5,3.5
1104,20,4.475,0.6584471365105534,3.0,5.0
3695,2,2.0,1.4142135623730951,1.0,3.0
89864,19,3.6315789473684212,0.5487892041970897,3.0,5.0
183611,1,4.0,,4.0,4.0
30810,37,3.4864864864864864,1.023925497008168,1.0,5.0
2728,13,3.576923076923077,0.7595545253127498,2.5,5.0
3707,10,2.7,0.8232726023485646,1.0,4.0
46322,8,3.125,0.6943650748294136,2.0,4.0
117109,2,3.0,2.1213203435596424,1.5,4.5
4599,2,2.5,0.7071067811865476,2.0,3.0
166183,1,5.0,,5.0,5.0
779,2,4.0,1.4142135623730951,3.0,5.0
66511,2,4.25,1.0606601717798212,3.5,5.0
7302,1,3.5,,3.5,3.5
49389,2,2.5,2.1213203435596424,1.0,4.0
193579,1,3.5,,3.5,3.5
8626,1,1.5,,1.5,1.5
2498,5,2.1,0.7416198487095663,1.0,3.0
4224,2,2.75,0.3535533905932738,2.5,3.0
132796,4,1.875,0.75,1.0,2.5
68194,2,4.25,0.3535533905932738,4.0,4.5
33188,1,2.5,,2.5,2.5
1609,3,2.6666666666666665,0.7637626158259733,2.0,3.5
166024,2,4.75,0.3535533905932738,4.5,5.0
91273,1,1.5,,1.5,1.5
118702,3,2.5,0.5,2.0,3.0
982,1,3.0,,3.0,3.0
1926,1,3.0,,3.0,3.0
27830,1,2.5,,2.5,2.5
97194,1,1.0,,1.0,1.0
152063,1,0.5,,0.5,0.5
152071,1,1.5,,1.5,1.5
26797,1,3.0,,3.0,3.0
41627,1,3.5,,3.5,3.5
27644,1,3.5,,3.5,3.5
31973,1,3.5,,3.5,3.5
1625,77,3.7012987012987013,1.0171546363952713,0.5,5.0
3386,31,3.5,0.8660254037844385,0.5,5.0
72378,21,2.619047619047619,1.1281041829631904,0.5,4.0
509,61,3.540983606557377,0.9970585153641229,0.5,5.0
1094,42,3.4404761904761907,1.0012332697203432,1.0,5.0
4273,2,4.5,0.7071067811865476,4.0,5.0
88810,21,3.8333333333333335,0.6191391873668904,2.5,5.0
63859,18,3.388888888888889,0.7775443160352294,2.0,5.0
27611,19,3.8157894736842106,1.238396435312276,0.5,5.0
5574,26,3.519230769230769,0.8059872111984063,1.5,5.0
68159,3,4.0,0.0,4.0,4.0
71156,9,3.388888888888889,0.6508541396588878,2.5,4.5
3526,15,3.7,0.8409178658720822,2.0,5.0
3633,17,3.264705882352941,0.9205576954152495,1.5,5.0
94503,3,3.6666666666666665,0.7637626158259734,3.0,4.5
459,6,2.25,0.6123724356957945,1.5,3.0
4062,8,3.375,1.1572751247156894,1.5,5.0
159817,7,4.214285714285714,0.9063269671749659,3.0,5.0
8645,8,3.9375,0.41726148019814024,3.0,4.5
90576,1,4.5,,4.5,4.5
3266,6,4.5,0.7745966692414834,3.5,5.0
116718,1,3.5,,3.5,3.5
140561,1,4.0,,4.0,4.0
162082,1,3.5,,3.5,3.5
26313,1,4.0,,4.0,4.0
27865,2,2.75,1.0606601717798212,2.0,3.5
2350,2,3.5,0.7071067811865476,3.0,4.0
6374,3,2.1666666666666665,0.5773502691896258,1.5,2.5
6951,5,2.1,0.9617692030835673,0.5,3.0
43919,3,0.8333333333333334,0.2886751345948129,0.5,1.0
51933,1,2.5,,2.5,2.5
70301,1,3.5,,3.5,3.5
27478,3,3.0,0.8660254037844386,2.0,3.5
48883,2,3.25,0.3535533905932738,3.0,3.5
5853,2,3.25,0.3535533905932738,3.0,3.5
3771,3,4.0,1.0,3.0,5.0
4709,3,2.8333333333333335,0.2886751345948129,2.5,3.0
4714,2,2.0,0.0,2.0,2.0
4687,1,3.5,,3.5,3.5
2172,1,3.0,,3.0,3.0
6493,1,2.0,,2.0,2.0
5915,2,4.75,0.3535533905932738,4.5,5.0
91935,1,2.5,,2.5,2.5
2839,1,4.0,,4.0,4.0
907,2,3.5,0.7071067811865476,3.0,4.0
4164,2,3.5,0.7071067811865476,3.0,4.0
7479,1,4.0,,4.0,4.0
6821,1,3.0,,3.0,3.0
4794,3,3.0,2.29128784747792,0.5,5.0
53450,1,1.5,,1.5,1.5
4689,1,3.5,,3.5,3.5
26169,1,5.0,,5.0,5.0
589,224,3.970982142857143,0.9268331343195051,0.5,5.0
10,132,3.496212121212121,0.8593806844280277,0.5,5.0
102,5,2.4,1.9493588689617927,1.0,5.0
361,17,3.0588235294117645,0.6093632163264898,2.0,4.0
848,7,3.2857142857142856,1.1126972805283737,1.0,4.0
8958,19,3.6842105263157894,0.8029550685469661,1.5,5.0
112852,59,4.0508474576271185,0.8392058810639917,1.0,5.0
55276,17,3.911764705882353,0.9879792210246482,1.5,5.0
59784,54,3.4444444444444446,0.9500082753694519,0.5,5.0
63131,20,3.625,0.7232055833505944,2.0,4.5
1346,8,2.8125,1.19335960332883,1.0,4.0
1921,47,3.851063829787234,0.8399980177061322,1.0,5.0
1970,12,2.9166666666666665,0.9731236802019037,1.0,4.0
2167,58,3.3620689655172415,0.935616428042749,1.0,5.0
3745,29,3.413793103448276,0.682288239221013,2.0,5.0
4734,34,3.161764705882353,1.078161933607477,1.0,5.0
34162,58,3.5086206896551726,0.7694346256006419,1.5,5.0
87520,11,2.3636363636363638,1.0975178606954215,0.5,4.0
1459,12,2.6666666666666665,0.9128709291752769,1.0,4.0
54259,34,3.6029411764705883,0.967497645167488,1.0,5.0
8366,14,3.892857142857143,0.5941565265331838,3.0,5.0
34542,5,3.7,0.2738612787525831,3.5,4.0
40732,11,3.5454545454545454,0.6875516509523286,2.5,5.0
70492,1,3.5,,3.5,3.5
55069,3,4.0,0.0,4.0,4.0
102984,1,4.5,,4.5,4.5
6327,3,3.5,0.0,3.5,3.5
4676,6,1.9166666666666667,1.1583033569262704,0.5,3.5
141816,1,5.0,,5.0,5.0
110771,6,2.9166666666666665,1.114300976696452,2.0,4.5
170817,1,4.0,,4.0,4.0
1401,3,3.3333333333333335,1.1547005383792517,2.0,4.0
3597,2,2.0,1.4142135623730951,1.0,3.0
5506,3,3.3333333333333335,0.5773502691896258,3.0,4.0
2769,5,3.4,1.3416407864998738,2.0,5.0
43904,5,1.3,0.6708203932499369,0.5,2.0
1755,5,4.1,0.7416198487095662,3.0,5.0
1007,10,2.6,0.6582805886043833,2.0,3.5
2120,4,2.0,0.0,2.0,2.0
5696,3,2.3333333333333335,0.5773502691896258,2.0,3.0
32917,1,4.0,,4.0,4.0
2226,1,1.0,,1.0,1.0
1647,3,2.5,0.5,2.0,3.0
5468,1,5.0,,5.0,5.0
6812,2,2.25,0.3535533905932738,2.0,2.5
4402,1,5.0,,5.0,5.0
4156,1,2.0,,2.0,2.0
4981,1,4.0,,4.0,4.0
102165,1,2.0,,2.0,2.0
127136,2,3.25,1.0606601717798212,2.5,4.0
6163,1,4.5,,4.5,4.5
1825,1,3.5,,3.5,3.5
68886,1,4.0,,4.0,4.0
55205,1,2.5,,2.5,2.5
77,1,4.0,,4.0,4.0
3787,2,4.0,1.4142135623730951,3.0,5.0
2641,49,3.020408163265306,0.8895175639629829,0.5,5.0
114060,3,2.8333333333333335,0.7637626158259734,2.0,3.5
8783,26,3.1923076923076925,0.9281909617845142,1.0,5.0
5008,9,4.388888888888889,0.41666666666666674,4.0,5.0
3031,4,2.375,1.1086778913041726,1.0,3.5
6989,4,3.5,0.0,3.5,3.5
4964,1,3.5,,3.5,3.5
41828,1,4.5,,4.5,4.5
1354,7,4.071428571428571,1.0177004891982147,2.0,5.0
3592,1,4.5,,4.5,4.5
143511,1,5.0,,5.0,5.0
128099,1,4.5,,4.5,4.5
184257,1,4.0,,4.0,4.0
8860,7,2.857142857142857,0.8997354108424372,1.0,4.0
27879,4,4.125,0.25000000000000006,4.0,4.5
1502,2,2.5,0.7071067811865476,2.0,3.0
4932,1,1.0,,1.0,1.0
62834,1,4.0,,4.0,4.0
113573,4,3.25,0.5,3.0,4.0
7440,2,3.25,1.0606601717798212,2.5,4.0
104243,5,3.3,0.2738612787525831,3.0,3.5
66427,1,3.0,,3.0,3.0
68597,1,4.0,,4.0,4.0
4673,3,1.6666666666666667,0.5773502691896258,1.0,2.0
71453,1,4.0,,4.0,4.0
71494,1,3.5,,3.5,3.5
5113,2,2.75,0.3535533905932738,2.5,3.0
3855,2,4.75,0.3535533905932738,4.5,5.0
156553,1,2.5,,2.5,2.5
165075,1,2.5,,2.5,2.5
4292,2,3.5,0.7071067811865476,3.0,4.0
7059,2,3.75,0.3535533905932738,3.5,4.0
8302,1,3.5,,3.5,3.5
142056,1,3.0,,3.0,3.0
26717,1,0.5,,0.5,0.5
7125,1,2.0,,2.0,2.0
54274,1,0.5,,0.5,0.5
71484,1,2.5,,2.5,2.5
33237,1,4.0,,4.0,4.0
55067,1,3.5,,3.5,3.5
97988,1,2.5,,2.5,2.5
131796,1,4.0,,4.0,4.0
50,204,4.237745098039215,0.8009211530017211,1.0,5.0
1214,146,3.969178082191781,0.9436221532308472,0.5,5.0
2395,56,3.544642857142857,1.1570997667141198,1.0,5.0
3168,29,3.603448275862069,0.8801309799523713,1.0,5.0
750,97,4.268041237113402,0.8070711440852788,1.0,5.0
81784,6,2.6666666666666665,0.816496580927726,1.5,4.0
64839,34,3.735294117647059,0.7999554354788948,1.0,5.0
5669,58,3.7758620689655173,0.7733069440811101,0.5,5.0
53125,56,3.4375,0.9632449891335584,0.5,5.0
86332,34,3.514705882352941,0.8392393211391894,1.5,5.0
143245,2,2.25,1.0606601717798212,1.5,3.0
7932,3,3.6666666666666665,0.5773502691896258,3.0,4.0
4890,31,3.032258064516129,0.8654043743723484,1.0,5.0
2431,27,3.3703703703703702,1.1651394154992172,1.0,5.0
5589,3,3.0,1.0,2.0,4.0
163645,8,3.9375,0.6232117273791123,3.0,4.5
518,4,2.375,0.47871355387816905,2.0,3.0
951,14,4.392857142857143,0.594156526533184,3.5,5.0
7320,5,3.4,0.8215838362577492,2.5,4.5
55267,9,3.388888888888889,0.8207381501496754,2.5,5.0
84601,6,3.3333333333333335,0.8755950357709131,2.0,4.0
6752,1,3.5,,3.5,3.5
1414,8,3.0,0.9258200997725514,2.0,4.0
3061,8,3.625,1.1877349391654208,2.0,5.0
120813,1,4.5,,4.5,4.5
127052,3,3.8333333333333335,1.2583057392117916,2.5,5.0
134184,1,4.5,,4.5,4.5
156387,3,3.8333333333333335,0.2886751345948129,3.5,4.0
3998,12,3.0416666666666665,1.0326121628122917,0.5,4.0
6669,6,3.4166666666666665,1.241638702145945,1.0,4.5
3467,4,3.75,0.2886751345948129,3.5,4.0
4722,1,3.0,,3.0,3.0
4605,4,3.625,1.1086778913041726,2.0,4.5
6938,1,4.0,,4.0,4.0
3807,1,3.0,,3.0,3.0
27618,2,2.75,1.0606601717798212,2.0,3.5
1660,1,3.0,,3.0,3.0
2787,6,2.4166666666666665,0.4915960401250875,2.0,3.0
82378,2,3.75,1.7677669529663689,2.5,5.0
93040,1,4.0,,4.0,4.0
4814,5,2.5,1.118033988749895,1.0,4.0
108795,1,5.0,,5.0,5.0
6184,4,4.25,0.8660254037844386,3.5,5.0
2482,2,3.0,0.0,3.0,3.0
6517,2,2.25,1.0606601717798212,1.5,3.0
102025,1,0.5,,0.5,0.5
118814,1,2.0,,2.0,2.0
128592,1,1.0,,1.0,1.0
89039,1,4.5,,4.5,4.5
7920,1,3.5,,3.5,3.5
59738,1,3.0,,3.0,3.0
4635,1,1.0,,1.0,1.0
25927,1,3.0,,3.0,3.0
26542,2,3.0,0.7071067811865476,2.5,3.5
44849,1,2.5,,2.5,2.5
76030,1,0.5,,0.5,0.5
138702,1,3.0,,3.0,3.0
107436,1,3.0,,3.0,3.0
134796,1,5.0,,5.0,5.0
527,220,4.225,0.9759961542704384,0.5,5.0
2012,88,3.3693181818181817,0.9206891415118382,1.0,5.0
267,17,2.9411764705882355,1.2976222599091636,1.0,5.0
293,133,4.018796992481203,0.862532421519739,1.0,5.0
2671,56,3.455357142857143,1.054327815651822,0.5,5.0
5989,115,3.9217391304347826,0.7597070775179184,2.0,5.0
8368,93,3.913978494623656,0.7321189315727836,2.0,5.0
5988,4,2.625,0.47871355387816905,2.0,3.0
6001,7,4.071428571428571,0.5345224838248488,3.5,5.0
1639,52,3.576923076923077,1.0953762688854483,0.5,5.0
3429,12,4.25,0.6571287406727709,3.5,5.0
76251,43,3.6511627906976742,0.8057448766213474,0.5,4.5
98124,7,3.9285714285714284,0.5345224838248487,3.5,5.0
122920,22,3.6136363636363638,0.8441933058620742,2.0,5.0
64575,7,3.357142857142857,0.8521681032463467,2.5,5.0
8914,17,3.7941176470588234,0.8112263773411942,2.0,5.0
55080,2,3.25,1.0606601717798212,2.5,4.0
65982,3,3.3333333333333335,0.5773502691896258,3.0,4.0
1343,25,3.78,0.6934214687571573,2.5,5.0
106100,17,3.9705882352941178,1.1106105898797025,0.5,5.0
8379,1,3.0,,3.0,3.0
4340,11,2.1363636363636362,0.5518563713009523,1.0,3.0
176601,1,5.0,,5.0,5.0
27846,10,3.9,0.5163977794943222,3.0,5.0
8604,5,3.2,1.1510864433221337,2.0,5.0
4969,4,3.625,0.9464847243000457,3.0,5.0
92420,8,3.375,1.5059406173077154,0.5,5.0
95624,1,3.0,,3.0,3.0
106594,1,4.5,,4.5,4.5
26347,1,4.0,,4.0,4.0
71429,2,3.0,2.1213203435596424,1.5,4.5
141408,2,3.75,0.3535533905932738,3.5,4.0
2290,5,3.6,1.5572411502397436,1.0,5.0
4052,8,3.5625,0.8210402808980464,2.5,5.0
3682,5,3.7,1.2041594578792296,2.0,5.0
161922,2,3.25,0.3535533905932738,3.0,3.5
7376,6,3.0,1.0488088481701516,1.0,4.0
8327,2,4.25,1.0606601717798212,3.5,5.0
105351,2,2.25,1.0606601717798212,1.5,3.0
110350,1,4.5,,4.5,4.5
2462,1,3.0,,3.0,3.0
65601,1,2.0,,2.0,2.0
26564,2,3.5,0.0,3.5,3.5
6899,1,3.5,,3.5,3.5
92760,1,3.5,,3.5,3.5
113278,1,3.0,,3.0,3.0
126482,1,3.0,,3.0,3.0
6918,2,3.75,0.3535533905932738,3.5,4.0
33826,1,2.5,,2.5,2.5
61401,2,2.5,0.0,2.5,2.5
108601,1,2.0,,2.0,2.0
58191,1,4.0,,4.0,4.0
8461,1,3.5,,3.5,3.5
25850,3,3.0,2.179449471770337,0.5,4.5
4759,1,4.0,,4.0,4.0
141131,1,2.5,,2.5,2.5
7041,1,2.5,,2.5,2.5
26696,1,0.5,,0.5,0.5
103366,1,2.0,,2.0,2.0
5922,1,2.5,,2.5,2.5
26498,1,3.0,,3.0,3.0
4947,2,3.5,0.7071067811865476,3.0,4.0
1704,141,4.078014184397163,0.7775503840892666,1.0,5.0
45,32,3.3125,0.8303710791159927,2.0,5.0
569,6,2.6666666666666665,1.0327955589886446,1.0,4.0
34319,31,3.3548387096774195,0.8582302370488621,1.5,4.5
6535,11,2.409090909090909,1.0202495238465399,0.5,4.0
92094,1,3.5,,3.5,3.5
1333,44,3.602272727272727,0.8039115525697956,1.0,5.0
2788,28,4.053571428571429,0.7115357115303973,2.0,5.0
3190,4,2.0,1.4142135623730951,1.0,4.0
160565,2,2.75,2.4748737341529163,1.0,4.5
26901,1,2.5,,2.5,2.5
1442,5,3.5,0.8660254037844386,2.0,4.0
59306,2,0.75,0.3535533905932738,0.5,1.0
7743,2,3.5,1.4142135623730951,2.5,4.5
8093,1,3.5,,3.5,3.5
33672,7,3.0,1.0801234497346432,1.5,4.5
103602,1,5.0,,5.0,5.0
136355,1,5.0,,5.0,5.0
938,6,3.25,1.2942179105544782,1.5,5.0
160080,8,3.125,0.7440238091428449,1.5,4.0
117887,4,4.0,0.40824829046386313,3.5,4.5
71304,3,4.0,0.8660254037844386,3.0,4.5
4168,4,2.75,0.9574271077563382,2.0,4.0
2091,4,2.25,0.9574271077563381,1.0,3.0
3618,12,3.5416666666666665,0.8908201872772115,2.0,5.0
1611,5,4.1,0.7416198487095663,3.0,5.0
4959,2,3.25,0.3535533905932738,3.0,3.5
3724,5,3.3,0.8366600265340756,2.0,4.0
106642,7,4.571428571428571,0.4498677054212185,4.0,5.0
3014,1,2.0,,2.0,2.0
8959,3,2.5,0.8660254037844386,2.0,3.5
33171,2,2.0,2.1213203435596424,0.5,3.5
26999,2,3.0,0.0,3.0,3.0
65133,2,3.5,0.7071067811865476,3.0,4.0
5356,1,0.5,,0.5,0.5
127132,1,2.0,,2.0,2.0
7840,3,3.1666666666666665,0.7637626158259734,2.5,4.0
8232,1,3.5,,3.5,3.5
5839,1,4.0,,4.0,4.0
8335,1,3.5,,3.5,3.5
216,49,3.326530612244898,1.0633624950685288,1.0,5.0
759,2,3.5,0.7071067811865476,3.0,4.0
72737,12,3.75,0.7537783614444091,2.0,5.0
81845,58,4.043103448275862,0.6641475393487417,2.5,5.0
122918,27,3.925925925925926,0.8515111420710975,1.0,5.0
166015,1,3.5,,3.5,3.5
7069,4,3.5,0.408248290463863,3.0,4.0
6763,7,2.4285714285714284,1.2724180205607034,1.0,5.0
1667,5,2.1,0.22360679774997896,2.0,2.5
3646,17,2.176470588235294,1.0597932650785635,0.5,4.0
4442,3,2.6666666666666665,1.7559422921421233,1.0,4.5
1320,47,3.148936170212766,0.9435991089683603,0.5,5.0
2553,6,3.0833333333333335,0.917423929634859,2.0,4.0
175707,1,3.0,,3.0,3.0
4496,1,3.5,,3.5,3.5
8910,21,3.4523809523809526,0.998808814347895,1.0,5.0
81417,5,3.7,0.8366600265340756,3.0,5.0
121469,1,4.5,,4.5,4.5
184791,2,3.25,1.0606601717798212,2.5,4.0
3182,5,4.0,0.6123724356957945,3.0,4.5
3742,10,3.65,1.2258783698955529,0.5,5.0
6187,8,3.8125,0.7039429765866795,3.0,5.0
26150,1,4.5,,4.5,4.5
96616,3,2.5,1.3228756555322954,1.5,4.0
95690,1,4.5,,4.5,4.5
5284,1,2.5,,2.5,2.5
2986,25,2.64,1.186029791643813,0.5,5.0
952,12,3.625,0.6784005252999681,2.5,4.5
50800,2,2.5,0.7071067811865476,2.0,3.0
49347,3,3.8333333333333335,1.0408329997330663,3.0,5.0
104908,2,3.0,0.0,3.0,3.0
8580,1,5.0,,5.0,5.0
7951,1,2.0,,2.0,2.0
113186,1,3.0,,3.0,3.0
7211,1,3.5,,3.5,3.5
6853,1,1.0,,1.0,1.0
94799,1,3.5,,3.5,3.5
37495,1,3.5,,3.5,3.5
4670,1,2.5,,2.5,2.5
70703,1,2.0,,2.0,2.0
54686,1,3.0,,3.0,3.0
3640,1,4.0,,4.0,4.0
4395,1,4.0,,4.0,4.0
76091,1,5.0,,5.0,5.0
96832,1,5.0,,5.0,5.0
261,42,3.880952380952381,0.7635725068956289,2.0,5.0
4643,49,2.7448979591836733,1.0807137349320348,0.5,5.0
1918,33,2.8484848484848486,0.9801534357312418,0.5,4.0
1405,31,2.935483870967742,1.2432614064351806,0.5,5.0
3462,25,3.72,0.8175165645620481,1.0,5.0
106072,21,3.3095238095238093,0.7822434160188002,1.5,5.0
2719,13,2.1153846153846154,0.8454250941056752,0.5,3.0
2722,29,2.7758620689655173,0.9782108932761574,0.5,4.5
2793,10,2.3,0.9189365834726815,1.0,3.5
3393,3,1.3333333333333333,0.5773502691896258,1.0,2.0
5013,27,3.7037037037037037,1.0675210253672474,0.5,5.0
38,4,2.125,0.8539125638299665,1.0,3.0
5796,5,2.5,0.7071067811865476,2.0,3.5
114818,3,2.1666666666666665,1.0408329997330663,1.0,3.0
140301,1,3.0,,3.0,3.0
56788,8,3.375,1.246423454758225,1.0,4.5
1809,6,4.0,0.8366600265340756,3.0,5.0
2952,12,3.5416666666666665,0.5822500764406575,2.5,4.0
418,2,3.0,0.0,3.0,3.0
8143,1,3.5,,3.5,3.5
48043,14,3.5,0.6793662204867574,2.0,4.5
95858,5,3.9,0.22360679774997896,3.5,4.0
41724,1,4.5,,4.5,4.5
48696,4,3.875,0.629152869605896,3.0,4.5
47122,9,2.7222222222222223,1.3254978100489054,0.5,4.0
946,3,2.5,1.8027756377319946,0.5,4.0
95175,1,5.0,,5.0,5.0
5942,6,2.8333333333333335,0.6831300510639732,2.0,4.0
2889,8,3.75,0.6546536707079771,3.0,5.0
5410,4,2.375,1.25,0.5,3.0
1447,4,3.375,0.7499999999999999,2.5,4.0
1655,1,4.0,,4.0,4.0
34532,4,3.0,0.40824829046386296,2.5,3.5
118700,2,2.5,0.7071067811865476,2.0,3.0
93563,3,3.1666666666666665,1.755942292142123,1.5,5.0
34523,3,2.0,0.0,2.0,2.0
1325,2,1.25,1.0606601717798212,0.5,2.0
9005,2,2.0,0.0,2.0,2.0
128902,1,4.0,,4.0,4.0
96007,1,2.0,,2.0,2.0
4138,2,1.0,0.0,1.0,1.0
58879,1,3.5,,3.5,3.5
98160,1,1.5,,1.5,1.5
6225,1,3.0,,3.0,3.0
40597,1,2.0,,2.0,2.0
3414,1,4.0,,4.0,4.0
43744,1,3.5,,3.5,3.5
27420,1,2.0,,2.0,2.0
320,1,3.0,,3.0,3.0
2737,1,4.0,,4.0,4.0
364,172,3.941860465116279,0.8374236620569555,1.0,5.0
181,17,2.264705882352941,1.1607870048325986,0.5,4.0
510,1,3.0,,3.0,3.0
4370,56,3.3392857142857144,0.8744200304261046,1.0,5.0
2901,14,2.892857142857143,1.3327036058700004,1.0,5.0
4148,39,2.9358974358974357,1.1423630125147055,0.5,5.0
3070,21,3.5476190476190474,0.9862145038575775,2.0,5.0
3692,1,3.0,,3.0,3.0
2378,22,3.022727272727273,1.0743466755292628,0.5,5.0
2311,17,3.588235294117647,0.6669729688499156,2.0,4.5
7706,4,4.125,0.25,4.0,4.5
249,18,3.7222222222222223,0.8947924869885988,2.0,5.0
82,8,3.875,1.4820352800890308,1.0,5.0
2568,8,3.1875,1.412634317254722,1.0,5.0
4282,1,3.5,,3.5,3.5
1760,10,1.35,0.944281031614353,0.5,3.0
2992,1,3.5,,3.5,3.5
130978,1,5.0,,5.0,5.0
165483,1,4.0,,4.0,4.0
4225,7,4.0,0.5,3.5,5.0
4243,1,4.0,,4.0,4.0
4439,4,3.625,0.24999999999999997,3.5,4.0
4879,1,3.0,,3.0,3.0
1671,1,3.0,,3.0,3.0
169034,1,4.5,,4.5,4.5
7305,2,2.5,0.0,2.5,2.5
84716,1,4.0,,4.0,4.0
4404,1,4.0,,4.0,4.0
58404,2,2.75,0.3535533905932738,2.5,3.0
64249,2,2.5,0.7071067811865476,2.0,3.0
46559,1,3.5,,3.5,3.5
110611,1,2.5,,2.5,2.5
157172,1,0.5,,0.5,0.5
7073,1,2.5,,2.5,2.5
25999,1,3.5,,3.5,3.5
6320,2,1.5,0.7071067811865476,1.0,2.0
73211,2,3.75,0.3535533905932738,3.5,4.0
5689,1,2.0,,2.0,2.0
86864,1,3.0,,3.0,3.0
50356,1,3.0,,3.0,3.0
61319,1,3.5,,3.5,3.5
1049,21,3.4761904761904763,1.0182852065628578,1.5,5.0
48516,107,4.252336448598131,0.6915044842748121,1.0,5.0
91529,76,3.9934210526315788,0.9327143937727543,0.5,5.0
3044,13,3.769230769230769,0.9040507133494736,2.5,5.0
3317,22,3.659090909090909,0.8221105770307306,2.0,5.0
288,92,3.233695652173913,1.1252620865813316,1.0,5.0
3354,21,2.6904761904761907,1.0059347702036958,0.5,4.0
5378,92,3.157608695652174,1.1337222265425166,0.5,5.0
89745,69,3.869565217391304,0.9950324186007694,0.5,5.0
86068,1,0.5,,0.5,0.5
8937,8,3.5625,0.6232117273791125,2.5,4.5
5628,5,3.5,0.7905694150420949,2.5,4.5
42738,16,3.09375,0.8003905296791061,2.0,4.5
4103,10,3.95,0.9264628073124863,2.0,5.0
5106,7,2.0714285714285716,1.2392393980641052,0.5,4.5
945,7,4.071428571428571,0.8380817098475258,3.0,5.0
34312,1,5.0,,5.0,5.0
4228,10,2.15,0.8514693182963201,0.5,3.0
25825,4,3.375,1.9311050377094112,0.5,4.5
49932,6,3.6666666666666665,1.4023789311975088,1.0,5.0
45106,1,3.0,,3.0,3.0
50440,1,2.0,,2.0,2.0
3480,3,3.3333333333333335,1.1547005383792517,2.0,4.0
2055,1,3.0,,3.0,3.0
4473,1,3.0,,3.0,3.0
3478,7,2.7857142857142856,0.4879500364742666,2.0,3.5
703,2,2.0,0.0,2.0,2.0
52279,1,1.5,,1.5,1.5
41617,2,2.75,0.3535533905932738,2.5,3.0
3760,3,3.5,1.3228756555322954,2.5,5.0
4630,1,1.0,,1.0,1.0
84950,1,2.5,,2.5,2.5
129333,1,1.5,,1.5,1.5
1893,1,4.5,,4.5,4.5
5059,1,5.0,,5.0,5.0
6769,1,3.0,,3.0,3.0
26603,1,4.5,,4.5,4.5
356,329,4.164133738601824,0.8312435184333795,0.5,5.0
1916,12,3.4166666666666665,1.3789543689024488,1.0,5.0
240,4,2.375,0.7499999999999999,1.5,3.0
289,8,3.5625,1.1160357137142676,2.0,5.0
1987,2,2.5,0.7071067811865476,2.0,3.0
79091,38,3.6842105263157894,0.9257652249777444,0.5,5.0
6807,40,3.95,0.7662763778033923,2.0,5.0
3016,14,3.0714285714285716,0.85163062725264,2.0,4.5
3551,13,3.4615384615384617,0.7762500258061847,2.0,5.0
8946,2,2.75,0.3535533905932738,2.5,3.0
6867,12,3.5833333333333335,0.8483495563132981,1.5,4.5
889,1,4.0,,4.0,4.0
63072,9,3.888888888888889,0.4166666666666667,3.0,4.5
143355,13,3.3076923076923075,1.0315534712764842,1.5,4.5
74508,3,3.3333333333333335,1.2583057392117916,2.0,4.5
113453,5,3.1,0.6519202405202649,2.5,4.0
142196,1,4.5,,4.5,4.5
5460,3,3.6666666666666665,0.5773502691896258,3.0,4.0
102602,1,4.0,,4.0,4.0
108540,1,4.5,,4.5,4.5
3185,3,3.3333333333333335,0.5773502691896258,3.0,4.0
7316,4,2.375,0.75,1.5,3.0
32289,4,3.375,1.181453906563152,2.5,5.0
3492,1,4.0,,4.0,4.0
5497,3,3.5,0.5,3.0,4.0
83601,1,0.5,,0.5,0.5
34397,1,3.0,,3.0,3.0
4233,6,2.0,1.2649110640673518,0.5,3.5
44731,3,1.3333333333333333,0.7637626158259733,0.5,2.0
4803,4,3.625,0.4787135538781691,3.0,4.0
7486,2,4.75,0.3535533905932738,4.5,5.0
90531,4,3.75,0.6454972243679029,3.0,4.5
60037,5,3.0,0.7071067811865476,2.0,3.5
1389,6,1.4166666666666667,0.4915960401250875,1.0,2.0
2902,4,2.5,0.5773502691896257,2.0,3.0
80,2,4.0,0.0,4.0,4.0
40966,1,3.5,,3.5,3.5
3590,1,2.0,,2.0,2.0
2540,3,2.5,0.5,2.0,3.0
92730,1,2.0,,2.0,2.0
90809,1,3.0,,3.0,3.0
149330,1,4.0,,4.0,4.0
26413,2,3.25,0.3535533905932738,3.0,3.5
131739,1,3.0,,3.0,3.0
2596,12,3.7916666666666665,0.8649312461728161,2.0,5.0
1923,105,3.676190476190476,0.8715066319448229,1.0,5.0
3851,1,5.0,,5.0,5.0
25,76,3.625,1.116915395184434,1.0,5.0
98203,4,1.875,0.8539125638299665,1.0,3.0
122904,54,3.8333333333333335,1.0506062939587122,0.5,5.0
1147,10,3.9,0.9067647005823628,2.5,5.0
90600,5,3.6,0.4183300132670378,3.0,4.0
427,12,2.5416666666666665,1.1171866722289792,1.0,4.0
2672,12,2.9583333333333335,1.1171866722289794,0.5,4.0
4270,45,3.088888888888889,1.1495497581508365,0.5,5.0
142536,3,2.0,0.5,1.5,2.5
6565,18,3.6944444444444446,0.6216413021162058,2.5,5.0
2112,8,3.1875,0.8425090080061035,2.0,4.0
26606,2,4.25,0.3535533905932738,4.0,4.5
5108,11,2.909090909090909,0.8005679801922451,1.5,4.0
134170,7,3.7142857142857144,0.6986381310057719,2.5,4.5
2316,7,3.2142857142857144,1.185226520443204,2.0,4.5
7027,5,3.2,0.9082951062292476,2.0,4.0
59220,1,3.5,,3.5,3.5
6593,24,3.2083333333333335,0.6580053301400783,2.0,4.0
129354,10,3.25,1.2747548783981961,0.5,5.0
27873,3,3.1666666666666665,0.5773502691896258,2.5,3.5
2114,16,3.71875,0.682367203197809,3.0,5.0
94150,2,4.0,0.0,4.0,4.0
3217,3,3.5,0.5,3.0,4.0
73,13,3.4615384615384617,0.6910601294852008,2.0,4.0
8254,6,4.25,0.6123724356957946,3.5,5.0
58301,4,4.375,0.629152869605896,3.5,5.0
26172,2,3.0,0.0,3.0,3.0
3616,10,3.3,1.1832159566199232,2.0,5.0
4193,2,4.0,0.0,4.0,4.0
32011,6,2.1666666666666665,0.5163977794943222,1.5,3.0
51412,14,2.8214285714285716,1.1702587297283857,0.5,4.5
4217,2,4.25,0.3535533905932738,4.0,4.5
103048,2,3.5,0.7071067811865476,3.0,4.0
6241,1,4.0,,4.0,4.0
32179,1,4.0,,4.0,4.0
1484,3,3.6666666666666665,0.5773502691896258,3.0,4.0
2928,2,3.5,0.7071067811865476,3.0,4.0
4463,1,2.0,,2.0,2.0
82093,1,1.5,,1.5,1.5
98836,1,2.0,,2.0,2.0
105121,1,1.0,,1.0,1.0
7900,1,3.0,,3.0,3.0
136840,1,3.5,,3.5,3.5
91869,1,3.5,,3.5,3.5
82152,1,3.5,,3.5,3.5
5221,1,3.0,,3.0,3.0
6587,1,1.5,,1.5,1.5
141846,1,4.0,,4.0,4.0
2033,8,3.75,0.7559289460184544,3.0,5.0
2648,11,3.909090909090909,0.9438798074485389,2.0,5.0
2858,204,4.056372549019608,0.9702513911360044,0.5,5.0
3508,18,4.25,0.6473929618545631,3.0,5.0
113,3,3.3333333333333335,0.5773502691896258,3.0,4.0
237,22,3.340909090909091,1.0395324456830126,1.0,5.0
91104,7,2.2142857142857144,1.0350983390135313,1.0,4.0
3510,36,3.4166666666666665,1.0589752458998138,0.5,5.0
1556,19,1.605263157894737,0.7742190934602184,0.5,3.0
2321,61,3.4836065573770494,1.0081634007555278,0.5,5.0
2539,47,3.095744680851064,0.8316974384036412,1.0,5.0
3438,25,3.0,1.0897247358851685,0.5,4.5
8633,7,3.5714285714285716,0.8864052604279182,2.0,4.5
61350,3,2.3333333333333335,1.6072751268321592,0.5,3.5
51077,12,2.25,0.8118441408859887,1.0,3.5
3461,13,3.0384615384615383,0.9233439784631201,2.0,4.0
173925,2,4.25,0.3535533905932738,4.0,4.5
8795,1,4.5,,4.5,4.5
131013,8,3.125,1.1259916264596033,1.5,5.0
3719,2,3.0,1.4142135623730951,2.0,4.0
26662,17,4.0588235294117645,0.7263425702874401,2.0,5.0
129514,1,5.0,,5.0,5.0
1941,2,3.5,0.7071067811865476,3.0,4.0
5323,8,1.1875,0.8838834764831844,0.5,3.0
128842,1,4.0,,4.0,4.0
1126,6,2.8333333333333335,1.2909944487358056,2.0,4.5
31437,2,4.25,0.3535533905932738,4.0,4.5
5710,2,2.75,0.3535533905932738,2.5,3.0
4470,2,3.0,1.4142135623730951,2.0,4.0
74685,4,3.375,1.4361406616345072,1.5,5.0
77364,3,3.0,0.5,2.5,3.5
107069,2,3.0,0.7071067811865476,2.5,3.5
46865,1,1.0,,1.0,1.0
6981,2,3.75,0.3535533905932738,3.5,4.0
4926,1,2.0,,2.0,2.0
173209,1,4.0,,4.0,4.0
155743,1,2.0,,2.0,2.0
6545,1,4.5,,4.5,4.5
5613,3,3.8333333333333335,0.2886751345948129,3.5,4.0
26745,1,2.5,,2.5,2.5
97950,1,2.5,,2.5,2.5
5849,1,4.5,,4.5,4.5
158721,1,3.5,,3.5,3.5
132084,1,2.5,,2.5,2.5
1213,126,4.25,0.6833739825307954,2.0,5.0
2899,3,3.0,2.0,1.0,5.0
795,2,3.5,0.7071067811865476,3.0,4.0
3994,73,3.4794520547945207,1.0322519750673482,1.0,5.0
5267,12,3.2916666666666665,0.8382431122004613,2.0,4.5
41863,5,4.0,0.5,3.5,4.5
62374,11,3.772727272727273,0.6842381297339531,2.5,4.5
161131,8,3.625,0.5824823725107174,2.5,4.5
56152,17,3.676470588235294,0.5285941398709243,3.0,4.5
95875,8,3.1875,0.8838834764831844,1.5,4.0
6858,2,3.75,0.3535533905932738,3.5,4.0
6702,5,2.3,1.1510864433221337,0.5,3.5
80586,3,3.8333333333333335,0.5773502691896258,3.5,4.5
136447,1,5.0,,5.0,5.0
102720,2,3.0,0.7071067811865476,2.5,3.5
4082,2,3.5,2.1213203435596424,2.0,5.0
5415,4,3.125,0.8539125638299665,2.0,4.0
8369,3,2.6666666666666665,0.7637626158259734,2.0,3.5
7845,5,2.7,1.2041594578792296,1.0,4.0
3974,1,3.0,,3.0,3.0
58806,2,2.75,0.3535533905932738,2.5,3.0
4862,3,1.6666666666666667,0.7637626158259733,1.0,2.5
53956,4,3.25,0.6454972243679029,2.5,4.0
1419,2,4.25,0.3535533905932738,4.0,4.5
76738,1,3.5,,3.5,3.5
77191,2,3.25,1.0606601717798212,2.5,4.0
190219,1,1.0,,1.0,1.0
2552,2,1.5,0.7071067811865476,1.0,2.0
30820,3,3.8333333333333335,0.5773502691896258,3.5,4.5
122932,1,2.0,,2.0,2.0
151501,1,1.5,,1.5,1.5
165347,1,2.0,,2.0,2.0
71640,1,3.5,,3.5,3.5
25940,1,3.5,,3.5,3.5
84847,2,2.5,2.8284271247461903,0.5,4.5
178615,1,3.5,,3.5,3.5
123310,1,2.0,,2.0,2.0
645,2,3.5,0.7071067811865476,3.0,4.0
3531,1,5.0,,5.0,5.0
5733,1,4.0,,4.0,4.0
8456,1,4.0,,4.0,4.0
1103,15,4.1,0.7837638128197257,2.5,5.0
3365,7,4.071428571428571,0.7319250547113998,3.0,5.0
24,28,3.125,1.0149347725802838,1.0,5.0
160,57,2.8771929824561404,1.0276564086481381,1.0,5.0
818,10,3.25,0.9204467514322717,2.0,5.0
5893,2,3.25,1.0606601717798212,2.5,4.0
3882,34,2.6911764705882355,1.0445725955185583,0.5,4.5
160872,1,0.5,,0.5,0.5
51884,3,3.6666666666666665,0.5773502691896258,3.0,4.0
84189,2,3.75,0.3535533905932738,3.5,4.0
95843,1,5.0,,5.0,5.0
97836,7,2.5714285714285716,1.2392393980641052,0.5,4.0
3153,5,4.4,0.6519202405202649,3.5,5.0
5027,5,3.0,0.7905694150420949,2.0,4.0
71745,12,2.6666666666666665,1.2492421945347751,0.5,4.5
91671,2,1.0,0.0,1.0,1.0
8033,3,3.6666666666666665,0.5773502691896258,3.0,4.0
8197,1,4.0,,4.0,4.0
26237,1,4.0,,4.0,4.0
165959,1,5.0,,5.0,5.0
175293,1,5.0,,5.0,5.0
100194,1,4.5,,4.5,4.5
893,3,3.6666666666666665,1.1547005383792517,3.0,5.0
1078,11,3.409090909090909,1.0202495238465397,2.0,5.0
4055,2,4.0,1.4142135623730951,3.0,5.0
3801,4,4.0,0.0,4.0,4.0
7698,5,3.7,0.2738612787525831,3.5,4.0
7013,7,4.0,0.5,3.0,4.5
57910,1,2.0,,2.0,2.0
160848,1,4.5,,4.5,4.5
4915,5,2.8,1.3038404810405297,2.0,5.0
31952,1,3.5,,3.5,3.5
3899,1,1.0,,1.0,1.0
6263,2,3.75,0.3535533905932738,3.5,4.0
65350,1,0.5,,0.5,0.5
172887,1,3.0,,3.0,3.0
4278,3,4.166666666666667,0.7637626158259734,3.5,5.0
6159,2,4.25,1.0606601717798212,3.5,5.0
41527,2,4.0,0.0,4.0,4.0
85394,1,3.0,,3.0,3.0
75816,1,2.0,,2.0,2.0
5629,1,2.0,,2.0,2.0
6232,1,4.0,,4.0,4.0
8125,1,4.0,,4.0,4.0
8459,1,3.5,,3.5,3.5
114554,1,1.0,,1.0,1.0
75446,1,2.5,,2.5,2.5
70,55,3.5090909090909093,1.0160330862345144,1.0,5.0
5957,19,3.263157894736842,0.9032106474595006,1.5,5.0
6287,34,3.0588235294117645,1.0057765421617884,1.0,5.0
921,9,3.388888888888889,0.8579691784155834,2.0,5.0
1479,30,3.216666666666667,0.9347997511299645,1.0,5.0
3035,11,3.8181818181818183,0.7507571935295484,3.0,5.0
3219,13,3.1923076923076925,0.9473309334313419,2.0,5.0
3693,8,2.125,0.9543135154205278,1.0,3.5
3755,44,3.1704545454545454,0.9701545178905832,0.5,5.0
63082,71,3.8098591549295775,1.0769208658521976,0.5,5.0
102407,20,3.375,0.8251794063302713,2.0,5.0
6957,26,3.3653846153846154,1.179471850513545,0.5,5.0
40278,17,3.676470588235294,0.6359337738364604,2.0,4.5
56607,3,3.3333333333333335,0.7637626158259734,2.5,4.0
408,2,3.0,1.4142135623730951,2.0,4.0
3259,11,3.1363636363636362,0.777525211517578,2.0,4.5
105250,2,3.75,0.3535533905932738,3.5,4.0
46948,9,3.111111111111111,1.1118053386771944,0.5,4.0
113378,5,2.3,1.4832396974191326,1.0,4.5
149350,1,5.0,,5.0,5.0
6012,4,2.5,0.5773502691896257,2.0,3.0
147328,1,5.0,,5.0,5.0
1897,2,3.5,0.7071067811865476,3.0,4.0
5177,2,3.5,0.7071067811865476,3.0,4.0
3096,1,5.0,,5.0,5.0
1454,6,3.75,0.758287544405155,3.0,5.0
50802,3,3.0,0.5,2.5,3.5
2846,7,3.857142857142857,0.8017837257372731,3.0,5.0
5128,11,2.3636363636363638,0.5954371961386479,1.0,3.0
127108,4,3.875,1.3149778198382918,2.0,5.0
87660,1,4.5,,4.5,4.5
102194,3,4.333333333333333,0.5773502691896258,4.0,5.0
113604,1,2.0,,2.0,2.0
1003,3,2.5,0.8660254037844386,2.0,3.5
2260,2,2.5,0.7071067811865476,2.0,3.0
3973,4,1.125,0.9464847243000456,0.5,2.5
106542,1,1.5,,1.5,1.5
145150,1,3.0,,3.0,3.0
4970,1,4.0,,4.0,4.0
7049,1,3.0,,3.0,3.0
159510,1,2.0,,2.0,2.0
27762,1,2.5,,2.5,2.5
92674,1,2.5,,2.5,2.5
98697,1,2.5,,2.5,2.5
6644,1,4.0,,4.0,4.0
48032,1,4.0,,4.0,4.0
58964,1,4.0,,4.0,4.0
102066,1,4.0,,4.0,4.0
130052,1,3.5,,3.5,3.5
2529,56,3.8035714285714284,0.8617032363479135,1.5,5.0
125,12,3.5833333333333335,1.2583057392117918,1.0,5.0
1907,45,3.566666666666667,0.7948699150289824,1.5,5.0
3204,8,3.6875,0.7039429765866794,3.0,5.0
62,80,3.70625,1.0484882124495105,1.0,5.0
106489,25,3.58,1.0575128052810203,0.5,5.0
3751,78,3.551282051282051,0.851239522466341,1.0,5.0
3265,9,4.0,1.0307764064044151,2.0,5.0
7263,10,3.35,0.7090682462060882,2.0,4.5
37731,9,3.7222222222222223,0.754615428178118,2.5,5.0
1799,13,3.423076923076923,0.7025594235292439,2.5,4.5
121,2,4.0,0.0,4.0,4.0
1453,3,1.8333333333333333,1.2583057392117918,0.5,3.0
2505,18,2.9444444444444446,0.8555852638929973,1.0,4.0
4654,7,2.7857142857142856,0.8591246929842246,1.5,4.0
33781,2,3.0,0.7071067811865476,2.5,3.5
1912,32,3.859375,1.0490731316185118,1.0,5.0
2075,1,5.0,,5.0,5.0
40959,3,3.6666666666666665,0.7637626158259734,3.0,4.5
44788,6,3.5,0.447213595499958,3.0,4.0
4880,9,3.888888888888889,0.961046882889233,2.0,5.0
5434,5,3.8,0.4472135954999579,3.5,4.5
3267,18,3.5555555555555554,0.7838233761296739,2.0,5.0
58972,2,3.0,0.7071067811865476,2.5,3.5
2551,8,3.6875,0.9613049166924837,2.0,5.0
53466,3,2.8333333333333335,0.2886751345948129,2.5,3.0
3906,2,2.5,0.7071067811865476,2.0,3.0
3909,4,2.0,0.816496580927726,1.0,3.0
6380,7,3.9285714285714284,1.0578504710249075,2.0,5.0
3091,4,4.125,0.4787135538781691,3.5,4.5
32770,2,4.25,0.3535533905932738,4.0,4.5
103539,2,3.25,1.0606601717798212,2.5,4.0
26887,1,3.0,,3.0,3.0
4432,4,4.125,0.6291528696058958,3.5,5.0
117545,2,3.75,0.3535533905932738,3.5,4.0
3580,2,3.5,0.7071067811865476,3.0,4.0
96563,1,4.0,,4.0,4.0
95149,1,5.0,,5.0,5.0
26303,1,4.0,,4.0,4.0
60333,3,4.5,0.5,4.0,5.0
5635,1,3.0,,3.0,3.0
6547,2,2.25,0.3535533905932738,2.0,2.5
106883,1,1.5,,1.5,1.5
8331,1,4.0,,4.0,4.0
3678,1,5.0,,5.0,5.0
8118,1,4.0,,4.0,4.0
68835,1,3.5,,3.5,3.5
26176,1,2.5,,2.5,2.5
27155,1,2.0,,2.0,2.0
3514,1,3.0,,3.0,3.0
100579,1,4.0,,4.0,4.0
113862,1,4.0,,4.0,4.0
480,238,3.75,0.8553011658989986,0.5,5.0
351,17,3.176470588235294,0.9003675719981713,2.0,5.0
3591,15,2.7333333333333334,0.942388050696335,1.0,5.0
8808,7,2.5,0.8660254037844387,1.5,3.5
6870,52,3.7115384615384617,0.8185721298853497,1.0,5.0
53129,7,4.0,0.5773502691896257,3.0,4.5
60074,29,3.0344827586206895,0.8444253591597769,1.0,5.0
88140,32,3.546875,0.6642892757944266,1.5,5.0
5313,22,2.2954545454545454,1.1511804594486696,0.5,4.0
7569,12,3.8333333333333335,0.5773502691896261,3.0,5.0
41566,62,3.443548387096774,0.936967723037325,0.5,5.0
1592,4,2.375,0.9464847243000456,1.0,3.0
8810,17,2.823529411764706,1.1981910384850498,1.0,5.0
4067,4,3.375,0.9464847243000457,2.0,4.0
7700,5,3.3,1.5652475842498528,0.5,4.0
4255,10,2.2,1.1352924243950935,0.5,4.0
52967,4,3.625,0.75,3.0,4.5
3576,4,3.5,0.5773502691896257,3.0,4.0
73822,1,5.0,,5.0,5.0
173253,1,3.5,,3.5,3.5
25937,3,3.3333333333333335,0.2886751345948129,3.0,3.5
156,3,3.3333333333333335,1.1547005383792517,2.0,4.0
55872,6,3.5,0.6324555320336759,3.0,4.5
7060,3,4.0,0.5,3.5,4.5
7121,4,4.75,0.5,4.0,5.0
181413,1,4.5,,4.5,4.5
140359,4,4.0,0.7071067811865475,3.0,4.5
2050,4,2.875,1.547847968417226,1.5,5.0
93363,11,3.090909090909091,0.9954441676503464,1.0,4.0
2812,1,3.0,,3.0,3.0
156726,3,2.6666666666666665,2.0207259421636903,0.5,4.5
48001,1,4.0,,4.0,4.0
147002,1,4.0,,4.0,4.0
4471,3,1.5,1.3228756555322954,0.5,3.0
4053,2,2.5,0.7071067811865476,2.0,3.0
44020,2,2.75,0.3535533905932738,2.5,3.0
3391,2,2.5,0.7071067811865476,2.0,3.0
100487,1,2.0,,2.0,2.0
4704,1,3.0,,3.0,3.0
4998,1,3.5,,3.5,3.5
8875,1,4.0,,4.0,4.0
5197,1,2.0,,2.0,2.0
2878,2,2.0,0.0,2.0,2.0
44243,1,0.5,,0.5,0.5
6973,1,2.5,,2.5,2.5
58975,1,3.5,,3.5,3.5
114707,1,3.0,,3.0,3.0
219,1,3.0,,3.0,3.0
697,5,2.7,0.6708203932499369,1.5,3.0
1610,90,3.8722222222222222,0.8822886197211138,0.5,5.0
37741,23,3.869565217391304,0.6071054892675689,2.0,4.5
42002,9,3.388888888888889,0.8207381501496754,2.0,4.5
47099,46,3.7934782608695654,0.8665133643678091,2.0,5.0
71108,1,4.5,,4.5,4.5
102903,22,3.409090909090909,1.250108220423561,0.5,5.0
142488,19,4.157894736842105,0.7274886707584327,2.5,5.0
1679,1,2.0,,2.0,2.0
1083,6,3.3333333333333335,0.816496580927726,2.0,4.0
65216,7,3.9285714285714284,0.44986770542121857,3.5,4.5
1099,4,3.375,0.9464847243000456,2.0,4.0
4686,4,1.625,0.4787135538781691,1.0,2.0
7294,4,3.25,0.6454972243679029,2.5,4.0
2408,9,2.3333333333333335,0.8660254037844387,1.0,3.0
74228,2,4.0,0.7071067811865476,3.5,4.5
4231,5,3.5,0.6123724356957946,3.0,4.5
4069,22,2.909090909090909,0.9956615847475444,0.5,5.0
102747,1,3.5,,3.5,3.5
140711,6,2.6666666666666665,1.3662601021279464,0.5,4.0
5479,6,3.5,0.8366600265340755,2.0,4.0
6643,4,2.625,1.547847968417226,0.5,4.0
26849,1,5.0,,5.0,5.0
27134,1,4.0,,4.0,4.0
117444,1,3.0,,3.0,3.0
141818,1,4.5,,4.5,4.5
160271,4,3.625,1.0307764064044151,2.5,5.0
165671,1,4.5,,4.5,4.5
168418,5,3.8,1.1510864433221337,2.0,5.0
4951,7,3.4285714285714284,0.7867957924694432,2.5,4.5
3564,12,1.625,0.7111130839619099,0.5,3.0
3106,1,1.0,,1.0,1.0
110297,3,3.3333333333333335,0.2886751345948129,3.0,3.5
4708,2,4.5,0.7071067811865476,4.0,5.0
176389,1,2.0,,2.0,2.0
96964,1,1.5,,1.5,1.5
88515,1,3.0,,3.0,3.0
100737,1,3.5,,3.5,3.5
6577,2,3.5,0.7071067811865476,3.0,4.0
6549,3,3.5,1.5,2.0,5.0
6851,2,2.75,1.0606601717798212,2.0,3.5
52668,2,4.0,0.0,4.0,4.0
94896,2,3.5,0.7071067811865476,3.0,4.0
113225,1,3.0,,3.0,3.0
5224,2,4.25,0.3535533905932738,4.0,4.5
2820,1,4.0,,4.0,4.0
1336,1,1.0,,1.0,1.0
86286,1,2.0,,2.0,2.0
4705,1,3.0,,3.0,3.0
2207,1,3.0,,3.0,3.0
2145,33,3.242424242424242,0.801572791076356,2.0,5.0
2359,26,3.673076923076923,0.8595616056142537,1.0,5.0
95,84,3.0238095238095237,1.0146658358604672,1.0,5.0
477,17,3.3823529411764706,0.5736236724953554,2.0,4.0
1784,96,3.6979166666666665,0.8899413542672843,0.5,5.0
5872,27,2.925925925925926,1.0067436434032069,0.5,5.0
97024,1,0.5,,0.5,0.5
1687,18,3.2222222222222223,1.0463131662318244,1.0,5.0
7318,13,2.6153846153846154,1.401693115394233,0.5,5.0
57528,9,3.2777777777777777,0.7120003121097942,2.0,4.0
2123,15,2.7,0.9219544457292886,0.5,4.5
2133,20,3.325,0.9904145862372884,1.0,5.0
3868,42,3.4047619047619047,0.9578819065031136,1.0,5.0
79185,6,3.4166666666666665,1.241638702145945,1.0,4.5
33558,1,3.0,,3.0,3.0
49822,7,3.142857142857143,0.8521681032463466,1.5,4.0
50442,8,3.125,0.9543135154205276,2.0,4.0
93326,11,2.6363636363636362,0.8969645781999723,1.0,3.5
482,8,3.625,0.44320263021395917,3.0,4.0
7163,17,2.911764705882353,0.870260272089029,1.5,4.5
2009,19,3.473684210526316,0.5393845312155511,2.5,4.0
968,28,3.75,1.1426091000668408,1.0,5.0
74668,2,3.75,0.3535533905932738,3.5,4.0
4887,14,2.75,1.204957707524657,0.5,4.0
103075,4,3.25,0.6454972243679028,2.5,4.0
73160,1,2.5,,2.5,2.5
121007,1,4.0,,4.0,4.0
77427,1,0.5,,0.5,0.5
126426,1,4.0,,4.0,4.0
147326,1,5.0,,5.0,5.0
4063,4,2.5,1.0,2.0,4.0
4187,3,3.8333333333333335,0.2886751345948129,3.5,4.0
57243,3,3.5,0.5,3.0,4.0
6290,7,2.7142857142857144,1.1126972805283735,1.0,4.5
4533,4,3.75,0.6454972243679028,3.0,4.5
5927,1,3.0,,3.0,3.0
4825,1,3.0,,3.0,3.0
94160,1,3.0,,3.0,3.0
2669,2,3.5,0.7071067811865476,3.0,4.0
5321,1,2.0,,2.0,2.0
80864,1,3.5,,3.5,3.5
3241,2,4.5,0.7071067811865476,4.0,5.0
1423,1,4.0,,4.0,4.0
7826,1,3.5,,3.5,3.5
144352,1,0.5,,0.5,0.5
128832,1,3.5,,3.5,3.5
151687,1,0.5,,0.5,0.5
26567,1,2.0,,2.0,2.0
27032,2,3.5,0.7071067811865476,3.0,4.0
34811,1,2.5,,2.5,2.5
61073,1,2.0,,2.0,2.0
105020,1,1.5,,1.5,1.5
79868,1,2.5,,2.5,2.5
2139,21,3.4761904761904763,0.7327378534679111,1.5,5.0
2948,36,3.75,0.7416198487095663,3.0,5.0
2541,40,3.225,0.9537375868735511,1.0,5.0
34405,50,3.94,0.8727156771029294,0.5,5.0
46965,14,2.642857142857143,1.2469743601794927,0.5,5.0
2453,3,2.1666666666666665,0.7637626158259734,1.5,3.0
2860,9,2.611111111111111,0.6009252125773316,2.0,3.5
29,38,4.0131578947368425,0.8259870598526935,2.0,5.0
741,27,4.148148148148148,0.6767401332691951,2.5,5.0
5312,7,2.857142857142857,0.6267831705280087,2.0,4.0
97304,28,3.982142857142857,0.8658344600264603,1.5,5.0
174403,1,2.5,,2.5,2.5
5672,2,0.5,0.0,0.5,0.5
87430,10,2.35,1.0013879257199867,1.0,3.5
4499,16,4.125,0.5627314338711378,3.0,5.0
59258,11,3.1363636363636362,1.1851352051751118,0.5,4.5
70990,1,2.5,,2.5,2.5
53460,7,3.5,0.4082482904638631,3.0,4.0
7419,7,3.7857142857142856,0.2672612419124244,3.5,4.0
8804,1,5.0,,5.0,5.0
5888,1,5.0,,5.0,5.0
147250,1,5.0,,5.0,5.0
74532,5,2.5,1.6955824957813173,0.5,5.0
81782,7,3.357142857142857,0.47559486560567094,2.5,4.0
390,5,3.7,1.2041594578792296,2.0,5.0
5498,1,4.5,,4.5,4.5
173235,1,4.5,,4.5,4.5
2165,2,3.5,0.7071067811865476,3.0,4.0
32019,8,2.4375,1.050085030570654,0.5,4.0
109042,2,2.25,0.3535533905932738,2.0,2.5
1439,3,2.1666666666666665,1.0408329997330663,1.0,3.0
91128,6,3.5833333333333335,0.7359800721939873,2.5,4.5
30848,3,3.1666666666666665,0.5773502691896258,2.5,3.5
39234,4,3.5,0.7071067811865476,2.5,4.0
27003,1,3.0,,3.0,3.0
4563,3,1.8333333333333333,0.2886751345948129,1.5,2.0
26151,2,3.5,0.0,3.5,3.5
189713,1,2.5,,2.5,2.5
184931,1,4.0,,4.0,4.0
26357,1,4.0,,4.0,4.0
8727,1,2.0,,2.0,2.0
88697,1,2.5,,2.5,2.5
32620,1,3.5,,3.5,3.5
56333,1,3.5,,3.5,3.5
2291,80,3.7,0.6344538167350089,2.0,5.0
5181,2,4.5,0.7071067811865476,4.0,5.0
3911,53,3.688679245283019,0.861720188692025,0.5,5.0
6377,141,3.9609929078014185,0.7747601517931108,0.5,5.0
103335,19,3.5789473684210527,1.1458034286368772,0.5,5.0
4878,109,3.981651376146789,0.9572496421185291,0.5,5.0
1221,129,4.25968992248062,0.8030721655622084,1.0,5.0
558,8,2.9375,0.7763237542601484,2.0,4.0
3189,11,3.5454545454545454,0.5680909018170179,2.5,4.5
3177,6,3.25,0.987420882906575,2.0,4.0
4084,19,2.8684210526315788,0.8138063048136124,1.0,4.0
137337,4,3.5,0.7071067811865476,2.5,4.0
1289,11,3.8636363636363638,0.8090398349558905,2.5,5.0
2125,21,3.619047619047619,0.8500700251267819,2.0,5.0
56336,2,3.0,1.4142135623730951,2.0,4.0
72591,1,3.5,,3.5,3.5
128520,5,3.8,1.1510864433221337,2.5,5.0
464,10,2.9,0.7378647873726218,2.0,4.0
81819,2,4.25,0.3535533905932738,4.0,4.5
528,3,2.3333333333333335,0.5773502691896258,2.0,3.0
2749,2,4.0,0.0,4.0,4.0
91947,1,4.5,,4.5,4.5
8695,3,3.0,0.8660254037844386,2.5,4.0
77795,1,3.5,,3.5,3.5
184053,1,2.0,,2.0,2.0
4945,1,4.0,,4.0,4.0
98239,2,2.25,0.3535533905932738,2.0,2.5
149334,1,3.0,,3.0,3.0
3845,1,4.0,,4.0,4.0
5475,3,3.8333333333333335,0.2886751345948129,3.5,4.0
161127,2,3.75,0.3535533905932738,3.5,4.0
7336,1,3.5,,3.5,3.5
75803,1,1.5,,1.5,1.5
133377,1,1.5,,1.5,1.5
152085,1,2.5,,2.5,2.5
7716,1,3.5,,3.5,3.5
2862,1,1.0,,1.0,1.0
54617,1,3.5,,3.5,3.5
183635,1,3.5,,3.5,3.5
33294,1,2.5,,2.5,2.5
74696,1,3.0,,3.0,3.0
86355,1,2.0,,2.0,2.0
161044,1,3.0,,3.0,3.0
526,1,4.0,,4.0,4.0
25946,1,3.5,,3.5,3.5
110591,1,4.5,,4.5,4.5
1587,31,3.2580645161290325,1.2238666031743783,1.0,5.0
3253,61,3.4754098360655736,1.0182756237392898,0.5,5.0
21,89,3.49438202247191,0.8676456585288979,1.0,5.0
710,8,2.5625,0.49551560448255755,2.0,3.0
653,65,3.0923076923076924,0.8518926891611137,0.5,5.0
73499,1,3.5,,3.5,3.5
99728,3,3.3333333333333335,0.7637626158259733,2.5,4.0
1409,23,2.5,1.0975178606954215,0.5,5.0
3064,3,2.3333333333333335,0.5773502691896258,2.0,3.0
168248,7,4.142857142857143,0.7480132415430957,3.0,5.0
1393,85,3.5941176470588236,0.9112201319393359,1.0,5.0
1177,6,4.0,0.6324555320336759,3.0,5.0
1801,25,3.5,0.82915619758885,2.0,5.0
87869,24,3.4375,0.9703484358499898,0.5,5.0
4502,4,1.625,1.25,1.0,3.5
110501,7,3.9285714285714284,0.8380817098475258,3.0,5.0
45726,6,2.1666666666666665,0.8755950357709131,0.5,3.0
52458,10,3.15,0.7090682462060883,2.5,4.5
78467,4,1.875,0.25,1.5,2.0
214,2,4.0,0.0,4.0,4.0
3599,5,3.2,1.2549900398011133,1.0,4.0
64116,2,3.5,0.0,3.5,3.5
121097,2,2.75,2.4748737341529163,1.0,4.5
4678,9,3.4444444444444446,1.2360330811826103,0.5,5.0
6461,6,3.8333333333333335,0.816496580927726,3.0,5.0
121374,1,4.5,,4.5,4.5
178323,1,3.5,,3.5,3.5
4792,4,3.125,0.9464847243000456,2.5,4.5
6483,3,0.8333333333333334,0.5773502691896258,0.5,1.5
6368,4,4.0,0.7071067811865476,3.5,5.0
3713,1,4.0,,4.0,4.0
67508,1,4.0,,4.0,4.0
109968,2,4.25,1.0606601717798212,3.5,5.0
179135,1,5.0,,5.0,5.0
60894,1,3.0,,3.0,3.0
80748,1,4.0,,4.0,4.0
2074,3,3.6666666666666665,0.5773502691896258,3.0,4.0
8188,1,3.5,,3.5,3.5
3847,1,2.0,,2.0,2.0
52784,1,4.0,,4.0,4.0
7017,3,3.5,1.5,2.0,5.0
4051,1,0.5,,0.5,0.5
133798,1,1.5,,1.5,1.5
136816,1,2.5,,2.5,2.5
2201,2,3.5,0.7071067811865476,3.0,4.0
7061,1,4.0,,4.0,4.0
7414,1,2.5,,2.5,2.5
72919,1,3.0,,3.0,3.0
83796,1,2.5,,2.5,2.5
104017,1,0.5,,0.5,0.5
1514,1,3.0,,3.0,3.0
2708,3,4.0,0.0,4.0,4.0
134248,1,3.0,,3.0,3.0
1552,59,3.0338983050847457,1.024965965707714,0.5,5.0
2116,15,3.1333333333333333,1.1567606658662104,1.5,5.0
1079,71,3.9225352112676055,0.9359788128094402,1.5,5.0
1283,19,4.2105263157894735,0.7512173356493558,3.0,5.0
2843,9,3.9444444444444446,1.1843892002959913,2.0,5.0
166528,27,3.925925925925926,0.9577989963342608,1.0,5.0
66934,24,3.9166666666666665,1.0072203103706698,0.5,5.0
1345,36,3.3472222222222223,0.9473228778619437,1.0,5.0
1648,4,3.5,1.0,2.0,4.0
1911,32,2.609375,0.8588662350316372,1.0,4.0
4366,19,3.3421052631578947,0.898341551894183,1.5,5.0
3246,15,4.166666666666667,0.6454972243679029,2.5,5.0
5093,9,2.7777777777777777,0.6180165405913053,2.0,4.0
550,5,3.4,1.140175425099138,2.0,5.0
90746,12,3.5,0.6030226891555273,2.5,4.5
56801,6,2.5833333333333335,1.114300976696452,1.0,4.0
2922,5,3.6,0.5477225575051661,3.0,4.0
113741,2,4.0,0.0,4.0,4.0
184471,4,2.5,1.35400640077266,0.5,3.5
33779,2,4.5,0.7071067811865476,4.0,5.0
30822,11,3.4545454545454546,0.6105139414683932,2.5,4.5
139640,1,5.0,,5.0,5.0
2868,2,2.0,1.4142135623730951,1.0,3.0
87194,2,3.5,0.0,3.5,3.5
133716,1,4.5,,4.5,4.5
1465,3,3.3333333333333335,1.1547005383792517,2.0,4.0
4406,5,4.4,0.651920240520265,3.5,5.0
106144,1,3.5,,3.5,3.5
3165,2,3.0,1.4142135623730951,2.0,4.0
1327,15,2.6333333333333333,1.2742878496672263,0.5,5.0
7024,3,3.6666666666666665,0.5773502691896258,3.0,4.0
57536,2,3.25,0.3535533905932738,3.0,3.5
5723,1,5.0,,5.0,5.0
3872,1,3.5,,3.5,3.5
8748,2,4.0,0.7071067811865476,3.5,4.5
173197,2,4.25,0.3535533905932738,4.0,4.5
26472,1,3.5,,3.5,3.5
132888,1,3.0,,3.0,3.0
3716,1,1.0,,1.0,1.0
51694,1,3.5,,3.5,3.5
79946,1,3.5,,3.5,3.5
157340,1,2.5,,2.5,2.5
7075,1,3.5,,3.5,3.5
184987,1,3.0,,3.0,3.0
116529,1,3.0,,3.0,3.0
111384,1,4.0,,4.0,4.0
8494,1,0.5,,0.5,0.5
5111,1,1.5,,1.5,1.5
2544,1,3.0,,3.0,3.0
3303,1,5.0,,5.0,5.0
492,14,3.75,0.8715591687403585,2.0,5.0
1179,27,3.6296296296296298,1.0246255656860948,1.0,5.0
352,2,2.5,0.7071067811865476,2.0,3.0
3869,26,3.423076923076923,0.9663571564624301,1.5,5.0
2300,33,3.9696969696969697,1.052819087166941,1.0,5.0
122922,22,3.7045454545454546,0.9342566552267625,2.0,5.0
338,19,2.8421052631578947,1.0145145470035764,1.0,5.0
798,12,2.7083333333333335,1.1373480584502729,1.0,5.0
866,23,4.0,0.7833494518006403,2.0,5.0
2870,8,3.3125,0.45806269065645216,3.0,4.0
3063,6,2.1666666666666665,0.983192080250175,1.0,4.0
3477,13,3.3846153846153846,1.12089707663561,1.5,5.0
136016,4,3.0,1.4719601443879744,1.0,4.5
5292,7,3.857142857142857,1.1073348527841413,2.0,5.0
2943,3,4.166666666666667,0.7637626158259734,3.5,5.0
3385,8,2.8125,1.19335960332883,1.5,5.0
122898,6,2.5,1.2649110640673518,0.5,4.0
142602,1,1.0,,1.0,1.0
53000,21,3.5952380952380953,0.903037203262518,1.5,4.5
6944,13,3.5,1.0606601717798214,1.0,5.0
1337,1,4.5,,4.5,4.5
65802,7,2.7142857142857144,1.185226520443204,0.5,4.0
7036,7,3.142857142857143,0.8997354108424375,2.5,5.0
27815,11,3.909090909090909,0.8312094145936335,2.5,5.0
157312,3,2.6666666666666665,1.0408329997330663,1.5,3.5
5637,2,4.5,0.7071067811865476,4.0,5.0
78893,6,1.9166666666666667,0.9703951085339758,1.0,3.5
2178,2,3.5,0.7071067811865476,3.0,4.0
4117,3,4.333333333333333,0.5773502691896258,4.0,5.0
80553,1,3.5,,3.5,3.5
85213,1,4.0,,4.0,4.0
335,2,3.5,0.7071067811865476,3.0,4.0
5390,1,3.0,,3.0,3.0
5416,1,5.0,,5.0,5.0
941,2,3.75,0.3535533905932738,3.5,4.0
160440,1,1.5,,1.5,1.5
5601,1,4.0,,4.0,4.0
8268,2,4.25,0.3535533905932738,4.0,4.5
31617,1,3.0,,3.0,3.0
89586,1,3.5,,3.5,3.5
160422,1,3.0,,3.0,3.0
114627,2,3.25,0.3535533905932738,3.0,3.5
3459,1,4.0,,4.0,4.0
72603,1,3.0,,3.0,3.0
63179,1,3.5,,3.5,3.5
113565,1,4.0,,4.0,4.0
1042,42,3.2738095238095237,0.9052851656393124,2.0,5.0
1348,16,3.53125,0.7846177413237607,2.0,5.0
195,10,3.1,1.2649110640673518,1.5,5.0
256,35,2.8285714285714287,1.0427823157223146,0.5,5.0
1604,3,3.3333333333333335,0.5773502691896258,3.0,4.0
2100,51,3.1176470588235294,0.972564832256018,0.5,5.0
678,9,3.8333333333333335,0.43301270189221924,3.0,4.5
3275,43,4.22093023255814,0.5804588248942072,2.5,5.0
8361,50,3.05,0.8762745818846642,1.0,4.5
44199,40,3.8,0.9922778767136676,0.5,5.0
107846,1,3.5,,3.5,3.5
911,13,3.8076923076923075,0.6626481450231065,2.5,5.0
933,23,4.217391304347826,0.8370142683225263,1.5,5.0
1257,27,3.685185185185185,0.9721916967124822,2.0,5.0
2016,4,2.875,0.24999999999999997,2.5,3.0
103141,16,3.875,0.7416198487095662,2.5,5.0
109723,1,3.5,,3.5,3.5
714,15,3.966666666666667,1.0431180365113233,1.0,5.0
6281,32,3.140625,0.8350620510071439,1.5,4.5
58293,17,2.7058823529411766,0.9363964092701966,0.5,4.0
5810,41,3.292682926829268,1.0366750319898805,0.5,5.0
115203,1,3.0,,3.0,3.0
2615,4,2.875,1.181453906563152,2.0,4.5
3507,15,4.066666666666666,0.5627314338711378,3.0,5.0
1185,10,3.95,0.7619419633774976,2.5,5.0
7889,2,3.75,0.3535533905932738,3.5,4.0
1131,11,4.090909090909091,0.6640098575390962,3.0,5.0
1140,1,5.0,,5.0,5.0
6271,1,2.0,,2.0,2.0
42013,4,2.75,0.8660254037844386,1.5,3.5
124404,1,5.0,,5.0,5.0
102666,1,4.5,,4.5,4.5
148652,2,3.25,0.3535533905932738,3.0,3.5
152970,4,4.375,0.25000000000000006,4.0,4.5
2330,2,4.5,0.7071067811865476,4.0,5.0
85885,2,2.75,2.4748737341529163,1.0,4.5
47382,4,3.5,1.2909944487358056,2.0,5.0
1936,3,4.0,1.0,3.0,5.0
43560,6,3.1666666666666665,0.5163977794943223,2.5,4.0
52694,4,2.875,1.0307764064044151,1.5,4.0
4275,5,2.9,0.7416198487095663,2.0,4.0
4723,3,1.8333333333333333,0.7637626158259734,1.0,2.5
1602,4,1.75,0.5,1.0,2.0
43556,2,2.75,0.3535533905932738,2.5,3.0
95583,2,2.75,0.3535533905932738,2.5,3.0
3302,2,4.75,0.3535533905932738,4.5,5.0
7115,5,2.6,1.3416407864998738,0.5,4.0
71999,1,4.5,,4.5,4.5
7936,1,4.0,,4.0,4.0
34018,1,3.0,,3.0,3.0
78034,1,3.5,,3.5,3.5
93242,1,1.5,,1.5,1.5
110655,2,2.0,0.7071067811865476,1.5,2.5
5007,1,2.5,,2.5,2.5
7219,1,4.0,,4.0,4.0
42740,1,3.5,,3.5,3.5
58297,1,4.0,,4.0,4.0
3094,2,4.0,0.0,4.0,4.0
7988,1,2.0,,2.0,2.0
157865,1,1.5,,1.5,1.5
160527,1,4.5,,4.5,4.5
345,36,3.5972222222222223,0.9770176518689374,1.0,5.0
595,146,3.7705479452054793,0.8430787428531935,2.0,5.0
1188,22,3.659090909090909,1.2572301720956691,1.0,5.0
490,12,3.0,0.7385489458759964,2.0,4.0
115149,29,3.8448275862068964,0.9552808887205269,0.5,5.0
3466,8,3.0,1.224744871391589,1.0,5.0
94777,18,3.2777777777777777,0.8947924869885988,1.0,5.0
1792,23,3.0217391304347827,1.071089726204592,0.5,5.0
137857,11,3.6363636363636362,0.8090398349558905,2.0,5.0
68554,17,3.264705882352941,0.9539006607546906,0.5,4.5
8677,2,1.25,1.0606601717798212,0.5,2.0
50806,1,1.0,,1.0,1.0
51709,7,4.0,0.7637626158259734,3.0,5.0
5812,11,3.8636363636363638,0.6741998624632419,2.5,5.0
287,1,3.0,,3.0,3.0
8266,5,2.7,0.8366600265340756,1.5,3.5
111622,3,4.0,0.0,4.0,4.0
118985,2,3.75,0.3535533905932738,3.5,4.0
134095,1,5.0,,5.0,5.0
87529,9,3.111111111111111,1.2190615698606495,1.5,5.0
129737,2,2.25,0.3535533905932738,2.0,2.5
6950,3,3.6666666666666665,0.2886751345948129,3.5,4.0
49524,2,3.5,0.0,3.5,3.5
2130,8,3.6875,0.7039429765866794,3.0,5.0
8571,1,3.5,,3.5,3.5
4735,5,2.6,1.4317821063276353,0.5,4.5
4699,2,2.75,1.0606601717798212,2.0,3.5
165639,3,3.8333333333333335,0.2886751345948129,3.5,4.0
3627,4,3.875,0.8539125638299667,3.0,5.0
5784,9,2.5,1.3228756555322954,0.5,4.0
47810,4,1.0,0.408248290463863,0.5,1.5
95873,4,3.5,1.0801234497346435,2.0,4.5
173941,1,3.0,,3.0,3.0
5241,1,5.0,,5.0,5.0
27751,1,5.0,,5.0,5.0
5974,1,3.0,,3.0,3.0
8512,1,3.5,,3.5,3.5
4965,2,3.5,0.7071067811865476,3.0,4.0
136540,1,4.5,,4.5,4.5
7175,2,2.25,0.3535533905932738,2.0,2.5
60141,1,2.5,,2.5,2.5
5779,1,2.0,,2.0,2.0
7326,1,3.5,,3.5,3.5
2573,1,1.0,,1.0,1.0
4342,1,4.5,,4.5,4.5
2435,1,4.0,,4.0,4.0
6782,1,4.0,,4.0,4.0
1920,18,2.8333333333333335,0.9235481451827988,1.0,4.0
3255,45,3.466666666666667,0.6775624761532395,2.0,5.0
8636,79,3.8037974683544302,0.8298042768883677,1.0,5.0
1173,11,3.1363636363636362,1.1421669994118435,1.0,4.0
1593,6,2.8333333333333335,0.983192080250175,2.0,4.0
50189,3,1.1666666666666667,0.7637626158259734,0.5,2.0
44204,4,3.25,0.2886751345948129,3.0,3.5
89759,3,4.333333333333333,0.5773502691896258,4.0,5.0
828,6,3.3333333333333335,1.0327955589886444,2.0,5.0
3004,11,2.5454545454545454,1.2738631295108878,1.0,4.5
2533,15,3.0,1.0856202966836188,1.0,5.0
33646,9,3.111111111111111,0.6508541396588878,2.5,4.5
1631,1,5.0,,5.0,5.0
6979,21,3.3095238095238093,0.7660970969170696,2.0,5.0
56379,2,3.0,0.7071067811865476,2.5,3.5
3307,13,3.8461538461538463,1.0681880176381127,2.0,5.0
95633,1,4.5,,4.5,4.5
128852,2,3.75,1.0606601717798212,3.0,4.5
6731,8,3.625,1.026436275942851,1.5,5.0
93270,8,2.0625,1.4500615750472707,0.5,4.5
4553,9,3.7222222222222223,0.5068968775248516,3.0,4.5
6987,7,3.857142857142857,0.8521681032463466,3.0,5.0
4535,4,3.375,1.3768926368215255,2.0,5.0
2314,2,4.5,0.7071067811865476,4.0,5.0
3877,9,2.2222222222222223,1.2018504251546631,1.0,5.0
6969,1,4.5,,4.5,4.5
193587,1,3.5,,3.5,3.5
1767,2,3.0,1.4142135623730951,2.0,4.0
2744,1,4.0,,4.0,4.0
87234,3,4.166666666666667,0.7637626158259733,3.5,5.0
2327,3,3.6666666666666665,1.5275252316519465,2.0,5.0
5458,1,2.5,,2.5,2.5
51937,2,2.5,0.7071067811865476,2.0,3.0
3767,3,1.6666666666666667,0.5773502691896258,1.0,2.0
6554,2,1.25,1.0606601717798212,0.5,2.0
140016,1,2.0,,2.0,2.0
4619,2,2.25,1.0606601717798212,1.5,3.0
3569,2,4.0,0.7071067811865476,3.5,4.5
3731,1,3.0,,3.0,3.0
6158,1,3.0,,3.0,3.0
2472,3,3.0,1.0,2.0,4.0
90719,1,2.5,,2.5,2.5
36397,1,1.5,,1.5,1.5
83480,1,3.5,,3.5,3.5
790,1,2.0,,2.0,2.0
7345,1,4.0,,4.0,4.0
42559,1,3.0,,3.0,3.0
71810,1,0.5,,0.5,0.5
160341,1,2.5,,2.5,2.5
4815,6,2.9166666666666665,1.0206207261596574,1.0,4.0
2389,9,1.8888888888888888,0.8579691784155834,0.5,3.5
1203,57,4.149122807017544,1.0131497574779822,0.5,5.0
3079,6,3.0833333333333335,0.6645800679125629,2.0,4.0
77841,1,2.0,,2.0,2.0
1562,42,2.2142857142857144,0.7337080660129097,0.5,4.0
3802,4,2.0,0.0,2.0,2.0
4005,12,3.2916666666666665,0.721687836487032,2.0,4.5
1284,14,4.142857142857143,0.9492622930986467,2.0,5.0
6796,18,3.7222222222222223,0.7900525340355208,2.0,5.0
2352,25,3.84,0.8129165598838132,2.0,5.0
8873,27,3.7962962962962963,0.8116846116761784,2.0,5.0
3077,2,4.0,0.0,4.0,4.0
62293,4,3.5,1.2909944487358056,2.0,5.0
67408,8,3.25,0.7559289460184544,2.0,4.0
7067,2,3.25,1.0606601717798212,2.5,4.0
76301,1,4.5,,4.5,4.5
3979,24,2.5,0.9207747210672768,0.5,4.0
4649,7,3.642857142857143,1.0690449676496976,2.0,5.0
127116,1,4.5,,4.5,4.5
2132,7,4.142857142857143,0.7480132415430957,3.0,5.0
110718,1,4.0,,4.0,4.0
1844,4,3.875,0.6291528696058958,3.0,4.5
91470,2,3.0,2.1213203435596424,1.5,4.5
990,5,2.9,1.4317821063276353,1.0,4.5
3521,7,3.4285714285714284,1.2051476890327395,2.0,4.5
179511,1,4.0,,4.0,4.0
809,9,2.3333333333333335,0.82915619758885,1.5,4.0
6625,4,2.5,1.224744871391589,1.0,4.0
45361,2,1.5,0.7071067811865476,1.0,2.0
3384,4,4.5,0.5773502691896258,4.0,5.0
1995,6,1.6666666666666667,0.5163977794943223,1.0,2.0
105731,2,2.5,0.7071067811865476,2.0,3.0
5454,2,2.25,1.0606601717798212,1.5,3.0
112512,1,5.0,,5.0,5.0
4392,3,3.0,0.5,2.5,3.5
7394,1,2.5,,2.5,2.5
1150,3,4.333333333333333,0.5773502691896258,4.0,5.0
5240,1,4.0,,4.0,4.0
49132,3,3.0,0.8660254037844386,2.0,3.5
94323,2,2.5,0.7071067811865476,2.0,3.0
109295,1,2.0,,2.0,2.0
3641,2,4.0,0.7071067811865476,3.5,4.5
5384,1,3.0,,3.0,3.0
8778,2,3.75,0.3535533905932738,3.5,4.0
54796,1,3.5,,3.5,3.5
36289,1,4.0,,4.0,4.0
7395,2,2.75,1.7677669529663689,1.5,4.0
26782,1,2.0,,2.0,2.0
55207,1,3.0,,3.0,3.0
1053,1,3.0,,3.0,3.0
3945,1,3.0,,3.0,3.0
2450,16,2.15625,1.2479149276559949,0.5,5.0
32,177,3.983050847457627,0.7903866737178422,1.0,5.0
60,34,3.235294117647059,1.0242165824878726,1.0,5.0
371,21,3.3095238095238093,0.8135752957807665,1.0,5.0
33493,78,3.4294871794871793,1.0802968536662927,0.5,5.0
113275,1,4.5,,4.5,4.5
3081,62,3.475806451612903,0.9072902338735297,0.5,5.0
63433,4,3.5,1.0,2.0,4.0
1014,5,2.9,1.5968719422671311,0.5,5.0
4241,5,2.1,1.2449899597988732,0.5,3.0
90866,18,3.75,0.6913328984437153,2.5,5.0
3553,5,2.4,0.5477225575051661,2.0,3.0
6753,12,3.5,0.5640760748177661,2.5,4.5
8341,3,3.8333333333333335,0.5773502691896258,3.5,4.5
6586,16,3.09375,0.8605957239029253,1.5,4.5
127134,1,3.5,,3.5,3.5
3746,2,4.0,1.4142135623730951,3.0,5.0
142020,1,5.0,,5.0,5.0
3684,7,3.0714285714285716,0.44986770542121873,2.5,4.0
6808,4,4.0,0.7071067811865476,3.0,4.5
4205,6,3.1666666666666665,0.6831300510639732,2.0,4.0
1931,6,4.166666666666667,0.408248290463863,4.0,5.0
1937,2,3.25,0.3535533905932738,3.0,3.5
2152,3,2.0,0.0,2.0,2.0
55292,2,0.75,0.3535533905932738,0.5,1.0
33639,3,3.3333333333333335,0.2886751345948129,3.0,3.5
96411,1,4.0,,4.0,4.0
2098,2,2.5,0.7071067811865476,2.0,3.0
3525,5,2.9,1.6733200530681511,1.0,5.0
3738,2,3.0,1.4142135623730951,2.0,4.0
105197,4,4.125,0.75,3.5,5.0
4835,3,3.5,0.8660254037844386,2.5,4.0
7282,1,1.0,,1.0,1.0
5202,2,3.25,1.0606601717798212,2.5,4.0
113348,4,2.75,0.6454972243679028,2.0,3.5
95497,2,3.75,0.3535533905932738,3.5,4.0
50064,1,3.0,,3.0,3.0
101529,1,2.0,,2.0,2.0
2927,2,3.5,0.7071067811865476,3.0,4.0
5773,1,3.0,,3.0,3.0
8236,1,0.5,,0.5,0.5
6417,1,4.0,,4.0,4.0
95717,1,2.0,,2.0,2.0
136012,1,1.5,,1.5,1.5
71341,1,3.0,,3.0,3.0
107771,1,5.0,,5.0,5.0
1282,53,3.7830188679245285,1.0214499214082142,1.0,5.0
382,16,3.15625,1.0282468899377555,1.5,5.0
469,5,3.4,0.8944271909999159,2.0,4.0
32029,10,3.05,0.5502524673073059,2.0,4.0
3896,8,3.125,0.9161253813129043,1.5,4.5
34150,36,2.763888888888889,0.8492527060481814,0.5,4.0
79695,17,3.0588235294117645,0.8456202039992686,2.0,4.5
1919,5,2.5,1.0,1.0,3.5
2088,18,2.5,0.9548637106322309,1.0,4.0
2491,5,3.6,1.08397416943394,2.0,4.5
6817,1,3.0,,3.0,3.0
786,64,3.109375,1.0368938275078163,0.5,5.0
1027,28,3.017857142857143,0.8658344600264604,1.0,5.0
2195,7,3.2142857142857144,1.07459848537112,1.5,5.0
3268,11,1.7727272727272727,0.8764598212022147,1.0,3.0
45666,14,2.4642857142857144,0.9896441807011267,0.5,3.5
8376,37,3.324324324324324,1.1006072579882145,0.5,5.0
7010,3,3.5,0.5,3.0,4.0
45720,34,3.5588235294117645,0.9905975078001624,0.5,5.0
52287,11,3.5454545454545454,0.6875516509523287,2.0,4.5
6270,3,4.333333333333333,0.7637626158259733,3.5,5.0
6783,3,3.5,0.5,3.0,4.0
8814,7,2.0,1.0801234497346435,0.5,3.0
60289,2,3.0,1.4142135623730951,2.0,4.0
118530,1,4.5,,4.5,4.5
135777,1,4.5,,4.5,4.5
57522,1,3.5,,3.5,3.5
173351,1,5.0,,5.0,5.0
171251,1,4.0,,4.0,4.0
5508,7,3.5714285714285716,0.5345224838248488,3.0,4.0
75,5,2.2,1.0954451150103321,1.0,3.0
71970,1,4.0,,4.0,4.0
38304,4,4.625,0.4787135538781691,4.0,5.0
60516,2,3.5,1.4142135623730951,2.5,4.5
127172,1,3.5,,3.5,3.5
190221,1,1.0,,1.0,1.0
3953,4,2.125,0.6291528696058958,1.5,3.0
116207,1,1.5,,1.5,1.5
6909,2,3.25,1.0606601717798212,2.5,4.0
180231,1,4.0,,4.0,4.0
167296,1,0.5,,0.5,0.5
77414,1,3.5,,3.5,3.5
4827,1,3.0,,3.0,3.0
66310,1,3.5,,3.5,3.5
457,190,3.9921052631578946,0.7859148879384229,0.5,5.0
265,33,3.9393939393939394,1.0662256427286492,2.0,5.0
1895,15,3.3333333333333335,1.0118347314702751,2.0,5.0
3788,6,3.6666666666666665,0.6055300708194984,3.0,4.5
640,11,2.6818181818181817,1.1889644080612185,1.0,5.0
662,7,3.2857142857142856,1.4960264830861911,1.0,5.0
835,3,3.6666666666666665,0.5773502691896258,3.0,4.0
5502,63,3.1666666666666665,0.9837387536759294,1.0,5.0
48783,11,3.4545454545454546,1.0112997936948631,1.0,4.5
2421,29,2.7758620689655173,0.9690404578071006,0.5,5.0
1906,2,2.5,0.7071067811865476,2.0,3.0
2806,9,2.3333333333333335,1.414213562373095,0.5,5.0
3082,39,3.3333333333333335,1.090227724481482,1.0,5.0
3396,33,3.590909090909091,0.939202998678812,1.0,5.0
97913,22,3.75,0.8128433340529315,2.0,5.0
1237,18,4.222222222222222,0.7712141348743973,2.5,5.0
2530,18,2.7777777777777777,1.2032092163462902,1.0,5.0
203,22,3.4318181818181817,0.7912535946725621,2.5,5.0
27193,4,3.875,1.1086778913041724,2.5,5.0
782,8,3.0,1.0350983390135313,2.0,5.0
167370,2,2.5,1.4142135623730951,1.5,3.5
172013,1,3.0,,3.0,3.0
2634,3,3.3333333333333335,0.5773502691896258,3.0,4.0
34072,18,3.5555555555555554,0.7047921864945658,2.5,4.5
1515,15,2.1,0.6324555320336759,1.0,3.0
6383,19,2.6052631578947367,0.8262859904486437,0.5,4.0
31522,1,5.0,,5.0,5.0
6183,3,3.8333333333333335,0.7637626158259733,3.0,4.5
173535,1,4.5,,4.5,4.5
4339,4,3.75,0.2886751345948129,3.5,4.0
45732,6,1.5833333333333333,1.2006942436218584,0.5,3.5
30818,1,2.0,,2.0,2.0
5279,2,4.25,1.0606601717798212,3.5,5.0
82053,2,4.0,1.4142135623730951,3.0,5.0
87298,3,2.6666666666666665,1.0408329997330663,1.5,3.5
6983,1,5.0,,5.0,5.0
2460,3,2.0,1.0,1.0,3.0
175199,1,4.0,,4.0,4.0
109569,2,1.0,0.7071067811865476,0.5,1.5
26631,2,3.75,1.0606601717798212,3.0,4.5
5483,3,3.8333333333333335,0.5773502691896258,3.5,4.5
69453,2,1.5,0.7071067811865476,1.0,2.0
164647,1,2.5,,2.5,2.5
60832,1,4.0,,4.0,4.0
6101,1,4.0,,4.0,4.0
8487,2,3.5,0.7071067811865476,3.0,4.0
113705,1,3.5,,3.5,3.5
68650,1,2.0,,2.0,2.0
101423,1,3.0,,3.0,3.0
27778,1,3.0,,3.0,3.0
67168,1,3.5,,3.5,3.5
151,44,3.5454545454545454,0.9512426500536988,1.0,5.0
608,181,4.116022099447513,0.8285312838980736,2.0,5.0
899,47,4.074468085106383,0.9834429505582797,0.5,5.0
141,86,3.494186046511628,0.8418962701457717,1.0,5.0
4306,170,3.8676470588235294,0.9223460530404765,0.5,5.0
5464,49,3.520408163265306,0.8777289805317506,1.5,5.0
4558,14,2.4642857142857144,0.6344072252682244,1.0,3.5
414,6,2.3333333333333335,0.5163977794943223,2.0,3.0
724,31,3.032258064516129,0.9392859333111132,1.5,5.0
103801,3,2.3333333333333335,1.607275126832159,0.5,3.5
112138,19,3.6842105263157894,0.8029550685469663,2.0,5.0
112175,15,3.7666666666666666,0.8632717389316618,2.5,5.0
2160,32,4.171875,0.7252293852915245,2.0,5.0
71464,11,3.227272727272727,1.169693044427391,0.5,4.5
71135,5,3.4,0.8215838362577492,2.0,4.0
433,8,2.75,0.8451542547285167,1.5,4.0
4516,2,3.0,1.4142135623730951,2.0,4.0
175781,1,3.0,,3.0,3.0
151739,4,2.875,0.8539125638299665,2.0,4.0
2594,10,3.75,0.754615428178118,2.5,5.0
6791,5,4.4,0.651920240520265,3.5,5.0
53280,1,5.0,,5.0,5.0
70728,3,3.8333333333333335,0.2886751345948129,3.5,4.0
96373,1,4.5,,4.5,4.5
99437,2,4.0,0.7071067811865476,3.5,4.5
26865,4,3.375,1.796988221070652,1.0,5.0
3992,5,3.7,0.570087712549569,3.0,4.5
5046,3,3.0,0.5,2.5,3.5
175475,1,0.5,,0.5,0.5
177285,1,3.0,,3.0,3.0
2432,6,3.0833333333333335,1.241638702145945,2.0,4.5
42728,5,3.6,0.9617692030835673,2.5,5.0
341,2,4.0,0.0,4.0,4.0
26249,2,3.75,1.7677669529663689,2.5,5.0
94018,3,2.3333333333333335,1.5275252316519468,1.0,4.0
2154,2,1.75,0.3535533905932738,1.5,2.0
78836,2,5.0,0.0,5.0,5.0
5068,1,4.0,,4.0,4.0
85399,1,1.0,,1.0,1.0
7079,2,3.5,1.4142135623730951,2.5,4.5
8463,1,4.0,,4.0,4.0
4410,1,4.0,,4.0,4.0
80551,2,3.5,0.0,3.5,3.5
96150,1,2.0,,2.0,2.0
26453,1,4.0,,4.0,4.0
80162,1,2.5,,2.5,2.5
592,189,3.4285714285714284,0.7745476177473237,1.0,5.0
943,7,3.9285714285714284,0.6074928962939558,3.0,5.0
1023,13,3.6153846153846154,1.0830867569483635,1.5,5.0
70946,3,3.5,2.598076211353316,0.5,5.0
801,11,3.1363636363636362,0.8686457589520913,2.0,5.0
1909,42,3.4404761904761907,0.9383585886443916,1.0,5.0
84152,30,3.95,0.6740254778771988,3.0,5.0
1547,2,3.25,0.3535533905932738,3.0,3.5
3565,7,3.5,0.408248290463863,3.0,4.0
109864,2,1.75,0.3535533905932738,1.5,2.0
334,5,4.2,0.8366600265340756,3.0,5.0
5747,7,4.285714285714286,0.7559289460184546,3.0,5.0
37739,5,3.3,0.570087712549569,2.5,4.0
953,58,4.0344827586206895,1.0381413425280497,0.5,5.0
63876,11,3.5454545454545454,0.8790490729915326,1.5,5.0
8157,5,3.5,0.7905694150420949,2.5,4.5
3494,6,4.0,0.8944271909999159,3.0,5.0
6296,14,3.75,0.7531983087525438,2.5,5.0
60030,1,4.5,,4.5,4.5
8978,2,2.5,0.0,2.5,2.5
125974,2,3.75,0.3535533905932738,3.5,4.0
5438,4,2.75,0.5,2.0,3.0
5650,11,3.5454545454545454,1.0829253310950264,2.0,5.0
100083,3,3.5,1.5,2.0,5.0
156609,5,2.6,1.4747881203752624,0.5,4.5
1043,5,2.4,0.5477225575051661,2.0,3.0
110730,7,2.2857142857142856,1.185226520443204,0.5,4.0
8600,2,3.75,0.3535533905932738,3.5,4.0
8609,2,3.25,0.3535533905932738,3.0,3.5
3915,6,3.6666666666666665,0.816496580927726,2.0,4.0
6341,4,3.25,0.6454972243679028,2.5,4.0
193567,1,3.0,,3.0,3.0
2670,5,3.6,0.8944271909999159,3.0,5.0
52283,3,2.5,0.5,2.0,3.0
26524,2,4.5,0.0,4.5,4.5
1440,2,1.5,0.7071067811865476,1.0,2.0
6021,1,5.0,,5.0,5.0
85412,2,3.75,0.3535533905932738,3.5,4.0
4077,2,4.5,0.7071067811865476,4.0,5.0
4081,3,1.8333333333333333,0.2886751345948129,1.5,2.0
4675,1,1.0,,1.0,1.0
143255,1,1.5,,1.5,1.5
4189,1,2.5,,2.5,2.5
5116,1,3.5,,3.5,3.5
3143,1,3.0,,3.0,3.0
60365,1,1.5,,1.5,1.5
30994,1,4.0,,4.0,4.0
515,24,3.6041666666666665,1.0105870728858835,1.0,5.0
145,51,3.2450980392156863,0.8623952053415408,1.0,5.0
4963,119,3.8445378151260505,0.7912334801865171,0.5,5.0
376,40,3.25,0.816496580927726,1.5,5.0
27773,39,4.089743589743589,0.8650509178183406,1.0,5.0
37386,21,2.761904761904762,0.9167748853869144,1.0,4.5
2372,9,2.2222222222222223,1.2774758097296577,1.0,5.0
2550,7,4.0,0.816496580927726,3.0,5.0
2710,64,2.796875,1.3735562405783561,0.5,5.0
3594,6,3.25,1.7818529681205462,0.5,5.0
4990,5,3.2,0.570087712549569,2.5,4.0
66097,35,3.7,0.917156731746671,1.0,5.0
272,31,3.7580645161290325,1.1170718250701661,1.0,5.0
27450,1,2.5,,2.5,2.5
4975,44,3.4204545454545454,0.8756604272960761,0.5,5.0
2978,4,3.0,0.816496580927726,2.0,4.0
3614,8,2.9375,0.8634441002668988,2.0,4.0
57532,3,2.5,1.7320508075688772,0.5,3.5
142222,4,3.125,1.181453906563152,1.5,4.0
3041,6,2.0833333333333335,1.3570801990548187,1.0,4.0
123947,2,2.75,0.3535533905932738,2.5,3.0
735,7,3.9285714285714284,0.4498677054212188,3.0,4.5
50912,8,2.9375,0.6781013409302689,2.0,4.0
178613,1,4.0,,4.0,4.0
73929,3,2.8333333333333335,0.7637626158259734,2.0,3.5
160289,1,4.5,,4.5,4.5
112868,1,4.5,,4.5,4.5
5248,4,1.375,0.6291528696058958,0.5,2.0
2747,9,3.0,0.7071067811865475,2.0,4.0
44397,6,3.0833333333333335,1.114300976696452,1.5,4.5
1707,8,1.875,1.1572751247156894,1.0,4.0
90888,3,2.6666666666666665,2.254624876411447,0.5,5.0
2043,4,2.75,0.5,2.0,3.0
2660,4,3.5,0.408248290463863,3.0,4.0
80839,1,2.5,,2.5,2.5
680,4,4.125,0.8539125638299665,3.0,5.0
88272,2,3.5,0.0,3.5,3.5
8670,1,4.0,,4.0,4.0
4458,1,4.0,,4.0,4.0
116849,1,2.5,,2.5,2.5
488,1,3.0,,3.0,3.0
8684,1,3.5,,3.5,3.5
69805,2,3.75,0.3535533905932738,3.5,4.0
116668,2,4.0,0.7071067811865476,3.5,4.5
2503,1,4.0,,4.0,4.0
8685,1,3.5,,3.5,3.5
940,8,4.0,0.9636241116594316,2.5,5.0
1617,97,4.061855670103093,0.8299652727384985,0.5,5.0
2093,6,3.0,0.7071067811865476,2.0,4.0
3247,36,3.0277777777777777,0.9996030958367171,1.0,5.0
1883,24,3.2708333333333335,1.2681651129183409,0.5,5.0
254,1,3.0,,3.0,3.0
378,7,2.7857142857142856,0.809173593712687,1.0,3.5
86880,24,3.2291666666666665,1.0932516980834373,0.5,5.0
639,4,3.0,0.816496580927726,2.0,4.0
1726,13,2.6923076923076925,1.1996260100975487,0.5,5.0
2795,26,3.6538461538461537,0.8218178723930353,2.0,5.0
94015,4,3.0,1.7795130420052185,0.5,4.5
5889,1,5.0,,5.0,5.0
118166,1,3.5,,3.5,3.5
5051,2,3.0,0.0,3.0,3.0
85367,7,3.2142857142857144,1.6547190813232433,0.5,5.0
136471,1,3.5,,3.5,3.5
4003,3,3.3333333333333335,0.5773502691896258,3.0,4.0
487,4,2.5,1.7320508075688772,1.0,5.0
128488,1,3.0,,3.0,3.0
6684,2,4.0,0.0,4.0,4.0
31114,2,3.0,0.7071067811865476,2.5,3.5
60538,1,3.5,,3.5,3.5
4584,1,2.0,,2.0,2.0
4750,1,0.5,,0.5,0.5
51174,1,3.5,,3.5,3.5
97904,1,4.0,,4.0,4.0
31804,4,3.25,1.0408329997330663,2.0,4.5
4527,2,2.5,0.7071067811865476,2.0,3.0
1040,1,3.0,,3.0,3.0
4139,1,3.0,,3.0,3.0
95201,1,3.0,,3.0,3.0
6228,1,4.0,,4.0,4.0
7702,1,3.5,,3.5,3.5
1980,1,2.0,,2.0,2.0
140852,1,1.0,,1.0,1.0
2283,2,3.5,0.7071067811865476,3.0,4.0
72982,1,4.0,,4.0,4.0
5550,1,3.5,,3.5,3.5
73876,1,4.0,,4.0,4.0
2253,20,2.375,0.930124496477417,1.0,4.0
2427,35,3.3,1.4152530432649097,0.5,5.0
91658,42,3.488095238095238,1.3274222922370977,0.5,5.0
534,14,3.607142857142857,0.8809647558778393,2.0,5.0
5952,188,4.0212765957446805,0.8923767867346103,0.5,5.0
45186,28,3.5892857142857144,0.6390613983800547,2.0,5.0
95170,1,4.0,,4.0,4.0
62799,1,3.0,,3.0,3.0
64620,9,3.9444444444444446,0.30046260628866583,3.5,4.5
1446,7,4.428571428571429,0.4498677054212186,4.0,5.0
3019,10,4.15,0.9442810316143531,2.0,5.0
228,3,2.3333333333333335,1.1547005383792517,1.0,3.0
5528,19,3.473684210526316,0.9926631437497135,0.5,5.0
52885,9,3.7777777777777777,0.8700255424092125,3.0,5.0
85397,2,3.5,0.7071067811865476,3.0,4.0
49735,1,3.5,,3.5,3.5
121342,1,3.5,,3.5,3.5
126088,1,5.0,,5.0,5.0
213,6,3.8333333333333335,1.8073922282301278,0.5,5.0
69685,1,1.0,,1.0,1.0
127098,4,4.375,0.9464847243000455,3.0,5.0
134252,1,4.5,,4.5,4.5
56715,6,4.0,0.7071067811865477,3.0,5.0
152270,1,3.5,,3.5,3.5
7089,2,4.0,0.0,4.0,4.0
2765,1,3.5,,3.5,3.5
3879,2,2.0,1.4142135623730951,1.0,3.0
6062,6,3.0833333333333335,0.5845225972250061,2.5,4.0
109848,2,2.75,1.7677669529663689,1.5,4.0
159779,1,4.0,,4.0,4.0
1686,3,3.6666666666666665,1.1547005383792517,3.0,5.0
89840,3,2.8333333333333335,1.2583057392117918,1.5,4.0
60979,3,3.5,0.8660254037844386,2.5,4.0
3957,3,2.6666666666666665,0.5773502691896258,2.0,3.0
4492,3,3.0,0.0,3.0,3.0
7619,3,3.6666666666666665,0.2886751345948129,3.5,4.0
2506,6,3.3333333333333335,1.0801234497346432,2.0,5.0
7071,1,5.0,,5.0,5.0
117531,1,5.0,,5.0,5.0
127204,2,3.75,1.0606601717798212,3.0,4.5
72696,1,0.5,,0.5,0.5
4298,2,4.75,0.3535533905932738,4.5,5.0
6349,3,2.0,1.0,1.0,3.0
176423,1,4.0,,4.0,4.0
114925,1,2.0,,2.0,2.0
5604,1,3.5,,3.5,3.5
1623,2,2.25,0.3535533905932738,2.0,2.5
478,1,2.5,,2.5,2.5
1585,1,3.0,,3.0,3.0
1408,39,3.8333333333333335,0.868553950490285,2.0,5.0
2390,7,3.9285714285714284,0.8380817098475258,3.0,5.0
303,32,2.953125,0.9012480146280311,1.0,5.0
426,7,3.142857142857143,0.3779644730092272,3.0,4.0
7149,17,3.6470588235294117,0.6792621429341763,2.0,4.5
1281,15,4.133333333333334,0.6113996432854077,3.0,5.0
38038,30,3.6333333333333333,1.1136560892203082,0.5,5.0
45722,72,3.5069444444444446,0.897936035378174,1.0,5.0
77561,47,3.5106382978723403,0.7973417909183399,0.5,5.0
1474,11,2.1363636363636362,0.8686457589520913,1.0,4.0
111113,12,3.2916666666666665,0.7525210155124432,2.0,4.0
6920,3,3.5,0.8660254037844386,3.0,4.5
1120,27,3.537037037037037,0.5357583756107197,2.0,4.5
1105,3,4.666666666666667,0.5773502691896258,4.0,5.0
64278,1,3.5,,3.5,3.5
3230,4,3.875,0.8539125638299665,3.0,5.0
47978,1,2.5,,2.5,2.5
49274,11,2.6818181818181817,1.365150674334655,0.5,5.0
6566,3,2.0,1.3228756555322954,1.0,3.5
118270,1,5.0,,5.0,5.0
4954,11,3.6363636363636362,1.0744977685158097,1.5,5.0
134109,1,5.0,,5.0,5.0
5881,20,3.075,1.172884433666353,0.5,5.0
158813,4,2.0,0.9128709291752769,1.0,3.0
1554,5,2.4,1.140175425099138,1.0,4.0
718,4,4.125,0.6291528696058958,3.5,5.0
65261,11,4.0,1.0723805294763606,2.0,5.0
574,4,3.25,0.5,3.0,4.0
179817,3,3.8333333333333335,0.7637626158259733,3.0,4.5
2816,3,1.6666666666666667,1.1547005383792517,1.0,3.0
3432,2,1.5,0.7071067811865476,1.0,2.0
6872,4,1.125,0.6291528696058958,0.5,2.0
3559,3,3.6666666666666665,0.5773502691896258,3.0,4.0
4942,1,4.5,,4.5,4.5
104419,2,3.25,1.0606601717798212,2.5,4.0
4802,4,3.0,1.4142135623730951,1.0,4.0
8136,1,0.5,,0.5,0.5
5012,1,4.0,,4.0,4.0
7357,1,3.5,,3.5,3.5
8711,1,3.0,,3.0,3.0
74677,1,4.0,,4.0,4.0
4284,1,3.0,,3.0,3.0
32600,1,3.5,,3.5,3.5
1196,211,4.2156398104265405,0.8421581929938285,0.5,5.0
708,58,3.3879310344827585,0.8059161913257584,1.0,5.0
170,35,3.2285714285714286,0.9183013181545423,1.0,5.0
354,6,3.3333333333333335,0.816496580927726,2.0,4.0
3977,72,2.7222222222222223,1.0274023338281624,0.5,5.0
1544,67,2.753731343283582,0.9938185247132999,1.0,5.0
7373,41,3.3780487804878048,1.004866208786511,0.5,5.0
103819,2,2.25,1.0606601717798212,1.5,3.0
1953,39,3.871794871794872,0.784034343349803,1.5,5.0
6708,34,3.7205882352941178,0.5798533836445764,3.0,5.0
26422,3,3.1666666666666665,0.2886751345948129,3.0,3.5
4971,5,3.1,0.5477225575051662,2.5,4.0
1268,9,3.611111111111111,0.7817359599705717,2.5,5.0
114678,2,4.25,0.3535533905932738,4.0,4.5
4616,6,3.5,0.7071067811865476,2.5,4.5
138204,2,4.0,0.0,4.0,4.0
4300,3,4.0,0.0,4.0,4.0
32243,1,3.5,,3.5,3.5
54780,3,3.1666666666666665,0.2886751345948129,3.0,3.5
5135,12,3.8333333333333335,1.1742179860604582,1.0,5.0
162344,1,5.0,,5.0,5.0
90403,3,3.1666666666666665,0.7637626158259733,2.5,4.0
3812,12,3.4583333333333335,0.9876126709792598,1.0,5.0
4634,2,4.0,1.4142135623730951,3.0,5.0
1162,1,3.0,,3.0,3.0
2367,14,2.7142857142857144,0.9346798241250173,1.0,5.0
147382,3,4.5,0.5,4.0,5.0
2373,9,2.2777777777777777,0.97182531580755,1.0,4.0
91622,2,2.25,2.4748737341529163,0.5,4.0
190215,1,1.5,,1.5,1.5
26764,2,1.25,1.0606601717798212,0.5,2.0
2893,1,3.0,,3.0,3.0
4147,2,4.0,0.0,4.0,4.0
188189,1,4.5,,4.5,4.5
5963,2,3.5,0.0,3.5,3.5
6609,1,3.5,,3.5,3.5
6723,2,3.0,1.4142135623730951,2.0,4.0
95163,1,3.5,,3.5,3.5
304,3,3.6666666666666665,1.5275252316519468,2.0,5.0
536,3,3.3333333333333335,0.5773502691896258,3.0,4.0
783,47,3.3297872340425534,0.928279121632914,0.5,5.0
6044,1,2.0,,2.0,2.0
611,6,2.4166666666666665,1.4288690166235207,1.0,5.0
2936,7,4.0,0.7637626158259733,3.0,5.0
3424,27,4.037037037037037,0.8077262236808042,2.0,5.0
4449,1,2.0,,2.0,2.0
2990,20,3.325,0.9634778013448003,2.0,5.0
58025,18,3.0,0.857492925712544,1.5,4.5
167036,4,3.75,0.5,3.0,4.0
2908,39,3.551282051282051,1.0809040550614624,1.0,5.0
8493,6,3.0833333333333335,0.9174239296348591,1.5,4.0
48738,20,3.975,0.9101041004655512,1.0,5.0
612,6,2.5,0.7745966692414834,1.5,3.5
55280,8,3.5625,1.3211872366495652,0.5,5.0
2146,16,3.21875,1.0160175523418218,0.5,4.5
141646,1,3.5,,3.5,3.5
163386,1,5.0,,5.0,5.0
118930,1,4.5,,4.5,4.5
3342,5,3.5,1.0,2.5,5.0
5358,1,3.0,,3.0,3.0
2977,2,3.0,1.4142135623730951,2.0,4.0
27772,6,2.5833333333333335,0.4915960401250876,2.0,3.0
6041,3,3.8333333333333335,0.2886751345948129,3.5,4.0
2527,18,3.4166666666666665,0.5490633736057198,2.5,4.0
4785,1,4.0,,4.0,4.0
668,2,4.25,1.0606601717798212,3.5,5.0
185029,4,2.75,1.7559422921421233,1.0,4.5
6298,3,2.6666666666666665,0.5773502691896258,2.0,3.0
4789,3,4.333333333333333,1.1547005383792517,3.0,5.0
3544,3,2.3333333333333335,1.1547005383792517,1.0,3.0
5226,2,2.25,0.3535533905932738,2.0,2.5
141890,2,3.0,0.0,3.0,3.0
5951,4,3.25,1.1902380714238083,2.5,5.0
44889,2,4.75,0.3535533905932738,4.5,5.0
137863,1,4.0,,4.0,4.0
7939,1,4.5,,4.5,4.5
4462,2,1.5,0.7071067811865476,1.0,2.0
4801,2,4.0,0.0,4.0,4.0
26900,1,3.0,,3.0,3.0
8772,1,0.5,,0.5,0.5
73808,1,3.0,,3.0,3.0
112326,1,1.0,,1.0,1.0
41014,1,4.0,,4.0,4.0
44301,1,3.5,,3.5,3.5
105,23,3.282608695652174,0.8504823091062899,1.0,5.0
370,58,3.060344827586207,1.0220275093582645,0.5,5.0
64614,46,3.9456521739130435,0.6256397691746799,2.0,5.0
913,44,4.170454545454546,0.6282421194702981,3.0,5.0
2707,22,3.272727272727273,0.9602488854864254,0.5,5.0
37729,44,3.534090909090909,0.6768405335250026,2.0,5.0
60684,43,3.988372093023256,0.7277523461301214,2.0,5.0
83349,11,3.0,0.8660254037844386,1.0,4.0
2518,10,3.05,1.0124228365658292,2.0,5.0
3203,12,3.1666666666666665,0.9374368665610922,1.0,4.0
2430,6,2.8333333333333335,0.752772652709081,2.0,4.0
81591,42,3.630952380952381,1.0935482848670453,0.5,5.0
115502,1,3.5,,3.5,3.5
2151,6,3.75,0.9874208829065749,3.0,5.0
85780,6,3.5833333333333335,0.9703951085339758,2.5,5.0
96935,1,5.0,,5.0,5.0
141830,2,3.25,1.7677669529663689,2.0,4.5
2103,3,2.5,1.3228756555322954,1.5,4.0
2280,2,3.0,0.0,3.0,3.0
101962,4,4.0,0.816496580927726,3.0,5.0
82852,6,1.8333333333333333,1.2909944487358056,0.5,4.0
155064,2,3.0,0.7071067811865476,2.5,3.5
159415,2,3.25,1.0606601717798212,2.5,4.0
4350,2,4.25,0.3535533905932738,4.0,4.5
4407,1,4.5,,4.5,4.5
5804,5,2.3,1.036822067666386,0.5,3.0
5570,5,3.9,0.8944271909999159,3.0,5.0
34321,3,3.0,0.0,3.0,3.0
298,1,2.0,,2.0,2.0
8724,2,4.25,0.3535533905932738,4.0,4.5
83976,1,4.0,,4.0,4.0
160684,1,3.5,,3.5,3.5
97785,1,3.0,,3.0,3.0
61465,2,3.25,0.3535533905932738,3.0,3.5
2693,4,3.375,1.6007810593582124,1.0,4.5
99005,1,1.5,,1.5,1.5
100304,1,3.0,,3.0,3.0
104906,3,3.1666666666666665,0.7637626158259733,2.5,4.0
109191,1,1.5,,1.5,1.5
112580,1,4.0,,4.0,4.0
26940,1,2.5,,2.5,2.5
54908,1,2.0,,2.0,2.0
6070,1,4.0,,4.0,4.0
133712,2,3.75,1.0606601717798212,3.0,4.5
1573,77,3.3701298701298703,1.0431562600645339,0.5,5.0
2916,88,3.653409090909091,0.8035766117495506,1.5,5.0
58,37,4.027027027027027,0.9200388423710553,2.0,5.0
837,33,3.272727272727273,0.9277906307704634,1.0,5.0
5349,122,3.540983606557377,0.9482261907477261,0.5,5.0
1370,68,3.4044117647058822,0.8431344899941735,1.0,5.0
4378,14,3.7142857142857144,0.7262730392025629,2.0,5.0
52281,27,3.425925925925926,1.149445549482476,0.5,5.0
8983,25,3.52,0.6370504951205466,2.0,4.5
40414,5,3.7,0.570087712549569,3.0,4.5
61236,5,3.0,0.7071067811865475,2.5,4.0
3362,38,3.9342105263157894,0.798402565867307,2.0,5.0
6662,11,3.4545454545454546,0.5222329678670935,2.5,4.0
4541,2,3.5,0.7071067811865476,3.0,4.0
8623,11,3.272727272727273,0.5640760748177662,2.0,4.0
4611,1,4.0,,4.0,4.0
726,1,3.0,,3.0,3.0
131104,1,4.5,,4.5,4.5
157296,13,3.576923076923077,0.9540735874430284,1.5,5.0
160567,3,3.3333333333333335,1.2583057392117916,2.0,4.5
163527,1,4.0,,4.0,4.0
4316,2,2.0,0.7071067811865476,1.5,2.5
94953,5,3.0,1.2747548783981961,1.5,4.5
63276,2,4.0,0.7071067811865476,3.5,4.5
188,12,3.4583333333333335,1.0103629710818451,2.0,5.0
6986,1,3.0,,3.0,3.0
2126,15,2.7666666666666666,0.9795528620364546,1.0,5.0
3747,2,3.5,0.7071067811865476,3.0,4.0
5666,5,3.6,1.3874436925511608,2.0,5.0
6881,7,3.0714285714285716,1.3671311638052945,0.5,4.5
168218,1,4.5,,4.5,4.5
117192,3,4.5,0.5,4.0,5.0
8364,4,3.375,0.6291528696058958,2.5,4.0
3672,5,3.8,1.3038404810405297,2.0,5.0
99910,2,3.25,0.3535533905932738,3.0,3.5
2400,2,3.0,0.0,3.0,3.0
6453,1,3.5,,3.5,3.5
3849,2,4.0,0.0,4.0,4.0
64499,1,5.0,,5.0,5.0
2332,2,1.25,0.3535533905932738,1.0,1.5
3145,3,3.1666666666666665,0.7637626158259734,2.5,4.0
71147,1,3.0,,3.0,3.0
5980,2,3.5,0.7071067811865476,3.0,4.0
60857,1,3.0,,3.0,3.0
2632,1,4.0,,4.0,4.0
6814,1,3.0,,3.0,3.0
93980,2,1.25,0.3535533905932738,1.0,1.5
136664,1,1.0,,1.0,1.0
151653,1,1.5,,1.5,1.5
26359,1,4.5,,4.5,4.5
5525,1,3.5,,3.5,3.5
120807,1,4.0,,4.0,4.0
8933,1,4.0,,4.0,4.0
77931,1,4.0,,4.0,4.0
2347,3,2.3333333333333335,1.1547005383792517,1.0,3.0
3736,1,3.0,,3.0,3.0
1024,6,3.6666666666666665,1.0327955589886444,2.0,5.0
2058,30,3.35,1.08397416943394,0.5,5.0
11,70,3.6714285714285713,0.900425480286211,1.0,5.0
204,30,2.716666666666667,1.127121244077395,0.5,4.5
575,16,2.65625,1.2071833608307674,0.5,5.0
888,3,2.1666666666666665,1.4433756729740643,0.5,3.0
8949,39,3.7435897435897436,0.923891902937292,1.0,5.0
3735,17,3.7941176470588234,0.7084054173240897,2.0,5.0
8869,6,3.3333333333333335,1.3291601358251257,2.0,5.0
112006,3,3.8333333333333335,0.2886751345948129,3.5,4.0
3400,1,3.0,,3.0,3.0
3550,6,3.6666666666666665,1.0327955589886446,2.0,5.0
5299,60,3.2666666666666666,1.0754055863446323,0.5,5.0
45447,49,3.122448979591837,0.8510447760748865,0.5,4.0
1859,3,3.6666666666666665,0.2886751345948129,3.5,4.0
421,12,3.2083333333333335,0.5822500764406576,2.0,4.0
2121,7,2.2142857142857144,0.39339789623472154,2.0,3.0
781,7,3.5,0.8164965809277259,2.5,4.5
6305,10,3.6,0.7745966692414834,2.5,4.5
7312,1,0.5,,0.5,0.5
108981,1,4.5,,4.5,4.5
134041,1,4.0,,4.0,4.0
34530,3,2.8333333333333335,1.4433756729740643,2.0,4.5
171867,2,3.25,1.7677669529663689,2.0,4.5
176329,1,4.0,,4.0,4.0
6324,2,2.5,0.0,2.5,2.5
5244,1,5.0,,5.0,5.0
168366,2,3.5,0.7071067811865476,3.0,4.0
101025,5,2.2,1.4404860290887933,0.5,4.0
5272,1,3.0,,3.0,3.0
160400,1,3.0,,3.0,3.0
163985,1,4.5,,4.5,4.5
57772,2,3.75,0.3535533905932738,3.5,4.0
68444,1,3.5,,3.5,3.5
140816,1,4.5,,4.5,4.5
87287,1,4.0,,4.0,4.0
182639,1,4.0,,4.0,4.0
7205,1,3.0,,3.0,3.0
7386,4,3.75,0.6454972243679028,3.0,4.5
4268,2,2.5,0.7071067811865476,2.0,3.0
90343,2,2.75,0.3535533905932738,2.5,3.0
3109,4,3.5,0.5773502691896257,3.0,4.0
3965,1,3.5,,3.5,3.5
3428,1,3.0,,3.0,3.0
74688,1,3.5,,3.5,3.5
1794,1,3.0,,3.0,3.0
169904,1,2.0,,2.0,2.0
110,237,4.031645569620253,0.9677263634544532,0.5,5.0
1860,4,2.625,0.7500000000000001,2.0,3.5
150,201,3.845771144278607,0.8766952306036482,1.0,5.0
508,66,3.6136363636363638,0.8892324025440514,1.0,5.0
4131,3,1.8333333333333333,0.7637626158259734,1.0,2.5
541,124,4.100806451612903,0.9541945028275584,0.5,5.0
2953,31,2.5161290322580645,1.3631084021929556,0.5,5.0
4728,18,3.0555555555555554,1.0274023338281626,1.5,5.0
69640,9,3.0555555555555554,0.9166666666666665,1.0,4.0
1129,39,3.448717948717949,0.9651484191486588,1.0,5.0
3418,41,3.4634146341463414,1.0331398979714643,1.0,5.0
103372,6,3.4166666666666665,0.9174239296348591,2.5,5.0
3178,16,3.53125,0.8055795015597984,2.0,5.0
5955,9,3.5555555555555554,0.6346477588219923,3.0,5.0
27801,12,4.0,0.5640760748177663,3.0,5.0
413,26,2.7884615384615383,0.9399263473600146,1.0,5.0
1033,20,3.575,0.6544382886752658,2.0,4.5
8371,23,3.3043478260869565,0.9855677924515323,0.5,5.0
369,2,4.0,0.0,4.0,4.0
32596,7,3.0714285714285716,0.5345224838248489,2.5,4.0
26471,4,4.375,0.7499999999999999,3.5,5.0
140265,1,5.0,,5.0,5.0
141810,1,4.0,,4.0,4.0
121372,1,4.5,,4.5,4.5
4031,2,2.5,0.7071067811865476,2.0,3.0
3223,2,3.0,2.8284271247461903,1.0,5.0
1821,6,2.6666666666666665,0.5163977794943222,2.0,3.0
83,1,3.0,,3.0,3.0
6186,1,3.0,,3.0,3.0
36509,3,2.6666666666666665,0.7637626158259734,2.0,3.5
159976,1,4.5,,4.5,4.5
54787,1,3.5,,3.5,3.5
4488,3,3.3333333333333335,0.5773502691896258,3.0,4.0
148592,1,3.0,,3.0,3.0
6945,2,4.25,1.0606601717798212,3.5,5.0
101765,2,4.25,1.0606601717798212,3.5,5.0
156605,1,4.5,,4.5,4.5
47793,1,2.5,,2.5,2.5
6202,1,3.5,,3.5,3.5
27905,1,3.5,,3.5,3.5
100397,1,3.5,,3.5,3.5
136297,1,0.5,,0.5,0.5
260,251,4.231075697211155,0.8720036916475825,0.5,5.0
2459,13,3.269230769230769,1.284772752529032,1.0,5.0
106,1,4.0,,4.0,4.0
3358,10,3.85,0.8834905520465717,3.0,5.0
103339,6,2.9166666666666665,1.2006942436218584,1.0,4.0
2001,47,3.1808510638297873,0.8686917444646389,0.5,5.0
157108,1,4.5,,4.5,4.5
3238,6,1.5833333333333333,0.8010409893798611,1.0,3.0
56171,18,3.111111111111111,0.9633818428657448,0.5,5.0
61986,1,3.0,,3.0,3.0
6242,11,3.4545454545454546,0.7229988054812212,2.0,4.5
3347,9,4.166666666666667,0.6123724356957945,3.0,5.0
53993,13,2.5384615384615383,1.1266014242982163,0.5,4.5
2917,10,4.0,0.6666666666666666,3.0,5.0
74154,4,2.5,1.2909944487358056,1.0,4.0
111320,1,1.5,,1.5,1.5
2360,12,4.458333333333333,0.5822500764406575,3.0,5.0
1730,4,3.25,0.9574271077563381,2.0,4.0
133879,1,4.0,,4.0,4.0
68,5,3.4,1.140175425099138,2.0,5.0
98604,1,4.5,,4.5,4.5
172637,1,5.0,,5.0,5.0
71,5,1.7,0.4472135954999579,1.0,2.0
69516,2,2.75,0.3535533905932738,2.5,3.0
152083,3,3.3333333333333335,0.5773502691896258,3.0,4.0
567,3,2.0,1.0,1.0,3.0
3873,7,3.142857142857143,0.6900655593423541,2.0,4.0
26078,1,5.0,,5.0,5.0
7369,4,2.25,0.6454972243679028,1.5,3.0
2474,13,3.5,0.7071067811865475,2.0,4.5
4152,2,4.25,0.3535533905932738,4.0,4.5
40697,2,2.25,2.4748737341529163,0.5,4.0
166203,1,4.0,,4.0,4.0
6023,2,3.5,0.7071067811865476,3.0,4.0
2307,1,3.0,,3.0,3.0
63808,2,2.75,0.3535533905932738,2.5,3.0
112940,1,4.5,,4.5,4.5
50851,2,4.5,0.7071067811865476,4.0,5.0
98175,1,1.5,,1.5,1.5
78544,1,3.0,,3.0,3.0
163639,1,4.0,,4.0,4.0
27627,1,4.5,,4.5,4.5
6785,4,3.75,0.8660254037844386,3.0,4.5
2028,188,4.1462765957446805,0.8117696836802665,0.5,5.0
2353,67,3.4925373134328357,0.8897247502246803,1.0,5.0
4021,5,4.3,0.6708203932499369,3.5,5.0
7445,35,3.6285714285714286,0.9497898927321423,2.0,5.0
3409,35,2.9285714285714284,1.085620296683619,0.5,4.0
44191,100,3.885,0.7877054005018614,0.5,5.0
49651,14,3.3214285714285716,0.9116161231812193,2.0,5.0
86190,11,3.3181818181818183,1.0787197799411874,0.5,5.0
114066,1,4.0,,4.0,4.0
114180,16,2.9375,0.9979144919948469,1.0,4.5
122896,7,3.7857142857142856,0.6362090102803517,3.0,5.0
26695,1,3.5,,3.5,3.5
132424,2,1.75,1.0606601717798212,1.0,2.5
7063,8,4.0,0.6546536707079771,3.0,5.0
142448,6,3.0833333333333335,0.8010409893798611,2.0,4.0
2379,12,2.4583333333333335,1.2873216263610932,1.0,5.0
158966,5,4.5,0.0,4.5,4.5
6022,3,2.5,1.5,1.0,4.0
6636,4,3.75,0.2886751345948129,3.5,4.0
4372,5,3.4,1.1401754250991378,2.0,5.0
69394,1,4.5,,4.5,4.5
7381,7,3.142857142857143,1.1073348527841413,2.0,5.0
74342,1,4.5,,4.5,4.5
1241,10,4.05,1.2791055902899928,1.0,5.0
2931,3,4.166666666666667,0.2886751345948129,4.0,4.5
65585,4,3.5,0.0,3.5,3.5
142422,4,4.25,0.6454972243679028,3.5,5.0
100882,2,4.75,0.3535533905932738,4.5,5.0
70159,4,3.0,0.9128709291752769,2.0,4.0
6679,1,4.0,,4.0,4.0
5607,1,5.0,,5.0,5.0
49220,4,2.375,0.8539125638299665,1.5,3.5
49793,2,3.75,0.3535533905932738,3.5,4.0
8506,2,2.25,0.3535533905932738,2.0,2.5
33681,2,1.75,1.0606601717798212,1.0,2.5
80454,1,2.5,,2.5,2.5
6119,1,4.0,,4.0,4.0
26365,1,2.5,,2.5,2.5
27769,1,3.0,,3.0,3.0
102735,1,0.5,,0.5,0.5
27491,1,3.0,,3.0,3.0
1080,89,3.9269662921348316,1.0701278645928909,0.5,5.0
1224,19,4.0,0.8164965809277261,2.0,5.0
910,50,4.01,0.8298635245555472,1.5,5.0
45517,41,3.3780487804878048,0.8350186210863656,1.0,5.0
5782,19,3.8684210526315788,0.6839855680567696,2.0,5.0
118900,5,2.9,1.3874436925511608,0.5,4.0
1972,7,2.142857142857143,1.3758114488755875,0.5,4.0
2263,5,2.8,0.8366600265340756,2.0,4.0
147,15,3.466666666666667,0.8549575316659775,2.0,5.0
36527,7,3.5714285714285716,0.6074928962939559,3.0,4.5
51080,8,3.5625,1.0835622468770048,2.0,4.5
5021,3,2.8333333333333335,0.2886751345948129,2.5,3.0
1797,6,4.25,0.758287544405155,3.0,5.0
104069,4,4.125,0.8539125638299665,3.0,5.0
5026,14,3.8214285714285716,0.932472784860499,2.5,5.0
3604,1,0.5,,0.5,0.5
108078,1,5.0,,5.0,5.0
149508,1,5.0,,5.0,5.0
116,5,3.9,1.02469507659596,3.0,5.0
85316,1,3.5,,3.5,3.5
93443,4,3.25,1.1902380714238083,2.0,4.5
5379,6,4.25,0.4183300132670378,4.0,5.0
2024,3,3.3333333333333335,0.5773502691896258,3.0,4.0
6862,2,3.5,0.0,3.5,3.5
41769,1,2.5,,2.5,2.5
50147,1,2.0,,2.0,2.0
4371,1,0.5,,0.5,0.5
48678,2,2.75,0.3535533905932738,2.5,3.0
61394,1,4.0,,4.0,4.0
2894,1,4.0,,4.0,4.0
8387,5,0.8,0.4472135954999579,0.5,1.5
3680,1,3.0,,3.0,3.0
4242,1,2.0,,2.0,2.0
6036,1,3.0,,3.0,3.0
49280,3,3.8333333333333335,0.5773502691896258,3.5,4.5
55294,1,2.5,,2.5,2.5
82527,1,4.0,,4.0,4.0
143472,1,1.5,,1.5,1.5
31903,1,4.0,,4.0,4.0
55071,1,4.0,,4.0,4.0
168174,1,3.0,,3.0,3.0
26819,1,2.5,,2.5,2.5
181719,1,3.5,,3.5,3.5
6310,1,2.5,,2.5,2.5
8934,1,1.0,,1.0,1.0
27549,1,1.5,,1.5,1.5
102070,1,3.0,,3.0,3.0
128838,1,3.5,,3.5,3.5
2478,26,3.1346153846153846,0.9440094523646709,1.0,5.0
317,81,3.2037037037037037,1.0629492514278898,0.5,5.0
546,21,2.0,0.9486832980505138,0.5,3.5
7153,185,4.118918918918919,0.8498202616352362,1.0,5.0
5902,46,3.9456521739130435,0.8896207735731819,0.5,5.0
1680,25,3.6,0.9013878188659973,1.0,5.0
1228,40,4.1875,0.7981348449787359,2.0,5.0
57669,41,4.158536585365853,0.6748983663323308,2.5,5.0
85259,1,4.0,,4.0,4.0
53953,25,3.16,1.1339459128782698,0.5,5.0
805,35,3.657142857142857,0.8114205822781043,1.0,5.0
1672,12,3.375,0.7723929758166559,2.0,4.5
139644,11,3.5454545454545454,0.7229988054812212,2.0,4.5
198,28,3.25,0.927960727138337,2.0,5.0
8968,6,3.5833333333333335,0.8612007121842542,2.5,5.0
58078,1,3.0,,3.0,3.0
48414,2,3.0,0.0,3.0,3.0
6750,3,2.8333333333333335,0.7637626158259734,2.0,3.5
14,18,3.8333333333333335,0.7071067811865478,3.0,5.0
86059,2,2.75,1.7677669529663689,1.5,4.0
170993,1,4.0,,4.0,4.0
182293,1,4.0,,4.0,4.0
132046,7,2.5,1.4719601443879744,0.5,4.5
7371,20,4.025,0.9101041004655513,1.5,5.0
141836,1,4.5,,4.5,4.5
89190,2,1.75,1.7677669529663689,0.5,3.0
159717,2,3.75,0.3535533905932738,3.5,4.0
37830,10,3.55,0.9846036991827951,2.0,5.0
2946,7,3.357142857142857,0.37796447300922725,3.0,4.0
2084,5,2.7,1.2549900398011133,1.5,4.5
600,1,4.0,,4.0,4.0
3078,2,4.0,0.0,4.0,4.0
5486,2,2.5,0.0,2.5,2.5
1430,3,3.0,0.5,2.5,3.5
27768,2,3.75,1.0606601717798212,3.0,4.5
78103,1,2.5,,2.5,2.5
59727,3,3.1666666666666665,1.2583057392117918,2.0,4.5
3928,4,3.75,0.8660254037844386,3.0,5.0
114246,1,3.0,,3.0,3.0
3455,1,2.5,,2.5,2.5
4089,1,2.0,,2.0,2.0
43708,3,3.1666666666666665,0.2886751345948129,3.0,3.5
638,1,3.0,,3.0,3.0
6912,1,3.5,,3.5,3.5
160571,2,3.0,0.0,3.0,3.0
144734,1,4.5,,4.5,4.5
3442,1,1.0,,1.0,1.0
26828,1,1.5,,1.5,1.5
59016,1,2.5,,2.5,2.5
74095,1,2.5,,2.5,2.5
3808,1,4.0,,4.0,4.0
57421,1,4.0,,4.0,4.0
107447,1,4.0,,4.0,4.0
349,110,3.6045454545454545,0.7813639408154643,2.0,5.0
6238,9,2.8333333333333335,1.224744871391589,0.5,4.0
344,161,3.040372670807453,1.0708862499110006,0.5,5.0
3623,77,2.7142857142857144,1.0495254924957738,0.5,5.0
7458,48,3.4270833333333335,0.9339323369115549,0.5,5.0
1693,19,3.5,0.8660254037844384,1.0,5.0
81788,7,3.857142857142857,0.6267831705280087,3.0,4.5
1285,41,3.731707317073171,1.013024931674992,1.0,5.0
1658,8,3.0625,1.2374368670764582,2.0,5.0
55820,64,3.8984375,1.0086124662836848,0.5,5.0
52241,6,3.25,0.8215838362577492,2.0,4.0
424,3,1.8333333333333333,1.0408329997330663,1.0,3.0
1184,7,3.9285714285714284,0.7319250547113999,3.0,5.0
7235,6,3.4166666666666665,0.917423929634859,2.0,4.5
27721,6,3.6666666666666665,0.752772652709081,3.0,5.0
4800,1,2.5,,2.5,2.5
5011,2,3.75,0.3535533905932738,3.5,4.0
7439,14,3.5,0.9607689228305227,2.0,5.0
70565,4,3.625,0.8539125638299665,2.5,4.5
31610,1,4.0,,4.0,4.0
79073,1,4.0,,4.0,4.0
2303,5,3.6,0.8944271909999159,3.0,5.0
7091,2,4.0,0.7071067811865476,3.5,4.5
2264,4,2.75,0.5,2.0,3.0
3378,1,4.0,,4.0,4.0
4745,4,3.625,0.75,2.5,4.0
53140,2,3.75,0.3535533905932738,3.5,4.0
4597,1,2.0,,2.0,2.0
7307,2,3.0,0.7071067811865476,2.5,3.5
92309,2,2.75,1.7677669529663689,1.5,4.0
139859,1,2.5,,2.5,2.5
2388,1,4.0,,4.0,4.0
342,33,3.272727272727273,1.0390117682420419,0.5,5.0
454,101,3.5346534653465347,0.8254011925802331,1.0,5.0
2411,29,2.706896551724138,1.1379590233906738,1.0,5.0
3785,50,2.92,1.170905806699781,0.5,5.0
5944,19,3.1052631578947367,0.8592462357015314,1.0,4.5
97752,19,3.736842105263158,0.6742984224904425,2.5,5.0
379,21,2.5,0.9486832980505139,1.0,4.0
832,37,3.3378378378378377,0.9132820397249056,1.5,5.0
965,11,4.045454545454546,0.8201995322647243,2.0,5.0
3770,6,2.6666666666666665,0.816496580927726,2.0,4.0
1018,6,2.4166666666666665,0.917423929634859,1.0,3.5
68791,18,3.25,0.6913328984437153,2.0,4.5
103228,14,3.607142857142857,1.0593643128087462,1.0,5.0
8370,12,3.9583333333333335,0.4981024599478109,3.0,5.0
61024,31,3.6774193548387095,0.8421043788903111,2.0,5.0
1678,10,3.5,0.8498365855987975,2.0,5.0
3100,22,3.9318181818181817,0.8351711336671198,2.5,5.0
3360,22,3.7045454545454546,0.8115108031010947,1.0,5.0
4980,20,3.075,0.8155559937535671,2.0,5.0
1753,16,3.59375,0.9868932735272509,2.0,5.0
6666,5,4.3,0.758287544405155,3.5,5.0
5712,4,3.625,0.24999999999999997,3.5,4.0
2476,12,3.75,0.7537783614444091,3.0,5.0
3643,2,3.5,0.7071067811865476,3.0,4.0
27808,11,3.3636363636363638,0.6741998624632421,2.0,4.0
118696,18,3.4166666666666665,1.0880365478290537,1.0,5.0
6338,6,2.3333333333333335,1.0327955589886444,0.5,3.5
971,10,4.1,0.8755950357709131,2.5,5.0
128087,1,5.0,,5.0,5.0
27317,6,3.75,0.5244044240850757,3.0,4.5
1958,22,3.7954545454545454,0.9342566552267624,2.0,5.0
7050,2,3.75,0.3535533905932738,3.5,4.0
126090,1,4.5,,4.5,4.5
148956,4,3.125,0.9464847243000456,2.5,4.5
165645,1,0.5,,0.5,0.5
373,11,3.6363636363636362,0.8090398349558906,3.0,5.0
4056,7,3.2857142857142856,1.14953406710222,1.0,4.5
1264,5,3.8,0.447213595499958,3.0,4.0
6192,1,5.0,,5.0,5.0
4813,1,5.0,,5.0,5.0
27790,4,3.5,0.5773502691896257,3.0,4.0
33815,2,3.0,0.0,3.0,3.0
123,4,4.375,0.9464847243000455,3.0,5.0
1992,4,2.375,0.7499999999999999,1.5,3.0
7708,1,2.0,,2.0,2.0
189381,1,2.5,,2.5,2.5
72601,1,3.0,,3.0,3.0
7450,4,2.75,1.4433756729740645,1.0,4.5
4175,4,3.625,0.75,2.5,4.0
5297,2,2.5,0.7071067811865476,2.0,3.0
45503,1,5.0,,5.0,5.0
1629,3,3.3333333333333335,1.1547005383792517,2.0,4.0
2179,1,3.0,,3.0,3.0
8938,1,4.0,,4.0,4.0
140523,1,3.5,,3.5,3.5
96975,1,3.5,,3.5,3.5
117877,1,3.0,,3.0,3.0
8035,2,2.0,2.1213203435596424,0.5,3.5
43677,1,2.0,,2.0,2.0
99030,1,4.0,,4.0,4.0
139052,1,2.0,,2.0,2.0
1086,25,4.1,0.5400617248673217,3.0,5.0
158,62,2.806451612903226,1.1138282776292474,0.5,5.0
270,5,3.4,1.3874436925511608,1.5,5.0
5377,44,3.715909090909091,0.7185072321877706,2.0,5.0
97938,31,3.629032258064516,1.0080322575483704,1.0,5.0
3535,59,3.788135593220339,1.0263905195094438,1.0,5.0
27831,19,3.8157894736842106,0.5580354010024182,3.0,5.0
2065,13,3.730769230769231,0.9919548170024475,2.0,5.0
2416,16,2.90625,0.8797490172391973,1.0,4.0
2709,9,3.1666666666666665,1.224744871391589,1.0,5.0
3822,4,4.125,0.6291528696058959,3.5,5.0
3250,9,3.1666666666666665,1.0,2.0,5.0
47629,13,3.730769230769231,0.7803680919760616,2.0,4.5
56145,14,3.4285714285714284,1.3134971356172518,0.5,5.0
61167,1,4.0,,4.0,4.0
199,4,4.125,0.8539125638299665,3.0,5.0
53894,14,3.7142857142857144,0.5081749287811809,3.0,5.0
26326,2,4.5,0.7071067811865476,4.0,5.0
55112,1,4.0,,4.0,4.0
5414,4,2.875,1.030776406404415,2.0,4.0
48520,6,2.8333333333333335,0.6831300510639732,2.0,4.0
171751,1,2.5,,2.5,2.5
7308,1,2.5,,2.5,2.5
1684,4,3.5,1.2909944487358056,2.0,5.0
40148,7,3.357142857142857,1.313845682030609,2.0,5.0
5159,7,3.142857142857143,0.8997354108424375,1.5,4.0
242,5,3.6,0.8944271909999159,2.0,4.0
7243,1,3.5,,3.5,3.5
4640,4,3.75,0.9574271077563382,3.0,5.0
6971,1,4.0,,4.0,4.0
164917,2,4.5,0.0,4.5,4.5
7844,2,3.5,0.7071067811865476,3.0,4.0
147384,4,4.0,0.7071067811865476,3.0,4.5
71823,4,3.5,0.816496580927726,2.5,4.5
8142,2,4.25,1.0606601717798212,3.5,5.0
1983,5,2.4,0.5477225575051661,2.0,3.0
105254,2,3.5,0.7071067811865476,3.0,4.0
6286,4,3.875,0.24999999999999997,3.5,4.0
7820,2,3.75,0.3535533905932738,3.5,4.0
4434,1,4.0,,4.0,4.0
5081,5,2.8,0.8366600265340756,2.0,4.0
7315,2,2.0,0.0,2.0,2.0
95744,1,2.5,,2.5,2.5
4863,2,3.25,1.7677669529663689,2.0,4.5
5205,2,2.75,1.0606601717798212,2.0,3.5
7839,1,3.5,,3.5,3.5
8617,1,3.0,,3.0,3.0
8714,1,2.5,,2.5,2.5
110603,1,0.5,,0.5,0.5
2538,1,1.0,,1.0,1.0
4710,1,3.5,,3.5,3.5
284,1,4.5,,4.5,4.5
113280,1,4.0,,4.0,4.0
8045,1,2.0,,2.0,2.0
122433,1,1.0,,1.0,1.0
172229,1,3.0,,3.0,3.0
32302,1,4.0,,4.0,4.0
72142,1,5.0,,5.0,5.0
2617,87,3.1206896551724137,1.1436516312798006,0.5,5.0
902,36,3.8472222222222223,0.9548331525488364,1.0,5.0
2762,179,3.893854748603352,0.9554199036374794,0.5,5.0
135,31,2.9516129032258065,1.0275767506588613,1.0,5.0
248,17,3.176470588235294,0.9990804595756452,1.5,5.0
30812,35,3.5285714285714285,0.8396678014588405,1.0,5.0
1095,15,3.6666666666666665,0.9759000729485332,2.0,5.0
7154,10,2.8,1.085254706406647,0.5,4.0
66203,11,2.8181818181818183,1.031327476428493,0.5,4.0
134853,43,3.813953488372093,0.9821214635745071,1.0,5.0
80463,57,3.8859649122807016,0.818412792389554,1.0,5.0
86628,2,4.0,0.0,4.0,4.0
3146,17,2.323529411764706,1.22399418491506,0.5,4.0
3355,15,3.2,1.082325538564332,1.5,5.0
3948,91,3.4175824175824174,0.9317359433508338,1.0,5.0
5293,9,3.3333333333333335,0.6123724356957945,2.5,4.5
81229,20,3.5,0.760885910252682,2.0,4.5
106916,16,3.25,1.0488088481701516,0.5,4.5
34437,21,3.4761904761904763,0.5804349764657208,2.5,4.5
2890,45,3.7111111111111112,0.7723112367851749,1.0,5.0
3142,4,3.25,1.5,1.0,4.0
3946,5,2.5,1.118033988749895,1.0,4.0
2731,12,4.0,0.7687061147858073,2.0,5.0
151759,1,2.5,,2.5,2.5
522,7,3.2857142857142856,1.318368399991155,0.5,4.5
7256,8,4.0,0.5976143046671969,3.0,5.0
112450,1,2.0,,2.0,2.0
1606,3,2.3333333333333335,1.5275252316519468,1.0,4.0
85022,4,3.125,0.6291528696058958,2.5,4.0
6251,1,2.0,,2.0,2.0
34534,7,3.5714285714285716,0.5345224838248489,3.0,4.5
95949,1,3.5,,3.5,3.5
6220,4,2.5,1.2909944487358054,1.0,4.0
3914,1,4.0,,4.0,4.0
4116,1,5.0,,5.0,5.0
499,2,2.5,0.7071067811865476,2.0,3.0
166946,2,4.25,0.3535533905932738,4.0,4.5
8195,2,4.0,0.0,4.0,4.0
76763,1,3.5,,3.5,3.5
111663,2,2.5,1.4142135623730951,1.5,3.5
5986,1,4.0,,4.0,4.0
26838,1,3.0,,3.0,3.0
2611,1,3.0,,3.0,3.0
4769,1,3.0,,3.0,3.0
7085,2,3.25,0.3535533905932738,3.0,3.5
7772,1,3.5,,3.5,3.5
7882,1,3.0,,3.0,3.0
8575,1,3.0,,3.0,3.0
8813,2,4.0,0.7071067811865476,3.5,4.5
50160,2,3.75,0.3535533905932738,3.5,4.0
151479,1,1.5,,1.5,1.5
56620,1,3.0,,3.0,3.0
134783,1,2.0,,2.0,2.0
1954,64,3.828125,1.0166032376778775,0.5,5.0
2005,57,3.5701754385964914,0.9084847888263304,1.5,5.0
3448,43,3.802325581395349,0.8175131780190292,2.0,5.0
5060,46,3.9347826086956523,0.928611242975073,1.0,5.0
3160,52,3.7115384615384617,0.9918597794149717,1.0,5.0
337,77,3.7662337662337664,0.9374672470924812,0.5,5.0
466,60,2.8666666666666667,1.0690827157462346,0.5,5.0
5991,49,3.7244897959183674,0.918905737876329,1.5,5.0
72998,97,3.6030927835051547,1.0678496312925085,0.5,5.0
71057,14,3.642857142857143,0.8644378215075665,1.5,5.0
37733,27,3.5,0.8660254037844386,1.5,5.0
53464,20,2.575,0.6742442162583931,1.0,3.5
1566,31,3.4516129032258065,1.0356546939792675,0.5,5.0
3113,15,2.7,1.2363540870525032,1.0,4.0
46972,23,3.239130434782609,0.8902191407609,0.5,5.0
130450,3,2.5,0.8660254037844386,1.5,3.0
139717,2,1.25,1.0606601717798212,0.5,2.0
60753,2,3.5,0.7071067811865476,3.0,4.0
65230,14,3.142857142857143,1.15072838853303,0.5,5.0
4509,5,2.9,1.4747881203752624,1.5,5.0
2124,38,3.289473684210526,0.8976815403791097,1.0,5.0
909,27,3.962962962962963,0.9600273025557252,0.5,5.0
2334,13,2.8076923076923075,0.9250779592927457,1.0,4.0
62155,10,3.35,1.055409346599171,1.0,4.5
6395,1,3.5,,3.5,3.5
95377,3,3.8333333333333335,0.7637626158259734,3.0,4.5
3103,2,2.75,1.0606601717798212,2.0,3.5
138210,5,3.3,1.2549900398011131,1.5,5.0
3286,5,2.3,1.0954451150103321,1.0,4.0
51939,6,3.0833333333333335,0.5845225972250061,2.5,4.0
72731,3,3.1666666666666665,0.2886751345948129,3.0,3.5
1437,2,4.25,1.0606601717798212,3.5,5.0
180987,1,1.5,,1.5,1.5
1312,2,2.5,0.7071067811865476,2.0,3.0
42,7,3.0,0.816496580927726,2.0,4.0
7016,3,1.5,1.3228756555322954,0.5,3.0
5569,2,3.25,0.3535533905932738,3.0,3.5
81191,1,4.0,,4.0,4.0
6889,2,3.0,0.0,3.0,3.0
7134,1,4.0,,4.0,4.0
119,2,3.0,0.0,3.0,3.0
33838,1,3.5,,3.5,3.5
180045,1,4.0,,4.0,4.0
103107,2,4.25,0.3535533905932738,4.0,4.5
2493,1,4.0,,4.0,4.0
5168,1,3.0,,3.0,3.0
6982,1,3.5,,3.5,3.5
2415,1,3.0,,3.0,3.0
176051,1,3.5,,3.5,3.5
27074,1,1.5,,1.5,1.5
27124,1,2.0,,2.0,2.0
77201,1,2.5,,2.5,2.5
91981,1,2.5,,2.5,2.5
98799,1,2.5,,2.5,2.5
32234,1,4.0,,4.0,4.0
64010,1,3.5,,3.5,3.5
142598,1,4.0,,4.0,4.0
506,2,4.5,0.7071067811865476,4.0,5.0
2944,32,3.96875,0.5670736994828462,3.0,5.0
892,13,3.5384615384615383,0.627877989127481,3.0,5.0
2,110,3.4318181818181817,0.8817134921476453,0.5,5.0
79,17,2.764705882352941,1.200490095997562,1.0,5.0
201,1,3.0,,3.0,3.0
765,19,3.1578947368421053,0.817391371969854,2.0,5.0
778,102,4.03921568627451,0.8255999154224543,0.5,5.0
67255,25,3.94,0.8455767262643883,2.0,5.0
2266,5,3.1,0.7416198487095663,2.0,4.0
4901,27,3.4814814814814814,0.7400816155808748,2.0,5.0
64032,3,2.8333333333333335,0.5773502691896258,2.5,3.5
7064,6,3.25,0.689202437604511,2.0,4.0
3556,26,3.769230769230769,0.8970035588643919,1.5,5.0
1262,43,4.127906976744186,0.8666645370107577,0.5,5.0
54001,58,3.8620689655172415,0.887501437845516,0.5,5.0
6371,1,0.5,,0.5,0.5
7007,8,3.5,0.9258200997725513,1.5,4.5
70521,3,3.6666666666666665,0.5773502691896258,3.0,4.0
72701,3,3.0,1.3228756555322954,1.5,4.0
84246,1,4.5,,4.5,4.5
111146,1,4.5,,4.5,4.5
136503,1,5.0,,5.0,5.0
79333,1,4.0,,4.0,4.0
84156,1,4.5,,4.5,4.5
104925,3,3.5,1.3228756555322954,2.5,5.0
95088,6,3.75,0.41833001326703784,3.0,4.0
98607,1,4.5,,4.5,4.5
6246,1,4.0,,4.0,4.0
2162,8,2.5,0.9258200997725514,1.0,3.5
4920,3,3.6666666666666665,1.0408329997330663,2.5,4.5
50005,3,2.5,0.5,2.0,3.0
5820,3,3.5,0.5,3.0,4.0
6196,3,3.5,0.5,3.0,4.0
6868,7,3.4285714285714284,0.7319250547114,2.0,4.0
8906,3,2.6666666666666665,0.7637626158259734,2.0,3.5
1328,2,0.75,0.3535533905932738,0.5,1.0
92243,1,4.5,,4.5,4.5
1572,2,3.0,0.7071067811865476,2.5,3.5
7179,1,2.5,,2.5,2.5
106062,2,3.25,1.0606601717798212,2.5,4.0
6533,1,4.5,,4.5,4.5
6883,1,3.0,,3.0,3.0
3447,2,4.0,0.0,4.0,4.0
89388,1,1.5,,1.5,1.5
102880,2,1.0,0.7071067811865476,0.5,1.5
5239,1,4.0,,4.0,4.0
4871,1,3.5,,3.5,3.5
6603,1,2.5,,2.5,2.5
111913,1,4.5,,4.5,4.5
90945,1,3.0,,3.0,3.0
116169,1,2.5,,2.5,2.5
803,1,4.0,,4.0,4.0
2897,1,4.0,,4.0,4.0
132153,1,5.0,,5.0,5.0
5746,1,5.0,,5.0,5.0
276,22,3.25,0.8128433340529315,2.0,5.0
6502,58,3.9741379310344827,0.7803643649249797,1.5,5.0
2302,59,3.26271186440678,1.0312192825242905,1.0,5.0
2605,43,2.988372093023256,0.935340351174903,1.0,5.0
3536,21,3.4523809523809526,0.8930952063576691,1.5,5.0
3988,33,3.0454545454545454,0.8511356050488184,1.0,5.0
135887,15,3.1666666666666665,1.2770874601813225,0.5,4.5
3107,23,3.3043478260869565,1.0843843082889209,0.5,5.0
48879,2,3.25,1.0606601717798212,2.5,4.0
3968,27,3.074074074074074,0.7299065233052331,2.0,4.0
3274,12,3.375,0.8012773892638271,2.0,5.0
117881,5,3.8,0.5700877125495689,3.0,4.5
8253,5,3.4,1.140175425099138,1.5,4.5
3917,15,3.3666666666666667,0.990430401872025,1.0,5.0
59731,1,3.5,,3.5,3.5
126577,1,4.0,,4.0,4.0
132800,2,3.0,2.1213203435596424,1.5,4.5
144222,1,3.0,,3.0,3.0
2419,2,3.75,0.3535533905932738,3.5,4.0
106766,7,3.642857142857143,0.8997354108424372,2.0,4.5
33124,1,3.5,,3.5,3.5
110773,1,0.5,,0.5,0.5
2166,4,2.5,1.0,1.0,3.0
130490,6,2.8333333333333335,1.5055453054181622,0.5,5.0
39307,1,2.5,,2.5,2.5
3130,5,2.4,1.140175425099138,1.0,4.0
6330,2,3.0,0.7071067811865476,2.5,3.5
166291,2,4.0,1.4142135623730951,3.0,5.0
25841,3,4.166666666666667,0.2886751345948129,4.0,4.5
118198,1,2.5,,2.5,2.5
93766,4,2.625,1.1086778913041726,1.5,4.0
26366,1,5.0,,5.0,5.0
2974,1,2.5,,2.5,2.5
4771,3,2.6666666666666665,1.2583057392117918,1.5,4.0
2624,2,4.25,1.0606601717798212,3.5,5.0
1984,3,2.1666666666666665,0.2886751345948129,2.0,2.5
43460,3,3.3333333333333335,0.5773502691896258,3.0,4.0
6316,1,2.0,,2.0,2.0
4833,3,3.3333333333333335,0.7637626158259734,2.5,4.0
104760,1,1.0,,1.0,1.0
5512,2,3.25,0.3535533905932738,3.0,3.5
115065,1,2.0,,2.0,2.0
167538,1,1.0,,1.0,1.0
3942,1,5.0,,5.0,5.0
99191,1,4.0,,4.0,4.0
158388,1,2.5,,2.5,2.5
149,1,2.0,,2.0,2.0
4883,1,4.0,,4.0,4.0
6516,1,3.5,,3.5,3.5
93598,1,2.5,,2.5,2.5
114670,1,3.5,,3.5,3.5
4065,1,2.5,,2.5,2.5
1092,47,3.1914893617021276,0.8112871649513513,1.0,5.0
2115,108,3.638888888888889,0.8505999348819535,1.0,5.0
999,12,3.0416666666666665,0.7525210155124432,2.0,4.0
4886,132,3.871212121212121,0.7682169603520645,0.5,5.0
105211,2,3.0,0.7071067811865476,2.5,3.5
71899,10,4.2,0.6324555320336759,3.0,5.0
2548,6,1.8333333333333333,0.408248290463863,1.0,2.0
3984,21,3.5,0.6708203932499369,2.5,5.0
101525,5,3.5,0.5,3.0,4.0
46862,1,3.5,,3.5,3.5
175303,9,3.3333333333333335,1.25,0.5,5.0
365,4,3.25,0.9574271077563381,2.0,4.0
54004,11,3.4545454545454546,1.2135597524338357,0.5,5.0
72226,18,4.083333333333333,0.8952488973661425,1.5,5.0
116817,1,4.5,,4.5,4.5
6049,1,4.0,,4.0,4.0
78174,2,1.0,0.7071067811865476,0.5,1.5
134861,1,2.5,,2.5,2.5
77866,6,3.1666666666666665,1.0327955589886444,2.0,4.5
3737,1,4.0,,4.0,4.0
7045,3,3.1666666666666665,0.2886751345948129,3.0,3.5
8582,2,4.25,0.3535533905932738,4.0,4.5
7056,2,4.25,0.3535533905932738,4.0,4.5
8535,1,4.0,,4.0,4.0
2593,4,3.375,0.47871355387816905,3.0,4.0
51498,2,3.25,0.3535533905932738,3.0,3.5
102007,1,3.0,,3.0,3.0
54934,1,0.5,,0.5,0.5
773,1,3.5,,3.5,3.5
26073,1,5.0,,5.0,5.0
58842,1,4.5,,4.5,4.5
6530,2,4.25,0.3535533905932738,4.0,4.5
49957,2,3.0,0.0,3.0,3.0
1839,1,3.0,,3.0,3.0
98908,1,1.5,,1.5,1.5
136654,1,1.5,,1.5,1.5
162414,1,5.0,,5.0,5.0
7167,1,3.0,,3.0,3.0
25753,1,4.0,,4.0,4.0
34359,1,4.0,,4.0,4.0
105325,1,1.0,,1.0,1.0
7457,1,3.5,,3.5,3.5
141866,3,3.3333333333333335,0.5773502691896258,3.0,4.0
6967,1,0.5,,0.5,0.5
6860,1,2.0,,2.0,2.0
7047,1,2.5,,2.5,2.5
103609,1,1.5,,1.5,1.5
3344,1,4.0,,4.0,4.0
6415,1,4.0,,4.0,4.0
7916,1,3.5,,3.5,3.5
8964,1,3.0,,3.0,3.0
32649,1,4.0,,4.0,4.0
2000,75,3.6733333333333333,0.7644700219200323,1.5,5.0
357,103,3.5194174757281553,1.1134699563136734,0.5,5.0
1004,6,3.0,0.6324555320336759,2.0,4.0
45730,9,2.8333333333333335,0.9354143466934853,0.5,3.5
49824,5,3.1,0.6519202405202649,2.5,4.0
529,40,3.875,0.7658579904515336,2.5,5.0
6016,75,4.1466666666666665,0.7701058778265903,1.0,5.0
2144,49,3.6020408163265305,0.8476658628056143,1.5,5.0
4783,1,3.5,,3.5,3.5
117529,23,3.260869565217391,0.8239258188336566,1.0,4.0
5617,25,3.9,0.7772815877574011,2.0,5.0
3950,8,3.5625,0.6781013409302687,2.5,4.5
175661,3,2.6666666666666665,1.0408329997330663,1.5,3.5
5878,14,4.035714285714286,0.3650229557736858,3.5,4.5
5644,3,3.5,0.8660254037844386,2.5,4.0
8781,12,3.0416666666666665,0.49810245994781094,2.0,3.5
68952,6,3.75,0.758287544405155,2.5,4.5
69904,1,2.5,,2.5,2.5
6952,9,3.111111111111111,1.2190615698606495,0.5,5.0
1187,5,3.6,1.140175425099138,2.0,5.0
905,14,4.321428571428571,0.7234304723687333,3.0,5.0
26645,1,4.0,,4.0,4.0
49013,2,2.75,1.0606601717798212,2.0,3.5
78142,1,4.5,,4.5,4.5
6777,5,3.6,0.6519202405202649,3.0,4.5
110586,1,4.0,,4.0,4.0
4836,2,3.75,0.3535533905932738,3.5,4.0
5643,3,3.5,0.8660254037844386,3.0,4.5
6688,1,3.5,,3.5,3.5
55854,1,3.0,,3.0,3.0
32213,3,2.6666666666666665,1.0408329997330663,1.5,3.5
86835,3,3.0,0.5,2.5,3.5
294,2,3.0,0.0,3.0,3.0
1964,6,4.083333333333333,0.8010409893798611,3.0,5.0
91842,2,3.0,1.4142135623730951,2.0,4.0
3732,4,3.0,1.4142135623730951,1.0,4.0
4622,2,2.5,0.7071067811865476,2.0,3.0
40617,1,3.0,,3.0,3.0
5700,1,0.5,,0.5,0.5
55156,1,4.0,,4.0,4.0
4046,1,4.0,,4.0,4.0
6596,1,3.5,,3.5,3.5
7782,2,3.0,2.1213203435596424,1.5,4.5
120919,1,3.0,,3.0,3.0
1612,2,3.0,0.0,3.0,3.0
52831,1,3.5,,3.5,3.5
82366,1,4.5,,4.5,4.5
132618,1,1.5,,1.5,1.5
3617,41,3.0853658536585367,1.0056244268139465,1.0,5.0
26409,2,2.75,2.4748737341529163,1.0,4.5
1449,24,3.875,0.824225591744734,2.0,5.0
1885,12,3.125,1.1306675421666135,1.0,5.0
8972,38,3.263157894736842,0.9133901959574144,1.0,5.0
118,2,2.5,0.7071067811865476,2.0,3.0
1373,30,2.6666666666666665,1.093344547181068,0.5,5.0
2642,22,2.25,0.8830412814596521,1.0,3.5
4903,10,3.0,1.0801234497346435,1.0,4.0
7025,2,3.75,1.7677669529663689,2.5,5.0
27408,3,3.3333333333333335,0.7637626158259734,2.5,4.0
3186,28,3.4642857142857144,0.7689407267597685,1.5,5.0
4679,13,2.8846153846153846,1.139331787969125,0.5,4.0
1390,9,2.6666666666666665,1.0,1.0,4.0
2925,5,4.1,0.8215838362577492,3.5,5.0
175485,3,1.6666666666666667,1.2583057392117918,0.5,3.0
45728,13,3.8846153846153846,0.5828752780343235,2.5,5.0
102217,1,5.0,,5.0,5.0
4128,26,3.7115384615384617,1.0017292740364228,0.5,5.0
47999,7,4.071428571428571,0.607492896293956,3.5,5.0
86293,6,3.0,0.8366600265340756,2.0,4.0
2010,21,3.857142857142857,0.7270291799999697,2.5,5.0
722,1,4.0,,4.0,4.0
128594,1,4.0,,4.0,4.0
1981,3,2.0,1.0,1.0,3.0
9010,5,4.1,1.0246950765959597,3.0,5.0
5873,4,3.875,0.47871355387816905,3.5,4.5
3224,4,4.75,0.49999999999999994,4.0,5.0
6412,2,3.75,0.3535533905932738,3.5,4.0
6645,7,3.7857142857142856,0.6986381310057718,2.5,4.5
5493,1,4.0,,4.0,4.0
46572,3,3.5,1.3228756555322954,2.0,4.5
3329,1,4.0,,4.0,4.0
56915,1,4.0,,4.0,4.0
6013,2,1.75,1.0606601717798212,1.0,2.5
2348,8,3.4375,0.7288689868556626,2.0,4.0
1503,4,3.0,1.6832508230603465,0.5,4.0
80846,2,3.25,0.3535533905932738,3.0,3.5
1571,2,4.5,0.7071067811865476,4.0,5.0
4953,1,2.5,,2.5,2.5
4422,2,4.0,0.0,4.0,4.0
6269,2,4.25,0.3535533905932738,4.0,4.5
116985,1,1.5,,1.5,1.5
4236,1,3.5,,3.5,3.5
36477,1,4.0,,4.0,4.0
1652,1,4.5,,4.5,4.5
1112,2,4.5,0.7071067811865476,4.0,5.0
46574,1,2.5,,2.5,2.5
102852,1,3.0,,3.0,3.0
573,1,3.5,,3.5,3.5
4671,1,3.5,,3.5,3.5
2137,21,3.5476190476190474,0.9862145038575775,1.0,5.0
281,14,3.7857142857142856,0.8017837257372732,3.0,5.0
95543,6,2.9166666666666665,1.0206207261596574,1.0,4.0
1193,133,4.203007518796992,0.7588807397844317,1.0,5.0
3174,39,3.4871794871794872,0.8310359695741489,1.0,5.0
52604,12,3.6666666666666665,0.834847109936722,2.0,4.5
68319,26,2.8653846153846154,0.9649631320179265,0.5,4.0
3483,13,3.1153846153846154,1.0032000081789556,1.5,4.5
1011,8,2.9375,1.3741880719693564,1.0,5.0
2661,1,3.0,,3.0,3.0
1428,2,3.0,0.0,3.0,3.0
4388,26,2.6538461538461537,1.1555884281977797,0.5,5.0
42725,7,2.5714285714285716,1.096531327587567,0.5,4.0
131826,2,3.75,0.3535533905932738,3.5,4.0
1366,5,3.9,0.8944271909999159,2.5,5.0
108689,2,2.25,2.4748737341529163,0.5,4.0
112623,15,3.433333333333333,1.0834249045547752,1.5,5.0
3503,11,4.090909090909091,1.044465935734187,2.0,5.0
4146,3,3.0,1.7320508075688772,1.0,4.0
4911,2,3.5,0.0,3.5,3.5
85056,5,3.1,0.4183300132670378,2.5,3.5
6715,1,3.5,,3.5,3.5
2073,5,3.6,0.8944271909999159,3.0,5.0
80917,1,3.5,,3.5,3.5
103449,1,1.0,,1.0,1.0
4580,2,0.5,0.0,0.5,0.5
47952,1,3.0,,3.0,3.0
3951,1,5.0,,5.0,5.0
6210,1,3.0,,3.0,3.0
68347,1,4.0,,4.0,4.0
82095,1,0.5,,0.5,0.5
125221,1,0.5,,0.5,0.5
4129,1,1.0,,1.0,1.0
7835,1,3.5,,3.5,3.5
117133,1,3.5,,3.5,3.5
1986,2,1.5,0.7071067811865476,1.0,2.0
6800,3,2.3333333333333335,1.0408329997330663,1.5,3.5
115667,1,3.5,,3.5,3.5
136556,1,5.0,,5.0,5.0
26142,1,2.0,,2.0,2.0
98499,2,3.0,0.0,3.0,3.0
3289,1,4.5,,4.5,4.5
2406,54,3.4537037037037037,0.6954604726673023,2.0,5.0
5459,61,2.959016393442623,0.8128913517357508,1.5,4.5
2883,5,3.2,0.447213595499958,3.0,4.0
3225,4,2.0,1.1547005383792515,1.0,3.0
6297,20,3.425,0.6340139463848774,2.0,4.5
34536,3,3.1666666666666665,0.7637626158259733,2.5,4.0
55116,3,2.6666666666666665,0.2886751345948129,2.5,3.0
65682,7,3.642857142857143,0.7480132415430957,2.5,4.5
47423,5,4.0,0.7071067811865476,3.0,5.0
72395,3,3.5,0.5,3.0,4.0
7162,12,3.2916666666666665,0.9876126709792599,1.5,4.5
73023,5,4.1,0.5477225575051661,3.5,5.0
2792,19,3.1842105263157894,1.204280863279334,1.0,5.0
3315,1,4.5,,4.5,4.5
3768,2,1.25,0.3535533905932738,1.0,1.5
99145,3,3.6666666666666665,0.7637626158259734,3.0,4.5
141820,1,4.0,,4.0,4.0
145994,1,5.0,,5.0,5.0
59143,2,4.25,0.3535533905932738,4.0,4.5
173145,4,2.875,2.0155644370746373,0.5,5.0
2818,3,1.0,0.0,1.0,1.0
6250,7,2.642857142857143,1.0690449676496976,0.5,3.5
31297,1,3.5,,3.5,3.5
4628,4,3.125,1.0307764064044151,2.0,4.5
2557,1,4.5,,4.5,4.5
49263,1,3.0,,3.0,3.0
8833,3,3.5,0.0,3.5,3.5
5584,1,3.5,,3.5,3.5
27434,3,1.5,1.0,0.5,2.5
3733,3,3.8333333333333335,0.2886751345948129,3.5,4.0
92391,3,3.1666666666666665,1.0408329997330663,2.0,4.0
7636,1,0.5,,0.5,0.5
26059,1,4.5,,4.5,4.5
3299,3,2.6666666666666665,1.5275252316519468,1.0,4.0
4988,1,2.0,,2.0,2.0
5209,1,2.0,,2.0,2.0
26464,1,3.0,,3.0,3.0
114601,2,2.75,1.0606601717798212,2.0,3.5
6614,3,2.6666666666666665,0.7637626158259734,2.0,3.5
94130,2,3.5,0.0,3.5,3.5
27006,1,3.5,,3.5,3.5
179053,1,3.5,,3.5,3.5
3295,1,4.0,,4.0,4.0
145951,1,0.5,,0.5,0.5
1805,31,3.0161290322580645,1.0366924243938986,0.5,4.0
3578,170,3.9382352941176473,0.9943671847739339,0.5,5.0
8908,6,3.6666666666666665,0.5163977794943222,3.0,4.5
2011,87,3.5057471264367814,1.0272288667155631,1.0,5.0
68358,59,3.864406779661017,0.819116999740323,0.5,5.0
7018,5,3.9,1.08397416943394,2.5,5.0
1702,16,3.0,0.9128709291752769,1.5,5.0
2243,28,3.4285714285714284,0.9880235200593537,2.0,5.0
3005,25,2.84,1.1521718621802912,0.5,4.0
3048,3,2.0,1.0,1.0,3.0
3515,9,3.611111111111111,0.485912657903775,3.0,4.0
115877,3,3.6666666666666665,0.7637626158259734,3.0,4.5
132660,2,3.75,0.3535533905932738,3.5,4.0
8981,16,3.71875,0.7295832143536928,1.5,4.5
111659,16,2.75,1.2909944487358056,0.5,5.0
138208,2,3.0,0.7071067811865476,2.5,3.5
7983,5,4.2,0.4472135954999579,4.0,5.0
48877,11,3.0454545454545454,1.1927813180660036,0.5,5.0
942,6,4.333333333333333,0.5163977794943222,4.0,5.0
7015,3,3.1666666666666665,0.7637626158259734,2.5,4.0
4141,4,2.5,0.7071067811865476,1.5,3.0
34332,6,2.9166666666666665,1.4634434279010127,0.5,4.5
5294,11,3.8636363636363638,0.6741998624632421,3.0,5.0
120625,1,4.5,,4.5,4.5
172587,1,5.0,,5.0,5.0
128975,4,2.875,0.6291528696058959,2.0,3.5
165947,2,3.25,1.0606601717798212,2.5,4.0
3372,2,4.0,0.0,4.0,4.0
5646,4,4.0,0.8164965809277259,3.0,5.0
158035,1,3.5,,3.5,3.5
99,2,5.0,0.0,5.0,5.0
48161,2,3.0,0.0,3.0,3.0
27555,2,3.75,1.0606601717798212,3.0,4.5
30,3,3.0,1.7320508075688772,1.0,4.0
47124,2,3.25,0.3535533905932738,3.0,3.5
6123,1,4.0,,4.0,4.0
4636,3,2.3333333333333335,0.5773502691896258,2.0,3.0
94011,1,1.5,,1.5,1.5
3989,2,4.0,0.7071067811865476,3.5,4.5
4218,1,3.5,,3.5,3.5
4860,1,2.0,,2.0,2.0
7082,2,3.75,0.3535533905932738,3.5,4.0
6148,3,2.8333333333333335,0.7637626158259734,2.0,3.5
109971,1,4.5,,4.5,4.5
176419,2,3.25,0.3535533905932738,3.0,3.5
5268,1,2.5,,2.5,2.5
8380,1,2.5,,2.5,2.5
26593,1,2.0,,2.0,2.0
26861,1,3.5,,3.5,3.5
27008,1,1.0,,1.0,1.0
87197,1,3.0,,3.0,3.0
6111,1,3.5,,3.5,3.5
31086,1,3.5,,3.5,3.5
134881,3,4.333333333333333,0.5773502691896258,4.0,5.0
1090,63,3.984126984126984,0.9374306596647389,1.0,5.0
1445,7,2.142857142857143,0.8997354108424375,1.0,3.0
3033,59,3.483050847457627,0.8558425053254152,1.0,5.0
1371,45,3.0444444444444443,0.958349802230033,0.5,5.0
302,5,3.2,0.4472135954999579,3.0,4.0
313,3,3.3333333333333335,0.5773502691896258,3.0,4.0
2446,2,2.0,0.0,2.0,2.0
3248,14,1.8928571428571428,0.9025300214178139,0.5,4.0
5364,7,3.5,0.7071067811865476,2.5,4.5
117572,1,2.5,,2.5,2.5
47610,43,3.7790697674418605,0.8749307835303274,1.5,5.0
55094,3,3.5,0.5,3.0,4.0
88911,1,3.0,,3.0,3.0
90522,6,3.0,1.0488088481701516,1.5,4.0
1202,7,3.857142857142857,0.6267831705280087,3.0,5.0
65188,4,3.875,1.1086778913041724,2.5,5.0
901,7,3.0,1.5,1.0,5.0
128089,1,4.5,,4.5,4.5
177765,13,3.5384615384615383,1.4209964001470126,1.5,5.0
4850,4,3.375,0.8539125638299665,2.5,4.5
127184,1,4.0,,4.0,4.0
149830,1,4.5,,4.5,4.5
161634,5,3.3,0.5700877125495689,2.5,4.0
1836,3,4.5,0.5,4.0,5.0
2361,10,2.75,1.2304019216861166,0.5,4.0
2696,3,4.333333333333333,0.5773502691896258,4.0,5.0
3895,1,1.5,,1.5,1.5
4978,6,3.8333333333333335,0.816496580927726,3.0,5.0
170907,1,4.0,,4.0,4.0
45210,7,4.142857142857143,0.3779644730092272,3.5,4.5
3214,2,3.5,2.1213203435596424,2.0,5.0
56156,7,3.2857142857142856,0.8591246929842246,2.0,4.5
60937,7,2.642857142857143,0.47559486560567094,2.0,3.5
30846,2,3.5,0.0,3.5,3.5
2566,2,2.0,1.4142135623730951,1.0,3.0
2766,2,3.25,0.3535533905932738,3.0,3.5
127298,2,4.0,0.7071067811865476,3.5,4.5
93610,1,3.0,,3.0,3.0
148172,2,2.5,1.4142135623730951,1.5,3.5
4064,1,3.5,,3.5,3.5
4289,3,2.8333333333333335,1.607275126832159,1.0,4.0
56908,1,4.0,,4.0,4.0
155358,1,2.0,,2.0,2.0
74580,1,2.0,,2.0,2.0
31260,1,3.5,,3.5,3.5
99087,1,3.0,,3.0,3.0
39516,1,4.5,,4.5,4.5
85179,3,3.8333333333333335,0.7637626158259734,3.0,4.5
8905,1,2.5,,2.5,2.5
32442,1,2.5,,2.5,2.5
117630,1,1.0,,1.0,1.0
119218,1,2.5,,2.5,2.5
184,2,3.5,0.7071067811865476,3.0,4.0
26038,1,4.0,,4.0,4.0
36931,1,3.5,,3.5,3.5
3176,49,3.336734693877551,1.1244802276220447,0.5,5.0
4029,12,3.875,0.7111130839619098,3.0,5.0
66,9,2.5,1.1180339887498947,0.5,4.0
405,12,2.4166666666666665,0.7637626158259734,1.0,3.0
700,7,3.2142857142857144,0.9063269671749657,1.5,4.0
6888,20,2.275,1.312640969873131,0.5,5.0
915,30,3.7666666666666666,0.8380327264341845,2.0,5.0
2465,3,1.5,0.5,1.0,2.0
1012,9,3.4444444444444446,0.6821127309893709,2.0,4.0
4085,46,3.402173913043478,0.7573313176131573,2.0,5.0
93510,26,3.8653846153846154,0.8192397977111744,2.0,5.0
105213,8,3.125,0.876274581884664,2.0,4.5
105844,16,3.625,0.6708203932499369,2.0,4.5
108190,18,3.0,1.137592917989042,0.5,5.0
187541,4,3.0,1.4142135623730951,1.0,4.0
93114,1,3.0,,3.0,3.0
82461,19,3.236842105263158,0.9032106474595007,1.5,5.0
4079,2,4.25,0.3535533905932738,4.0,4.5
7137,10,3.55,0.4972144630058766,2.5,4.0
44937,1,4.0,,4.0,4.0
118862,1,4.0,,4.0,4.0
74727,2,4.75,0.3535533905932738,4.5,5.0
5256,2,2.75,0.3535533905932738,2.5,3.0
180297,2,3.75,1.0606601717798212,3.0,4.5
64231,6,3.0,0.7071067811865476,2.0,4.0
4748,6,2.0833333333333335,1.3934369977385654,1.0,4.5
118880,2,3.5,0.7071067811865476,3.0,4.0
189111,1,3.0,,3.0,3.0
59141,3,4.666666666666667,0.2886751345948129,4.5,5.0
3758,2,3.5,0.7071067811865476,3.0,4.0
55167,4,4.625,0.4787135538781689,4.0,5.0
5537,1,5.0,,5.0,5.0
77266,1,3.5,,3.5,3.5
78116,1,3.5,,3.5,3.5
97936,1,3.0,,3.0,3.0
100226,1,1.5,,1.5,1.5
6611,1,5.0,,5.0,5.0
7579,3,3.6666666666666665,1.2583057392117918,2.5,5.0
5041,1,1.5,,1.5,1.5
2949,33,3.712121212121212,0.6617956518809147,2.5,5.0
46,15,3.066666666666667,1.178174536346478,1.0,5.0
186,48,2.8229166666666665,1.0743111763107092,0.5,5.0
282,40,3.3375,0.9363561397848689,1.0,5.0
802,46,3.3369565217391304,0.9192650918960992,1.0,5.0
1101,83,3.3012048192771086,1.1096576022011624,0.5,5.0
27716,1,4.5,,4.5,4.5
36519,16,3.21875,0.5153882032022076,2.0,4.0
176101,8,3.0625,0.9797047660246572,1.0,4.0
1376,43,3.4767441860465116,1.1016950596375017,1.0,5.0
2995,14,2.4285714285714284,0.9168747682531899,1.0,3.5
4776,51,3.7941176470588234,0.7223328220995865,2.0,5.0
31696,35,3.4714285714285715,0.8906611650478367,1.0,5.0
41569,40,3.4,0.7089175569585665,2.0,4.5
605,10,3.0,0.9128709291752769,1.0,4.5
1976,7,2.2142857142857144,1.2198750911856666,0.5,4.0
2504,6,3.1666666666666665,0.752772652709081,2.0,4.0
4974,14,2.5714285714285716,1.1241602482458912,0.5,4.0
5882,8,3.5625,0.9038607667745546,2.5,5.0
97225,11,3.409090909090909,0.9438798074485389,2.0,5.0
174141,1,3.5,,3.5,3.5
92509,3,2.6666666666666665,1.0408329997330663,1.5,3.5
103688,7,4.214285714285714,0.3933978962347217,4.0,5.0
26265,1,4.5,,4.5,4.5
96608,1,5.0,,5.0,5.0
99117,8,3.125,0.9543135154205277,2.0,4.5
132584,1,3.5,,3.5,3.5
2325,13,3.1153846153846154,1.2102659169552739,0.5,5.0
6169,2,2.5,0.7071067811865476,2.0,3.0
131237,1,5.0,,5.0,5.0
4719,8,2.625,0.8345229603962802,1.5,3.5
51562,1,4.0,,4.0,4.0
275,6,2.0,0.6324555320336759,1.0,3.0
5456,1,2.0,,2.0,2.0
7448,4,2.75,0.2886751345948129,2.5,3.0
4711,2,4.0,0.0,4.0,4.0
96084,1,4.5,,4.5,4.5
53024,4,3.875,0.629152869605896,3.0,4.5
8542,3,4.0,0.8660254037844386,3.5,5.0
107702,2,2.5,1.4142135623730951,1.5,3.5
116419,1,1.5,,1.5,1.5
3021,1,2.0,,2.0,2.0
26344,1,3.0,,3.0,3.0
2813,1,1.0,,1.0,1.0
2997,99,3.9545454545454546,0.8981014813883702,0.5,5.0
7991,3,3.6666666666666665,1.5275252316519468,2.0,5.0
51540,38,3.710526315789474,0.8824993602889377,0.5,5.0
2248,39,3.923076923076923,0.8154629096930284,2.5,5.0
3159,15,3.8333333333333335,0.723746864455746,2.5,5.0
4039,16,3.125,1.2041594578792296,0.5,5.0
134393,10,3.2,1.1595018087284057,0.5,4.5
5009,8,3.0,0.6546536707079772,2.5,4.0
52722,44,3.0,0.9584386527904593,1.0,5.0
27706,25,3.16,0.7999999999999999,1.5,4.5
535,15,3.2666666666666666,1.3998299216418433,1.0,5.0
98279,2,4.0,1.4142135623730951,3.0,5.0
131130,1,5.0,,5.0,5.0
149144,1,4.0,,4.0,4.0
32017,7,2.7142857142857144,0.39339789623472154,2.0,3.0
63853,5,3.2,1.036822067666386,2.0,4.5
5139,9,3.2777777777777777,0.97182531580755,1.5,5.0
3194,4,3.625,0.47871355387816905,3.0,4.0
72405,2,2.25,0.3535533905932738,2.0,2.5
34326,2,3.0,1.4142135623730951,2.0,4.0
140737,1,3.5,,3.5,3.5
5707,2,3.25,0.3535533905932738,3.0,3.5
89028,2,3.0,0.7071067811865476,2.5,3.5
7756,2,4.0,1.4142135623730951,3.0,5.0
7834,3,2.8333333333333335,2.0207259421636903,0.5,4.0
1870,1,3.0,,3.0,3.0
107945,1,2.0,,2.0,2.0
1940,1,4.0,,4.0,4.0
8167,2,4.0,0.0,4.0,4.0
53138,2,3.5,0.0,3.5,3.5
3939,1,5.0,,5.0,5.0
99917,3,3.1666666666666665,0.2886751345948129,3.0,3.5
2586,2,1.75,1.7677669529663689,0.5,3.0
5198,1,3.5,,3.5,3.5
131578,1,2.5,,2.5,2.5
2008,1,3.0,,3.0,3.0
4810,1,2.0,,2.0,2.0
311,1,3.0,,3.0,3.0
133545,1,1.0,,1.0,1.0
616,45,3.411111111111111,0.8744406581618128,1.0,5.0
628,35,3.642857142857143,0.8958353690290205,1.0,5.0
7155,8,2.625,1.620185174601965,0.5,5.0
27689,1,2.5,,2.5,2.5
117176,17,3.7058823529411766,0.884922728431199,2.0,5.0
2423,30,3.566666666666667,1.142692927446732,1.5,5.0
5419,17,2.8529411764705883,1.3082037527937036,0.5,5.0
4701,31,3.370967741935484,0.7634105703517152,2.0,5.0
7573,8,3.125,0.9161253813129043,2.5,5.0
64030,6,2.6666666666666665,0.752772652709081,2.0,3.5
4207,3,2.0,1.0,1.0,3.0
3554,3,3.0,0.5,2.5,3.5
4677,13,3.0384615384615383,0.8281892512568826,1.5,4.0
55232,10,2.95,0.6433419688539593,1.5,3.5
114074,3,3.3333333333333335,0.5773502691896258,3.0,4.0
7297,3,3.6666666666666665,0.2886751345948129,3.5,4.0
48649,1,4.5,,4.5,4.5
81087,1,4.5,,4.5,4.5
2456,9,2.2777777777777777,0.97182531580755,1.0,4.0
26082,3,4.5,0.5,4.0,5.0
170777,1,5.0,,5.0,5.0
4265,5,3.0,0.7071067811865476,2.0,4.0
37727,11,2.8636363636363638,0.8969645781999726,1.5,4.0
3134,7,3.7142857142857144,1.1126972805283735,2.0,5.0
7934,7,4.0,0.2886751345948128,3.5,4.5
2017,5,3.1,1.51657508881031,0.5,4.0
1392,4,4.125,0.8539125638299665,3.0,5.0
2382,5,2.5,1.5811388300841898,1.0,5.0
58315,4,2.125,1.25,0.5,3.5
101076,3,3.0,0.5,2.5,3.5
2448,3,2.6666666666666665,1.0408329997330663,1.5,3.5
1526,3,1.0,0.8660254037844386,0.5,2.0
6410,2,3.75,1.0606601717798212,3.0,4.5
92422,2,3.75,0.3535533905932738,3.5,4.0
173317,1,4.5,,4.5,4.5
3581,2,3.5,0.7071067811865476,3.0,4.0
63393,1,1.0,,1.0,1.0
153070,1,3.5,,3.5,3.5
632,1,4.0,,4.0,4.0
102338,1,4.5,,4.5,4.5
131098,1,5.0,,5.0,5.0
3809,35,3.2714285714285714,0.9102589898327995,1.0,5.0
5919,2,4.5,0.7071067811865476,4.0,5.0
215,24,4.041666666666667,0.9990937922923461,1.0,5.0
2186,25,3.98,0.9733961166965893,0.5,5.0
410,84,3.1011904761904763,0.7516237920179758,1.0,5.0
174,10,2.7,1.4757295747452437,1.0,5.0
996,13,2.5,0.7637626158259734,1.0,4.0
1584,82,3.652439024390244,1.0174072117434976,0.5,5.0
1674,40,3.65,0.818065259762795,2.0,5.0
3156,15,2.8,1.1307393283031366,1.0,5.0
6373,71,3.316901408450704,0.8072857372513258,1.5,5.0
7843,1,4.5,,4.5,4.5
69122,76,3.6315789473684212,1.030755131130026,0.5,5.0
2287,5,3.8,0.758287544405155,3.0,5.0
88405,20,3.05,1.02469507659596,0.5,5.0
173307,1,0.5,,0.5,0.5
54962,1,2.5,,2.5,2.5
3363,43,3.8488372093023258,0.7522575841214345,1.5,5.0
85774,6,3.75,1.3693063937629153,1.0,4.5
8879,6,3.25,0.758287544405155,2.0,4.0
42718,5,3.8,0.4472135954999579,3.5,4.5
54121,1,3.0,,3.0,3.0
58839,4,2.375,0.9464847243000457,1.0,3.0
58154,7,3.7857142857142856,0.48795003647426655,3.0,4.5
5296,10,2.9,1.1254628677422756,0.5,4.0
69140,1,4.0,,4.0,4.0
1178,12,4.541666666666667,0.5418123347254158,3.5,5.0
55245,4,3.25,0.8660254037844386,2.5,4.5
161966,1,4.0,,4.0,4.0
167790,1,3.5,,3.5,3.5
5684,1,3.0,,3.0,3.0
2799,8,1.3125,0.8425090080061035,0.5,3.0
3524,10,2.8,1.0327955589886444,2.0,5.0
36708,12,3.7083333333333335,0.5418123347254158,2.5,4.5
2514,3,1.8333333333333333,1.1547005383792517,0.5,2.5
37477,1,2.5,,2.5,2.5
89118,4,3.0,2.1213203435596424,0.5,5.0
5170,2,2.5,0.7071067811865476,2.0,3.0
89945,1,3.0,,3.0,3.0
25959,1,2.5,,2.5,2.5
5134,2,3.0,0.7071067811865476,2.5,3.5
44759,3,2.1666666666666665,1.0408329997330663,1.0,3.0
6427,1,4.0,,4.0,4.0
89305,3,3.6666666666666665,0.2886751345948129,3.5,4.0
38198,1,4.0,,4.0,4.0
151311,1,3.0,,3.0,3.0
8382,1,2.5,,2.5,2.5
8955,1,3.0,,3.0,3.0
2362,1,4.0,,4.0,4.0
96283,1,3.0,,3.0,3.0
182727,1,2.0,,2.0,2.0
183301,1,3.0,,3.0,3.0
25805,1,4.5,,4.5,4.5
97285,1,3.5,,3.5,3.5
2282,6,3.4166666666666665,1.4288690166235207,1.0,5.0
172,53,2.6792452830188678,1.070111153566272,0.5,5.0
3555,33,3.4242424242424243,0.7084447327730932,2.0,5.0
122924,14,3.0714285714285716,1.2535663410560172,1.0,5.0
102445,27,3.685185185185185,0.9003006778522997,2.0,5.0
116823,23,3.869565217391304,0.6434528891483507,2.5,5.0
1891,1,2.0,,2.0,2.0
2900,2,2.5,0.7071067811865476,2.0,3.0
3837,3,2.5,2.179449471770337,1.0,5.0
139915,2,2.25,0.3535533905932738,2.0,2.5
1429,20,3.575,0.7992595257322145,2.0,5.0
562,23,3.5434782608695654,0.9159327520752332,2.0,5.0
1999,4,2.0,2.041241452319315,0.5,5.0
6104,9,4.166666666666667,0.3535533905932738,4.0,5.0
2381,7,2.142857142857143,1.546886273407694,0.5,5.0
42761,1,4.5,,4.5,4.5
4732,9,1.8888888888888888,0.6009252125773316,1.0,3.0
2969,1,5.0,,5.0,5.0
3055,3,3.3333333333333335,0.5773502691896258,3.0,4.0
1948,7,3.642857142857143,0.475594865605671,3.0,4.0
5665,5,2.5,0.6123724356957945,1.5,3.0
27075,1,3.0,,3.0,3.0
95307,4,2.75,0.9574271077563381,2.0,4.0
27320,1,5.0,,5.0,5.0
88954,2,3.25,0.3535533905932738,3.0,3.5
40723,4,3.25,1.190238071423808,1.5,4.0
60291,2,3.75,0.3535533905932738,3.5,4.0
74791,2,3.75,0.3535533905932738,3.5,4.0
63222,2,3.25,1.0606601717798212,2.5,4.0
5073,3,3.8333333333333335,0.7637626158259734,3.0,4.5
6699,1,3.0,,3.0,3.0
7364,1,4.0,,4.0,4.0
3057,1,4.0,,4.0,4.0
5250,3,4.0,1.0,3.0,5.0
5863,1,1.0,,1.0,1.0
7822,1,3.0,,3.0,3.0
8920,1,3.5,,3.5,3.5
70015,1,1.5,,1.5,1.5
1054,1,2.0,,2.0,2.0
139655,1,3.0,,3.0,3.0
1676,80,3.33125,1.093547675681011,0.5,5.0
252,43,3.453488372093023,0.864745720183603,1.5,5.0
55290,20,3.45,1.02469507659596,1.0,5.0
551,93,3.553763440860215,0.9930803132923849,0.5,5.0
1862,9,1.9444444444444444,0.982485510212633,0.5,3.0
3701,13,3.1153846153846154,1.1574729326181192,1.0,5.0
102716,7,3.357142857142857,0.8017837257372732,2.0,4.5
2500,7,2.0,1.1180339887498947,1.0,4.0
3221,5,3.7,0.8366600265340756,3.0,5.0
2289,38,3.9473684210526314,0.8446130865685452,2.0,5.0
5690,16,4.15625,0.7685213074469701,2.5,5.0
2340,20,3.05,1.1909748329127612,1.0,4.5
4744,7,2.5,1.2247448713915892,0.5,4.0
109483,4,2.625,0.7499999999999999,2.0,3.5
136341,1,5.0,,5.0,5.0
1411,16,4.0,1.0165300454651267,1.5,5.0
65577,1,3.0,,3.0,3.0
166461,10,3.45,1.3218253372598903,0.5,5.0
114795,4,3.5,0.7071067811865476,2.5,4.0
143458,1,4.0,,4.0,4.0
27416,2,3.75,0.3535533905932738,3.5,4.0
2745,9,3.5,0.8660254037844386,2.0,5.0
8362,4,2.75,0.6454972243679028,2.0,3.5
2976,6,3.4166666666666665,0.8010409893798611,2.0,4.0
2815,7,2.2857142857142856,0.7559289460184544,1.0,3.0
4749,2,1.25,1.0606601717798212,0.5,2.0
111364,13,2.6153846153846154,0.9822136171646113,0.5,4.0
3929,2,2.5,0.7071067811865476,2.0,3.0
2639,4,3.125,0.6291528696058958,2.5,4.0
53574,2,4.0,0.0,4.0,4.0
2676,6,3.1666666666666665,1.2110601416389966,1.5,4.5
176579,1,1.0,,1.0,1.0
7104,3,2.6666666666666665,0.7637626158259734,2.0,3.5
71129,1,3.5,,3.5,3.5
3838,1,2.0,,2.0,2.0
5685,2,4.25,0.3535533905932738,4.0,4.5
92348,1,4.0,,4.0,4.0
69604,2,3.0,0.0,3.0,3.0
7141,1,4.0,,4.0,4.0
8057,1,3.0,,3.0,3.0
8275,1,3.5,,3.5,3.5
81681,1,2.0,,2.0,2.0
2175,1,4.5,,4.5,4.5
1278,69,3.9927536231884058,0.8931633867689722,0.5,5.0
2528,24,3.2291666666666665,0.7369025460119137,2.0,4.0
3949,96,3.921875,1.0914213933649721,0.5,5.0
153,137,2.9160583941605838,0.9045825797702901,0.5,5.0
80219,12,3.25,0.8393720596645176,2.0,5.0
420,59,2.7203389830508473,0.9389612127086835,0.5,5.0
785,42,3.369047619047619,0.9309025505673133,1.5,5.0
1013,12,3.2083333333333335,0.8382431122004613,2.0,5.0
4019,28,3.7142857142857144,0.7984773870098875,2.0,5.0
79134,10,3.45,0.8959786703810407,2.0,5.0
851,6,2.8333333333333335,1.1254628677422756,1.0,4.0
3980,14,3.392857142857143,0.836167342208379,2.0,5.0
144,12,3.3333333333333335,0.8616404368553292,2.0,4.5
8974,2,3.0,1.4142135623730951,2.0,4.0
6058,10,3.05,0.5502524673073059,2.0,4.0
83134,18,3.9166666666666665,0.8952488973661425,1.5,5.0
1962,23,3.739130434782609,0.9277240628327441,1.0,5.0
105037,4,2.5,0.7071067811865476,2.0,3.5
74324,4,4.375,0.25,4.0,4.5
95654,3,4.166666666666667,0.7637626158259734,3.5,5.0
152591,1,4.0,,4.0,4.0
78209,10,3.55,0.9264628073124863,1.5,5.0
103984,3,3.5,1.5,2.0,5.0
4337,2,3.5,0.7071067811865476,3.0,4.0
2295,2,4.5,0.7071067811865476,4.0,5.0
59014,3,2.0,1.5,0.5,3.5
6615,9,2.3333333333333335,0.8660254037844387,1.0,4.0
45208,3,2.0,0.5,1.5,2.5
70361,3,3.0,0.0,3.0,3.0
4602,3,3.0,0.0,3.0,3.0
6315,3,1.8333333333333333,0.7637626158259733,1.0,2.5
6424,1,1.0,,1.0,1.0
110826,1,1.5,,1.5,1.5
119655,2,2.25,1.7677669529663689,1.0,3.5
149612,1,2.0,,2.0,2.0
89678,1,4.0,,4.0,4.0
38583,1,2.5,,2.5,2.5
100306,1,3.5,,3.5,3.5
5275,1,1.5,,1.5,1.5
132362,1,3.5,,3.5,3.5
1734,9,4.055555555555555,0.8819171036881969,3.0,5.0
2002,46,2.9347826086956523,0.9809785117828578,0.5,5.0
745,48,3.8958333333333335,1.101055264296693,1.0,5.0
3308,7,2.857142857142857,1.3451854182690985,1.0,5.0
3705,8,2.3125,0.45806269065645216,2.0,3.0
4621,18,2.388888888888889,1.1826634392157036,0.5,4.5
3271,17,3.676470588235294,0.7693580211487252,2.0,5.0
2301,16,3.625,0.8465616732800195,2.0,5.0
3901,2,3.25,0.3535533905932738,3.0,3.5
26871,2,2.25,0.3535533905932738,2.0,2.5
949,6,3.9166666666666665,0.2041241452319315,3.5,4.0
99853,1,4.0,,4.0,4.0
130087,2,3.75,1.0606601717798212,3.0,4.5
183227,1,3.5,,3.5,3.5
67695,4,2.625,1.8874586088176872,0.5,5.0
7255,8,2.8125,1.032939633141398,0.5,4.0
927,3,4.0,0.0,4.0,4.0
1867,1,2.0,,2.0,2.0
26686,3,1.5,0.8660254037844386,1.0,2.5
138798,1,0.5,,0.5,0.5
148671,2,4.5,0.7071067811865476,4.0,5.0
95796,1,0.5,,0.5,0.5
6885,3,2.8333333333333335,0.7637626158259734,2.0,3.5
670,2,4.75,0.3535533905932738,4.5,5.0
4600,2,3.25,1.0606601717798212,2.5,4.0
5994,2,4.0,0.0,4.0,4.0
100326,1,2.5,,2.5,2.5
156706,1,2.5,,2.5,2.5
8518,1,3.5,,3.5,3.5
93320,1,5.0,,5.0,5.0
91353,2,3.75,0.3535533905932738,3.5,4.0
182793,1,3.5,,3.5,3.5
6998,1,2.0,,2.0,2.0
71327,1,3.5,,3.5,3.5
475,25,4.3,0.6291528696058958,3.0,5.0
1719,16,4.25,0.7527726527090811,3.0,5.0
1246,86,3.9593023255813953,0.9431334391243522,1.0,5.0
4310,43,2.9651162790697674,1.1669830294049517,0.5,4.5
32587,84,3.857142857142857,0.8557791791357984,0.5,5.0
81847,24,3.9166666666666665,0.9517337345336012,1.5,5.0
3394,7,2.357142857142857,0.8521681032463467,1.0,3.0
3395,3,3.0,0.0,3.0,3.0
135133,10,3.7,0.8881941729649485,1.5,5.0
86882,25,3.56,0.9278110439811187,1.5,5.0
1361,6,4.083333333333333,0.6645800679125629,3.0,5.0
2501,30,3.75,0.7960029457578485,2.0,5.0
18,20,3.7,0.9090191359227177,2.0,5.0
51931,5,4.1,0.8944271909999161,3.0,5.0
8235,2,4.0,1.4142135623730951,3.0,5.0
3148,26,3.75,0.85146931829632,1.0,5.0
3769,3,3.3333333333333335,0.5773502691896258,3.0,4.0
1762,5,2.3,1.0954451150103321,1.0,4.0
1292,20,3.95,0.8870412083230169,2.5,5.0
58162,7,3.0,0.8660254037844386,1.5,4.0
100810,2,3.0,1.4142135623730951,2.0,4.0
947,4,3.75,1.6583123951777,1.5,5.0
69720,1,4.5,,4.5,4.5
145491,1,3.5,,3.5,3.5
2117,14,3.7142857142857144,0.8483986208028745,2.0,5.0
5380,10,3.85,0.7090682462060882,3.0,5.0
4941,8,3.1875,1.3076014027873435,2.0,5.0
8796,5,3.1,1.1937336386313322,2.0,5.0
66371,5,4.1,1.08397416943394,2.5,5.0
86347,7,3.2857142857142856,1.8676443018131794,0.5,5.0
172577,1,5.0,,5.0,5.0
183197,1,3.5,,3.5,3.5
3831,11,3.909090909090909,0.8312094145936334,2.5,5.0
4795,3,3.6666666666666665,0.5773502691896258,3.0,4.0
1929,2,4.0,0.0,4.0,4.0
8918,1,3.0,,3.0,3.0
44929,2,4.25,0.3535533905932738,4.0,4.5
2859,7,3.857142857142857,0.8521681032463467,3.0,5.0
2066,4,4.125,0.6291528696058958,3.5,5.0
7459,1,4.5,,4.5,4.5
90245,1,4.0,,4.0,4.0
2425,2,4.0,0.0,4.0,4.0
5706,1,2.0,,2.0,2.0
1900,1,4.0,,4.0,4.0
6628,1,2.0,,2.0,2.0
7390,1,1.5,,1.5,1.5
8919,2,4.25,0.3535533905932738,4.0,4.5
127194,1,2.0,,2.0,2.0
6527,1,3.0,,3.0,3.0
180263,1,2.0,,2.0,2.0
188797,1,4.0,,4.0,4.0
25782,1,0.5,,0.5,0.5
83086,1,2.5,,2.5,2.5
1097,122,3.7663934426229506,1.0702290367164522,0.5,5.0
1258,109,4.08256880733945,0.7622874976136029,2.0,5.0
3729,3,4.0,1.0,3.0,5.0
4121,12,3.125,0.8561276455380621,1.0,4.0
8644,61,3.4918032786885247,0.9286720056021239,0.5,5.0
69644,14,2.607142857142857,1.4166397325601634,0.5,4.0
5673,33,3.621212121212121,1.1321322735654544,0.5,5.0
31101,2,3.5,0.7071067811865476,3.0,4.0
1204,45,4.3,0.8353007079652649,2.0,5.0
74,8,4.0,0.7559289460184544,3.0,5.0
934,12,3.25,1.0975178606954215,1.0,5.0
5582,8,2.6875,0.5938674695827103,2.0,4.0
185031,1,4.5,,4.5,4.5
92494,1,5.0,,5.0,5.0
8183,3,3.1666666666666665,0.5773502691896258,2.5,3.5
83177,3,1.1666666666666667,0.7637626158259733,0.5,2.0
130520,8,3.25,1.224744871391589,1.0,4.5
5034,3,3.6666666666666665,1.5275252316519468,2.0,5.0
27482,2,3.75,1.0606601717798212,3.0,4.5
71520,6,2.3333333333333335,1.570562531918633,0.5,4.5
1713,7,3.0714285714285716,0.8864052604279182,2.5,5.0
4373,3,3.1666666666666665,1.2583057392117916,2.0,4.5
8948,3,2.3333333333333335,0.5773502691896258,2.0,3.0
109578,4,3.25,0.8660254037844386,2.0,4.0
80615,2,4.0,0.0,4.0,4.0
90439,7,3.7857142857142856,0.9063269671749659,3.0,5.0
2377,5,2.5,1.118033988749895,1.0,4.0
2095,3,2.8333333333333335,0.7637626158259733,2.0,3.5
105585,2,4.0,1.4142135623730951,3.0,5.0
55555,1,3.5,,3.5,3.5
32139,1,4.0,,4.0,4.0
4985,2,1.5,0.7071067811865476,1.0,2.0
52644,2,3.75,0.3535533905932738,3.5,4.0
2570,5,3.2,0.4472135954999579,3.0,4.0
6033,1,3.0,,3.0,3.0
59037,3,3.1666666666666665,0.7637626158259734,2.5,4.0
1928,1,3.5,,3.5,3.5
4171,1,4.0,,4.0,4.0
2982,1,2.0,,2.0,2.0
4574,2,3.25,0.3535533905932738,3.0,3.5
7443,1,3.5,,3.5,3.5
42638,1,2.5,,2.5,2.5
128736,1,3.5,,3.5,3.5
1117,1,3.5,,3.5,3.5
61262,1,1.5,,1.5,1.5
2700,76,3.861842105263158,1.0086250846590663,0.5,5.0
104,99,3.4393939393939394,0.9930182995434679,0.5,5.0
180,36,3.4027777777777777,0.9244260338520828,0.5,5.0
468,22,3.2045454545454546,0.8403385217689543,1.5,5.0
51705,2,4.25,0.3535533905932738,4.0,4.5
31658,40,4.075,0.7210213553507238,2.5,5.0
2118,15,3.7333333333333334,0.8837151016885368,2.0,5.0
2140,34,3.5441176470588234,0.8199006504747034,1.5,5.0
40815,71,3.816901408450704,0.7032548644883727,2.0,5.0
6790,3,3.5,1.0,2.5,4.5
47894,4,3.75,0.2886751345948129,3.5,4.0
165969,2,4.0,0.7071067811865476,3.5,4.5
2265,4,2.375,0.6291528696058958,1.5,3.0
1416,12,3.4166666666666665,1.1247895426040886,1.5,5.0
932,8,3.9375,1.208230701716948,1.5,5.0
52975,15,3.5,0.5345224838248488,2.0,4.0
56251,10,3.9,0.6146362971528592,3.0,5.0
59126,5,3.8,0.570087712549569,3.0,4.5
27619,2,4.5,0.0,4.5,4.5
90717,4,3.5,0.7071067811865476,3.0,4.5
147330,1,5.0,,5.0,5.0
167746,7,3.7142857142857144,1.349603116263656,1.0,5.0
656,5,3.0,0.7071067811865476,2.0,4.0
46337,2,2.25,2.4748737341529163,0.5,4.0
4467,13,3.769230769230769,0.9268086959962983,2.0,5.0
5435,1,3.0,,3.0,3.0
5809,4,3.375,0.7499999999999999,2.5,4.0
3470,5,4.3,0.670820393249937,3.5,5.0
7811,1,4.0,,4.0,4.0
147380,4,2.875,1.4361406616345072,1.0,4.5
92439,2,3.0,1.4142135623730951,2.0,4.0
31427,6,2.3333333333333335,0.7527726527090811,1.0,3.0
31867,1,3.0,,3.0,3.0
917,2,3.5,0.7071067811865476,3.0,4.0
8831,1,3.5,,3.5,3.5
37382,8,2.875,0.6408699444616558,1.5,3.5
58870,2,3.5,0.7071067811865476,3.0,4.0
3368,2,3.25,0.3535533905932738,3.0,3.5
5544,4,3.75,0.2886751345948129,3.5,4.0
8190,1,4.0,,4.0,4.0
60408,2,4.5,0.7071067811865476,4.0,5.0
128900,1,4.5,,4.5,4.5
158842,1,3.5,,3.5,3.5
5477,4,3.875,1.0307764064044151,3.0,5.0
2979,1,3.0,,3.0,3.0
5636,2,2.5,0.7071067811865476,2.0,3.0
6039,4,2.375,0.47871355387816905,2.0,3.0
80880,2,3.25,1.0606601717798212,2.5,4.0
3596,1,1.0,,1.0,1.0
7245,1,1.0,,1.0,1.0
65135,1,3.0,,3.0,3.0
151559,1,2.0,,2.0,2.0
159193,1,3.0,,3.0,3.0
3870,1,3.0,,3.0,3.0
5455,1,1.5,,1.5,1.5
5802,1,4.0,,4.0,4.0
7062,1,4.0,,4.0,4.0
8502,1,3.0,,3.0,3.0
45648,1,2.5,,2.5,2.5
47384,1,2.5,,2.5,2.5
103483,1,4.5,,4.5,4.5
133867,1,4.5,,4.5,4.5
2973,18,3.9166666666666665,0.691332898443715,2.0,5.0
991,11,3.3181818181818183,0.7833494518006403,2.0,4.0
2110,18,3.3055555555555554,1.0166104131013727,2.0,5.0
4367,40,2.9,1.1163126113028763,0.5,5.0
6428,2,3.0,0.0,3.0,3.0
82767,1,3.5,,3.5,3.5
114335,1,3.0,,3.0,3.0
187595,5,3.9,0.7416198487095663,3.0,5.0
3088,12,3.8333333333333335,1.2492421945347751,0.5,5.0
6025,5,2.9,1.3416407864998738,1.0,4.0
55282,11,3.1818181818181817,0.7166842844909908,2.0,4.5
182299,1,4.0,,4.0,4.0
4214,13,2.8846153846153846,0.8454250941056752,1.5,4.0
91126,3,3.0,1.3228756555322954,1.5,4.0
128914,1,5.0,,5.0,5.0
4234,5,3.2,0.4472135954999579,3.0,4.0
5107,5,3.1,0.8944271909999159,2.0,4.0
42015,3,3.0,0.5,2.5,3.5
48412,4,3.0,0.40824829046386296,2.5,3.5
5083,2,3.5,0.7071067811865476,3.0,4.0
27592,5,3.8,0.8366600265340756,3.0,5.0
48596,2,2.75,0.3535533905932738,2.5,3.0
80969,3,4.0,0.0,4.0,4.0
2182,4,2.875,1.0307764064044151,2.0,4.0
172881,1,3.5,,3.5,3.5
2546,2,3.25,1.0606601717798212,2.5,4.0
841,2,3.0,0.0,3.0,3.0
27695,1,3.0,,3.0,3.0
6696,1,2.5,,2.5,2.5
151777,1,3.0,,3.0,3.0
161918,1,1.5,,1.5,1.5
1933,1,3.0,,3.0,3.0
158830,1,2.5,,2.5,2.5
73569,2,3.75,1.7677669529663689,2.5,5.0
85438,1,3.0,,3.0,3.0
172233,1,2.5,,2.5,2.5
173873,1,2.0,,2.0,2.0
2417,1,1.0,,1.0,1.0
1857,1,3.5,,3.5,3.5
5901,1,4.5,,4.5,4.5
102760,1,4.0,,4.0,4.0
135518,2,2.75,1.0606601717798212,2.0,3.5
77455,13,4.038461538461538,0.627877989127481,3.0,5.0
7482,13,4.038461538461538,0.5188745216627708,3.0,5.0
2184,6,3.4166666666666665,1.0206207261596576,2.0,5.0
122892,27,3.5185185185185186,1.0695207542982248,0.5,5.0
407,8,3.4375,0.9425459443140463,2.0,5.0
788,82,2.731707317073171,1.1737749641074957,0.5,5.0
2643,16,1.6875,0.6291528696058959,0.5,3.0
2733,2,2.0,0.0,2.0,2.0
106540,4,2.875,0.24999999999999997,2.5,3.0
61323,39,3.4871794871794872,0.9282636555984476,0.5,5.0
2730,7,3.7142857142857144,0.9940297973880049,2.0,5.0
59725,11,2.409090909090909,1.0202495238465394,0.5,3.5
42632,5,4.0,0.7905694150420947,3.0,5.0
56339,8,3.875,0.44320263021395917,3.5,4.5
69524,3,4.333333333333333,0.2886751345948129,4.0,4.5
6484,7,2.9285714285714284,0.44986770542121873,2.5,3.5
6604,1,4.0,,4.0,4.0
79139,10,3.45,0.6851601597031489,2.0,4.5
116977,3,2.3333333333333335,0.7637626158259734,1.5,3.0
155812,2,3.25,1.0606601717798212,2.5,4.0
69306,6,3.1666666666666665,0.5163977794943222,2.5,4.0
78218,1,3.0,,3.0,3.0
5530,7,2.142857142857143,1.2488089563755578,0.5,3.5
26131,5,4.3,0.758287544405155,3.0,5.0
7164,6,3.0833333333333335,1.0684880283216405,1.0,4.0
4178,6,3.5,0.6324555320336759,2.5,4.0
4811,2,3.0,1.4142135623730951,2.0,4.0
8836,3,3.3333333333333335,0.7637626158259733,2.5,4.0
5833,3,4.666666666666667,0.5773502691896258,4.0,5.0
3345,1,3.0,,3.0,3.0
521,3,3.1666666666666665,0.2886751345948129,3.0,3.5
84799,1,4.5,,4.5,4.5
45074,1,2.5,,2.5,2.5
7888,2,4.25,1.0606601717798212,3.5,5.0
8771,1,3.0,,3.0,3.0
5389,2,3.5,0.7071067811865476,3.0,4.0
88267,1,3.0,,3.0,3.0
96471,1,3.0,,3.0,3.0
44241,1,2.0,,2.0,2.0
170297,1,2.0,,2.0,2.0
1009,9,3.0555555555555554,0.7264831572567788,2.0,4.0
2599,56,3.6607142857142856,1.0664603425996029,0.5,5.0
4232,28,2.9464285714285716,1.1493902225083887,0.5,5.0
54503,55,3.8636363636363638,0.8998690514537712,1.0,5.0
1387,91,4.0054945054945055,0.9204301696444425,1.0,5.0
2021,37,3.4324324324324325,1.0217235041433268,1.0,5.0
2690,10,3.7,0.8232726023485646,2.0,5.0
2713,12,2.6666666666666665,0.9128709291752768,0.5,4.0
143969,3,2.8333333333333335,1.755942292142123,1.0,4.5
156607,3,1.0,0.5,0.5,1.5
190183,1,3.5,,3.5,3.5
7000,4,3.0,1.4142135623730951,2.0,5.0
7040,1,2.5,,2.5,2.5
91077,11,4.0,0.670820393249937,2.5,5.0
121338,1,4.5,,4.5,4.5
617,3,2.8333333333333335,1.0408329997330663,2.0,4.0
26587,1,5.0,,5.0,5.0
65130,5,3.7,0.8366600265340756,3.0,5.0
7762,4,3.625,0.47871355387816905,3.0,4.0
1107,2,2.0,2.1213203435596424,0.5,3.5
3993,6,3.0,1.224744871391589,1.0,4.0
3688,11,2.1363636363636362,1.2468141218904503,1.0,5.0
148888,3,2.5,0.5,2.0,3.0
3696,3,3.1666666666666665,1.0408329997330663,2.0,4.0
6794,5,1.5,1.0606601717798212,0.5,3.0
963,1,3.0,,3.0,3.0
127323,1,1.0,,1.0,1.0
8261,3,4.166666666666667,0.2886751345948129,4.0,4.5
112897,3,3.5,0.8660254037844386,2.5,4.0
7943,1,4.0,,4.0,4.0
64167,3,3.3333333333333335,0.2886751345948129,3.0,3.5
100044,1,4.0,,4.0,4.0
5979,1,3.0,,3.0,3.0
7310,3,3.3333333333333335,0.7637626158259734,2.5,4.0
6542,1,3.5,,3.5,3.5
113532,2,3.5,0.0,3.5,3.5
144716,1,2.0,,2.0,2.0
6407,1,2.0,,2.0,2.0
121129,1,2.5,,2.5,2.5
154975,1,4.0,,4.0,4.0
6804,1,2.0,,2.0,2.0
167706,1,2.5,,2.5,2.5
93819,1,3.5,,3.5,3.5
142366,1,3.0,,3.0,3.0
954,18,4.083333333333333,0.8952488973661427,2.0,5.0
36,67,3.8358208955223883,0.943028887461601,0.5,5.0
208,115,2.9130434782608696,0.9557326333834747,0.5,5.0
315,38,3.0789473684210527,0.9831438526446106,0.5,5.0
187,4,4.125,0.8539125638299665,3.0,5.0
6942,59,3.788135593220339,0.8818250561042984,0.5,5.0
1882,33,1.9545454545454546,0.8419066564541572,0.5,3.5
1359,18,2.861111111111111,1.2579810570391277,0.5,5.0
2558,9,2.3333333333333335,1.0,1.0,4.0
2746,39,3.3333333333333335,0.7194052124144799,1.5,5.0
3712,3,2.8333333333333335,0.2886751345948129,2.5,3.0
81564,20,3.6,0.8973645624241783,2.0,5.0
108945,6,2.3333333333333335,0.6831300510639732,1.5,3.0
138036,18,3.4722222222222223,0.9151056226761994,2.0,5.0
1217,15,4.433333333333334,0.5627314338711379,3.5,5.0
2454,13,3.3846153846153846,0.6504436355879907,2.0,4.0
65514,10,3.95,0.864420165325996,2.0,5.0
1277,12,4.125,0.6784005252999681,3.0,5.0
4380,7,3.857142857142857,0.8997354108424375,3.0,5.0
3444,9,2.9444444444444446,0.982485510212633,2.0,4.5
7624,6,2.75,0.41833001326703784,2.5,3.5
8838,3,4.166666666666667,0.7637626158259734,3.5,5.0
56060,1,4.5,,4.5,4.5
58554,2,3.5,2.1213203435596424,2.0,5.0
47640,6,3.5,0.7071067811865476,2.5,4.5
393,10,2.5,1.0801234497346435,1.0,4.5
36535,9,3.7777777777777777,0.7120003121097942,2.0,4.5
2511,3,4.666666666666667,0.5773502691896258,4.0,5.0
93008,1,5.0,,5.0,5.0
2208,6,3.9166666666666665,0.8010409893798611,2.5,5.0
3402,2,4.0,0.0,4.0,4.0
82169,7,3.857142857142857,0.6900655593423543,3.0,4.5
1993,5,1.8,1.0368220676663862,0.5,3.0
3046,2,4.5,0.7071067811865476,4.0,5.0
5745,1,5.0,,5.0,5.0
2057,4,3.375,0.75,2.5,4.0
3846,4,3.625,1.25,2.0,5.0
5883,1,1.5,,1.5,1.5
87444,2,2.5,1.4142135623730951,1.5,3.5
143896,1,4.5,,4.5,4.5
2370,1,3.0,,3.0,3.0
1656,1,4.0,,4.0,4.0
92665,1,2.5,,2.5,2.5
3568,1,4.0,,4.0,4.0
4484,2,3.75,0.3535533905932738,3.5,4.0
8754,1,4.0,,4.0,4.0
95519,1,4.0,,4.0,4.0
5990,1,3.5,,3.5,3.5
73676,1,3.0,,3.0,3.0
3053,11,3.909090909090909,0.8005679801922451,3.0,5.0
89,10,3.25,0.754615428178118,2.0,4.0
46530,25,3.08,0.9966610925150703,0.5,5.0
56367,65,3.769230769230769,0.9103438699406182,0.5,5.0
84374,14,2.9285714285714284,0.9168747682531899,0.5,4.0
3668,15,3.6666666666666665,0.7943251103624893,2.5,5.0
48304,19,3.6052631578947367,0.7742190934602184,2.0,5.0
2706,103,3.378640776699029,1.0442795138404477,0.5,5.0
422,5,3.2,0.447213595499958,3.0,4.0
2555,3,1.6666666666666667,0.5773502691896258,1.0,2.0
3825,29,2.7413793103448274,1.1620539824500746,0.5,5.0
2376,21,3.2142857142857144,0.8598172563316661,1.5,5.0
107449,1,1.5,,1.5,1.5
6721,7,3.357142857142857,0.8017837257372732,2.5,4.5
3836,15,4.133333333333334,0.7432233529572063,2.5,5.0
27788,8,3.0,1.0,1.0,4.0
48385,65,3.3461538461538463,1.1419660846371655,0.5,5.0
69849,3,3.1666666666666665,0.5773502691896258,2.5,3.5
1476,26,3.5384615384615383,0.9687422456265331,1.5,5.0
2310,3,3.6666666666666665,0.5773502691896258,3.0,4.0
145839,3,2.5,1.0,1.5,3.5
142961,1,2.5,,2.5,2.5
64285,5,3.7,1.036822067666386,2.5,5.0
4585,4,3.375,0.7499999999999999,2.5,4.0
47518,14,2.9285714285714284,0.9168747682531898,0.5,4.0
6303,8,3.625,0.6943650748294137,3.0,5.0
3910,20,3.975,0.9797287487119237,1.5,5.0
40339,7,2.2857142857142856,1.2535663410560174,0.5,4.0
105746,1,4.5,,4.5,4.5
6638,3,2.1666666666666665,0.2886751345948129,2.0,2.5
67923,10,3.25,0.7905694150420949,1.5,4.0
5391,3,4.0,1.0,3.0,5.0
44613,2,3.75,1.7677669529663689,2.5,5.0
2457,8,3.5625,0.9797047660246574,2.0,5.0
79008,8,4.0,0.37796447300922725,3.5,4.5
147378,4,3.0,1.4719601443879744,1.0,4.5
517,9,3.2777777777777777,1.034139470499238,2.0,5.0
3406,3,3.0,1.0,2.0,4.0
6306,3,4.166666666666667,0.7637626158259734,3.5,5.0
76060,2,3.5,1.4142135623730951,2.5,4.5
6153,2,1.5,0.0,1.5,1.5
74089,1,3.5,,3.5,3.5
136850,1,5.0,,5.0,5.0
26694,1,3.5,,3.5,3.5
44657,1,3.0,,3.0,3.0
46772,1,2.5,,2.5,2.5
6078,2,2.75,1.0606601717798212,2.0,3.5
66785,5,3.8,0.5700877125495691,3.0,4.5
146688,1,2.0,,2.0,2.0
1413,2,4.25,0.3535533905932738,4.0,4.5
5581,1,2.0,,2.0,2.0
5836,1,2.0,,2.0,2.0
6477,1,3.0,,3.0,3.0
73501,1,3.5,,3.5,3.5
2965,1,2.0,,2.0,2.0
26527,1,4.0,,4.0,4.0
